source_center,destination_center,legs,median_delay_ratio,late_rate,late_rate_raw,excess_minutes,excess_minutes_uncapped,median_actual_minutes,median_osrm_minutes,median_osrm_km,ftl_share,sla_contribution_pct,is_chronic_raw,is_chronic_calibrated,is_credible_priority,source_facility,destination_facility,corridor
IND110064AAA,IND000000ACB,39,2.076923076923077,0.48717948717948717,1.0,5475.16637646929,7346.329884357882,108.0,53.0,56.9809,0.0,1.649739108877405,1,0,1,Delhi_Mayapuri_PC (Delhi),Gurgaon_Bilaspur_HB (Haryana),Delhi_Mayapuri_PC (Delhi) -> Gurgaon_Bilaspur_HB (Haryana)
IND212402AAA,IND211002AAB,13,29.13888888888889,1.0,1.0,3896.6638514556435,9390.456418918919,1049.0,36.0,48.8429,0.0,1.174115690351074,1,1,0,Phulpur_Shekhpur_D (Uttar Pradesh),Allahabad_Central_H_1 (Uttar Pradesh),Phulpur_Shekhpur_D (Uttar Pradesh) -> Allahabad_Central_H_1 (Uttar Pradesh)
IND425405AAA,IND424006AAA,14,21.232475598935224,0.8571428571428571,1.0,3596.9204782667475,7001.012681912683,1035.0,48.0,64.5275,1.0,1.083799098785607,1,1,0,Shirpur_KrantiNgr_D (Maharashtra),Dhule_MIDCAvdn_I (Maharashtra),Shirpur_KrantiNgr_D (Maharashtra) -> Dhule_MIDCAvdn_I (Maharashtra)
IND208012AAA,IND209304AAA,13,41.5,0.8461538461538461,1.0,3263.9191788744033,5848.734095634096,666.0,15.0,18.1243,0.0,0.9834614598646128,1,1,0,Kanpur_Central_D_7 (Uttar Pradesh),Kanpur_Central_H_6 (Uttar Pradesh),Kanpur_Central_D_7 (Uttar Pradesh) -> Kanpur_Central_H_6 (Uttar Pradesh)
IND416606AAA,IND416510AAA,10,26.880917874396133,1.0,1.0,2923.420388730091,9414.08858858859,1207.0,45.5,47.279250000000005,0.0,0.8808647290984598,1,1,0,Malvan_BllvMarg_D (Maharashtra),Sawantwadi_LaxmiNgr_D (Maharashtra),Malvan_BllvMarg_D (Maharashtra) -> Sawantwadi_LaxmiNgr_D (Maharashtra)
IND000000ACB,IND160002AAC,58,2.205188679245283,0.25862068965517243,1.0,2745.337228571427,2845.524170616115,467.5,211.0,280.16115,1.0,0.8272059480230838,1,0,1,Gurgaon_Bilaspur_HB (Haryana),Chandigarh_Mehmdpur_H (Punjab),Gurgaon_Bilaspur_HB (Haryana) -> Chandigarh_Mehmdpur_H (Punjab)
IND400072AAD,IND421302AAG,99,2.727272727272727,0.36363636363636365,1.0,2602.631016042781,2602.631016042781,58.0,21.0,25.67,0.0,0.784206703123407,1,0,1,Mumbai_Chndivli_PC (Maharashtra),Bhiwandi_Mankoli_HB (Maharashtra),Mumbai_Chndivli_PC (Maharashtra) -> Bhiwandi_Mankoli_HB (Maharashtra)
IND473331AAA,IND473226AAA,17,2.0609756097560976,0.47058823529411764,1.0,2397.946985511165,8289.362984218078,169.0,81.0,77.2146,1.0,0.722532732523738,1,0,0,Ashokngr_Bypassrd_D (Madhya Pradesh),Guna_Raghogrh_D (Madhya Pradesh),Ashokngr_Bypassrd_D (Madhya Pradesh) -> Guna_Raghogrh_D (Madhya Pradesh)
IND177033AAA,IND160002AAC,18,2.886503443374262,0.6111111111111112,1.0,2132.4542848464394,2196.3845016404052,583.0,201.0,214.3071,1.0,0.642536315740779,1,1,0,Nadaun_Ward6_D (Himachal Pradesh),Chandigarh_Mehmdpur_H (Punjab),Nadaun_Ward6_D (Himachal Pradesh) -> Chandigarh_Mehmdpur_H (Punjab)
IND722151AAA,IND723130AAA,8,15.060049019607844,0.875,1.0,2098.2036123222697,4048.5042229729734,1054.0,70.0,89.35215,1.0,0.6322161409582708,1,1,0,Simlapal_Central_D_1 (West Bengal),Hura_Central_D_1 (West Bengal),Simlapal_Central_D_1 (West Bengal) -> Hura_Central_D_1 (West Bengal)
IND131028AAB,IND000000ACB,86,1.9064264003473732,0.3023255813953488,0.9883720930232558,2028.6940972684881,2028.6940972684881,184.5,97.0,89.73310000000001,0.0,0.6112720166087066,1,0,1,Sonipat_Kundli_H (Haryana),Gurgaon_Bilaspur_HB (Haryana),Sonipat_Kundli_H (Haryana) -> Gurgaon_Bilaspur_HB (Haryana)
IND249201AAA,IND249407AAA,17,7.88,0.5882352941176471,1.0,1998.3381986379356,2263.2470588235296,197.0,27.0,21.7934,1.0,0.6021253880475786,1,1,0,Rishikesh_DC (Uttarakhand),Haridwar (Uttarakhand),Rishikesh_DC (Uttarakhand) -> Haridwar (Uttarakhand)
IND000000ACB,IND110095AAB,36,1.9802631578947367,0.5,0.5833333333333334,1947.0800084889645,1947.0800084889645,150.5,76.0,71.33865,0.0,0.5866806261673811,1,0,1,Gurgaon_Bilaspur_HB (Haryana),Delhi_Jhilmil_L (Delhi),Gurgaon_Bilaspur_HB (Haryana) -> Delhi_Jhilmil_L (Delhi)
IND110037AAK,IND000000ACB,43,2.1842105263157894,0.4186046511627907,1.0,1924.2828044964733,2768.2728744939272,81.0,38.0,38.7407,0.0,0.5798115309813238,1,0,1,Delhi_Kapshera_L (Delhi),Gurgaon_Bilaspur_HB (Haryana),Delhi_Kapshera_L (Delhi) -> Gurgaon_Bilaspur_HB (Haryana)
IND400072AAB,IND421302AAG,63,2.9583333333333335,0.3968253968253968,1.0,1887.0935152343502,1901.2595170454547,66.0,23.0,27.4335,0.0,0.5686059126113039,1,0,1,Mumbai Hub (Maharashtra),Bhiwandi_Mankoli_HB (Maharashtra),Mumbai Hub (Maharashtra) -> Bhiwandi_Mankoli_HB (Maharashtra)
IND792121AAB,IND786181AAC,11,28.903225806451612,0.7272727272727273,1.0,1810.8191101011157,5384.104838709677,896.0,29.0,42.0052,0.0,0.5456234385634923,1,1,0,Jairampur_Mdiclcly_D (Arunachal Pradesh),Margherita_CivilHPL_D (Assam),Jairampur_Mdiclcly_D (Arunachal Pradesh) -> Margherita_CivilHPL_D (Assam)
IND134109AAA,IND160002AAC,15,12.837837837837839,0.8666666666666667,1.0,1801.4203667953673,1801.4203667953673,475.0,37.0,43.66,0.0,0.5427914745025586,1,1,0,Chandigarh_Panchkula (Chandigarh),Chandigarh_Mehmdpur_H (Punjab),Chandigarh_Panchkula (Chandigarh) -> Chandigarh_Mehmdpur_H (Punjab)
IND802212AAA,IND821115AAB,7,23.738095238095237,0.8571428571428571,1.0,1798.4602391333738,3907.2310810810814,962.0,41.0,44.7679,1.0,0.5418995493928035,1,1,0,Bikramgang_Dehrird_D (Bihar),Sasaram_Central_I_2 (Bihar),Bikramgang_Dehrird_D (Bihar) -> Sasaram_Central_I_2 (Bihar)
IND421302AAG,IND400102AAC,62,2.6685185185185185,0.41935483870967744,1.0,1675.0073863636364,1675.0073863636364,77.5,28.0,32.98825,0.0,0.5047015931458455,1,0,1,Bhiwandi_Mankoli_HB (Maharashtra),Mumbai_Jogshwri_I (Maharashtra),Bhiwandi_Mankoli_HB (Maharashtra) -> Mumbai_Jogshwri_I (Maharashtra)
IND400102AAC,IND421302AAG,28,3.759259259259259,0.5357142857142857,1.0,1637.673055555556,1637.673055555556,101.5,29.5,32.823800000000006,0.0,0.49345227186447554,1,1,0,Mumbai_Jogshwri_I (Maharashtra),Bhiwandi_Mankoli_HB (Maharashtra),Mumbai_Jogshwri_I (Maharashtra) -> Bhiwandi_Mankoli_HB (Maharashtra)
IND421302AAG,IND000000AFT,54,2.5,0.37037037037037035,1.0,1570.9668859649123,1570.9668859649123,50.0,20.0,22.6321,0.0,0.47335283210132106,1,0,1,Bhiwandi_Mankoli_HB (Maharashtra),Mumbai_Sanpada_I (Maharashtra),Bhiwandi_Mankoli_HB (Maharashtra) -> Mumbai_Sanpada_I (Maharashtra)
IND131028AAB,IND244001AAA,19,1.9440993788819876,0.42105263157894735,1.0,1558.9499999999998,1558.9499999999998,313.0,159.0,201.2372,1.0,0.46973198747668327,1,0,0,Sonipat_Kundli_H (Haryana),Moradabad_DC (Uttar Pradesh),Sonipat_Kundli_H (Haryana) -> Moradabad_DC (Uttar Pradesh)
IND411033AAA,IND421302AAG,107,1.9904761904761905,0.2523364485981308,1.0,1533.0759163639432,1533.0759163639432,201.0,101.0,129.6487,1.0,0.46193578828459714,1,0,1,Pune_Tathawde_H (Maharashtra),Bhiwandi_Mankoli_HB (Maharashtra),Pune_Tathawde_H (Maharashtra) -> Bhiwandi_Mankoli_HB (Maharashtra)
IND160002AAC,IND000000ACB,66,1.9905436823750335,0.22727272727272727,1.0,1528.6221340426143,1556.071216904595,421.0,211.0,280.26784999999995,1.0,0.4605938055259542,1,0,1,Chandigarh_Mehmdpur_H (Punjab),Gurgaon_Bilaspur_HB (Haryana),Chandigarh_Mehmdpur_H (Punjab) -> Gurgaon_Bilaspur_HB (Haryana)
IND560300AAA,IND562132AAA,108,1.83,0.3425925925925926,0.9907407407407407,1524.8078846153842,1524.8078846153842,91.0,50.0,40.6043,0.0,0.4594445223775629,1,0,1,Bengaluru_KGAirprt_HB (Karnataka),Bangalore_Nelmngla_H (Karnataka),Bengaluru_KGAirprt_HB (Karnataka) -> Bangalore_Nelmngla_H (Karnataka)
IND342301AAA,IND342005AAD,14,5.859375,0.7857142857142857,1.0,1517.0319825228864,1587.6504582923242,750.0,127.0,163.3495,1.0,0.45710154156077404,1,1,0,Phalodi_PalikDPP_D (Rajasthan),Jodhpur_Basni_I (Rajasthan),Phalodi_PalikDPP_D (Rajasthan) -> Jodhpur_Basni_I (Rajasthan)
IND712311AAA,IND781018AAB,8,3.186663403630482,1.0,1.0,1502.4363239462498,2612.0598540145993,2184.5,687.0,953.4926499999999,1.0,0.45270367908171144,1,1,0,Kolkata_Dankuni_HB (West Bengal),Guwahati_Hub (Assam),Kolkata_Dankuni_HB (West Bengal) -> Guwahati_Hub (Assam)
IND743270AAA,IND712311AAA,5,15.35135135135135,1.0,1.0,1498.7168659444783,4106.3155405405405,1136.0,73.0,98.5604,1.0,0.4515829578273362,1,1,0,Helencha_ColnyDPP_D (West Bengal),Kolkata_Dankuni_HB (West Bengal),Helencha_ColnyDPP_D (West Bengal) -> Kolkata_Dankuni_HB (West Bengal)
IND847223AAA,IND842001AAA,15,10.296875,0.8666666666666667,1.0,1470.6003296703307,1470.6003296703307,659.0,65.0,85.8712,1.0,0.44311107837962105,1,1,0,Benipatti_WardNo1_D (Bihar),Muzaffrpur_Bbganj_I (Bihar),Benipatti_WardNo1_D (Bihar) -> Muzaffrpur_Bbganj_I (Bihar)
IND422011AAD,IND421302AAG,21,2.288659793814433,0.5238095238095238,1.0,1469.22300107704,1989.0564497180458,212.0,97.0,136.2216,1.0,0.4426960712930981,1,1,0,Nashik_TgrniaRD_I (Maharashtra),Bhiwandi_Mankoli_HB (Maharashtra),Nashik_TgrniaRD_I (Maharashtra) -> Bhiwandi_Mankoli_HB (Maharashtra)
IND000000ACB,IND131028AAB,92,2.074076147816349,0.2608695652173913,1.0,1444.2598484848477,1444.2598484848477,200.0,97.0,86.35195000000002,0.0,0.43517434751695766,1,0,1,Gurgaon_Bilaspur_HB (Haryana),Sonipat_Kundli_H (Haryana),Gurgaon_Bilaspur_HB (Haryana) -> Sonipat_Kundli_H (Haryana)
IND713205AAB,IND712311AAA,12,7.5160826594788865,0.8333333333333334,1.0,1416.8888888888907,1416.8888888888907,793.0,105.0,148.60935,1.0,0.4269271200560687,1,1,0,Durgapur_Central_I_1 (West Bengal),Kolkata_Dankuni_HB (West Bengal),Durgapur_Central_I_1 (West Bengal) -> Kolkata_Dankuni_HB (West Bengal)
IND000000ACT,IND000000ACB,100,1.3585526315789473,0.42,0.71,1405.0146875000003,1405.0146875000003,57.0,42.0,43.65755,0.57,0.4233492681569687,1,0,1,Delhi_Gateway_HB (Delhi),Gurgaon_Bilaspur_HB (Haryana),Delhi_Gateway_HB (Delhi) -> Gurgaon_Bilaspur_HB (Haryana)
IND844505AAB,IND842001AAA,14,11.778846153846153,0.7142857142857143,1.0,1379.5691333240316,1555.4969594594604,606.5,52.0,73.67435,1.0,0.4156821904857647,1,1,0,HazratJandaha_HajiprRD_D (Bihar),Muzaffrpur_Bbganj_I (Bihar),HazratJandaha_HajiprRD_D (Bihar) -> Muzaffrpur_Bbganj_I (Bihar)
IND382430AAB,IND000000ACB,17,1.8523809523809525,0.4117647058823529,1.0,1368.3106600682677,1520.8801636904764,1169.0,630.0,876.2658,1.0,0.41228986551165836,1,0,0,Ahmedabad_East_H_1 (Gujarat),Gurgaon_Bilaspur_HB (Haryana),Ahmedabad_East_H_1 (Gujarat) -> Gurgaon_Bilaspur_HB (Haryana)
IND560099AAB,IND560300AAA,121,1.8333333333333333,0.4214876033057851,0.9256198347107438,1363.0930232558144,1363.0930232558144,110.0,57.0,53.1242,0.0,0.410717723422531,1,0,1,Bengaluru_Bomsndra_HB (Karnataka),Bengaluru_KGAirprt_HB (Karnataka),Bengaluru_Bomsndra_HB (Karnataka) -> Bengaluru_KGAirprt_HB (Karnataka)
IND721102AAA,IND712311AAA,13,7.9,0.8461538461538461,1.0,1322.6461538461547,1322.6461538461547,711.0,92.0,125.3268,1.0,0.39853055362554624,1,1,0,Midnapore_Talkui_D (West Bengal),Kolkata_Dankuni_HB (West Bengal),Midnapore_Talkui_D (West Bengal) -> Kolkata_Dankuni_HB (West Bengal)
IND751002AAB,IND712311AAA,25,2.0434782608695654,0.24,1.0,1265.0027717854693,1970.8726522187826,658.0,322.0,433.5997,1.0,0.38116185006209424,1,0,0,Bhubaneshwar_Hub (Orissa),Kolkata_Dankuni_HB (West Bengal),Bhubaneshwar_Hub (Orissa) -> Kolkata_Dankuni_HB (West Bengal)
IND585307AAB,IND585104AAA,17,4.432835820895522,0.8235294117647058,1.0,1264.9376362485973,1328.7098880597016,297.0,67.0,72.75760000000001,0.0,0.3811422238744742,1,1,0,Chincholi_Mainroad_D (Karnataka),Gulbarga_Nehrugnj_I (Karnataka),Chincholi_Mainroad_D (Karnataka) -> Gulbarga_Nehrugnj_I (Karnataka)
IND560058AAD,IND562132AAA,36,1.7019927536231885,0.3611111111111111,0.9444444444444444,1256.9515763138957,1313.8173828125,39.5,23.0,15.08155,0.0,0.37873591975616683,1,0,1,Bengaluru_Peenya_L (Karnataka),Bangalore_Nelmngla_H (Karnataka),Bengaluru_Peenya_L (Karnataka) -> Bangalore_Nelmngla_H (Karnataka)
IND175015AAA,IND174001AAA,13,7.2631578947368425,0.9230769230769231,1.0,1251.3071158789535,1311.6175438596483,966.0,131.0,121.195,1.0,0.37703517013729587,1,1,0,JognderNgr_Dhelu_D (Himachal Pradesh),BilaspurHP_Indsarea_D (Himachal Pradesh),JognderNgr_Dhelu_D (Himachal Pradesh) -> BilaspurHP_Indsarea_D (Himachal Pradesh)
IND712311AAA,IND700088AAA,30,3.586206896551724,0.43333333333333335,1.0,1247.1722023809525,1247.1722023809525,104.0,29.5,29.3119,0.0,0.3757892667180328,1,0,1,Kolkata_Dankuni_HB (West Bengal),Kolkata_TrtllaRD_L (West Bengal),Kolkata_Dankuni_HB (West Bengal) -> Kolkata_TrtllaRD_L (West Bengal)
IND421302AAG,IND401104AAA,78,2.755928853754941,0.3717948717948718,1.0,1202.7567660460388,1251.3089285714289,65.0,25.0,28.87475,0.0,0.3624063158958492,1,0,1,Bhiwandi_Mankoli_HB (Maharashtra),Mumbai_MiraRd_IP (Maharashtra),Bhiwandi_Mankoli_HB (Maharashtra) -> Mumbai_MiraRd_IP (Maharashtra)
IND741201AAC,IND712311AAA,4,15.271929824561404,1.0,1.0,1198.9734927555826,2496.056756756757,870.5,57.0,80.20495,1.0,0.361266366261869,1,0,0,Ranaghat_ArickDPP_D (West Bengal),Kolkata_Dankuni_HB (West Bengal),Ranaghat_ArickDPP_D (West Bengal) -> Kolkata_Dankuni_HB (West Bengal)
IND580028AAA,IND591123AAC,18,1.9252873563218391,0.2222222222222222,1.0,1198.9734927555826,1432.2953065134102,167.5,87.0,111.9425,1.0,0.361266366261869,1,0,0,Hubli_Adargchi_IP (Karnataka),Ramdurg_GndhiNGR_D (Karnataka),Hubli_Adargchi_IP (Karnataka) -> Ramdurg_GndhiNGR_D (Karnataka)
IND847226AAA,IND842001AAA,21,8.976190476190476,0.8571428571428571,1.0,1178.0833333333317,1178.0833333333317,754.0,84.0,118.7312,1.0,0.35497188850176203,1,1,0,Jaynagar_Wardno6_D (Bihar),Muzaffrpur_Bbganj_I (Bihar),Jaynagar_Wardno6_D (Bihar) -> Muzaffrpur_Bbganj_I (Bihar)
IND847404AAB,IND842001AAA,18,8.433677098150781,0.8333333333333334,1.0,1160.5053731888956,1269.93,633.0,76.0,107.82525,1.0,0.3496754196256391,1,1,0,Jhanjharpur_Nagar_D (Bihar),Muzaffrpur_Bbganj_I (Bihar),Jhanjharpur_Nagar_D (Bihar) -> Muzaffrpur_Bbganj_I (Bihar)
IND811399AAA,IND110044AAB,40,3.138095238095238,0.475,1.0,1160.3291666666667,1160.3291666666667,52.5,16.0,13.8169,0.0,0.34962232630007195,1,0,1,Noida_Sector02_C (Uttar Pradesh),Del_Okhla_PC (Delhi),Noida_Sector02_C (Uttar Pradesh) -> Del_Okhla_PC (Delhi)
IND845305AAA,IND842001AAA,20,5.838541666666666,0.6,1.0,1132.5050986842114,1132.5050986842114,560.5,96.0,136.0401,1.0,0.3412385713668893,1,1,0,Raxaul_KairiyaT_D (Bihar),Muzaffrpur_Bbganj_I (Bihar),Raxaul_KairiyaT_D (Bihar) -> Muzaffrpur_Bbganj_I (Bihar)
IND781018AAB,IND712311AAA,6,2.9587669623943453,0.8333333333333334,1.0,1130.8908615667447,2468.2278343023254,2043.0,689.5,954.9990499999999,1.0,0.34075218064913293,1,1,0,Guwahati_Hub (Assam),Kolkata_Dankuni_HB (West Bengal),Guwahati_Hub (Assam) -> Kolkata_Dankuni_HB (West Bengal)
IND500050AAA,IND501359AAE,21,2.4193548387096775,0.47619047619047616,1.0,1112.389044171909,1158.0415441176472,75.0,32.0,36.0739,0.0,0.33517734152228035,1,0,0,Patancheru_Ameenpur_I (Telangana),Hyderabad_Shamshbd_H (Telangana),Patancheru_Ameenpur_I (Telangana) -> Hyderabad_Shamshbd_H (Telangana)
IND560099AAB,IND562132AAA,102,1.5185185185185186,0.30392156862745096,0.8921568627450981,1097.2623737373738,1097.2623737373738,84.5,56.0,46.41525,0.24509803921568626,0.33061947823794213,1,0,1,Bengaluru_Bomsndra_HB (Karnataka),Bangalore_Nelmngla_H (Karnataka),Bengaluru_Bomsndra_HB (Karnataka) -> Bangalore_Nelmngla_H (Karnataka)
IND477001AAB,IND474003AAA,11,4.811320754716981,0.6363636363636364,1.0,1080.7244822268476,1201.450471698113,255.0,55.0,76.7885,1.0,0.32563639561956875,1,1,0,Bhind_EtwahDPP_D (Madhya Pradesh),Gwalior_HrihrNgr_I (Madhya Pradesh),Bhind_EtwahDPP_D (Madhya Pradesh) -> Gwalior_HrihrNgr_I (Madhya Pradesh)
IND246424AAA,IND246174AAA,16,1.2563086548488007,0.3125,0.625,1065.4161883883762,2568.195008689607,175.0,139.0,92.9496,1.0,0.32102380683248627,1,0,0,Chamoli_CGRoad_D (Uttarakhand),SrinagarUK_Srikot_D (Uttarakhand),Chamoli_CGRoad_D (Uttarakhand) -> SrinagarUK_Srikot_D (Uttarakhand)
IND505122AAA,IND506002AAA,16,3.232142857142857,0.5625,1.0,1046.5893662202545,1066.9783972125435,133.0,40.0,48.40615,1.0,0.31535103952442517,1,1,0,Jammikunta_ConduDPP_D (Telangana),Warangal_HunterRd_I (Telangana),Jammikunta_ConduDPP_D (Telangana) -> Warangal_HunterRd_I (Telangana)
IND688009AAA,IND686028AAB,16,3.67550505050505,0.5625,1.0,1022.3223019333469,1082.0562962962963,163.5,45.0,45.36175,0.0,0.3080390562422714,1,1,0,Alappuzha_Pazhvedu_D (Kerala),Kottayam_Central_H_1 (Kerala),Alappuzha_Pazhvedu_D (Kerala) -> Kottayam_Central_H_1 (Kerala)
IND176310AAA,IND145001AAA,13,6.177514792899408,0.9230769230769231,1.0,1010.2739316239326,1010.2739316239326,1065.0,172.0,124.2269,1.0,0.3044087249735994,1,1,0,Chamba_Bangotu_D (Himachal Pradesh),Pathankot_DC (Punjab),Chamba_Bangotu_D (Himachal Pradesh) -> Pathankot_DC (Punjab)
IND562132AAA,IND560099AAB,127,1.6666666666666667,0.2992125984251969,0.9921259842519685,990.1539926739933,990.1539926739933,85.0,50.0,50.1048,0.2992125984251969,0.29834632469721817,1,0,1,Bangalore_Nelmngla_H (Karnataka),Bengaluru_Bomsndra_HB (Karnataka),Bangalore_Nelmngla_H (Karnataka) -> Bengaluru_Bomsndra_HB (Karnataka)
IND147105AAA,IND160002AAC,7,8.411764705882353,0.7142857142857143,1.0,979.6590909090911,979.6590909090911,715.0,85.0,105.6492,1.0,0.2951840737819226,1,1,0,Patran_MheshNGR_D (Punjab),Chandigarh_Mehmdpur_H (Punjab),Patran_MheshNGR_D (Punjab) -> Chandigarh_Mehmdpur_H (Punjab)
IND203390AAA,IND201301AAF,20,2.5958440721649483,0.4,1.0,970.1903508771934,970.1903508771934,250.5,96.0,103.09845,1.0,0.2923310187935757,1,0,0,Anupshahar_DcntCLY_D (Uttar Pradesh),Noida_Sec 02_DPC (Uttar Pradesh),Anupshahar_DcntCLY_D (Uttar Pradesh) -> Noida_Sec 02_DPC (Uttar Pradesh)
IND829121AAA,IND834002AAB,11,7.174603174603175,0.9090909090909091,1.0,949.0476190476193,949.0476190476193,452.0,62.0,85.3462,0.2727272727272727,0.2859604376697472,1,1,0,Peterbar_GagiDPP_D (Jharkhand),Ranchi_Hub (Jharkhand),Peterbar_GagiDPP_D (Jharkhand) -> Ranchi_Hub (Jharkhand)
IND560300AAA,IND560099AAB,86,2.4543650793650795,0.4069767441860465,0.8953488372093024,947.7803030303027,947.7803030303027,136.0,56.0,52.9165,0.0,0.2855785788086066,1,0,1,Bengaluru_KGAirprt_HB (Karnataka),Bengaluru_Bomsndra_HB (Karnataka),Bengaluru_KGAirprt_HB (Karnataka) -> Bengaluru_Bomsndra_HB (Karnataka)
IND486661AAA,IND211002AAB,5,5.236024844720497,1.0,1.0,946.8617463777914,1333.625,843.0,161.0,195.6941,1.0,0.28530180569722136,1,1,0,Sidhi_Padra_D (Madhya Pradesh),Allahabad_Central_H_1 (Uttar Pradesh),Sidhi_Padra_D (Madhya Pradesh) -> Allahabad_Central_H_1 (Uttar Pradesh)
IND209801AAA,IND209304AAA,5,20.757575757575758,0.8,1.0,929.2009904375578,1650.0732732732731,685.0,32.0,46.0073,0.0,0.27998038936690506,1,1,0,Unnao_VikasRam_D (Uttar Pradesh),Kanpur_Central_H_6 (Uttar Pradesh),Unnao_VikasRam_D (Uttar Pradesh) -> Kanpur_Central_H_6 (Uttar Pradesh)
IND401104AAB,IND421302AAG,23,2.923076923076923,0.43478260869565216,1.0,928.6800000000001,928.6800000000001,74.0,25.0,28.4647,0.0,0.27982340814641027,1,0,0,Mumbai_MiraRoad_M (Maharashtra),Bhiwandi_Mankoli_HB (Maharashtra),Mumbai_MiraRoad_M (Maharashtra) -> Bhiwandi_Mankoli_HB (Maharashtra)
IND421302AAG,IND400072AAB,105,2.5454545454545454,0.38095238095238093,1.0,928.5068309859162,928.5068309859162,54.0,22.0,27.3149,0.0,0.2797712300617026,1,0,1,Bhiwandi_Mankoli_HB (Maharashtra),Mumbai Hub (Maharashtra),Bhiwandi_Mankoli_HB (Maharashtra) -> Mumbai Hub (Maharashtra)
IND691551AAA,IND691001AAB,20,2.431578947368421,0.5,1.0,918.2213724165724,1324.4182825484766,97.0,39.5,41.65145,0.0,0.2766720871155614,1,0,0,Adoor_Town_D (Kerala),Kollam_Central_H_1 (Kerala),Adoor_Town_D (Kerala) -> Kollam_Central_H_1 (Kerala)
IND221313AAA,IND211002AAB,6,4.054172510518934,1.0,1.0,917.2,917.2,375.0,93.0,130.92185,1.0,0.2763643342721793,1,1,0,Varanasi_Central_H_4 (Uttar Pradesh),Allahabad_Central_H_1 (Uttar Pradesh),Varanasi_Central_H_4 (Uttar Pradesh) -> Allahabad_Central_H_1 (Uttar Pradesh)
IND700065AAA,IND712311AAA,24,3.7386363636363633,0.4166666666666667,1.0,912.6429963777913,1760.171875,78.5,21.5,21.899250000000002,0.0,0.2749912495880018,1,0,0,CCU_Beliaghata_DPC (West Bengal),Kolkata_Dankuni_HB (West Bengal),CCU_Beliaghata_DPC (West Bengal) -> Kolkata_Dankuni_HB (West Bengal)
IND562132AAA,IND560058AAD,57,1.7619047619047619,0.38596491228070173,0.8947368421052632,911.7367021276597,911.7367021276597,36.0,20.0,15.7253,0.0,0.27471817129854226,1,0,1,Bangalore_Nelmngla_H (Karnataka),Bengaluru_Peenya_L (Karnataka),Bangalore_Nelmngla_H (Karnataka) -> Bengaluru_Peenya_L (Karnataka)
IND125001AAA,IND110037AAM,11,3.6417910447761193,0.9090909090909091,1.0,899.379856913779,899.379856913779,488.0,132.0,172.4913,1.0,0.2709948925139386,1,1,0,Hisar_ModelTwn_P (Haryana),Delhi_Airport_H (Delhi),Hisar_ModelTwn_P (Haryana) -> Delhi_Airport_H (Delhi)
IND000000ACB,IND712311AAA,48,2.032003219425158,0.0625,1.0,899.2301195666869,3111.848753828394,2063.5,1016.0,1427.93005,1.0,0.27094977469640175,1,0,1,Gurgaon_Bilaspur_HB (Haryana),Kolkata_Dankuni_HB (West Bengal),Gurgaon_Bilaspur_HB (Haryana) -> Kolkata_Dankuni_HB (West Bengal)
IND785634AAA,IND785001AAA,3,31.2,1.0,1.0,899.2301195666869,1149.5690878378377,468.0,16.0,19.7611,0.0,0.27094977469640175,1,0,0,Mariani_Mainroad_D (Assam),Jorhat_RicMilRd_D (Assam),Mariani_Mainroad_D (Assam) -> Jorhat_RicMilRd_D (Assam)
IND221313AAA,IND232101AAB,3,28.727272727272727,1.0,1.0,899.2301195666869,1660.1999999999998,632.0,22.0,29.6438,0.0,0.27094977469640175,1,0,0,Varanasi_Central_H_4 (Uttar Pradesh),MughalSarai_Central_D_2 (Uttar Pradesh),Varanasi_Central_H_4 (Uttar Pradesh) -> MughalSarai_Central_D_2 (Uttar Pradesh)
IND562132AAA,IND560083AAB,50,1.5060975609756098,0.22,0.98,882.3181818181819,882.3181818181819,60.0,39.0,41.6344,0.0,0.2658539870632594,1,0,1,Bangalore_Nelmngla_H (Karnataka),Bengaluru_Bnnrghta_L (Karnataka),Bangalore_Nelmngla_H (Karnataka) -> Bengaluru_Bnnrghta_L (Karnataka)
IND400102AAB,IND421302AAG,20,2.0574074074074074,0.35,1.0,875.5100757751027,924.955280172414,59.5,30.0,33.19965,0.0,0.2638026158309764,1,0,0,Mumbai_Jogeshwri_L (Maharashtra),Bhiwandi_Mankoli_HB (Maharashtra),Mumbai_Jogeshwri_L (Maharashtra) -> Bhiwandi_Mankoli_HB (Maharashtra)
IND382430AAB,IND384205AAA,20,1.5297619047619047,0.25,1.0,859.9126723037173,1030.5555555555557,128.5,85.0,95.1368,1.0,0.2591029145370994,1,0,0,Ahmedabad_East_H_1 (Gujarat),Mehsana_Panchot_IP (Gujarat),Ahmedabad_East_H_1 (Gujarat) -> Mehsana_Panchot_IP (Gujarat)
IND411033AAA,IND411014AAA,43,2.625,0.3488372093023256,1.0,842.2663690476193,842.2663690476193,75.0,28.0,25.9345,0.0,0.2537858529891965,1,0,1,Pune_Tathawde_H (Maharashtra),PNQ Vadgaon Sheri DPC (Maharashtra),Pune_Tathawde_H (Maharashtra) -> PNQ Vadgaon Sheri DPC (Maharashtra)
IND401602AAA,IND401501AAA,17,7.3076923076923075,0.8235294117647058,1.0,837.9948717948719,837.9948717948719,194.0,26.0,28.2964,0.0,0.2524987951014937,1,1,0,Dahanu_KetyDPP_D (Maharashtra),Boisar_OstwlEmp_D (Maharashtra),Dahanu_KetyDPP_D (Maharashtra) -> Boisar_OstwlEmp_D (Maharashtra)
IND321606AAA,IND301001AAB,6,7.297101449275362,1.0,1.0,828.8111111111115,828.8111111111115,503.5,69.0,77.83895000000001,1.0,0.2497316081112163,1,1,0,Kherli_GodamDPP_D (Rajasthan),Alwar_Central_I_1 (Rajasthan),Kherli_GodamDPP_D (Rajasthan) -> Alwar_Central_I_1 (Rajasthan)
IND485001AAC,IND486771AAA,5,7.209876543209877,1.0,1.0,825.0563361518588,950.6586419753089,589.0,81.0,104.8851,1.0,0.24860024539648043,1,1,0,Satna_Central_I_2 (Madhya Pradesh),Churhat_Central_DPP_1 (Madhya Pradesh),Satna_Central_I_2 (Madhya Pradesh) -> Churhat_Central_DPP_1 (Madhya Pradesh)
IND506314AAA,IND506002AAA,16,3.5525,0.4375,1.0,824.8505160460386,909.6428571428571,87.0,24.0,34.20485,1.0,0.24853822911156456,1,0,0,Rayaparthi_Perkadrd_D (Telangana),Warangal_HunterRd_I (Telangana),Rayaparthi_Perkadrd_D (Telangana) -> Warangal_HunterRd_I (Telangana)
IND208017AAA,IND209304AAA,6,16.947916666666664,1.0,1.0,817.4635135135136,817.4635135135136,242.0,12.0,13.82065,0.0,0.24631242880937512,1,1,0,Kanpur_Central_D_5 (Uttar Pradesh),Kanpur_Central_H_6 (Uttar Pradesh),Kanpur_Central_D_5 (Uttar Pradesh) -> Kanpur_Central_H_6 (Uttar Pradesh)
IND756100AAC,IND758034AAA,13,2.298136645962733,0.38461538461538464,1.0,811.237882117882,811.237882117882,378.0,161.0,222.8727,1.0,0.24443656479271822,1,0,0,Bhadrak_Central_I_2 (Orissa),Joda_Central_D_1 (Orissa),Bhadrak_Central_I_2 (Orissa) -> Joda_Central_D_1 (Orissa)
IND401104AAA,IND400072AAB,31,2.875,0.4838709677419355,1.0,808.896551724138,808.896551724138,46.0,16.0,20.3115,0.0,0.24373109137843751,1,0,1,Mumbai_MiraRd_IP (Maharashtra),Mumbai Hub (Maharashtra),Mumbai_MiraRd_IP (Maharashtra) -> Mumbai Hub (Maharashtra)
IND751002AAB,IND754103AAA,7,10.121951219512194,0.8571428571428571,1.0,803.6001267025656,803.6001267025656,415.0,42.0,58.5252,1.0,0.24213520937330302,1,1,0,Bhubaneshwar_Hub (Orissa),Jagatsghpr_Markndpr_D (Orissa),Bhubaneshwar_Hub (Orissa) -> Jagatsghpr_Markndpr_D (Orissa)
IND421302AAG,IND400015AAA,49,2.4545454545454546,0.3469387755102041,1.0,799.9750000000003,799.9750000000003,78.0,32.0,42.771800000000006,0.0,0.24104291137089703,1,0,1,Bhiwandi_Mankoli_HB (Maharashtra),Mumbai_CottonGreen_DPC (Maharashtra),Bhiwandi_Mankoli_HB (Maharashtra) -> Mumbai_CottonGreen_DPC (Maharashtra)
IND421302AAG,IND411033AAA,72,2.195876288659794,0.2361111111111111,1.0,799.8425625920477,799.8425625920477,211.0,97.0,130.80165,1.0,0.24100300625087787,1,0,1,Bhiwandi_Mankoli_HB (Maharashtra),Pune_Tathawde_H (Maharashtra),Bhiwandi_Mankoli_HB (Maharashtra) -> Pune_Tathawde_H (Maharashtra)
IND712311AAA,IND751002AAB,27,1.9193548387096775,0.2962962962962963,1.0,798.5072326359004,1712.9857661290323,595.0,311.0,434.5664,1.0,0.24060065390202887,1,0,0,Kolkata_Dankuni_HB (West Bengal),Bhubaneshwar_Hub (Orissa),Kolkata_Dankuni_HB (West Bengal) -> Bhubaneshwar_Hub (Orissa)
IND380021AAA,IND382430AAB,32,3.1666666666666665,0.3125,1.0,796.496449704142,796.496449704142,38.0,13.0,16.892349999999997,0.0,0.239994778753423,1,0,1,AMD_Rakhial (Gujarat),Ahmedabad_East_H_1 (Gujarat),AMD_Rakhial (Gujarat) -> Ahmedabad_East_H_1 (Gujarat)
IND500008AAC,IND501359AAE,13,3.391304347826087,0.46153846153846156,1.0,794.2076589031814,924.3704545454545,78.0,22.0,24.5092,0.0,0.23930513620436528,1,0,0,Hyderabad_Tolichwk_I (Telangana),Hyderabad_Shamshbd_H (Telangana),Hyderabad_Tolichwk_I (Telangana) -> Hyderabad_Shamshbd_H (Telangana)
IND563125AAB,IND560300AAB,12,4.358320251177394,0.5833333333333334,1.0,793.4523017603244,802.9527472527475,219.5,48.5,54.20675,0.0,0.2390775372358487,1,1,0,Chintamani_Central_D_2 (Karnataka),Bangalore_East_I_20 (Karnataka),Chintamani_Central_D_2 (Karnataka) -> Bangalore_East_I_20 (Karnataka)
IND562132AAA,IND560300AAA,151,1.7291666666666667,0.24503311258278146,0.9668874172185431,788.8407801418442,788.8407801418442,83.0,48.0,37.9748,0.0,0.23768802556764865,1,0,1,Bangalore_Nelmngla_H (Karnataka),Bengaluru_KGAirprt_HB (Karnataka),Bangalore_Nelmngla_H (Karnataka) -> Bengaluru_KGAirprt_HB (Karnataka)
IND501359AAE,IND500010AAB,33,2.871794871794872,0.3333333333333333,1.0,775.0055028185252,1293.0409259259259,114.0,40.0,48.334,0.0,0.23351927588717544,1,0,1,Hyderabad_Shamshbd_H (Telangana),Hyderabad_Alwal_L (Telangana),Hyderabad_Shamshbd_H (Telangana) -> Hyderabad_Alwal_L (Telangana)
IND600032AAB,IND600056AAB,64,1.8920454545454546,0.40625,1.0,769.6275000000002,769.6275000000002,61.5,32.5,36.47855,0.0,0.23189881342680085,1,0,1,Chennai_Hub (Tamil Nadu),MAA_Poonamallee_HB (Tamil Nadu),Chennai_Hub (Tamil Nadu) -> MAA_Poonamallee_HB (Tamil Nadu)
IND121002AAB,IND000000ACB,29,2.09375,0.3103448275862069,1.0,763.8292666058237,974.777115987461,134.0,65.0,75.7733,0.0,0.2301517300077687,1,0,0,Faridabad_Mthurard_L (Haryana),Gurgaon_Bilaspur_HB (Haryana),Faridabad_Mthurard_L (Haryana) -> Gurgaon_Bilaspur_HB (Haryana)
IND507159AAA,IND507002AAA,10,3.6388888888888893,0.5,1.0,759.0224606635056,1183.457142857143,65.5,17.5,24.433500000000002,1.0,0.22870337662331133,1,0,0,Kusumnchi_SKRoad_D (Telangana),Khammam_NSTRoad_I (Telangana),Kusumnchi_SKRoad_D (Telangana) -> Khammam_NSTRoad_I (Telangana)
IND462001AAA,IND462022AAA,28,3.916666666666667,0.5,1.0,753.0650793650793,753.0650793650793,48.0,13.0,14.26375,0.0,0.22690833986301356,1,0,0,Bhopal_Old City (Madhya Pradesh),Bhopal_Trnsport_H (Madhya Pradesh),Bhopal_Old City (Madhya Pradesh) -> Bhopal_Trnsport_H (Madhya Pradesh)
IND209304AAA,IND000000ACB,35,1.9603658536585367,0.2,1.0,751.375642356155,751.375642356155,643.0,328.0,445.7063,1.0,0.2263992904362079,1,0,1,Kanpur_Central_H_6 (Uttar Pradesh),Gurgaon_Bilaspur_HB (Haryana),Kanpur_Central_H_6 (Uttar Pradesh) -> Gurgaon_Bilaspur_HB (Haryana)
IND828111AAA,IND826004AAA,9,9.25,0.6666666666666666,1.0,747.471896896897,747.471896896897,111.0,12.0,13.8589,0.0,0.22522304096497384,1,1,0,Dhanbad_Jharia_DC (Jharkhand),Dhanbad_Kalynpur_I (Jharkhand),Dhanbad_Jharia_DC (Jharkhand) -> Dhanbad_Kalynpur_I (Jharkhand)
IND411033AAA,IND411021AAA,41,1.9230769230769231,0.4146341463414634,0.7317073170731707,746.7142857142858,746.7142857142858,24.0,12.0,11.1698,0.0,0.22499476282485228,1,0,1,Pune_Tathawde_H (Maharashtra),PNQ Pashan DPC (Maharashtra),Pune_Tathawde_H (Maharashtra) -> PNQ Pashan DPC (Maharashtra)
IND211008AAA,IND211002AAB,6,9.28125,1.0,1.0,725.9776554687004,2001.6036931818182,148.5,16.0,22.83415,0.0,0.21874654541003594,1,1,0,Allahabad_Central_D_3 (Uttar Pradesh),Allahabad_Central_H_1 (Uttar Pradesh),Allahabad_Central_D_3 (Uttar Pradesh) -> Allahabad_Central_H_1 (Uttar Pradesh)
IND321001AAA,IND301001AAB,3,6.206185567010309,1.0,1.0,725.2159922365147,746.9436057928326,602.0,97.0,103.8328,1.0,0.21851704633447708,1,0,0,Bharatpur_DC (Rajasthan),Alwar_Central_I_1 (Rajasthan),Bharatpur_DC (Rajasthan) -> Alwar_Central_I_1 (Rajasthan)
IND700028AAB,IND712311AAA,11,4.473684210526316,0.5454545454545454,1.0,722.9931945749399,805.5914503453204,81.0,18.0,22.7463,0.0,0.217847288379873,1,1,0,CCU_DumDum_DPC (West Bengal),Kolkata_Dankuni_HB (West Bengal),CCU_DumDum_DPC (West Bengal) -> Kolkata_Dankuni_HB (West Bengal)
IND273304AAA,IND273014AAB,14,4.147540983606557,0.5,1.0,720.3122227579556,720.3122227579556,251.5,61.0,86.24709999999999,0.0,0.2170394765706674,1,0,0,Nichlaul_Wardno13_D (Uttar Pradesh),Gorakhpur_Matriprm_IP (Uttar Pradesh),Nichlaul_Wardno13_D (Uttar Pradesh) -> Gorakhpur_Matriprm_IP (Uttar Pradesh)
IND210427AAA,IND209304AAA,9,2.9915254237288136,0.4444444444444444,1.0,719.3694313509177,719.3694313509177,360.0,118.0,164.1901,1.0,0.2167554012113526,1,0,0,Mahoba_Mlkpura_D (Uttar Pradesh),Kanpur_Central_H_6 (Uttar Pradesh),Mahoba_Mlkpura_D (Uttar Pradesh) -> Kanpur_Central_H_6 (Uttar Pradesh)
IND243503AAB,IND244901AAB,11,2.772727272727273,0.36363636363636365,1.0,703.7683712121213,703.7683712121213,183.0,66.0,93.7487,1.0,0.21205459811584593,1,0,0,Faridpur_ShjnprRD_D (Uttar Pradesh),Rampur_RoshnBgh_I (Uttar Pradesh),Faridpur_ShjnprRD_D (Uttar Pradesh) -> Rampur_RoshnBgh_I (Uttar Pradesh)
IND221010AAB,IND233001AAA,3,11.214285714285714,1.0,1.0,695.6406946174671,743.8459821428573,628.0,55.0,78.42460000000001,1.0,0.20960562304905442,1,0,0,Varanasi_MahmurGj_IP (Uttar Pradesh),Ghazipur_Kaithwal_D (Uttar Pradesh),Varanasi_MahmurGj_IP (Uttar Pradesh) -> Ghazipur_Kaithwal_D (Uttar Pradesh)
IND400072AAB,IND400015AAA,60,3.1470588235294117,0.4,1.0,691.2641586867308,691.2641586867308,53.5,17.0,18.6289,0.0,0.20828691563636775,1,0,1,Mumbai Hub (Maharashtra),Mumbai_CottonGreen_DPC (Maharashtra),Mumbai Hub (Maharashtra) -> Mumbai_CottonGreen_DPC (Maharashtra)
IND000000ACB,IND121002AAB,57,1.876923076923077,0.3508771929824561,1.0,684.3515680056379,684.3515680056379,122.0,65.0,77.75919999999999,0.0,0.20620406181857845,1,0,1,Gurgaon_Bilaspur_HB (Haryana),Faridabad_Mthurard_L (Haryana),Gurgaon_Bilaspur_HB (Haryana) -> Faridabad_Mthurard_L (Haryana)
IND110044AAB,IND000000ACB,76,1.7295698924731182,0.2631578947368421,1.0,675.5401785714289,675.5401785714289,104.5,61.0,65.2376,0.0,0.20354907514718937,1,0,1,Del_Okhla_PC (Delhi),Gurgaon_Bilaspur_HB (Haryana),Del_Okhla_PC (Delhi) -> Gurgaon_Bilaspur_HB (Haryana)
IND580028AAA,IND580002AAA,9,3.9,1.0,1.0,669.8796035206484,1332.1714285714286,78.0,21.0,26.2889,1.0,0.20184346998418604,1,1,0,Hubli_Adargchi_IP (Karnataka),Dharwad_Dc (Karnataka),Hubli_Adargchi_IP (Karnataka) -> Dharwad_Dc (Karnataka)
IND110037AAM,IND121004AAB,46,2.1555299539170507,0.45652173913043476,1.0,663.984375,663.984375,63.5,27.0,28.836100000000002,0.0,0.2000671606672526,1,0,1,Delhi_Airport_H (Delhi),FBD_Balabhgarh_DPC (Haryana),Delhi_Airport_H (Delhi) -> FBD_Balabhgarh_DPC (Haryana)
IND411021AAA,IND411033AAA,32,2.0,0.40625,0.71875,660.8,660.8,29.0,15.0,12.915,0.0,0.19910766690695172,1,0,1,PNQ Pashan DPC (Maharashtra),Pune_Tathawde_H (Maharashtra),PNQ Pashan DPC (Maharashtra) -> Pune_Tathawde_H (Maharashtra)
IND110037AAM,IND110035AAC,36,2.2857142857142856,0.4166666666666667,0.9166666666666666,659.984126984127,659.984126984127,46.0,20.0,18.3518,0.0,0.19886183371584573,1,0,1,Delhi_Airport_H (Delhi),Delhi_North_R_8 (Delhi),Delhi_Airport_H (Delhi) -> Delhi_North_R_8 (Delhi)
IND796009AAA,IND796321AAB,4,4.950381679389313,1.0,1.0,659.402066997208,684.8142493638679,648.5,131.0,186.14965,1.0,0.1986864514428504,1,0,0,Aizawl_HunthrVg_I (Mizoram),Champhai_AwmpiVng_D (Mizoram),Aizawl_HunthrVg_I (Mizoram) -> Champhai_AwmpiVng_D (Mizoram)
IND000000ACB,IND000000AEL,23,1.7704918032786885,0.2608695652173913,1.0,654.1190476190477,654.1190476190477,108.0,62.0,60.6693,0.0,0.19709460873308995,1,0,0,Gurgaon_Bilaspur_HB (Haryana),Delhi_PunjabiB_L (Delhi),Gurgaon_Bilaspur_HB (Haryana) -> Delhi_PunjabiB_L (Delhi)
IND842003AAB,IND482002AAA,4,23.1875,1.0,1.0,637.0468480923705,733.4046332046332,185.5,8.0,10.4497,0.0,0.19195053213392732,1,0,0,Jabalpur_Adhartal_IP (Madhya Pradesh),Jabalpur (Madhya Pradesh),Jabalpur_Adhartal_IP (Madhya Pradesh) -> Jabalpur (Madhya Pradesh)
IND500039AAC,IND501359AAE,15,4.037037037037037,0.4666666666666667,1.0,628.7904761904763,628.7904761904763,126.0,27.0,34.745,0.0,0.18946277949091542,1,0,0,Hyderabad_Uppal_I (Telangana),Hyderabad_Shamshbd_H (Telangana),Hyderabad_Uppal_I (Telangana) -> Hyderabad_Shamshbd_H (Telangana)
IND208019AAA,IND209304AAA,6,11.284926470588236,1.0,1.0,625.322265625,625.322265625,187.0,16.0,16.37985,0.0,0.18841776236919322,1,1,0,Kanpur_Rawatpur_D (Uttar Pradesh),Kanpur_Central_H_6 (Uttar Pradesh),Kanpur_Rawatpur_D (Uttar Pradesh) -> Kanpur_Central_H_6 (Uttar Pradesh)
IND421601AAB,IND421302AAG,14,3.814271749755621,0.35714285714285715,1.0,624.1176470588235,624.1176470588235,120.5,31.0,42.629900000000006,0.0,0.18805479506861184,1,0,0,Asangaon_Shahapur_D (Maharashtra),Bhiwandi_Mankoli_HB (Maharashtra),Asangaon_Shahapur_D (Maharashtra) -> Bhiwandi_Mankoli_HB (Maharashtra)
IND500010AAB,IND501359AAE,39,3.3783783783783785,0.3333333333333333,1.0,624.0270270270274,624.0270270270274,125.0,36.0,44.7502,0.0,0.18802749006996478,1,0,1,Hyderabad_Alwal_L (Telangana),Hyderabad_Shamshbd_H (Telangana),Hyderabad_Alwal_L (Telangana) -> Hyderabad_Shamshbd_H (Telangana)
IND305001AAC,IND305901AAA,17,2.0232558139534884,0.23529411764705882,1.0,617.0422459893048,617.0422459893048,87.0,44.0,55.7788,1.0,0.18592288435526008,1,0,0,Ajmer_FoySGRRD_I (Rajasthan),Beawar_DC (Rajasthan),Ajmer_FoySGRRD_I (Rajasthan) -> Beawar_DC (Rajasthan)
IND452001AAC,IND425201AAA,9,2.823529411764706,0.5555555555555556,1.0,616.3200797111247,2253.2333333333336,47.0,17.0,23.2065,0.0,0.18570528622758556,1,1,0,Jalgaon_DC (Maharashtra),Bhusawal_Samarth_D (Maharashtra),Jalgaon_DC (Maharashtra) -> Bhusawal_Samarth_D (Maharashtra)
IND403401AAA,IND403726AAB,3,13.37037037037037,1.0,1.0,613.2663927601911,686.026833976834,361.0,29.0,24.8751,0.0,0.18478517048263313,1,0,0,Goa_Ponda_Dc (Goa),Goa_ZuariNgr_IP (Goa),Goa_Ponda_Dc (Goa) -> Goa_ZuariNgr_IP (Goa)
IND000000AEL,IND000000ACB,17,1.8448275862068966,0.29411764705882354,1.0,612.4433731888957,786.9326271186442,108.0,58.0,63.1293,0.0,0.18453718394107838,1,0,0,Delhi_PunjabiB_L (Delhi),Gurgaon_Bilaspur_HB (Haryana),Delhi_PunjabiB_L (Delhi) -> Gurgaon_Bilaspur_HB (Haryana)
IND431136AAC,IND431001AAA,20,3.111111111111111,0.35,1.0,611.6117463777913,850.3833333333333,28.0,9.0,13.41015,0.0,0.18428660392579949,1,0,0,Aurangabad_Central_H_1 (Maharashtra),Aurangabad (Maharashtra),Aurangabad_Central_H_1 (Maharashtra) -> Aurangabad (Maharashtra)
IND501401AAC,IND500010AAA,14,8.904166666666667,0.5714285714285714,1.0,608.9645833333333,608.9645833333333,128.5,13.5,14.09615,0.0,0.18348897914113796,1,1,0,Medchal_MROoffce_D (Telangana),Hyderabad_Alwal_I (Telangana),Medchal_MROoffce_D (Telangana) -> Hyderabad_Alwal_I (Telangana)
IND411033AAA,IND411036AAA,32,1.8261904761904764,0.46875,1.0,608.1172413793104,608.1172413793104,49.0,29.0,25.87115,0.0,0.1832336639481327,1,0,1,Pune_Tathawde_H (Maharashtra),Pune_Mundhawa_L (Maharashtra),Pune_Tathawde_H (Maharashtra) -> Pune_Mundhawa_L (Maharashtra)
IND560083AAB,IND562132AAA,31,1.6590909090909092,0.3548387096774194,0.9354838709677419,605.7987169206096,605.7987169206096,72.0,43.0,41.4414,0.0,0.1825350622598176,1,0,1,Bengaluru_Bnnrghta_L (Karnataka),Bangalore_Nelmngla_H (Karnataka),Bengaluru_Bnnrghta_L (Karnataka) -> Bangalore_Nelmngla_H (Karnataka)
IND500010AAA,IND501359AAE,9,2.4864864864864864,0.4444444444444444,1.0,603.8861250316475,1005.8556511056511,92.0,37.0,45.2804,0.0,0.18195877335431457,1,0,0,Hyderabad_Alwal_I (Telangana),Hyderabad_Shamshbd_H (Telangana),Hyderabad_Alwal_I (Telangana) -> Hyderabad_Shamshbd_H (Telangana)
IND580028AAA,IND590016AAA,13,2.1733333333333333,0.23076923076923078,1.0,600.0984686000136,1497.0026111111113,161.0,74.0,102.7885,1.0,0.18081750302267452,1,0,0,Hubli_Adargchi_IP (Karnataka),Belgaum_Dc (Karnataka),Hubli_Adargchi_IP (Karnataka) -> Belgaum_Dc (Karnataka)
IND424304AAC,IND424006AAA,2,22.313662790697673,1.0,1.0,599.4867463777913,1386.1745173745176,926.0,41.5,56.7526,1.0,0.1806331831309345,1,0,0,Sakri_DhuleRoad_D (Maharashtra),Dhule_MIDCAvdn_I (Maharashtra),Sakri_DhuleRoad_D (Maharashtra) -> Dhule_MIDCAvdn_I (Maharashtra)
IND151103AAA,IND151001AAA,2,15.672364672364672,1.0,1.0,599.4867463777913,710.0999999999999,416.0,26.5,28.80985,1.0,0.1806331831309345,1,0,0,RampuraPhul_DC (Punjab),Bhatinda_DPC (Punjab),RampuraPhul_DC (Punjab) -> Bhatinda_DPC (Punjab)
IND221313AAA,IND276128AAA,2,10.120923306031273,1.0,1.0,599.4867463777913,1284.8,831.0,82.0,109.2236,1.0,0.1806331831309345,1,0,0,Varanasi_Central_H_4 (Uttar Pradesh),Azamgarh_ChtwrDPP_D (Uttar Pradesh),Varanasi_Central_H_4 (Uttar Pradesh) -> Azamgarh_ChtwrDPP_D (Uttar Pradesh)
IND400015AAB,IND421302AAG,23,3.1724137931034484,0.4782608695652174,1.0,597.6833484573501,597.6833484573501,92.0,32.0,42.62,0.0,0.18008979579370102,1,0,0,Mumbai_CotnGren_M (Maharashtra),Bhiwandi_Mankoli_HB (Maharashtra),Mumbai_CotnGren_M (Maharashtra) -> Bhiwandi_Mankoli_HB (Maharashtra)
IND600056AAB,IND600008AAC,32,3.0,0.40625,1.0,586.4769230769233,586.4769230769233,100.5,34.0,43.13395,0.0,0.17671315352393158,1,0,1,MAA_Poonamallee_HB (Tamil Nadu),Chennai_Egmore_DPC (Tamil Nadu),MAA_Poonamallee_HB (Tamil Nadu) -> Chennai_Egmore_DPC (Tamil Nadu)
IND757037AAA,IND756100AAC,12,2.783109938190152,0.5833333333333334,1.0,582.9710084033615,582.9710084033615,333.0,120.0,167.1052,1.0,0.17565677566220678,1,1,0,Karanjia_Sarubali_D (Orissa),Bhadrak_Central_I_2 (Orissa),Karanjia_Sarubali_D (Orissa) -> Bhadrak_Central_I_2 (Orissa)
IND411014AAA,IND411048AAA,6,8.242857142857144,1.0,1.0,575.4801020408163,575.4801020408163,118.0,14.5,14.0083,0.0,0.1733996677795421,1,1,0,PNQ Vadgaon Sheri DPC (Maharashtra),Pune_East_D_8 (Maharashtra),PNQ Vadgaon Sheri DPC (Maharashtra) -> Pune_East_D_8 (Maharashtra)
IND462022AAA,IND000000ACB,26,1.9131577857823046,0.11538461538461539,1.0,564.3489287444515,634.1922421993916,1113.0,584.0,814.2094500000001,1.0,0.17004569994513513,1,0,0,Bhopal_Trnsport_H (Madhya Pradesh),Gurgaon_Bilaspur_HB (Haryana),Bhopal_Trnsport_H (Madhya Pradesh) -> Gurgaon_Bilaspur_HB (Haryana)
IND816109AAA,IND826004AAA,10,1.8813469927769435,0.4,1.0,553.8514803690197,553.8514803690197,445.0,236.0,300.7029,1.0,0.16688268170284032,1,0,0,Sahebganj_BaraLoha_D (Jharkhand),Dhanbad_Kalynpur_I (Jharkhand),Sahebganj_BaraLoha_D (Jharkhand) -> Dhanbad_Kalynpur_I (Jharkhand)
IND331304AAA,IND332001AAB,4,4.104020979020979,1.0,1.0,549.7058566433566,549.7058566433566,441.0,106.5,131.8667,1.0,0.16563355115215797,1,0,0,Taranagar_RajRdDPP_D (Rajasthan),Sikar_FatehpRd_I (Rajasthan),Taranagar_RajRdDPP_D (Rajasthan) -> Sikar_FatehpRd_I (Rajasthan)
IND500080AAB,IND501359AAE,20,2.7954545454545454,0.4,1.0,548.8197491938431,1262.4802721088436,61.5,21.0,26.205350000000003,0.0,0.16536655540926828,1,0,0,Hyderabad_Chikdply_I (Telangana),Hyderabad_Shamshbd_H (Telangana),Hyderabad_Chikdply_I (Telangana) -> Hyderabad_Shamshbd_H (Telangana)
IND421302AAG,IND400102AAB,33,2.3076923076923075,0.42424242424242425,1.0,547.886162687887,547.886162687887,65.0,29.0,32.8961,0.0,0.16508525360682166,1,0,1,Bhiwandi_Mankoli_HB (Maharashtra),Mumbai_Jogeshwri_L (Maharashtra),Bhiwandi_Mankoli_HB (Maharashtra) -> Mumbai_Jogeshwri_L (Maharashtra)
IND274301AAB,IND273014AAB,16,4.711711711711712,0.6875,1.0,541.9722222222221,541.9722222222221,173.5,37.0,52.06915000000001,1.0,0.16330330613656568,1,1,0,Kaptanganj_Subshngr_D (Uttar Pradesh),Gorakhpur_Matriprm_IP (Uttar Pradesh),Kaptanganj_Subshngr_D (Uttar Pradesh) -> Gorakhpur_Matriprm_IP (Uttar Pradesh)
IND560048AAB,IND560099AAB,26,1.6352370689655173,0.34615384615384615,0.6923076923076923,541.6513671875,541.6513671875,53.5,32.0,26.8094,0.0,0.16320662832576233,1,0,0,Bengaluru_Hoodi_IP (Karnataka),Bengaluru_Bomsndra_HB (Karnataka),Bengaluru_Hoodi_IP (Karnataka) -> Bengaluru_Bomsndra_HB (Karnataka)
IND283122AAB,IND282005AAA,3,16.708333333333332,0.6666666666666666,1.0,541.2041839997064,1070.8640202702704,401.0,22.0,27.7435,0.0,0.16307188619319332,1,0,0,Kirauli_AchneraRD_D (Uttar Pradesh),Agra (Uttar Pradesh),Kirauli_AchneraRD_D (Uttar Pradesh) -> Agra (Uttar Pradesh)
IND785690AAB,IND785682AAA,16,4.188235294117647,0.625,1.0,534.1157575757576,534.1157575757576,144.5,33.0,46.062200000000004,0.0,0.1609360507705026,1,1,0,Sonari_Central_DPP_1 (Assam),Sivasagar_Babupaty_D (Assam),Sonari_Central_DPP_1 (Assam) -> Sivasagar_Babupaty_D (Assam)
IND524201AAA,IND523002AAA,18,1.1666666666666667,0.16666666666666666,0.3333333333333333,532.4000000000001,532.4000000000001,78.5,70.5,89.7765,1.0,0.1604190706132886,0,0,0,Kavali_Kacheri_D (Andhra Pradesh),Ongole_SubhVRTL_I (Andhra Pradesh),Kavali_Kacheri_D (Andhra Pradesh) -> Ongole_SubhVRTL_I (Andhra Pradesh)
IND411036AAA,IND411033AAA,33,2.310344827586207,0.48484848484848486,1.0,530.2070099255584,530.2070099255584,66.0,29.0,28.4677,0.0,0.1597582940738331,1,0,1,Pune_Mundhawa_L (Maharashtra),Pune_Tathawde_H (Maharashtra),Pune_Mundhawa_L (Maharashtra) -> Pune_Tathawde_H (Maharashtra)
IND000000AFT,IND421302AAG,15,2.5238095238095237,0.5333333333333333,1.0,530.1724489795919,530.1724489795919,53.0,21.0,23.4977,0.0,0.15974788040961171,1,1,0,Mumbai_Sanpada_I (Maharashtra),Bhiwandi_Mankoli_HB (Maharashtra),Mumbai_Sanpada_I (Maharashtra) -> Bhiwandi_Mankoli_HB (Maharashtra)
IND671315AAA,IND575004AAB,2,8.01923076923077,1.0,1.0,524.0790874746099,583.6714285714286,625.5,78.0,80.5539,1.0,0.1579118710378236,1,0,0,Kanhangad_Arangadi_D (Kerala),Mangalore_Kuntikna_H (Karnataka),Kanhangad_Arangadi_D (Kerala) -> Mangalore_Kuntikna_H (Karnataka)
IND000000ACB,IND110064AAA,48,1.6032786885245902,0.3541666666666667,0.8958333333333334,519.6597556168703,519.6597556168703,95.5,58.0,55.7743,0.0,0.15658026865361946,1,0,1,Gurgaon_Bilaspur_HB (Haryana),Delhi_Mayapuri_PC (Delhi),Gurgaon_Bilaspur_HB (Haryana) -> Delhi_Mayapuri_PC (Delhi)
IND796321AAB,IND796009AAA,3,4.046875,1.0,1.0,518.4202286576457,1779.5584960937501,525.0,131.0,185.792,1.0,0.15620678299847499,1,0,0,Champhai_AwmpiVng_D (Mizoram),Aizawl_HunthrVg_I (Mizoram),Champhai_AwmpiVng_D (Mizoram) -> Aizawl_HunthrVg_I (Mizoram)
IND421302AAG,IND400072AAJ,38,2.5954545454545457,0.42105263157894735,1.0,518.0838461538464,518.0838461538464,59.5,23.0,27.46155,0.0,0.1561054265585237,1,0,1,Bhiwandi_Mankoli_HB (Maharashtra),Mumbai_Tejpal_I (Maharashtra),Bhiwandi_Mankoli_HB (Maharashtra) -> Mumbai_Tejpal_I (Maharashtra)
IND205001AAB,IND205135AAA,8,2.0914473684210524,0.375,1.0,516.9875000000001,516.9875000000001,81.5,40.0,43.50965000000001,0.875,0.15577508314930041,1,0,0,Mainpuri_Agraroad_I (Uttar Pradesh),Shikohabad_Katrmira_D (Uttar Pradesh),Mainpuri_Agraroad_I (Uttar Pradesh) -> Shikohabad_Katrmira_D (Uttar Pradesh)
IND713364AAB,IND712311AAA,12,4.424325434871935,0.5,1.0,514.9915687919469,514.9915687919469,655.0,146.0,207.47935,1.0,0.15517368301893986,1,0,0,Rupnarayanpur_Salanpur_D (West Bengal),Kolkata_Dankuni_HB (West Bengal),Rupnarayanpur_Salanpur_D (West Bengal) -> Kolkata_Dankuni_HB (West Bengal)
IND000000ACB,IND501359AAE,29,1.909871244635193,0.13793103448275862,1.0,500.582820952633,500.582820952633,2229.0,1165.0,1562.7023000000002,1.0,0.15083213918519842,1,0,0,Gurgaon_Bilaspur_HB (Haryana),Hyderabad_Shamshbd_H (Telangana),Gurgaon_Bilaspur_HB (Haryana) -> Hyderabad_Shamshbd_H (Telangana)
IND798601AAA,IND785001AAA,5,3.9210526315789473,1.0,1.0,494.5975768799415,1263.6196665907191,298.0,76.0,105.1853,0.0,0.14902870700725915,1,1,0,Mokokchung_Central_D_1 (Nagaland),Jorhat_RicMilRd_D (Assam),Mokokchung_Central_D_1 (Nagaland) -> Jorhat_RicMilRd_D (Assam)
IND000000ACB,IND110037AAK,39,1.8157894736842106,0.2564102564102564,1.0,493.45998326246666,1045.227079796265,69.0,38.0,38.808800000000005,0.0,0.14868593519874876,1,0,1,Gurgaon_Bilaspur_HB (Haryana),Delhi_Kapshera_L (Delhi),Gurgaon_Bilaspur_HB (Haryana) -> Delhi_Kapshera_L (Delhi)
IND781018AAB,IND788026AAC,12,2.7214859437751002,0.16666666666666666,1.0,488.20984377713097,536.9329411764706,679.0,249.0,341.1541,1.0,0.14710399962995147,1,0,0,Guwahati_Hub (Assam),Silchar_Sirikona_H (Assam),Guwahati_Hub (Assam) -> Silchar_Sirikona_H (Assam)
IND462042AAA,IND462022AAA,17,4.9,0.5882352941176471,1.0,487.3321428571429,487.3321428571429,98.0,20.0,19.1454,0.0,0.1468395368841571,1,1,0,Bhopal_Kolar Mandakni (Madhya Pradesh),Bhopal_Trnsport_H (Madhya Pradesh),Bhopal_Kolar Mandakni (Madhya Pradesh) -> Bhopal_Trnsport_H (Madhya Pradesh)
IND712311AAA,IND700026AAC,29,2.5,0.41379310344827586,1.0,486.22426470588255,486.22426470588255,90.0,36.0,33.6401,0.0,0.1465057187335599,1,0,0,Kolkata_Dankuni_HB (West Bengal),CCU_Lake Avenue_DPC (West Bengal),Kolkata_Dankuni_HB (West Bengal) -> CCU_Lake Avenue_DPC (West Bengal)
IND382430AAB,IND382345AAA,34,2.2113970588235294,0.2647058823529412,1.0,483.78697768762675,483.78697768762675,34.0,16.0,20.07595,0.0,0.14577133233557638,1,0,1,Ahmedabad_East_H_1 (Gujarat),Amdavad_East (Gujarat),Ahmedabad_East_H_1 (Gujarat) -> Amdavad_East (Gujarat)
IND481661AAA,IND842003AAB,9,3.5,0.7777777777777778,1.0,476.59520547945203,476.59520547945203,259.0,73.0,104.296,1.0,0.1436043574788937,1,1,0,Mandla_Mharajpr_D (Madhya Pradesh),Jabalpur_Adhartal_IP (Madhya Pradesh),Mandla_Mharajpr_D (Madhya Pradesh) -> Jabalpur_Adhartal_IP (Madhya Pradesh)
IND411014AAA,IND411033AAA,15,2.3666666666666667,0.4,1.0,473.7827317354289,1159.9709677419355,71.0,31.0,31.003,0.0,0.14275692242228122,1,0,0,PNQ Vadgaon Sheri DPC (Maharashtra),Pune_Tathawde_H (Maharashtra),PNQ Vadgaon Sheri DPC (Maharashtra) -> Pune_Tathawde_H (Maharashtra)
IND151506AAA,IND151001AAA,18,1.3705985915492958,0.2777777777777778,0.9444444444444444,472.8891891891893,472.8891891891893,98.0,73.0,81.8471,1.0,0.14248768638768097,1,0,0,Jhunir_BhaRDDPP_D (Punjab),Bhatinda_DPC (Punjab),Jhunir_BhaRDDPP_D (Punjab) -> Bhatinda_DPC (Punjab)
IND466116AAA,IND462022AAA,13,2.3857142857142857,0.23076923076923078,1.0,471.7116438356164,471.7116438356164,174.0,74.0,103.4224,1.0,0.14213287659950447,1,0,0,Ashta_ShantiNg_D (Madhya Pradesh),Bhopal_Trnsport_H (Madhya Pradesh),Ashta_ShantiNg_D (Madhya Pradesh) -> Bhopal_Trnsport_H (Madhya Pradesh)
IND834002AAB,IND827013AAA,17,4.333333333333333,0.47058823529411764,1.0,466.748607004402,466.748607004402,390.0,89.0,123.3016,0.0,0.14063744880858986,1,0,0,Ranchi_Hub (Jharkhand),Bokaro_KSClny_DC (Jharkhand),Ranchi_Hub (Jharkhand) -> Bokaro_KSClny_DC (Jharkhand)
IND147001AAD,IND160002AAC,5,4.193548387096774,0.8,1.0,460.0322580645162,460.0322580645162,130.0,33.0,45.5683,1.0,0.13861372518941062,1,1,0,Patiala_GainMrkt_L (Punjab),Chandigarh_Mehmdpur_H (Punjab),Patiala_GainMrkt_L (Punjab) -> Chandigarh_Mehmdpur_H (Punjab)
IND121004AAB,IND000000ACB,34,1.809090909090909,0.14705882352941177,1.0,458.12668639053254,458.12668639053254,118.5,65.0,75.9811,0.0,0.13803955156633124,1,0,1,FBD_Balabhgarh_DPC (Haryana),Gurgaon_Bilaspur_HB (Haryana),FBD_Balabhgarh_DPC (Haryana) -> Gurgaon_Bilaspur_HB (Haryana)
IND560099AAB,IND560048AAB,34,1.56575682382134,0.3235294117647059,0.7647058823529411,457.116935483871,457.116935483871,48.0,31.0,26.6831,0.0,0.13773530043560703,1,0,1,Bengaluru_Bomsndra_HB (Karnataka),Bengaluru_Hoodi_IP (Karnataka),Bengaluru_Bomsndra_HB (Karnataka) -> Bengaluru_Hoodi_IP (Karnataka)
IND302020AAA,IND302014AAB,19,5.75,0.631578947368421,1.0,455.795061728395,455.795061728395,68.0,11.0,12.4656,0.0,0.13733700261569426,1,1,0,Jaipur_VarunCly_DC (Rajasthan),Jaipur_Central_I_7 (Rajasthan),Jaipur_VarunCly_DC (Rajasthan) -> Jaipur_Central_I_7 (Rajasthan)
IND209304AAA,IND209801AAA,20,2.6818181818181817,0.5,0.85,454.1494949494948,454.1494949494948,122.5,33.0,47.52345,0.0,0.13684117186193154,1,0,0,Kanpur_Central_H_6 (Uttar Pradesh),Unnao_VikasRam_D (Uttar Pradesh),Kanpur_Central_H_6 (Uttar Pradesh) -> Unnao_VikasRam_D (Uttar Pradesh)
IND204101AAA,IND282002AAD,2,7.888719512195122,1.0,1.0,452.7,452.7,319.5,40.5,47.82815000000001,1.0,0.13640442011013473,1,0,0,Hathras (Uttar Pradesh),IND282002AAD,Hathras (Uttar Pradesh) -> IND282002AAD
IND712311AAA,IND712410AAC,9,5.25,0.8888888888888888,1.0,451.68349577647837,451.68349577647837,189.0,38.0,44.0195,1.0,0.13609813411687438,1,1,0,Kolkata_Dankuni_HB (West Bengal),Tarkeshwar_Naraynpr_D (West Bengal),Kolkata_Dankuni_HB (West Bengal) -> Tarkeshwar_Naraynpr_D (West Bengal)
IND147001AAB,IND160002AAC,7,7.090909090909091,0.5714285714285714,1.0,449.74545454545455,449.74545454545455,234.0,33.0,45.262800000000006,1.0,0.1355141769923607,1,1,0,Patiala (Punjab),Chandigarh_Mehmdpur_H (Punjab),Patiala (Punjab) -> Chandigarh_Mehmdpur_H (Punjab)
IND400701AAB,IND421302AAG,26,2.475,0.4230769230769231,1.0,445.47,445.47,49.5,20.0,22.8732,0.0,0.13422592672070185,1,0,0,Mumbai_Pawane_L (Maharashtra),Bhiwandi_Mankoli_HB (Maharashtra),Mumbai_Pawane_L (Maharashtra) -> Bhiwandi_Mankoli_HB (Maharashtra)
IND507303AAA,IND507002AAA,18,2.4685185185185183,0.3333333333333333,1.0,441.2537500000001,441.2537500000001,134.5,55.0,77.75925000000001,1.0,0.1329555155515184,1,0,0,Sathupally_VidyaNGR_D (Telangana),Khammam_NSTRoad_I (Telangana),Sathupally_VidyaNGR_D (Telangana) -> Khammam_NSTRoad_I (Telangana)
IND110030AAD,IND000000ACB,7,3.106382978723404,0.7142857142857143,1.0,439.9145390070922,439.9145390070922,146.0,47.0,45.9485,0.0,0.1325519937956255,1,1,0,Delhi_Kishangarh_DPC (Delhi),Gurgaon_Bilaspur_HB (Haryana),Delhi_Kishangarh_DPC (Delhi) -> Gurgaon_Bilaspur_HB (Haryana)
IND209304AAA,IND209101AAA,16,3.0,0.5625,0.875,438.26875000000007,438.26875000000007,56.0,14.0,20.869100000000003,1.0,0.13205609608160732,1,1,0,Kanpur_Central_H_6 (Uttar Pradesh),Akbarpur_NehruNGR_D (Uttar Pradesh),Kanpur_Central_H_6 (Uttar Pradesh) -> Akbarpur_NehruNGR_D (Uttar Pradesh)
IND000000ACB,IND201301AAM,39,2.6202531645569622,0.2564102564102564,1.0,436.3406250000001,436.3406250000001,212.0,81.0,79.85239999999999,0.0,0.13147512684695997,1,0,1,Gurgaon_Bilaspur_HB (Haryana),Noida_Sector63_L (Uttar Pradesh),Gurgaon_Bilaspur_HB (Haryana) -> Noida_Sector63_L (Uttar Pradesh)
IND851127AAA,IND842001AAA,16,4.333333333333333,0.625,1.0,434.7858506944448,434.7858506944448,416.0,96.0,130.74255,1.0,0.13100665305073417,1,1,0,Manjhaul_Purbari_D (Bihar),Muzaffrpur_Bbganj_I (Bihar),Manjhaul_Purbari_D (Bihar) -> Muzaffrpur_Bbganj_I (Bihar)
IND585314AAA,IND585104AAA,16,4.757309941520468,0.5625,1.0,433.03296703296695,433.03296703296695,177.0,37.5,40.924150000000004,0.0,0.13047848631920245,1,1,0,Aland_RazaviRd_D (Karnataka),Gulbarga_Nehrugnj_I (Karnataka),Aland_RazaviRd_D (Karnataka) -> Gulbarga_Nehrugnj_I (Karnataka)
IND208006AAA,IND209304AAA,3,7.916666666666667,1.0,1.0,428.70000000000005,428.70000000000005,190.0,24.0,30.0545,0.0,0.12917290678421642,1,0,0,Kanpur_GovndNgr_DC (Uttar Pradesh),Kanpur_Central_H_6 (Uttar Pradesh),Kanpur_GovndNgr_DC (Uttar Pradesh) -> Kanpur_Central_H_6 (Uttar Pradesh)
IND281121AAB,IND110037AAM,13,2.15,0.3076923076923077,1.0,428.39448363307343,520.0093637454984,254.0,119.0,153.0465,1.0,0.12908085071426992,1,0,0,Vrindavan_MathuraRD_D (Uttar Pradesh),Delhi_Airport_H (Delhi),Vrindavan_MathuraRD_D (Uttar Pradesh) -> Delhi_Airport_H (Delhi)
IND400072AAB,IND000000AFT,67,2.526315789473684,0.3283582089552239,1.0,427.3875000000001,427.3875000000001,48.0,20.0,22.367,0.0,0.12877743339920528,1,0,1,Mumbai Hub (Maharashtra),Mumbai_Sanpada_I (Maharashtra),Mumbai Hub (Maharashtra) -> Mumbai_Sanpada_I (Maharashtra)
IND786181AAC,IND786001AAB,14,3.2333333333333334,0.5714285714285714,1.0,426.4397435897439,426.4397435897439,194.0,60.0,84.9711,0.0,0.12849186201960142,1,1,0,Margherita_CivilHPL_D (Assam),Dibrugarh_Bokule_H (Assam),Margherita_CivilHPL_D (Assam) -> Dibrugarh_Bokule_H (Assam)
IND401209AAA,IND401104AAA,23,6.7272727272727275,0.6521739130434783,1.0,424.07500000000016,424.07500000000016,142.0,21.0,26.6274,0.0,0.12777933390370094,1,1,0,Mumbai_Virar_DC (Maharashtra),Mumbai_MiraRd_IP (Maharashtra),Mumbai_Virar_DC (Maharashtra) -> Mumbai_MiraRd_IP (Maharashtra)
IND416404AAA,IND416012AAA,6,4.81,0.6666666666666666,1.0,423.9000000000003,423.9000000000003,481.0,100.0,138.3589,1.0,0.12772660411903283,1,1,0,Jath_Shivprsad_D (Maharashtra),Kolhapur_Shivaji_I (Maharashtra),Jath_Shivprsad_D (Maharashtra) -> Kolhapur_Shivaji_I (Maharashtra)
IND395023AAA,IND411033AAA,11,2.689655172413793,0.36363636363636365,1.0,423.2024640979868,491.3474226804126,780.0,291.0,394.827,1.0,0.12751642744525296,1,0,0,Surat_HUB (Gujarat),Pune_Tathawde_H (Maharashtra),Surat_HUB (Gujarat) -> Pune_Tathawde_H (Maharashtra)
IND000000ACB,IND122001AAA,57,1.7352941176470589,0.22807017543859648,0.9298245614035088,422.6665775401071,422.6665775401071,60.0,34.0,35.4405,0.0,0.12735495782923262,1,0,1,Gurgaon_Bilaspur_HB (Haryana),GGN_DPC (Haryana),Gurgaon_Bilaspur_HB (Haryana) -> GGN_DPC (Haryana)
IND401209AAB,IND401104AAA,12,8.142857142857142,0.6666666666666666,1.0,422.145054945055,422.145054945055,171.0,19.5,25.748649999999998,0.0,0.12719781626273735,1,1,0,Mumbai_Vasai_CP (Maharashtra),Mumbai_MiraRd_IP (Maharashtra),Mumbai_Vasai_CP (Maharashtra) -> Mumbai_MiraRd_IP (Maharashtra)
IND370001AAA,IND370110AAA,4,6.419354838709678,1.0,1.0,422.0118319702576,618.1813620071684,188.5,29.0,41.02355,1.0,0.12715767444117212,1,0,0,Bhuj_DC (Gujarat),Anjar_DC (Gujarat),Bhuj_DC (Gujarat) -> Anjar_DC (Gujarat)
IND400015AAA,IND400072AAB,36,2.8455882352941178,0.3888888888888889,1.0,421.94293441514554,421.94293441514554,48.0,17.0,17.990000000000002,0.0,0.1271369147083423,1,0,1,Mumbai_CottonGreen_DPC (Maharashtra),Mumbai Hub (Maharashtra),Mumbai_CottonGreen_DPC (Maharashtra) -> Mumbai Hub (Maharashtra)
IND249407AAA,IND131028AAB,18,2.733867930450066,0.3888888888888889,1.0,421.3554779639975,421.3554779639975,488.0,178.0,194.81115,1.0,0.12695990641022253,1,0,0,Haridwar (Uttarakhand),Sonipat_Kundli_H (Haryana),Haridwar (Uttarakhand) -> Sonipat_Kundli_H (Haryana)
IND506167AAB,IND501359AAE,16,2.2183133322373827,0.3125,1.0,418.17959183673486,418.17959183673486,173.0,79.0,109.03565,1.0,0.12600297045810174,1,0,0,Jangaon_Hanmkond_D (Telangana),Hyderabad_Shamshbd_H (Telangana),Jangaon_Hanmkond_D (Telangana) -> Hyderabad_Shamshbd_H (Telangana)
IND683511AAA,IND68004AAA,13,1.4,0.15384615384615385,0.9230769230769231,417.03999999999996,417.03999999999996,69.0,48.0,53.6268,1.0,0.12565959656004108,1,0,0,Aluva_Peedika_H (Kerala),Thrissur_Poothole_D (Kerala),Aluva_Peedika_H (Kerala) -> Thrissur_Poothole_D (Kerala)
IND535001AAA,IND530012AAA,10,3.5102915951972555,0.7,1.0,416.8802205822724,416.8802205822724,194.0,56.0,71.7734,0.0,0.12561145293552003,1,1,0,Vizianagaram_NcsRd_DC (Andhra Pradesh),Visakhapatnam_Gajuwaka_IP (Andhra Pradesh),Vizianagaram_NcsRd_DC (Andhra Pradesh) -> Visakhapatnam_Gajuwaka_IP (Andhra Pradesh)
IND600056AAB,IND600032AAB,52,2.328877005347594,0.4807692307692308,1.0,414.8232424677187,414.8232424677187,78.0,33.0,36.613200000000006,0.0,0.1249916585752485,1,0,1,MAA_Poonamallee_HB (Tamil Nadu),Chennai_Hub (Tamil Nadu),MAA_Poonamallee_HB (Tamil Nadu) -> Chennai_Hub (Tamil Nadu)
IND712311AAA,IND834002AAB,13,2.347670250896057,0.3076923076923077,1.0,413.31125444839904,413.31125444839904,655.0,281.0,393.7804,1.0,0.12453607684565103,1,0,0,Kolkata_Dankuni_HB (West Bengal),Ranchi_Hub (Jharkhand),Kolkata_Dankuni_HB (West Bengal) -> Ranchi_Hub (Jharkhand)
IND756032AAA,IND712311AAA,9,2.375,0.3333333333333333,1.0,409.49260158395737,629.7179320987655,323.0,137.0,189.0949,1.0,0.12338546688413994,1,0,0,Jaleswar_NaturDPP_D (Orissa),Kolkata_Dankuni_HB (West Bengal),Jaleswar_NaturDPP_D (Orissa) -> Kolkata_Dankuni_HB (West Bengal)
IND207302AAA,IND202001AAB,6,5.019807923169267,0.5,1.0,407.6692840772673,407.6692840772673,249.5,50.0,68.3236,0.0,0.12283607751551455,1,0,0,Jalesar_ChngiDPP_D (Uttar Pradesh),Aligarh_KhirByps_I (Uttar Pradesh),Jalesar_ChngiDPP_D (Uttar Pradesh) -> Aligarh_KhirByps_I (Uttar Pradesh)
IND560048AAB,IND562132AAA,17,1.8936170212765957,0.47058823529411764,0.9411764705882353,403.6315824468086,403.6315824468086,89.0,46.0,36.6371,0.0,0.12161946530106686,1,0,0,Bengaluru_Hoodi_IP (Karnataka),Bangalore_Nelmngla_H (Karnataka),Bengaluru_Hoodi_IP (Karnataka) -> Bangalore_Nelmngla_H (Karnataka)
IND852111AAA,IND854326AAB,17,4.0843373493975905,0.5882352941176471,1.0,402.8437500000002,402.8437500000002,339.0,83.0,117.4359,1.0,0.12138208109949664,1,1,0,Simrahi_Bazar_D (Bihar),Purnia_Central_H_2 (Bihar),Simrahi_Bazar_D (Bihar) -> Purnia_Central_H_2 (Bihar)
IND110085AAB,IND000000ACB,7,2.6984126984126986,0.42857142857142855,1.0,402.51851851851853,402.51851851851853,170.0,64.0,67.5514,0.0,0.121284084608149,1,0,0,Delhi_Rohini_DPC (Delhi),Gurgaon_Bilaspur_HB (Haryana),Delhi_Rohini_DPC (Delhi) -> Gurgaon_Bilaspur_HB (Haryana)
IND832109AAB,IND834002AAB,22,2.505813953488372,0.2727272727272727,1.0,402.0586206896553,402.0586206896553,219.5,87.0,120.09115,1.0,0.12114551138823294,1,0,0,Jamshedpur_Central_I_3 (Jharkhand),Ranchi_Hub (Jharkhand),Jamshedpur_Central_I_3 (Jharkhand) -> Ranchi_Hub (Jharkhand)
IND68004AAA,IND678683AAA,14,2.419590643274854,0.42857142857142855,1.0,400.77947060634045,400.77947060634045,89.5,37.0,32.89785,1.0,0.12076008676851042,1,0,0,Thrissur_Poothole_D (Kerala),Vadakkencherry_Robinson_D (Kerala),Thrissur_Poothole_D (Kerala) -> Vadakkencherry_Robinson_D (Kerala)
IND411014AAA,IND411043AAA,7,5.125,0.8571428571428571,1.0,396.6,396.6,82.0,15.0,15.8151,0.0,0.11950075771080063,1,1,0,PNQ Vadgaon Sheri DPC (Maharashtra),Pune Balaji Nagar (Maharashtra),PNQ Vadgaon Sheri DPC (Maharashtra) -> Pune Balaji Nagar (Maharashtra)
IND421302AAG,IND395023AAA,11,2.263157894736842,0.36363636363636365,1.0,395.7507655502393,395.7507655502393,428.0,189.0,253.549,1.0,0.11924487228412256,1,0,0,Bhiwandi_Mankoli_HB (Maharashtra),Surat_HUB (Gujarat),Bhiwandi_Mankoli_HB (Maharashtra) -> Surat_HUB (Gujarat)
IND764071AAB,IND530012AAA,2,7.483768328771999,1.0,1.0,395.08503985556246,2113.6378716744916,1582.0,212.0,293.55954999999994,0.0,0.11904428044110331,1,0,0,Pappadahandi_Central_DPP_2 (Orissa),Visakhapatnam_Gajuwaka_IP (Andhra Pradesh),Pappadahandi_Central_DPP_2 (Orissa) -> Visakhapatnam_Gajuwaka_IP (Andhra Pradesh)
IND742401AAA,IND742102AAB,12,3.015151515151515,0.5833333333333334,1.0,393.6500000000001,393.6500000000001,199.0,66.0,58.929950000000005,0.0,0.11861188419782318,1,1,0,Ghanashyampur_NditaDPP_D (West Bengal),Berhampore_Central_I_2 (West Bengal),Ghanashyampur_NditaDPP_D (West Bengal) -> Berhampore_Central_I_2 (West Bengal)
IND209304AAA,IND110037AAM,6,2.2923976608187138,0.3333333333333333,1.0,389.930961663418,389.930961663418,784.0,341.5,467.83875,1.0,0.1174912893940484,1,0,0,Kanpur_Central_H_6 (Uttar Pradesh),Delhi_Airport_H (Delhi),Kanpur_Central_H_6 (Uttar Pradesh) -> Delhi_Airport_H (Delhi)
IND382430AAB,IND380054AAA,40,2.235294117647059,0.3,1.0,388.08406072106254,388.08406072106254,37.5,17.0,19.674999999999997,0.0,0.11693479402836947,1,0,1,Ahmedabad_East_H_1 (Gujarat),AMD_Memnagar (Gujarat),Ahmedabad_East_H_1 (Gujarat) -> AMD_Memnagar (Gujarat)
IND712311AAA,IND700053AAA,15,2.8,0.4666666666666667,1.0,388.05000000000007,388.05000000000007,84.0,29.0,29.399,0.0,0.11692453108844224,1,0,0,Kolkata_Dankuni_HB (West Bengal),CCU_New Alipore_DPC (West Bengal),Kolkata_Dankuni_HB (West Bengal) -> CCU_New Alipore_DPC (West Bengal)
IND395006AAA,IND395023AAD,3,9.733333333333333,1.0,1.0,387.6933731888957,795.965,146.0,15.0,14.9404,0.0,0.11681707477440553,1,0,0,Surat_Varachha_DC (Gujarat),Surat_Central_I_4 (Gujarat),Surat_Varachha_DC (Gujarat) -> Surat_Central_I_4 (Gujarat)
IND370615AAB,IND370001AAA,3,6.0625,0.6666666666666666,1.0,387.48007812500003,387.48007812500003,291.0,46.0,50.003800000000005,1.0,0.1167528061870341,1,0,0,Nakhatrana_ClgRDDPP_D (Gujarat),Bhuj_DC (Gujarat),Nakhatrana_ClgRDDPP_D (Gujarat) -> Bhuj_DC (Gujarat)
IND641006AAD,IND641062AAD,5,4.521739130434782,0.6,1.0,386.02962962962965,386.02962962962965,104.0,28.0,26.5995,0.0,0.11631576711941621,1,1,0,Coimbatore_ElngoNgr_C (Tamil Nadu),Coimbatore_Karayam_H (Tamil Nadu),Coimbatore_ElngoNgr_C (Tamil Nadu) -> Coimbatore_Karayam_H (Tamil Nadu)
IND221706AAA,IND273014AAB,11,4.083333333333333,0.8181818181818182,1.0,384.72532833020665,384.72532833020665,338.0,82.0,116.7072,1.0,0.11592276410992498,1,1,0,Ratanpura_MubarDPP_D (Uttar Pradesh),Gorakhpur_Matriprm_IP (Uttar Pradesh),Ratanpura_MubarDPP_D (Uttar Pradesh) -> Gorakhpur_Matriprm_IP (Uttar Pradesh)
IND000000ACB,IND421302AAG,33,1.9273858921161826,0.06060606060606061,1.0,381.2970785071172,820.3423134317563,1858.0,963.0,1322.4025,1.0,0.11488978768158127,1,0,1,Gurgaon_Bilaspur_HB (Haryana),Bhiwandi_Mankoli_HB (Maharashtra),Gurgaon_Bilaspur_HB (Haryana) -> Bhiwandi_Mankoli_HB (Maharashtra)
IND382421AAA,IND382430AAB,15,4.53125,0.5333333333333333,1.0,381.16250000000014,381.16250000000014,145.0,31.0,36.7879,0.0,0.11484923742043131,1,1,0,Gandhinagar_DC (Gujarat),Ahmedabad_East_H_1 (Gujarat),Gandhinagar_DC (Gujarat) -> Ahmedabad_East_H_1 (Gujarat)
IND848210AAA,IND842001AAA,3,4.088235294117647,1.0,1.0,378.20000000000005,378.20000000000005,278.0,69.0,83.91839999999999,1.0,0.11395659749426325,1,0,0,Rusera_Wardno4_D (Bihar),Muzaffrpur_Bbganj_I (Bihar),Rusera_Wardno4_D (Bihar) -> Muzaffrpur_Bbganj_I (Bihar)
IND209304AAA,IND282001AAA,9,2.530054644808743,0.5555555555555556,1.0,378.0932103610675,378.0932103610675,463.0,183.0,259.3381,1.0,0.1139244203818878,1,1,0,Kanpur_Central_H_6 (Uttar Pradesh),Agra_Idgah_P (Uttar Pradesh),Kanpur_Central_H_6 (Uttar Pradesh) -> Agra_Idgah_P (Uttar Pradesh)
IND571124AAA,IND570020AAA,11,4.137931034482759,0.36363636363636365,1.0,373.98748717948723,373.98748717948723,120.0,30.0,38.6996,1.0,0.11268731238604905,1,0,0,Tirumakudalu_Narasipr_D (Karnataka),Mysore_Yadvgiri_IP (Karnataka),Tirumakudalu_Narasipr_D (Karnataka) -> Mysore_Yadvgiri_IP (Karnataka)
IND785112AAC,IND785001AAA,2,15.085526315789474,1.0,1.0,373.6465733590734,373.6465733590734,292.0,19.5,28.3002,0.0,0.11258459060124437,1,0,0,Teok_Wardno3_D (Assam),Jorhat_RicMilRd_D (Assam),Teok_Wardno3_D (Assam) -> Jorhat_RicMilRd_D (Assam)
IND560099AAB,IND560043AAC,37,1.6071428571428572,0.2972972972972973,0.8108108108108109,373.04886381693956,373.04886381693956,49.0,30.0,27.1643,0.0,0.11240449291295398,1,0,1,Bengaluru_Bomsndra_HB (Karnataka),HBR Layout PC (Karnataka),Bengaluru_Bomsndra_HB (Karnataka) -> HBR Layout PC (Karnataka)
IND243301AAB,IND244901AAB,10,1.3430672268907564,0.2,0.8,366.49337318889565,387.5,113.5,85.0,69.70885000000001,1.0,0.11042923800317764,1,0,0,Aonla_KdidmCLY_D (Uttar Pradesh),Rampur_RoshnBgh_I (Uttar Pradesh),Aonla_KdidmCLY_D (Uttar Pradesh) -> Rampur_RoshnBgh_I (Uttar Pradesh)
IND632006AAA,IND632402AAA,8,2.9523809523809526,0.5,1.0,365.392673992674,365.392673992674,62.0,21.5,23.6773,1.0,0.11009758296545663,1,0,0,Vellore_GndhiNgr_IP (Tamil Nadu),Ranipet_MBTRd_DC (Tamil Nadu),Vellore_GndhiNgr_IP (Tamil Nadu) -> Ranipet_MBTRd_DC (Tamil Nadu)
IND712311AAA,IND421302AAG,5,2.3087248322147653,0.4,1.0,364.65699360341205,364.65699360341205,3096.0,1342.0,1884.2165,1.0,0.1098759128596831,1,0,0,Kolkata_Dankuni_HB (West Bengal),Bhiwandi_Mankoli_HB (Maharashtra),Kolkata_Dankuni_HB (West Bengal) -> Bhiwandi_Mankoli_HB (Maharashtra)
IND518002AAA,IND509103AAB,2,7.120689655172414,1.0,1.0,364.0285714285715,364.0285714285715,413.0,58.0,76.32075,1.0,0.10968656105419718,1,0,0,Kurnool_AbbasNgr_I (Andhra Pradesh),Wanaparthy_VallaDPP_D (Telangana),Kurnool_AbbasNgr_I (Andhra Pradesh) -> Wanaparthy_VallaDPP_D (Telangana)
IND000000AEM,IND110037AAB,11,4.421052631578948,0.5454545454545454,1.0,363.8901315789473,363.8901315789473,168.0,39.0,39.8704,0.0,0.10964484732013904,1,1,0,Gurgaon_Bilaspur_RP (Haryana),Del_B_RPC (Delhi),Gurgaon_Bilaspur_RP (Haryana) -> Del_B_RPC (Delhi)
IND712311AAA,IND700065AAA,29,3.3636363636363638,0.3448275862068966,1.0,360.39586776859505,360.39586776859505,74.0,22.0,21.2211,0.0,0.10859198001560418,1,0,0,Kolkata_Dankuni_HB (West Bengal),CCU_Beliaghata_DPC (West Bengal),Kolkata_Dankuni_HB (West Bengal) -> CCU_Beliaghata_DPC (West Bengal)
IND395009AAA,IND395023AAD,16,9.583333333333332,0.8125,1.0,352.9285714285717,352.9285714285717,155.5,17.0,17.523899999999998,0.0,0.10634198614096,1,1,0,Surat_Central_D_12 (Gujarat),Surat_Central_I_4 (Gujarat),Surat_Central_D_12 (Gujarat) -> Surat_Central_I_4 (Gujarat)
IND000000ABG,IND501359AAF,11,7.0,0.8181818181818182,1.0,352.4136479591838,352.4136479591838,191.0,27.0,32.6832,0.0,0.10618683297718055,1,1,0,Hyderabad_Bownplly_C (Telangana),Hyderabad_Shamshbd_P (Telangana),Hyderabad_Bownplly_C (Telangana) -> Hyderabad_Shamshbd_P (Telangana)
IND712311AAA,IND700028AAB,23,3.526315789473684,0.4782608695652174,1.0,351.4611111111112,351.4611111111112,67.0,19.0,18.9277,0.0,0.10589982118925285,1,0,0,Kolkata_Dankuni_HB (West Bengal),CCU_DumDum_DPC (West Bengal),Kolkata_Dankuni_HB (West Bengal) -> CCU_DumDum_DPC (West Bengal)
IND533106AAA,IND533308AAB,14,3.636904761904762,0.7142857142857143,1.0,351.13750000000005,351.13750000000005,102.0,27.5,33.004149999999996,1.0,0.1058023129366522,1,1,0,Rajamundry_AtoNgrRd_I (Andhra Pradesh),Mandapeta_Mainrd_D (Andhra Pradesh),Rajamundry_AtoNgrRd_I (Andhra Pradesh) -> Mandapeta_Mainrd_D (Andhra Pradesh)
IND302026AAA,IND302014AAB,3,11.5,1.0,1.0,350.63851351351354,350.63851351351354,184.0,17.0,22.1193,0.0,0.10565196179388217,1,0,0,Jaipur_Bhankrot_DC (Rajasthan),Jaipur_Central_I_7 (Rajasthan),Jaipur_Bhankrot_DC (Rajasthan) -> Jaipur_Central_I_7 (Rajasthan)
IND560099AAB,IND560058AAB,38,1.6704107830551989,0.42105263157894735,0.8421052631578947,350.4951734539971,350.4951734539971,64.5,36.0,31.6911,0.0,0.10560877156261006,1,0,1,Bengaluru_Bomsndra_HB (Karnataka),Bengaluru_Peenya_IP (Karnataka),Bengaluru_Bomsndra_HB (Karnataka) -> Bengaluru_Peenya_IP (Karnataka)
IND741156AAA,IND742102AAB,13,3.3333333333333335,0.6923076923076923,1.0,348.07427685950427,348.07427685950427,110.0,33.0,45.213800000000006,0.0,0.10487932381328732,1,1,0,Plassey_BtaiRoad_D (West Bengal),Berhampore_Central_I_2 (West Bengal),Plassey_BtaiRoad_D (West Bengal) -> Berhampore_Central_I_2 (West Bengal)
IND400072AAB,IND401104AAA,72,3.092156862745098,0.3888888888888889,1.0,346.09882352941156,346.09882352941156,48.0,16.0,20.53295,0.0,0.10428409393490001,1,0,1,Mumbai Hub (Maharashtra),Mumbai_MiraRd_IP (Maharashtra),Mumbai Hub (Maharashtra) -> Mumbai_MiraRd_IP (Maharashtra)
IND421302AAG,IND400701AAB,22,2.4486215538847116,0.36363636363636365,1.0,345.99789473684217,345.99789473684217,52.0,20.5,22.88125,0.0,0.10425368277204859,1,0,0,Bhiwandi_Mankoli_HB (Maharashtra),Mumbai_Pawane_L (Maharashtra),Bhiwandi_Mankoli_HB (Maharashtra) -> Mumbai_Pawane_L (Maharashtra)
IND271001AAA,IND271201AAA,5,3.5,0.8,1.0,345.84337318889567,2347.0625,128.0,32.0,43.4184,0.0,0.10420712341233539,1,1,0,Gonda_KotwaliN_D (Uttar Pradesh),Balrampur_PBRDDPP_D (Uttar Pradesh),Gonda_KotwaliN_D (Uttar Pradesh) -> Balrampur_PBRDDPP_D (Uttar Pradesh)
IND382430AAB,IND380015AAB,35,2.3333333333333335,0.2571428571428571,1.0,341.05238095238093,341.05238095238093,28.0,12.0,15.379,0.0,0.10276353490388841,1,0,1,Ahmedabad_East_H_1 (Gujarat),AMD_Satellite (Gujarat),Ahmedabad_East_H_1 (Gujarat) -> AMD_Satellite (Gujarat)
IND110020AAB,IND110037AAM,4,3.937747035573123,0.5,1.0,340.3544843000068,489.35101010101016,88.0,23.5,26.3062,0.0,0.1025532495313152,1,0,0,OK_RPC (Delhi),Delhi_Airport_H (Delhi),OK_RPC (Delhi) -> Delhi_Airport_H (Delhi)
IND712311AAA,IND000000ACB,11,1.8842504743833017,0.18181818181818182,1.0,338.99337318889565,598.2490521327018,1986.0,1054.0,1435.1908999999998,1.0,0.1021431289838962,1,0,0,Kolkata_Dankuni_HB (West Bengal),Gurgaon_Bilaspur_HB (Haryana),Kolkata_Dankuni_HB (West Bengal) -> Gurgaon_Bilaspur_HB (Haryana)
IND743395AAA,IND700053AAA,4,3.4545454545454546,1.0,1.0,338.00000000000006,338.00000000000006,190.0,55.0,55.600300000000004,1.0,0.10184381267335002,1,0,0,Jaynagar_MjlprDPP_D (West Bengal),CCU_New Alipore_DPC (West Bengal),Jaynagar_MjlprDPP_D (West Bengal) -> CCU_New Alipore_DPC (West Bengal)
IND271210AAA,IND271001AAA,12,3.0733695652173916,0.4166666666666667,1.0,335.78794642857156,335.78794642857156,144.5,47.0,67.16925,0.0,0.10117729205337375,1,0,0,Tulsipur_Central_DPP_1 (Uttar Pradesh),Gonda_KotwaliN_D (Uttar Pradesh),Tulsipur_Central_DPP_1 (Uttar Pradesh) -> Gonda_KotwaliN_D (Uttar Pradesh)
IND533106AAA,IND501359AAE,8,2.198653198653199,0.25,1.0,335.33011237563466,464.85172235172206,653.0,298.0,419.76765,1.0,0.10103934067608739,1,0,0,Rajamundry_AtoNgrRd_I (Andhra Pradesh),Hyderabad_Shamshbd_H (Telangana),Rajamundry_AtoNgrRd_I (Andhra Pradesh) -> Hyderabad_Shamshbd_H (Telangana)
IND415408AAC,IND416012AAA,9,4.36734693877551,0.4444444444444444,1.0,335.21666666666675,335.21666666666675,214.0,48.0,54.2421,1.0,0.10100515800291367,1,0,0,Shirala_Central_DPP_3 (Maharashtra),Kolhapur_Shivaji_I (Maharashtra),Shirala_Central_DPP_3 (Maharashtra) -> Kolhapur_Shivaji_I (Maharashtra)
IND843126AAA,IND842001AAA,11,2.5,0.45454545454545453,1.0,332.5350398555624,441.35416666666674,45.0,17.0,24.9355,0.0,0.1001971488354286,1,0,0,Saraiya_Wardno4_D (Bihar),Muzaffrpur_Bbganj_I (Bihar),Saraiya_Wardno4_D (Bihar) -> Muzaffrpur_Bbganj_I (Bihar)
IND700053AAA,IND712311AAA,6,7.5264367816091955,0.6666666666666666,1.0,332.3097805642633,332.3097805642633,219.0,29.0,29.081049999999998,0.0,0.10012927527014459,1,1,0,CCU_New Alipore_DPC (West Bengal),Kolkata_Dankuni_HB (West Bengal),CCU_New Alipore_DPC (West Bengal) -> Kolkata_Dankuni_HB (West Bengal)
IND600119AAA,IND600016AAC,10,2.818421052631579,0.4,1.0,330.75238095238103,330.75238095238103,56.0,21.0,21.92385,0.0,0.0996600104348485,1,0,0,Chennai_Sholinganallur_Dc (Tamil Nadu),Chennai_Perungudi_DPC (Tamil Nadu),Chennai_Sholinganallur_Dc (Tamil Nadu) -> Chennai_Perungudi_DPC (Tamil Nadu)
IND485001AAC,IND486001AAA,2,14.061764705882354,1.0,1.0,327.6690488645713,668.3491653418125,489.5,34.5,46.0454,1.0,0.09873096222313067,1,0,0,Satna_Central_I_2 (Madhya Pradesh),Rewa_Dc (Madhya Pradesh),Satna_Central_I_2 (Madhya Pradesh) -> Rewa_Dc (Madhya Pradesh)
IND500008AAD,IND501359AAE,6,3.2164502164502164,0.8333333333333334,1.0,327.5,327.5,69.0,22.0,25.73285,0.0,0.09868002559326072,1,1,0,Hyderabad_Tolichwk_L (Telangana),Hyderabad_Shamshbd_H (Telangana),Hyderabad_Tolichwk_L (Telangana) -> Hyderabad_Shamshbd_H (Telangana)
IND812002AAA,IND813203AAA,18,3.8903162055335967,0.3333333333333333,1.0,324.53529411764714,324.53529411764714,87.5,23.0,32.054950000000005,1.0,0.09778672100594142,1,0,0,Bhagalpur_Pbroad_DC (Bihar),Kahalgaon_NdiaTola_D (Bihar),Bhagalpur_Pbroad_DC (Bihar) -> Kahalgaon_NdiaTola_D (Bihar)
IND000000AAL,IND411033AAA,18,2.6950000000000003,0.4444444444444444,1.0,323.1801754385965,323.1801754385965,74.5,27.0,24.50055,0.0,0.09737840605653494,1,0,0,Pune_PC (Maharashtra),Pune_Tathawde_H (Maharashtra),Pune_PC (Maharashtra) -> Pune_Tathawde_H (Maharashtra)
IND521225AAB,IND521201AAA,21,1.5660377358490567,0.09523809523809523,1.0,322.70000000000005,322.70000000000005,83.0,53.0,52.8921,1.0,0.09723372292807707,1,0,0,Vijayawada_Rynapadu_H (Andhra Pradesh),Nuzvid_Ward17_D (Andhra Pradesh),Vijayawada_Rynapadu_H (Andhra Pradesh) -> Nuzvid_Ward17_D (Andhra Pradesh)
IND331701AAA,IND125001AAA,2,5.484375,1.0,1.0,322.11666666666673,322.11666666666673,351.0,64.0,69.5001,1.0,0.09705795697918322,1,0,0,Sidhmukh_MnbzrDPP_D (Rajasthan),Hisar_ModelTwn_P (Haryana),Sidhmukh_MnbzrDPP_D (Rajasthan) -> Hisar_ModelTwn_P (Haryana)
IND400072AAB,IND421302AAR,21,2.0434782608695654,0.2857142857142857,1.0,321.5972222222223,321.5972222222223,47.0,24.0,28.5577,0.0,0.0969014415865968,1,0,0,Mumbai Hub (Maharashtra),Mumbai_East_I_21 (Maharashtra),Mumbai Hub (Maharashtra) -> Mumbai_East_I_21 (Maharashtra)
IND756100AAC,IND758001AAA,4,2.4504270186335404,0.5,1.0,321.31212318889567,389.1170200892858,277.5,114.5,157.98575,1.0,0.0968155375258173,1,0,0,Bhadrak_Central_I_2 (Orissa),Kendujhar_Sirjudin_D (Orissa),Bhadrak_Central_I_2 (Orissa) -> Kendujhar_Sirjudin_D (Orissa)
IND673027AAB,IND673305AAA,2,8.04849688031764,1.0,1.0,316.8614861032332,316.8614861032332,338.5,42.0,40.3536,0.0,0.09547450246774253,1,0,0,Kozhikode_Feroke_H (Kerala),Koyilandy_Pshrikvu_D (Kerala),Kozhikode_Feroke_H (Kerala) -> Koyilandy_Pshrikvu_D (Kerala)
IND854326AAB,IND852201AAA,6,3.9878048780487805,0.8333333333333334,1.0,316.33333333333354,316.33333333333354,327.0,82.0,113.86779999999999,1.0,0.0953153631430071,1,1,0,Purnia_Central_H_2 (Bihar),Saharsa_Gangjala_D (Bihar),Purnia_Central_H_2 (Bihar) -> Saharsa_Gangjala_D (Bihar)
IND416012AAA,IND415612AAA,10,2.8608247422680413,0.5,1.0,314.72414089347075,314.72414089347075,277.5,97.0,134.23609999999996,1.0,0.09483049245247233,1,0,0,Kolhapur_Shivaji_I (Maharashtra),Ratnagiri_MjgaonRd_D (Maharashtra),Kolhapur_Shivaji_I (Maharashtra) -> Ratnagiri_MjgaonRd_D (Maharashtra)
IND000000ACB,IND110030AAD,28,1.6726844583987441,0.25,0.9285714285714286,310.3674952032095,310.3674952032095,84.0,50.0,49.427800000000005,0.0,0.09351777822891279,1,0,0,Gurgaon_Bilaspur_HB (Haryana),Delhi_Kishangarh_DPC (Delhi),Gurgaon_Bilaspur_HB (Haryana) -> Delhi_Kishangarh_DPC (Delhi)
IND485001AAC,IND485771AAA,3,3.0606060606060606,0.6666666666666666,1.0,309.74962318889567,347.01250000000005,101.0,33.0,43.3326,1.0,0.09333160532452853,1,0,0,Satna_Central_I_2 (Madhya Pradesh),Maihar_MngalDPP_D (Madhya Pradesh),Satna_Central_I_2 (Madhya Pradesh) -> Maihar_MngalDPP_D (Madhya Pradesh)
IND335051AAA,IND335513AAA,10,1.9666224354394202,0.4,0.9,309.67326732673274,309.67326732673274,195.0,99.5,110.3004,0.0,0.09330859830641422,1,0,0,RaisingNgr_BisnolDPP_D (Rajasthan),Hanumangarh_DC (Rajasthan),RaisingNgr_BisnolDPP_D (Rajasthan) -> Hanumangarh_DC (Rajasthan)
IND421302AAG,IND400015AAB,31,2.21875,0.3870967741935484,1.0,308.6414170506913,308.6414170506913,71.0,31.0,42.4891,0.0,0.09299768834718312,1,0,1,Bhiwandi_Mankoli_HB (Maharashtra),Mumbai_CotnGren_M (Maharashtra),Bhiwandi_Mankoli_HB (Maharashtra) -> Mumbai_CotnGren_M (Maharashtra)
IND473226AAA,IND474003AAA,10,1.6711940748995846,0.2,1.0,308.6017065222291,1240.6311507936512,490.5,294.0,248.76915000000002,1.0,0.09298572304652673,1,0,0,Guna_Raghogrh_D (Madhya Pradesh),Gwalior_HrihrNgr_I (Madhya Pradesh),Guna_Raghogrh_D (Madhya Pradesh) -> Gwalior_HrihrNgr_I (Madhya Pradesh)
IND521333AAA,IND521225AAB,14,2.5223880597014925,0.2857142857142857,1.0,308.58507462686566,308.58507462686566,169.0,68.0,94.2752,1.0,0.09298071163932023,1,0,0,Kaikaluru_Atapaka_D (Andhra Pradesh),Vijayawada_Rynapadu_H (Andhra Pradesh),Kaikaluru_Atapaka_D (Andhra Pradesh) -> Vijayawada_Rynapadu_H (Andhra Pradesh)
IND845455AAB,IND842001AAA,17,2.312,0.35294117647058826,1.0,308.40334645669304,308.40334645669304,289.0,125.0,169.8487,1.0,0.09292595456914114,1,0,0,Narktiganj_Central_DPP_2 (Bihar),Muzaffrpur_Bbganj_I (Bihar),Narktiganj_Central_DPP_2 (Bihar) -> Muzaffrpur_Bbganj_I (Bihar)
IND403726AAA,IND411033AAA,14,1.9510694831938356,0.14285714285714285,1.0,307.34049631851644,307.34049631851644,757.0,390.0,510.20285,1.0,0.09260570394673788,1,0,0,Goa_Hub (Goa),Pune_Tathawde_H (Maharashtra),Goa_Hub (Goa) -> Pune_Tathawde_H (Maharashtra)
IND781124AAA,IND781018AAB,6,4.77671370967742,1.0,1.0,306.7870967741936,306.7870967741936,150.5,30.5,32.38275,0.0,0.0924389574392659,1,1,0,Chhaygaon_GwhRDDPP_D (Assam),Guwahati_Hub (Assam),Chhaygaon_GwhRDDPP_D (Assam) -> Guwahati_Hub (Assam)
IND249407AAA,IND246149AAA,18,2.4596491228070176,0.4444444444444444,1.0,306.6427875243666,306.6427875243666,142.5,57.0,74.87025,1.0,0.09239547517830017,1,0,0,Haridwar (Uttarakhand),Kotdwara_Nzbadrd_D (Uttarakhand),Haridwar (Uttarakhand) -> Kotdwara_Nzbadrd_D (Uttarakhand)
IND571114AAA,IND570020AAA,8,4.13499245852187,0.625,1.0,305.44136157959707,305.44136157959707,213.0,52.0,56.6674,1.0,0.09203346985622914,1,1,0,HDKote_BegurRD_D (Karnataka),Mysore_Yadvgiri_IP (Karnataka),HDKote_BegurRD_D (Karnataka) -> Mysore_Yadvgiri_IP (Karnataka)
IND396580AAB,IND396321AAA,8,2.032258064516129,0.25,1.0,303.63024187576434,355.2666666666667,63.0,31.5,42.0994,0.0,0.09148775584484999,1,0,0,Vansda_CikhliRD_D (Gujarat),Bilimora_DC (Gujarat),Vansda_CikhliRD_D (Gujarat) -> Bilimora_DC (Gujarat)
IND396001AAA,IND395023AAD,5,2.4262295081967213,0.4,1.0,303.5790744639412,841.1890710382513,146.0,60.0,78.87710000000001,0.0,0.09147233843566449,1,0,0,Valsad_DC (Gujarat),Surat_Central_I_4 (Gujarat),Valsad_DC (Gujarat) -> Surat_Central_I_4 (Gujarat)
IND395001AAA,IND395023AAD,14,10.142857142857142,0.7857142857142857,1.0,301.497142857143,301.497142857143,139.5,14.0,14.47755,0.0,0.09084502526240566,1,1,0,Surat_Central_D_9 (Gujarat),Surat_Central_I_4 (Gujarat),Surat_Central_D_9 (Gujarat) -> Surat_Central_I_4 (Gujarat)
IND221010AAB,IND232101AAB,1,27.0,1.0,1.0,299.74337318889565,478.12364864864867,567.0,21.0,25.0859,0.0,0.09031659156546724,1,0,0,Varanasi_MahmurGj_IP (Uttar Pradesh),MughalSarai_Central_D_2 (Uttar Pradesh),Varanasi_MahmurGj_IP (Uttar Pradesh) -> MughalSarai_Central_D_2 (Uttar Pradesh)
IND221313AAA,IND221401AAA,1,16.714285714285715,1.0,1.0,299.74337318889565,504.5,585.0,35.0,47.8665,1.0,0.09031659156546724,1,0,0,Varanasi_Central_H_4 (Uttar Pradesh),Bhadohi_Rajpura_D (Uttar Pradesh),Varanasi_Central_H_4 (Uttar Pradesh) -> Bhadohi_Rajpura_D (Uttar Pradesh)
IND271001AAA,IND271210AAA,1,50.72,1.0,1.0,299.74337318889565,2324.38963963964,2536.0,50.0,70.69439999999999,0.0,0.09031659156546724,1,0,0,Gonda_KotwaliN_D (Uttar Pradesh),Tulsipur_Central_DPP_1 (Uttar Pradesh),Gonda_KotwaliN_D (Uttar Pradesh) -> Tulsipur_Central_DPP_1 (Uttar Pradesh)
IND176303AAA,IND176310AAA,10,1.335704291044776,0.1,0.8,299.74337318889565,2360.278416511194,90.0,69.0,45.695350000000005,1.0,0.09031659156546724,1,0,0,Dalhousie_Banikhet_D (Himachal Pradesh),Chamba_Bangotu_D (Himachal Pradesh),Dalhousie_Banikhet_D (Himachal Pradesh) -> Chamba_Bangotu_D (Himachal Pradesh)
IND722140AAA,IND723130AAA,1,19.130434782608695,1.0,1.0,299.74337318889565,1161.3,1320.0,69.0,77.2476,1.0,0.09031659156546724,1,0,0,Khatra_KoralDPP_D (West Bengal),Hura_Central_D_1 (West Bengal),Khatra_KoralDPP_D (West Bengal) -> Hura_Central_D_1 (West Bengal)
IND723130AAA,IND723131AAA,6,1.1008163265306123,0.16666666666666666,0.3333333333333333,299.74337318889565,619.3355555555555,54.5,49.0,33.8794,1.0,0.09031659156546724,0,0,0,Hura_Central_D_1 (West Bengal),Manbazar_Central_DPP_1 (West Bengal),Hura_Central_D_1 (West Bengal) -> Manbazar_Central_DPP_1 (West Bengal)
IND425409AAA,IND424006AAA,1,12.08108108108108,1.0,1.0,299.74337318889565,580.8166666666667,894.0,74.0,94.5602,1.0,0.09031659156546724,1,0,0,Shahada_Nandrbar_D (Maharashtra),Dhule_MIDCAvdn_I (Maharashtra),Shahada_Nandrbar_D (Maharashtra) -> Dhule_MIDCAvdn_I (Maharashtra)
IND425412AAA,IND424006AAA,1,13.835443037974683,1.0,1.0,299.74337318889565,911.3,1093.0,79.0,109.1615,1.0,0.09031659156546724,1,0,0,Nandurbar_DhuleRd_D (Maharashtra),Dhule_MIDCAvdn_I (Maharashtra),Nandurbar_DhuleRd_D (Maharashtra) -> Dhule_MIDCAvdn_I (Maharashtra)
IND152026AAA,IND160002AAC,1,4.5055555555555555,1.0,1.0,299.74337318889565,310.55833333333334,811.0,180.0,243.8385,1.0,0.09031659156546724,1,0,0,Muktsar_DPC (Punjab),Chandigarh_Mehmdpur_H (Punjab),Muktsar_DPC (Punjab) -> Chandigarh_Mehmdpur_H (Punjab)
IND421302AAG,IND562132AAA,30,1.857946273144485,0.03333333333333333,1.0,299.74337318889565,587.213185265439,1321.0,709.0,968.8463,1.0,0.09031659156546724,1,0,1,Bhiwandi_Mankoli_HB (Maharashtra),Bangalore_Nelmngla_H (Karnataka),Bhiwandi_Mankoli_HB (Maharashtra) -> Bangalore_Nelmngla_H (Karnataka)
IND132001AAA,IND132103AAB,3,4.0588235294117645,0.3333333333333333,1.0,299.74337318889565,336.6385617760618,138.0,32.0,37.5003,1.0,0.09031659156546724,1,0,0,Karnal (Haryana),Panipat_PC (Haryana),Karnal (Haryana) -> Panipat_PC (Haryana)
IND321408AAB,IND301001AAB,1,5.758241758241758,1.0,1.0,299.74337318889565,314.70000000000005,524.0,91.0,114.2395,1.0,0.09031659156546724,1,0,0,Weir_BsstdDPP_D (Rajasthan),Alwar_Central_I_1 (Rajasthan),Weir_BsstdDPP_D (Rajasthan) -> Alwar_Central_I_1 (Rajasthan)
IND000000ACB,IND474003AAA,2,4.475174978127734,0.5,1.0,299.74337318889565,925.2289682539683,1134.5,253.0,304.9602,1.0,0.09031659156546724,1,0,0,Gurgaon_Bilaspur_HB (Haryana),Gwalior_HrihrNgr_I (Madhya Pradesh),Gurgaon_Bilaspur_HB (Haryana) -> Gwalior_HrihrNgr_I (Madhya Pradesh)
IND571213AAA,IND570020AAA,1,8.47887323943662,1.0,1.0,299.74337318889565,438.70000000000005,602.0,71.0,85.0601,1.0,0.09031659156546724,1,0,0,Gonikoppal_Thomas_D (Karnataka),Mysore_Yadvgiri_IP (Karnataka),Gonikoppal_Thomas_D (Karnataka) -> Mysore_Yadvgiri_IP (Karnataka)
IND000000ACB,IND600056AAB,14,1.86055900621118,0.07142857142857142,1.0,299.74337318889565,969.2545520380718,2995.5,1610.0,2190.2241,1.0,0.09031659156546724,1,0,0,Gurgaon_Bilaspur_HB (Haryana),MAA_Poonamallee_HB (Tamil Nadu),Gurgaon_Bilaspur_HB (Haryana) -> MAA_Poonamallee_HB (Tamil Nadu)
IND000000ACB,IND562132AAA,66,1.8991700527248199,0.015151515151515152,1.0,299.74337318889565,841.5111776814001,2865.5,1509.0,2064.1822,1.0,0.09031659156546724,1,0,1,Gurgaon_Bilaspur_HB (Haryana),Bangalore_Nelmngla_H (Karnataka),Gurgaon_Bilaspur_HB (Haryana) -> Bangalore_Nelmngla_H (Karnataka)
IND563131AAB,IND560300AAB,5,1.8157894736842106,0.2,1.0,299.74337318889565,301.3132142857143,138.0,76.0,76.7755,0.0,0.09031659156546724,1,0,0,Bangarapet_KolarRd_D (Karnataka),Bangalore_East_I_20 (Karnataka),Bangarapet_KolarRd_D (Karnataka) -> Bangalore_East_I_20 (Karnataka)
IND834002AAB,IND781018AAB,1,2.9806949806949805,1.0,1.0,299.74337318889565,528.9000000000001,2316.0,777.0,1080.3713,1.0,0.09031659156546724,1,0,0,Ranchi_Hub (Jharkhand),Guwahati_Hub (Assam),Ranchi_Hub (Jharkhand) -> Guwahati_Hub (Assam)
IND631501AAA,IND600056AAB,1,48.5,1.0,1.0,299.74337318889565,1505.104954954955,1649.0,34.0,44.9726,0.0,0.09031659156546724,1,0,0,Kanchipuram_DC (Tamil Nadu),MAA_Poonamallee_HB (Tamil Nadu),Kanchipuram_DC (Tamil Nadu) -> MAA_Poonamallee_HB (Tamil Nadu)
IND176061AAA,IND160002AAC,2,3.014421093347086,0.5,1.0,299.74337318889565,369.4749999999999,841.0,278.5,288.7885,1.0,0.09031659156546724,1,0,0,Palampur_Cnsrvila_D (Himachal Pradesh),Chandigarh_Mehmdpur_H (Punjab),Palampur_Cnsrvila_D (Himachal Pradesh) -> Chandigarh_Mehmdpur_H (Punjab)
IND125001AAA,IND335501AAA,1,7.949367088607595,1.0,1.0,299.74337318889565,446.3,628.0,79.0,83.99119999999999,1.0,0.09031659156546724,1,0,0,Hisar_ModelTwn_P (Haryana),Bhadra_GMndiDPP_D (Rajasthan),Hisar_ModelTwn_P (Haryana) -> Bhadra_GMndiDPP_D (Rajasthan)
IND790001AAB,IND784001AAA,1,7.05,1.0,1.0,299.74337318889565,453.85,846.0,120.0,153.8969,0.0,0.09031659156546724,1,0,0,Bomdila_CTRoad_D (Arunachal Pradesh),Tezpur_Mhbhirab_D (Assam),Bomdila_CTRoad_D (Arunachal Pradesh) -> Tezpur_Mhbhirab_D (Assam)
IND781018AAB,IND110037AAM,17,2.5298563869992443,0.058823529411764705,1.0,299.74337318889565,323.65294117647136,3347.0,1323.0,1807.9374,1.0,0.09031659156546724,1,0,0,Guwahati_Hub (Assam),Delhi_Airport_H (Delhi),Guwahati_Hub (Assam) -> Delhi_Airport_H (Delhi)
IND144001AAB,IND160002AAC,1,5.810344827586207,1.0,1.0,299.74337318889565,322.4833333333334,674.0,116.0,162.17829999999998,1.0,0.09031659156546724,1,0,0,Jalandhar_DPC (Punjab),Chandigarh_Mehmdpur_H (Punjab),Jalandhar_DPC (Punjab) -> Chandigarh_Mehmdpur_H (Punjab)
IND518002AAA,IND518206AAA,1,22.56,1.0,1.0,299.74337318889565,1013.0,1128.0,50.0,57.683800000000005,1.0,0.09031659156546724,1,0,0,Kurnool_AbbasNgr_I (Andhra Pradesh),Betamcherla_CmtNgRod_D (Andhra Pradesh),Kurnool_AbbasNgr_I (Andhra Pradesh) -> Betamcherla_CmtNgRod_D (Andhra Pradesh)
IND110037AAM,IND250002AAC,2,8.724184782608695,0.5,0.5,299.74337318889565,1284.4,805.0,94.0,90.25325000000001,1.0,0.09031659156546724,1,0,0,Delhi_Airport_H (Delhi),IND250002AAC,Delhi_Airport_H (Delhi) -> IND250002AAC
IND262405AAA,IND263153AAB,2,7.487804878048781,0.5,1.0,299.74337318889565,360.48243243243246,307.0,41.0,41.5601,1.0,0.09031659156546724,1,0,0,Sitarganj_SidculRd_D (Uttarakhand),Rudrapur_UdhamNgr_H (Uttarakhand),Sitarganj_SidculRd_D (Uttarakhand) -> Rudrapur_UdhamNgr_H (Uttarakhand)
IND251201AAA,IND131028AAB,1,6.303030303030303,1.0,1.0,299.74337318889565,396.3,624.0,99.0,119.8797,1.0,0.09031659156546724,1,0,0,Khatauli_TilakNgr_D (Uttar Pradesh),Sonipat_Kundli_H (Haryana),Khatauli_TilakNgr_D (Uttar Pradesh) -> Sonipat_Kundli_H (Haryana)
IND424201AAA,IND424006AAA,1,10.552238805970148,1.0,1.0,299.74337318889565,443.07500000000005,707.0,67.0,85.721,0.0,0.09031659156546724,1,0,0,Pachora_PcrrdDPP_D (Maharashtra),Dhule_MIDCAvdn_I (Maharashtra),Pachora_PcrrdDPP_D (Maharashtra) -> Dhule_MIDCAvdn_I (Maharashtra)
IND221313AAA,IND222136AAA,1,18.35,1.0,1.0,299.74337318889565,642.0,734.0,40.0,56.2867,1.0,0.09031659156546724,1,0,0,Varanasi_Central_H_4 (Uttar Pradesh),Jalalpur_Mhimapur_D (Uttar Pradesh),Varanasi_Central_H_4 (Uttar Pradesh) -> Jalalpur_Mhimapur_D (Uttar Pradesh)
IND431131AAB,IND431603AAA,1,8.135135135135135,1.0,1.0,299.74337318889565,517.175,903.0,111.0,156.47979999999998,0.0,0.09031659156546724,1,0,0,Majalgaon_SmbjiCwk_D (Maharashtra),Nanded_Aswningr_I (Maharashtra),Majalgaon_SmbjiCwk_D (Maharashtra) -> Nanded_Aswningr_I (Maharashtra)
IND431717AAA,IND431603AAA,2,7.953918722786647,0.5,1.0,299.74337318889565,520.3179165429166,420.5,52.5,75.12604999999999,0.0,0.09031659156546724,1,0,0,Degloor_Busstand_D (Maharashtra),Nanded_Aswningr_I (Maharashtra),Degloor_Busstand_D (Maharashtra) -> Nanded_Aswningr_I (Maharashtra)
IND421302AAG,IND000000ACB,26,1.998452012383901,0.038461538461538464,1.0,299.74337318889565,451.3000000000002,1935.5,968.0,1322.6282500000002,1.0,0.09031659156546724,1,0,0,Bhiwandi_Mankoli_HB (Maharashtra),Gurgaon_Bilaspur_HB (Haryana),Bhiwandi_Mankoli_HB (Maharashtra) -> Gurgaon_Bilaspur_HB (Haryana)
IND413002AAA,IND421302AAG,9,2.442953020134228,0.1111111111111111,1.0,299.74337318889565,374.3868168744008,728.0,297.0,397.4751,1.0,0.09031659156546724,1,0,0,Solapur_Central_I_2 (Maharashtra),Bhiwandi_Mankoli_HB (Maharashtra),Solapur_Central_I_2 (Maharashtra) -> Bhiwandi_Mankoli_HB (Maharashtra)
IND493445AAB,IND490023AAA,1,14.40983606557377,1.0,1.0,299.74337318889565,738.7,879.0,61.0,86.438,1.0,0.09031659156546724,1,0,0,Mahasamund_RajpurRD_D (Chhattisgarh),Durg_Bhilai_DC (Chhattisgarh),Mahasamund_RajpurRD_D (Chhattisgarh) -> Durg_Bhilai_DC (Chhattisgarh)
IND403507AAA,IND403726AAB,3,1.6129032258064515,0.3333333333333333,1.0,299.74337318889565,338.008064516129,50.0,30.0,26.0509,0.0,0.09031659156546724,1,0,0,Panaji Goa (Goa),Goa_ZuariNgr_IP (Goa),Panaji Goa (Goa) -> Goa_ZuariNgr_IP (Goa)
IND757041AAA,IND756019AAA,4,1.5959183673469388,0.25,1.0,299.74337318889565,317.9207881773399,79.0,49.5,44.65875,1.0,0.09031659156546724,1,0,0,Udala_NagplDPP_D (Orissa),Balasore_Ganeshwr_D (Orissa),Udala_NagplDPP_D (Orissa) -> Balasore_Ganeshwr_D (Orissa)
IND501359AAE,IND413002AAA,11,1.9477911646586346,0.2727272727272727,1.0,298.69948544176714,298.69948544176714,485.0,250.0,327.37690000000003,1.0,0.09000205455904546,1,0,0,Hyderabad_Shamshbd_H (Telangana),Solapur_Central_I_2 (Maharashtra),Hyderabad_Shamshbd_H (Telangana) -> Solapur_Central_I_2 (Maharashtra)
IND521225AAB,IND507002AAA,14,1.8008620689655173,0.21428571428571427,1.0,298.5851451905627,298.5851451905627,208.0,115.0,154.21025,1.0,0.08996760234861739,1,0,0,Vijayawada_Rynapadu_H (Andhra Pradesh),Khammam_NSTRoad_I (Telangana),Vijayawada_Rynapadu_H (Andhra Pradesh) -> Khammam_NSTRoad_I (Telangana)
IND305901AAA,IND305624AAA,1,8.933333333333334,1.0,1.0,298.5,298.5,402.0,45.0,49.6392,1.0,0.0899419469911094,1,0,0,Beawar_DC (Rajasthan),Bijainagar_Central_DPP_1 (Rajasthan),Beawar_DC (Rajasthan) -> Bijainagar_Central_DPP_1 (Rajasthan)
IND852139AAB,IND854326AAB,21,3.1710526315789473,0.5714285714285714,1.0,298.3592105263159,298.3592105263159,241.0,75.0,106.6365,1.0,0.08989952528464708,1,1,0,Triveninganj_Central_D_1 (Bihar),Purnia_Central_H_2 (Bihar),Triveninganj_Central_D_1 (Bihar) -> Purnia_Central_H_2 (Bihar)
IND152026AAA,IND000000ACA,19,4.533333333333333,0.47368421052631576,1.0,297.94857667584984,297.94857667584984,548.0,121.0,159.7357,1.0,0.08977579594457546,1,0,0,Muktsar_DPC (Punjab),Ludhiana_MilrGanj_HB (Punjab),Muktsar_DPC (Punjab) -> Ludhiana_MilrGanj_HB (Punjab)
IND421302AAG,IND400072AAA,29,2.4347826086956523,0.41379310344827586,1.0,296.07500000000005,296.07500000000005,56.0,22.0,27.3854,0.0,0.0892112628321364,1,0,0,Bhiwandi_Mankoli_HB (Maharashtra),Mumbai_Tejpal_M (Maharashtra),Bhiwandi_Mankoli_HB (Maharashtra) -> Mumbai_Tejpal_M (Maharashtra)
IND521165AAA,IND521225AAB,3,8.615384615384615,0.6666666666666666,1.0,295.8466666666667,295.8466666666667,224.0,26.0,34.3613,1.0,0.08914246301785508,1,0,0,Vuyyuru_BhogdDPP_D (Andhra Pradesh),Vijayawada_Rynapadu_H (Andhra Pradesh),Vuyyuru_BhogdDPP_D (Andhra Pradesh) -> Vijayawada_Rynapadu_H (Andhra Pradesh)
IND000000ACA,IND160002AAC,71,2.064516129032258,0.19718309859154928,1.0,295.2258064516133,295.2258064516133,131.0,62.0,88.7968,0.9859154929577465,0.0889553897295763,1,0,1,Ludhiana_MilrGanj_HB (Punjab),Chandigarh_Mehmdpur_H (Punjab),Ludhiana_MilrGanj_HB (Punjab) -> Chandigarh_Mehmdpur_H (Punjab)
IND126112AAA,IND131028AAB,16,2.264131455399061,0.25,0.9375,294.7852171979244,294.7852171979244,163.0,72.0,89.5139,1.0,0.08882263443543847,1,0,0,Safidon_HatRDDPP_D (Haryana),Sonipat_Kundli_H (Haryana),Safidon_HatRDDPP_D (Haryana) -> Sonipat_Kundli_H (Haryana)
IND721306AAA,IND721507AAA,13,2.3404255319148937,0.5384615384615384,1.0,294.5363636363637,294.5363636363637,110.0,44.0,50.4425,1.0,0.08874765160849563,1,1,0,Kharagpur_DC (West Bengal),Jhargram_UBamdDPP_D (West Bengal),Kharagpur_DC (West Bengal) -> Jhargram_UBamdDPP_D (West Bengal)
IND742102AAB,IND742121AAB,1,10.243243243243244,1.0,1.0,293.9,293.9,379.0,37.0,41.0415,0.0,0.08855590693697503,1,0,0,Berhampore_Central_I_2 (West Bengal),Nowda_ArhamDPP_D (West Bengal),Berhampore_Central_I_2 (West Bengal) -> Nowda_ArhamDPP_D (West Bengal)
IND821109AAA,IND802213AAB,11,5.125,1.0,1.0,292.9090909090911,292.9090909090911,170.0,32.0,45.2398,1.0,0.08825733309132165,1,1,0,Mohania_Bhabua_D (Bihar),Dinara_Wardno7_D (Bihar),Mohania_Bhabua_D (Bihar) -> Dinara_Wardno7_D (Bihar)
IND700065AAB,IND712310AAA,15,5.416666666666667,0.6666666666666666,1.0,292.4687500000001,292.4687500000001,129.0,22.0,22.3084,0.0,0.08812465262665338,1,1,0,CCU_Beleghta_CP (West Bengal),Kolkata_Dankuni_P (West Bengal),CCU_Beleghta_CP (West Bengal) -> Kolkata_Dankuni_P (West Bengal)
IND581110AAE,IND577002AAA,4,2.763157894736842,0.75,1.0,288.6228367528993,288.6228367528993,156.0,56.5,70.74504999999999,0.0,0.08696582875595607,1,0,0,Haveri_GuttalRD_D (Karnataka),Davangere_Central_I_1 (Karnataka),Haveri_GuttalRD_D (Karnataka) -> Davangere_Central_I_1 (Karnataka)
IND121004AAB,IND110037AAM,37,2.5833333333333335,0.2972972972972973,1.0,287.1609916367981,287.1609916367981,65.0,25.0,28.2936,0.0,0.08652535573772631,1,0,1,FBD_Balabhgarh_DPC (Haryana),Delhi_Airport_H (Delhi),FBD_Balabhgarh_DPC (Haryana) -> Delhi_Airport_H (Delhi)
IND700136AAG,IND712310AAA,23,4.2631578947368425,0.43478260869565216,1.0,286.22873851294906,286.22873851294906,84.0,20.0,23.5903,0.0,0.08624445570071616,1,0,0,Kolkata_Narynpur_C (West Bengal),Kolkata_Dankuni_P (West Bengal),Kolkata_Narynpur_C (West Bengal) -> Kolkata_Dankuni_P (West Bengal)
IND508207AAB,IND507002AAA,5,3.0,0.8,1.0,285.80000000000007,285.80000000000007,195.0,66.0,88.86810000000001,1.0,0.08611527118947762,1,1,0,Miryalguda_Ragvendr_D (Telangana),Khammam_NSTRoad_I (Telangana),Miryalguda_Ragvendr_D (Telangana) -> Khammam_NSTRoad_I (Telangana)
IND503111AAC,IND501359AAE,13,2.233009708737864,0.3076923076923077,1.0,284.66666666666674,284.66666666666674,230.0,103.0,137.8776,1.0,0.08577378306019814,1,0,0,Kamareddy_Devenply_I (Telangana),Hyderabad_Shamshbd_H (Telangana),Kamareddy_Devenply_I (Telangana) -> Hyderabad_Shamshbd_H (Telangana)
IND786181AAC,IND792120AAB,9,5.0625,0.7777777777777778,1.0,283.25390625,283.25390625,162.0,33.0,48.081900000000005,0.0,0.08534809990272084,1,1,0,Margherita_CivilHPL_D (Assam),Changlang_Central_D_1 (Arunachal Pradesh),Margherita_CivilHPL_D (Assam) -> Changlang_Central_D_1 (Arunachal Pradesh)
IND580028AAA,IND421302AAG,2,2.247240618101545,0.5,1.0,283.10000000000014,283.10000000000014,1018.0,453.0,616.7914,1.0,0.08530172594031184,1,0,0,Hubli_Adargchi_IP (Karnataka),Bhiwandi_Mankoli_HB (Maharashtra),Hubli_Adargchi_IP (Karnataka) -> Bhiwandi_Mankoli_HB (Maharashtra)
IND382430AAB,IND380005AAA,36,2.1185897435897436,0.25,1.0,282.8474702380953,282.8474702380953,51.0,23.0,26.6634,0.0,0.08522563542621159,1,0,1,Ahmedabad_East_H_1 (Gujarat),Amd_Chandkheda_Dc (Gujarat),Ahmedabad_East_H_1 (Gujarat) -> Amd_Chandkheda_Dc (Gujarat)
IND846004AAA,IND847103AAA,21,1.7916666666666667,0.14285714285714285,1.0,281.45781250000005,281.45781250000005,43.0,24.0,26.1799,1.0,0.08480691340739903,1,0,0,Darbhanga (Bihar),Benipur_Javahar_D (Bihar),Darbhanga (Bihar) -> Benipur_Javahar_D (Bihar)
IND501359AAE,IND500080AAB,24,1.98,0.25,1.0,281.3,281.3,45.5,23.5,28.73085,0.0,0.08475936244086792,1,0,0,Hyderabad_Shamshbd_H (Telangana),Hyderabad_Chikdply_I (Telangana),Hyderabad_Shamshbd_H (Telangana) -> Hyderabad_Chikdply_I (Telangana)
IND332001AAB,IND333042AAA,14,1.5889689578713968,0.42857142857142855,0.8571428571428571,280.65655487804884,280.65655487804884,67.5,33.0,32.929950000000005,1.0,0.0845654840252893,1,0,0,Sikar_FatehpRd_I (Rajasthan),Nawalgarh_NavldiDPP_D (Rajasthan),Sikar_FatehpRd_I (Rajasthan) -> Nawalgarh_NavldiDPP_D (Rajasthan)
IND110043AAA,IND000000ACB,5,5.05,0.6,1.0,279.7650000000001,279.7650000000001,202.0,38.0,39.2406,0.0,0.08429684690106441,1,1,0,Delhi_Nangli_IP (Delhi),Gurgaon_Bilaspur_HB (Haryana),Delhi_Nangli_IP (Delhi) -> Gurgaon_Bilaspur_HB (Haryana)
IND000000ACN,IND501359AAF,16,2.284313725490196,0.5,1.0,279.4970588235294,279.4970588235294,40.0,18.0,21.381,0.0,0.08421611272655566,1,0,0,Hyderabad_Mhdiptnm_C (Telangana),Hyderabad_Shamshbd_P (Telangana),Hyderabad_Mhdiptnm_C (Telangana) -> Hyderabad_Shamshbd_P (Telangana)
IND854326AAB,IND854311AAA,21,1.7,0.14285714285714285,1.0,278.7482465897781,278.7482465897781,52.0,30.0,43.149,1.0,0.08399048582459803,1,0,0,Purnia_Central_H_2 (Bihar),Araria_Wardn13_D (Bihar),Purnia_Central_H_2 (Bihar) -> Araria_Wardn13_D (Bihar)
IND000000ACK,IND501359AAF,32,3.2739130434782613,0.5,1.0,278.7392857142856,278.7392857142856,71.0,21.0,25.954900000000002,0.0,0.08398778579582569,1,0,1,Hyderabad_Chikdply_C (Telangana),Hyderabad_Shamshbd_P (Telangana),Hyderabad_Chikdply_C (Telangana) -> Hyderabad_Shamshbd_P (Telangana)
IND400705AAA,IND421302AAH,12,3.1075,0.4166666666666667,1.0,277.22701149425296,277.22701149425296,76.0,26.0,27.251800000000003,0.0,0.083532117830217,1,0,0,Mumbai_Sanpada_CP (Maharashtra),Bhiwandi_Mankoli_GW (Maharashtra),Mumbai_Sanpada_CP (Maharashtra) -> Bhiwandi_Mankoli_GW (Maharashtra)
IND000000ACA,IND144514AAA,12,1.8174603174603174,0.4166666666666667,0.8333333333333334,277.1764705882353,277.1764705882353,114.5,63.0,85.45885,1.0,0.0835168891954099,1,0,0,Ludhiana_MilrGanj_HB (Punjab),Nawanshahr_DC (Punjab),Ludhiana_MilrGanj_HB (Punjab) -> Nawanshahr_DC (Punjab)
IND313001AAB,IND327001AAB,8,2.741721854304636,0.5,1.0,276.55150846210455,276.55150846210455,414.0,151.0,212.60215,1.0,0.08332857994777201,1,0,0,Udaipur_Mangri_I (Rajasthan),Banswara_KhandDPP_D (Rajasthan),Udaipur_Mangri_I (Rajasthan) -> Banswara_KhandDPP_D (Rajasthan)
IND110044AAB,IND131028AAB,40,1.6232193732193732,0.375,1.0,274.61162145564674,274.61162145564674,86.0,52.0,43.1777,0.0,0.08274406666702304,1,0,1,Del_Okhla_PC (Delhi),Sonipat_Kundli_H (Haryana),Del_Okhla_PC (Delhi) -> Sonipat_Kundli_H (Haryana)
IND110037AAM,IND781018AAB,1,2.5083459787556905,1.0,1.0,274.60000000000036,274.60000000000036,3306.0,1318.0,1809.2888,1.0,0.08274056497071582,1,0,0,Delhi_Airport_H (Delhi),Guwahati_Hub (Assam),Delhi_Airport_H (Delhi) -> Guwahati_Hub (Assam)
IND560043AAC,IND562132AAA,16,2.0513157894736844,0.3125,1.0,272.8067226890756,272.8067226890756,81.5,40.0,29.3912,0.0,0.08220022710525668,1,0,0,HBR Layout PC (Karnataka),Bangalore_Nelmngla_H (Karnataka),HBR Layout PC (Karnataka) -> Bangalore_Nelmngla_H (Karnataka)
IND110037AAM,IND811399AAA,11,2.1333333333333333,0.36363636363636365,0.7272727272727273,271.3728070175439,271.3728070175439,80.0,36.0,32.1178,1.0,0.08176816959330148,1,0,0,Delhi_Airport_H (Delhi),Noida_Sector02_C (Uttar Pradesh),Delhi_Airport_H (Delhi) -> Noida_Sector02_C (Uttar Pradesh)
IND160002AAC,IND421302AAG,1,2.5359649122807015,1.0,1.0,269.0,269.0,2891.0,1140.0,1584.1409,1.0,0.08105321186133477,1,0,0,Chandigarh_Mehmdpur_H (Punjab),Bhiwandi_Mankoli_HB (Maharashtra),Chandigarh_Mehmdpur_H (Punjab) -> Bhiwandi_Mankoli_HB (Maharashtra)
IND210431AAA,IND209304AAA,5,2.369369369369369,0.4,1.0,268.80444444444436,268.80444444444436,263.0,111.0,125.92,1.0,0.08099428841941984,1,0,0,Rath_Mughlpra_D (Uttar Pradesh),Kanpur_Central_H_6 (Uttar Pradesh),Rath_Mughlpra_D (Uttar Pradesh) -> Kanpur_Central_H_6 (Uttar Pradesh)
IND515004AAA,IND515671AAA,13,1.875,0.15384615384615385,1.0,267.64086021505375,267.64086021505375,60.0,32.0,35.7158,1.0,0.0806436853002254,1,0,0,Anantapur_KamaStrt_I (Andhra Pradesh),Dharmavram_SaiNgr_D (Andhra Pradesh),Anantapur_KamaStrt_I (Andhra Pradesh) -> Dharmavram_SaiNgr_D (Andhra Pradesh)
IND401104AAA,IND421302AAG,14,2.4823717948717947,0.5,1.0,267.36625000000004,267.36625000000004,59.0,24.5,28.064700000000002,0.0,0.08056094165732565,1,0,0,Mumbai_MiraRd_IP (Maharashtra),Bhiwandi_Mankoli_HB (Maharashtra),Mumbai_MiraRd_IP (Maharashtra) -> Bhiwandi_Mankoli_HB (Maharashtra)
IND411033AAA,IND000000AAL,17,2.7037037037037037,0.4117647058823529,1.0,267.2722747038537,267.2722747038537,71.0,26.0,24.6205,0.0,0.0805326256737261,1,0,0,Pune_Tathawde_H (Maharashtra),Pune_PC (Maharashtra),Pune_Tathawde_H (Maharashtra) -> Pune_PC (Maharashtra)
IND852201AAA,IND854326AAB,1,5.6125,1.0,1.0,265.0,265.0,449.0,80.0,109.2664,1.0,0.07984795964034837,1,0,0,Saharsa_Gangjala_D (Bihar),Purnia_Central_H_2 (Bihar),Saharsa_Gangjala_D (Bihar) -> Purnia_Central_H_2 (Bihar)
IND000000ACB,IND302022AAD,20,1.6913702007749207,0.1,1.0,263.4270824555298,263.4270824555298,286.5,168.5,221.44150000000002,1.0,0.07937401904937308,1,0,0,Gurgaon_Bilaspur_HB (Haryana),Jaipur_RIICO_L (Rajasthan),Gurgaon_Bilaspur_HB (Haryana) -> Jaipur_RIICO_L (Rajasthan)
IND282001AAA,IND110037AAM,7,1.7988826815642458,0.2857142857142857,1.0,262.20000000000005,262.20000000000005,322.0,179.0,233.202,0.5714285714285714,0.0790042830856579,1,0,0,Agra_Idgah_P (Uttar Pradesh),Delhi_Airport_H (Delhi),Agra_Idgah_P (Uttar Pradesh) -> Delhi_Airport_H (Delhi)
IND410206AAA,IND000000AFT,13,2.3636363636363638,0.3076923076923077,1.0,261.40142857142854,261.40142857142854,34.0,15.0,18.9412,0.0,0.07876366308868239,1,0,0,Jasai_JNPT_D (Maharashtra),Mumbai_Sanpada_I (Maharashtra),Jasai_JNPT_D (Maharashtra) -> Mumbai_Sanpada_I (Maharashtra)
IND731301AAA,IND713205AAB,19,1.943661971830986,0.15789473684210525,1.0,261.330756302521,261.330756302521,138.0,71.0,76.5807,1.0,0.07874236861141666,1,0,0,Nanoor_Central_DPP_1 (West Bengal),Durgapur_Central_I_1 (West Bengal),Nanoor_Central_DPP_1 (West Bengal) -> Durgapur_Central_I_1 (West Bengal)
IND600008AAC,IND600056AAB,15,2.3513513513513513,0.26666666666666666,1.0,260.7987664473684,260.7987664473684,87.0,37.0,44.1983,0.0,0.07858207312280042,1,0,0,Chennai_Egmore_DPC (Tamil Nadu),MAA_Poonamallee_HB (Tamil Nadu),Chennai_Egmore_DPC (Tamil Nadu) -> MAA_Poonamallee_HB (Tamil Nadu)
IND410206AAB,IND000000AFT,36,2.3033088235294117,0.2777777777777778,1.0,260.0875,260.0875,40.0,17.0,20.45785,0.0,0.07836775925644945,1,0,1,Mumbai_Panvel_D (Maharashtra),Mumbai_Sanpada_I (Maharashtra),Mumbai_Panvel_D (Maharashtra) -> Mumbai_Sanpada_I (Maharashtra)
IND508377AAB,IND501359AAE,12,1.8043478260869565,0.16666666666666666,1.0,259.95000000000005,259.95000000000005,212.0,115.0,155.38175,1.0,0.07832632871135306,1,0,0,Haliya_PeroorRD_D (Telangana),Hyderabad_Shamshbd_H (Telangana),Haliya_PeroorRD_D (Telangana) -> Hyderabad_Shamshbd_H (Telangana)
IND311301AAA,IND305624AAA,6,4.365546218487395,1.0,1.0,258.4026785714285,258.4026785714285,150.5,33.5,46.2675,1.0,0.07786010056426165,1,1,0,Asind_BsStdDPP_D (Rajasthan),Bijainagar_Central_DPP_1 (Rajasthan),Asind_BsStdDPP_D (Rajasthan) -> Bijainagar_Central_DPP_1 (Rajasthan)
IND842001AAA,IND847212AAA,22,2.191780821917808,0.3181818181818182,1.0,258.09195205479466,258.09195205479466,160.0,73.0,98.31475,1.0,0.07776647460818857,1,0,0,Muzaffrpur_Bbganj_I (Bihar),Madhubani_Bardivan_D (Bihar),Muzaffrpur_Bbganj_I (Bihar) -> Madhubani_Bardivan_D (Bihar)
IND560002AAA,IND562132AAA,22,2.268716577540107,0.36363636363636365,0.9545454545454546,257.73823529411766,257.73823529411766,76.0,33.0,26.118949999999998,0.0,0.07765989513033705,1,0,0,Bengaluru_KHRoad_I (Karnataka),Bangalore_Nelmngla_H (Karnataka),Bengaluru_KHRoad_I (Karnataka) -> Bangalore_Nelmngla_H (Karnataka)
IND583119AAA,IND583101AAA,9,4.232558139534884,0.5555555555555556,1.0,253.9046511627907,253.9046511627907,182.0,44.0,53.5761,1.0,0.07650478618318206,1,1,0,Sandur_WrdN1DPP_D (Karnataka),Bellary_Dc (Karnataka),Sandur_WrdN1DPP_D (Karnataka) -> Bellary_Dc (Karnataka)
IND786181AAC,IND792121AAB,11,3.3333333333333335,0.7272727272727273,1.0,253.4060344827587,253.4060344827587,100.0,29.0,42.2057,0.0,0.0763545464679247,1,1,0,Margherita_CivilHPL_D (Assam),Jairampur_Mdiclcly_D (Arunachal Pradesh),Margherita_CivilHPL_D (Assam) -> Jairampur_Mdiclcly_D (Arunachal Pradesh)
IND110037AAM,IND209304AAA,25,2.1167664670658684,0.08,1.0,252.9891199743371,252.9891199743371,707.0,335.0,464.8352,1.0,0.07622892468361554,1,0,0,Delhi_Airport_H (Delhi),Kanpur_Central_H_6 (Uttar Pradesh),Delhi_Airport_H (Delhi) -> Kanpur_Central_H_6 (Uttar Pradesh)
IND160002AAC,IND174001AAA,16,2.043011305241521,0.125,1.0,252.7807553956834,252.7807553956834,285.0,139.0,180.0813,1.0,0.07616614171581623,1,0,0,Chandigarh_Mehmdpur_H (Punjab),BilaspurHP_Indsarea_D (Himachal Pradesh),Chandigarh_Mehmdpur_H (Punjab) -> BilaspurHP_Indsarea_D (Himachal Pradesh)
IND416602AAC,IND411033AAA,7,2.243150684931507,0.42857142857142855,1.0,252.38627283105006,252.38627283105006,655.0,292.0,357.5046,1.0,0.07604727896902505,1,0,0,Kankavali_NrdawDPP_D (Maharashtra),Pune_Tathawde_H (Maharashtra),Kankavali_NrdawDPP_D (Maharashtra) -> Pune_Tathawde_H (Maharashtra)
IND751002AAB,IND760003AAB,12,2.030075187969925,0.25,1.0,251.6758794610962,251.6758794610962,272.0,135.0,181.1402,1.0,0.07583322817229732,1,0,0,Bhubaneshwar_Hub (Orissa),Berhampur_Khajuria_I (Orissa),Bhubaneshwar_Hub (Orissa) -> Berhampur_Khajuria_I (Orissa)
IND600016AAB,IND600044AAC,22,2.124526515151515,0.36363636363636365,1.0,250.72526737967925,250.72526737967925,70.0,33.0,36.6432,0.0,0.07554679634169126,1,0,0,Chennai_Alandur_C (Tamil Nadu),Chennai_Chrompet_PC (Tamil Nadu),Chennai_Alandur_C (Tamil Nadu) -> Chennai_Chrompet_PC (Tamil Nadu)
IND562132AAA,IND462022AAA,13,1.9340446168768186,0.07692307692307693,1.0,248.04258001939843,248.04258001939843,1994.0,1031.0,1393.6625,1.0,0.07473846761689362,1,0,0,Bangalore_Nelmngla_H (Karnataka),Bhopal_Trnsport_H (Madhya Pradesh),Bangalore_Nelmngla_H (Karnataka) -> Bhopal_Trnsport_H (Madhya Pradesh)
IND742121AAA,IND742101AAC,6,3.6818181818181817,0.6666666666666666,1.0,247.89338842975206,247.89338842975206,73.5,22.0,25.135550000000002,0.0,0.07469351424320017,1,1,0,Nowda_AmtlaDPP_D (West Bengal),Baharampur_Chuanpur_I (West Bengal),Nowda_AmtlaDPP_D (West Bengal) -> Baharampur_Chuanpur_I (West Bengal)
IND311302AAA,IND305624AAA,3,7.090909090909091,1.0,1.0,247.45454545454547,247.45454545454547,234.0,33.0,46.4767,1.0,0.07456128512556717,1,0,0,Badnaur_BhmrdDPP_D (Rajasthan),Bijainagar_Central_DPP_1 (Rajasthan),Badnaur_BhmrdDPP_D (Rajasthan) -> Bijainagar_Central_DPP_1 (Rajasthan)
IND246149AAA,IND249407AAA,15,2.689655172413793,0.4,1.0,246.6120689655172,246.6120689655172,155.0,57.0,74.4466,1.0,0.07430743596068463,1,0,0,Kotdwara_Nzbadrd_D (Uttarakhand),Haridwar (Uttarakhand),Kotdwara_Nzbadrd_D (Uttarakhand) -> Haridwar (Uttarakhand)
IND712310AAE,IND712124AAA,30,3.7309941520467835,0.4666666666666667,1.0,246.07692307692318,246.07692307692318,69.0,19.0,19.128600000000002,0.0,0.07414618951798971,1,0,1,Kolkata_North_I_4 (West Bengal),Hooghly_DC (West Bengal),Kolkata_North_I_4 (West Bengal) -> Hooghly_DC (West Bengal)
IND712310AAE,IND711303AAA,18,2.402439024390244,0.4444444444444444,1.0,243.70782159017455,243.70782159017455,97.5,40.0,54.09055,0.0,0.07343234831082822,1,0,0,Kolkata_North_I_4 (West Bengal),Bagnan_Harop_D (West Bengal),Kolkata_North_I_4 (West Bengal) -> Bagnan_Harop_D (West Bengal)
IND110037AAM,IND110085AAB,22,2.0217391304347827,0.2727272727272727,1.0,242.1135627530365,242.1135627530365,47.5,24.0,21.9404,0.0,0.07295197730975626,1,0,0,Delhi_Airport_H (Delhi),Delhi_Rohini_DPC (Delhi),Delhi_Airport_H (Delhi) -> Delhi_Rohini_DPC (Delhi)
IND360530AAB,IND362001AAA,15,2.0,0.2,1.0,241.14071428571432,241.14071428571432,140.0,69.0,79.48219999999999,0.0,0.07265884536577545,1,0,0,Jamjodhpur_Court_D (Gujarat),Junagadh_DPC (Gujarat),Jamjodhpur_Court_D (Gujarat) -> Junagadh_DPC (Gujarat)
IND854326AAB,IND854105AAB,11,2.65,0.45454545454545453,1.0,240.60937500000003,240.60937500000003,53.0,20.0,29.4944,1.0,0.07249874590222434,1,0,0,Purnia_Central_H_2 (Bihar),Katihar_Central_D_2 (Bihar),Purnia_Central_H_2 (Bihar) -> Katihar_Central_D_2 (Bihar)
IND635601AAB,IND635802AAB,10,4.367647058823529,0.6,1.0,240.57500000000013,240.57500000000013,148.5,34.0,41.46655,0.0,0.07248838826595026,1,1,0,Tiruppattur_KoilStrt_D (Tamil Nadu),Ambur_Central_D_2 (Tamil Nadu),Tiruppattur_KoilStrt_D (Tamil Nadu) -> Ambur_Central_D_2 (Tamil Nadu)
IND131028AAB,IND250002AAC,1,5.625,1.0,1.0,239.4,239.4,405.0,72.0,89.7878,1.0,0.07213434542603547,1,0,0,Sonipat_Kundli_H (Haryana),IND250002AAC,Sonipat_Kundli_H (Haryana) -> IND250002AAC
IND712103AAA,IND712310AAE,23,3.6551724137931036,0.34782608695652173,1.0,239.27068965517248,239.27068965517248,106.0,30.0,31.2275,0.0,0.0720953825309605,1,0,0,Hoogly_Bandel_D (West Bengal),Kolkata_North_I_4 (West Bengal),Hoogly_Bandel_D (West Bengal) -> Kolkata_North_I_4 (West Bengal)
IND000000ACT,IND131028AAB,39,1.6481481481481481,0.28205128205128205,0.9487179487179487,238.673359073359,238.673359073359,89.0,56.0,43.3454,0.0,0.07191539902836205,1,0,1,Delhi_Gateway_HB (Delhi),Sonipat_Kundli_H (Haryana),Delhi_Gateway_HB (Delhi) -> Sonipat_Kundli_H (Haryana)
IND834002AAB,IND825102AAA,3,3.3516483516483517,1.0,1.0,238.40000000000006,238.40000000000006,305.0,91.0,121.2826,0.6666666666666666,0.07183303237078889,1,0,0,Ranchi_Hub (Jharkhand),Phusro_RhmgjDPP_D (Jharkhand),Ranchi_Hub (Jharkhand) -> Phusro_RhmgjDPP_D (Jharkhand)
IND302014AAB,IND302026AAA,19,4.705882352941177,0.631578947368421,1.0,238.0587962962962,238.0587962962962,80.0,18.0,19.2342,0.0,0.07173022324036443,1,1,0,Jaipur_Central_I_7 (Rajasthan),Jaipur_Bhankrot_DC (Rajasthan),Jaipur_Central_I_7 (Rajasthan) -> Jaipur_Bhankrot_DC (Rajasthan)
IND530012AAA,IND764001AAC,3,2.8263473053892216,1.0,1.0,237.16249999999997,237.16249999999997,472.0,167.0,231.3367,0.0,0.0714601574649212,1,0,0,Visakhapatnam_Gajuwaka_IP (Andhra Pradesh),Jeypore_Kelasahi_D (Orissa),Visakhapatnam_Gajuwaka_IP (Andhra Pradesh) -> Jeypore_Kelasahi_D (Orissa)
IND530012AAA,IND535001AAA,2,4.96412037037037,1.0,1.0,237.14351851851853,237.14351851851853,248.0,51.0,67.01495,0.0,0.07145443809674293,1,0,0,Visakhapatnam_Gajuwaka_IP (Andhra Pradesh),Vizianagaram_NcsRd_DC (Andhra Pradesh),Visakhapatnam_Gajuwaka_IP (Andhra Pradesh) -> Vizianagaram_NcsRd_DC (Andhra Pradesh)
IND209304AAA,IND208006AAA,14,1.51,0.42857142857142855,0.7142857142857143,237.04733333333337,237.04733333333337,69.5,25.0,30.61215,0.0,0.07142545624472532,1,0,0,Kanpur_Central_H_6 (Uttar Pradesh),Kanpur_GovndNgr_DC (Uttar Pradesh),Kanpur_Central_H_6 (Uttar Pradesh) -> Kanpur_GovndNgr_DC (Uttar Pradesh)
IND591302AAB,IND580028AAA,8,1.944218608852755,0.25,1.0,236.62962962962968,236.62962962962968,158.5,80.5,100.1954,1.0,0.07129959666557455,1,0,0,Khanapur_StatinRD_D (Karnataka),Hubli_Adargchi_IP (Karnataka),Khanapur_StatinRD_D (Karnataka) -> Hubli_Adargchi_IP (Karnataka)
IND207123AAA,IND202001AAB,1,8.098039215686274,1.0,1.0,236.09166666666667,236.09166666666667,413.0,51.0,70.0116,1.0,0.07113750140159465,1,0,0,Kasganj_BnkrGate_D (Uttar Pradesh),Aligarh_KhirByps_I (Uttar Pradesh),Kasganj_BnkrGate_D (Uttar Pradesh) -> Aligarh_KhirByps_I (Uttar Pradesh)
IND521225AAB,IND521301AAA,19,1.7333333333333334,0.21052631578947367,1.0,235.7440740740741,235.7440740740741,78.0,45.0,61.3633,1.0,0.07103276721553949,1,0,0,Vijayawada_Rynapadu_H (Andhra Pradesh),Gudivada_GvrCompx_D (Andhra Pradesh),Vijayawada_Rynapadu_H (Andhra Pradesh) -> Gudivada_GvrCompx_D (Andhra Pradesh)
IND788713AAA,IND788026AAC,1,12.033333333333333,1.0,1.0,234.30833333333334,234.30833333333334,361.0,30.0,43.217,1.0,0.07060015978640488,1,0,0,Karimganj_Alngjuri_D (Assam),Silchar_Sirikona_H (Assam),Karimganj_Alngjuri_D (Assam) -> Silchar_Sirikona_H (Assam)
IND248001AAD,IND131028AAB,9,2.0787037037037037,0.3333333333333333,1.0,233.2691964285715,233.2691964285715,449.0,212.0,245.4964,0.4444444444444444,0.0702870542708116,1,0,0,Dehradun_Nirjanpur_L (Uttarakhand),Sonipat_Kundli_H (Haryana),Dehradun_Nirjanpur_L (Uttarakhand) -> Sonipat_Kundli_H (Haryana)
IND843109AAB,IND843126AAA,10,1.0692640692640691,0.1,0.3,233.06918536009445,233.06918536009445,46.5,43.0,45.5129,0.0,0.07022678832468564,0,0,0,Kanti_Central_DPP_2 (Bihar),Saraiya_Wardno4_D (Bihar),Kanti_Central_DPP_2 (Bihar) -> Saraiya_Wardno4_D (Bihar)
IND713205AAB,IND722143AAB,9,3.72,0.5555555555555556,1.0,232.91907692307694,232.91907692307694,93.0,25.0,32.4446,1.0,0.07018155869290961,1,1,0,Durgapur_Central_I_1 (West Bengal),Mejia_Central_D_1 (West Bengal),Durgapur_Central_I_1 (West Bengal) -> Mejia_Central_D_1 (West Bengal)
IND530012AAA,IND764020AAC,1,4.2631578947368425,1.0,1.0,232.46666666666664,232.46666666666664,648.0,152.0,211.1522,0.0,0.07004524157632572,1,0,0,Visakhapatnam_Gajuwaka_IP (Andhra Pradesh),Koraput_GhtimDPP_D (Orissa),Visakhapatnam_Gajuwaka_IP (Andhra Pradesh) -> Koraput_GhtimDPP_D (Orissa)
IND624601AAA,IND624001AAA,2,4.385077186963979,1.0,1.0,224.60000000000002,224.60000000000002,236.5,54.0,56.6268,1.0,0.06767491220838584,1,0,0,Palani_RjndraRd_D (Tamil Nadu),Dindigul_Central_D_1 (Tamil Nadu),Palani_RjndraRd_D (Tamil Nadu) -> Dindigul_Central_D_1 (Tamil Nadu)
IND403601AAA,IND403726AAB,4,1.7833333333333332,0.25,1.0,224.40375,224.40375,23.0,14.0,15.2855,0.0,0.06761577952129369,1,0,0,Goa_Margao_Dc (Goa),Goa_ZuariNgr_IP (Goa),Goa_Margao_Dc (Goa) -> Goa_ZuariNgr_IP (Goa)
IND263401AAA,IND263153AAB,15,1.868421052631579,0.4,1.0,224.3519230769231,224.3519230769231,71.0,38.0,39.9042,1.0,0.06760016339275735,1,0,0,Kashipur_BajprDPP_D (Uttarakhand),Rudrapur_UdhamNgr_H (Uttarakhand),Kashipur_BajprDPP_D (Uttarakhand) -> Rudrapur_UdhamNgr_H (Uttarakhand)
IND160002AAC,IND144001AAB,13,2.1621621621621623,0.15384615384615385,1.0,223.1669884169885,223.1669884169885,243.0,112.0,158.5797,1.0,0.06724312711010487,1,0,0,Chandigarh_Mehmdpur_H (Punjab),Jalandhar_DPC (Punjab),Chandigarh_Mehmdpur_H (Punjab) -> Jalandhar_DPC (Punjab)
IND411033AAA,IND431603AAA,15,2.2639751552795033,0.2,1.0,221.84553571428546,221.84553571428546,729.0,322.0,446.9457,1.0,0.06684495615888955,1,0,0,Pune_Tathawde_H (Maharashtra),Nanded_Aswningr_I (Maharashtra),Pune_Tathawde_H (Maharashtra) -> Nanded_Aswningr_I (Maharashtra)
IND641062AAD,IND642126AAA,17,1.4794520547945205,0.23529411764705882,0.9411764705882353,221.83803720118186,221.83803720118186,107.0,72.0,71.4911,0.0,0.0668426967589965,1,0,0,Coimbatore_Karayam_H (Tamil Nadu),Udumalpet_Artclgrd_D (Tamil Nadu),Coimbatore_Karayam_H (Tamil Nadu) -> Udumalpet_Artclgrd_D (Tamil Nadu)
IND131028AAB,IND244235AAA,21,1.7603305785123966,0.19047619047619047,1.0,221.69173553718997,221.69173553718997,213.0,121.0,153.4476,1.0,0.06679861415763143,1,0,0,Sonipat_Kundli_H (Haryana),Gajraula_JawaharN_D (Uttar Pradesh),Sonipat_Kundli_H (Haryana) -> Gajraula_JawaharN_D (Uttar Pradesh)
IND122004AAA,IND122413AAE,43,1.7647058823529411,0.2558139534883721,1.0,220.8924324324326,220.8924324324326,60.0,34.0,35.7912,0.0,0.0665577736970689,1,0,1,Gurgaon_Begumpur_CP (Haryana),Gurgaon_Bilaspur_P (Haryana),Gurgaon_Begumpur_CP (Haryana) -> Gurgaon_Bilaspur_P (Haryana)
IND683511AAA,IND686028AAB,7,1.9873417721518987,0.14285714285714285,1.0,220.5538502109705,220.5538502109705,157.0,79.0,80.2878,1.0,0.06645575445346796,1,0,0,Aluva_Peedika_H (Kerala),Kottayam_Central_H_1 (Kerala),Aluva_Peedika_H (Kerala) -> Kottayam_Central_H_1 (Kerala)
IND209304AAA,IND208019AAA,18,4.80625,0.5555555555555556,1.0,220.42968750000006,220.42968750000006,78.5,16.0,16.2845,0.0,0.06641834260767777,1,1,0,Kanpur_Central_H_6 (Uttar Pradesh),Kanpur_Rawatpur_D (Uttar Pradesh),Kanpur_Central_H_6 (Uttar Pradesh) -> Kanpur_Rawatpur_D (Uttar Pradesh)
IND125001AAA,IND335523AAB,4,3.147557328015952,1.0,1.0,219.97268907563029,219.97268907563029,372.5,118.0,127.0227,1.0,0.06628064301618804,1,0,0,Hisar_ModelTwn_P (Haryana),Nohar_Central_DPP_2 (Rajasthan),Hisar_ModelTwn_P (Haryana) -> Nohar_Central_DPP_2 (Rajasthan)
IND147101AAA,IND160002AAC,1,7.017241379310345,1.0,1.0,217.82500000000002,217.82500000000002,407.0,58.0,76.0523,1.0,0.06563351625909013,1,0,0,Samana_PODPP_D (Punjab),Chandigarh_Mehmdpur_H (Punjab),Samana_PODPP_D (Punjab) -> Chandigarh_Mehmdpur_H (Punjab)
IND641011AAA,IND641062AAD,9,4.105263157894737,0.7777777777777778,1.0,217.50714285714295,217.50714285714295,150.0,34.0,35.4555,0.0,0.06553774175224392,1,1,0,Cjb_West_Dc (Tamil Nadu),Coimbatore_Karayam_H (Tamil Nadu),Cjb_West_Dc (Tamil Nadu) -> Coimbatore_Karayam_H (Tamil Nadu)
IND570020AAA,IND571602AAA,14,2.6372549019607847,0.5,1.0,216.1057773109243,216.1057773109243,91.5,32.5,40.865700000000004,1.0,0.06511549201799546,1,0,0,Mysore_Yadvgiri_IP (Karnataka),Krishnarajngr_JublieRD_D (Karnataka),Mysore_Yadvgiri_IP (Karnataka) -> Krishnarajngr_JublieRD_D (Karnataka)
IND485771AAA,IND486771AAA,1,5.285714285714286,1.0,1.0,214.3916666666667,214.3916666666667,481.0,91.0,124.0555,1.0,0.0645990081027435,1,0,0,Maihar_MngalDPP_D (Madhya Pradesh),Churhat_Central_DPP_1 (Madhya Pradesh),Maihar_MngalDPP_D (Madhya Pradesh) -> Churhat_Central_DPP_1 (Madhya Pradesh)
IND500050AAA,IND501218AAC,5,5.566666666666666,0.8,1.0,212.74875000000003,212.74875000000003,167.0,30.0,33.2229,0.0,0.0641039758623946,1,1,0,Patancheru_Ameenpur_I (Telangana),Shamshabad_Lngrguda_D (Telangana),Patancheru_Ameenpur_I (Telangana) -> Shamshabad_Lngrguda_D (Telangana)
IND563101AAB,IND560300AAB,1,6.163636363636364,1.0,1.0,212.5,212.5,339.0,55.0,63.8641,0.0,0.06402902423990199,1,0,0,Kolar_Ambedkar_D (Karnataka),Bangalore_East_I_20 (Karnataka),Kolar_Ambedkar_D (Karnataka) -> Bangalore_East_I_20 (Karnataka)
IND742102AAB,IND712311AAA,4,2.59375,0.5,1.0,211.52708333333334,211.52708333333334,415.0,160.0,218.87335000000002,1.0,0.06373587174656832,1,0,0,Berhampore_Central_I_2 (West Bengal),Kolkata_Dankuni_HB (West Bengal),Berhampore_Central_I_2 (West Bengal) -> Kolkata_Dankuni_HB (West Bengal)
IND211002AAB,IND211011AAA,13,4.625,0.6153846153846154,1.0,209.23333333333332,209.23333333333332,33.0,7.0,10.3753,0.0,0.06304473492609644,1,1,0,Allahabad_Central_H_1 (Uttar Pradesh),Allahabad_Central_D_5 (Uttar Pradesh),Allahabad_Central_H_1 (Uttar Pradesh) -> Allahabad_Central_D_5 (Uttar Pradesh)
IND788806AAA,IND788026AAC,9,3.75,0.6666666666666666,1.0,208.40625000000006,208.40625000000006,63.0,16.0,23.4921,1.0,0.06279552391998626,1,1,0,Badarpur_Konapara_D (Assam),Silchar_Sirikona_H (Assam),Badarpur_Konapara_D (Assam) -> Silchar_Sirikona_H (Assam)
IND201301AAM,IND000000ACB,27,2.987012987012987,0.25925925925925924,1.0,207.96923076923076,207.96923076923076,230.0,77.0,79.97489999999999,0.0,0.06266384432036165,1,0,0,Noida_Sector63_L (Uttar Pradesh),Gurgaon_Bilaspur_HB (Haryana),Noida_Sector63_L (Uttar Pradesh) -> Gurgaon_Bilaspur_HB (Haryana)
IND132001AAA,IND131028AAB,2,3.664473684210526,0.5,1.0,207.6357142857143,207.6357142857143,278.5,76.0,95.79400000000001,1.0,0.0625633514497382,1,0,0,Karnal (Haryana),Sonipat_Kundli_H (Haryana),Karnal (Haryana) -> Sonipat_Kundli_H (Haryana)
IND700026AAC,IND712311AAA,4,5.344771241830065,0.75,1.0,206.3965073529412,206.3965073529412,186.5,36.0,33.95815,0.0,0.06218996222274156,1,0,0,CCU_Lake Avenue_DPC (West Bengal),Kolkata_Dankuni_HB (West Bengal),CCU_Lake Avenue_DPC (West Bengal) -> Kolkata_Dankuni_HB (West Bengal)
IND110037AAM,IND421302AAG,18,1.9914744232698096,0.1111111111111111,1.0,206.19582915412957,206.19582915412957,1985.5,997.0,1367.7746,1.0,0.06212949526153625,1,0,0,Delhi_Airport_H (Delhi),Bhiwandi_Mankoli_HB (Maharashtra),Delhi_Airport_H (Delhi) -> Bhiwandi_Mankoli_HB (Maharashtra)
IND742121AAA,IND742102AAB,12,3.840909090909091,0.9166666666666666,1.0,205.60000000000008,205.60000000000008,84.5,22.0,25.36215,0.0,0.06194996415870049,1,1,0,Nowda_AmtlaDPP_D (West Bengal),Berhampore_Central_I_2 (West Bengal),Nowda_AmtlaDPP_D (West Bengal) -> Berhampore_Central_I_2 (West Bengal)
IND121102AAA,IND121004AAB,12,3.992857142857143,0.5,1.0,205.188125,205.188125,115.0,29.0,40.2281,0.0,0.06182586084407078,1,0,0,Palwal (Haryana),FBD_Balabhgarh_DPC (Haryana),Palwal (Haryana) -> FBD_Balabhgarh_DPC (Haryana)
IND143001AAA,IND144001AAB,19,2.272727272727273,0.3684210526315789,1.0,205.1034512510786,205.1034512510786,140.0,63.0,85.8845,1.0,0.0618003475380841,1,0,0,Amritsar_DPC (Punjab),Jalandhar_DPC (Punjab),Amritsar_DPC (Punjab) -> Jalandhar_DPC (Punjab)
IND110037AAM,IND110020AAB,9,3.4615384615384617,0.4444444444444444,1.0,205.0667878787879,205.0667878787879,90.0,25.0,26.3706,0.0,0.06178930038536354,1,0,0,Delhi_Airport_H (Delhi),OK_RPC (Delhi),Delhi_Airport_H (Delhi) -> OK_RPC (Delhi)
IND670645AAB,IND673592AAA,6,2.598752598752599,0.5,1.0,204.98374598374602,204.98374598374602,99.0,37.0,36.1424,0.0,0.061764278778254994,1,0,0,Mananthavady_Central_D_1 (Kerala),SultnBthry_Kollgpra_D (Kerala),Mananthavady_Central_D_1 (Kerala) -> SultnBthry_Kollgpra_D (Kerala)
IND560078AAC,IND560099AAB,20,3.54,0.5,1.0,204.75115789473688,204.75115789473688,77.5,22.0,21.52265,0.0,0.06169419695054168,1,0,0,BLR_JPNagar_Pc (Karnataka),Bengaluru_Bomsndra_HB (Karnataka),BLR_JPNagar_Pc (Karnataka) -> Bengaluru_Bomsndra_HB (Karnataka)
IND482002AAA,IND842003AAB,3,13.0,1.0,1.0,203.6911196911197,203.6911196911197,117.0,8.0,10.4909,0.0,0.061374793600731684,1,0,0,Jabalpur (Madhya Pradesh),Jabalpur_Adhartal_IP (Madhya Pradesh),Jabalpur (Madhya Pradesh) -> Jabalpur_Adhartal_IP (Madhya Pradesh)
IND211011AAA,IND212501AAA,13,3.9523809523809526,0.6923076923076923,1.0,202.64285714285708,202.64285714285708,83.0,21.0,30.4269,0.0,0.06105893840961408,1,1,0,Allahabad_Central_D_5 (Uttar Pradesh),Soraon_BypassRD_D (Uttar Pradesh),Allahabad_Central_D_5 (Uttar Pradesh) -> Soraon_BypassRD_D (Uttar Pradesh)
IND121002AAA,IND121004AAB,1,19.083333333333332,1.0,1.0,201.4,201.4,229.0,12.0,11.2338,0.0,0.06068444932666476,1,0,0,Faridabad_Old (Haryana),FBD_Balabhgarh_DPC (Haryana),Faridabad_Old (Haryana) -> FBD_Balabhgarh_DPC (Haryana)
IND131028AAB,IND132103AAA,2,5.326923076923077,1.0,1.0,199.83186813186816,199.83186813186816,256.0,46.0,59.6565,1.0,0.06021195072244841,1,0,0,Sonipat_Kundli_H (Haryana),Panipat (Haryana),Sonipat_Kundli_H (Haryana) -> Panipat (Haryana)
IND262122AAB,IND244901AAB,4,2.730702681918677,1.0,1.0,199.32855201486555,199.32855201486555,278.5,102.5,143.9487,0.0,0.0600602950054795,1,0,0,Puranpur_MdothdRD_D (Uttar Pradesh),Rampur_RoshnBgh_I (Uttar Pradesh),Puranpur_MdothdRD_D (Uttar Pradesh) -> Rampur_RoshnBgh_I (Uttar Pradesh)
IND431112AAB,IND431136AAC,11,3.272727272727273,0.6363636363636364,1.0,199.0750000000002,199.0750000000002,180.0,56.0,75.4698,0.0,0.059983896473216475,1,1,0,Sillod_ZebaTWR_D (Maharashtra),Aurangabad_Central_H_1 (Maharashtra),Sillod_ZebaTWR_D (Maharashtra) -> Aurangabad_Central_H_1 (Maharashtra)
IND712311AAA,IND713205AAB,12,2.119047619047619,0.16666666666666666,1.0,197.9084862385322,197.9084862385322,223.5,105.0,148.64210000000003,1.0,0.05963241064776136,1,0,0,Kolkata_Dankuni_HB (West Bengal),Durgapur_Central_I_1 (West Bengal),Kolkata_Dankuni_HB (West Bengal) -> Durgapur_Central_I_1 (West Bengal)
IND518002AAA,IND509124AAA,3,1.6,0.3333333333333333,1.0,197.88,197.88,72.0,47.0,61.3278,1.0,0.059623827372196736,1,0,0,Kurnool_AbbasNgr_I (Andhra Pradesh),JoguGadwal_ColctrOf_D (Telangana),Kurnool_AbbasNgr_I (Andhra Pradesh) -> JoguGadwal_ColctrOf_D (Telangana)
IND562132AAA,IND560002AAA,25,2.8461538461538463,0.56,0.96,197.19556213017756,197.19556213017756,75.0,27.0,24.5336,0.0,0.05941759730651407,1,1,0,Bangalore_Nelmngla_H (Karnataka),Bengaluru_KHRoad_I (Karnataka),Bangalore_Nelmngla_H (Karnataka) -> Bengaluru_KHRoad_I (Karnataka)
IND160002AAC,IND140901AAA,21,1.446808510638298,0.19047619047619047,1.0,196.81276595744683,196.81276595744683,68.0,47.0,57.0374,0.0,0.059302255822171863,1,0,0,Chandigarh_Mehmdpur_H (Punjab),Chandigarh_Mullanpr_DC (Chandigarh),Chandigarh_Mehmdpur_H (Punjab) -> Chandigarh_Mullanpr_DC (Chandigarh)
IND560058AAB,IND560099AAB,22,1.7378378378378379,0.18181818181818182,0.8636363636363636,196.49932432432433,196.49932432432433,64.0,37.0,37.79055,0.0,0.05920781176605425,1,0,0,Bengaluru_Peenya_IP (Karnataka),Bengaluru_Bomsndra_HB (Karnataka),Bengaluru_Peenya_IP (Karnataka) -> Bengaluru_Bomsndra_HB (Karnataka)
IND712124AAA,IND712310AAE,3,4.818181818181818,1.0,1.0,195.8,195.8,106.0,19.0,19.0162,0.0,0.058997096217283815,1,0,0,Hooghly_DC (West Bengal),Kolkata_North_I_4 (West Bengal),Hooghly_DC (West Bengal) -> Kolkata_North_I_4 (West Bengal)
IND244901AAB,IND243503AAB,1,5.3076923076923075,1.0,1.0,195.5,195.5,345.0,65.0,93.314,1.0,0.05890670230070984,1,0,0,Rampur_RoshnBgh_I (Uttar Pradesh),Faridpur_ShjnprRD_D (Uttar Pradesh),Rampur_RoshnBgh_I (Uttar Pradesh) -> Faridpur_ShjnprRD_D (Uttar Pradesh)
IND410401AAA,IND421302AAG,9,2.4776119402985075,0.1111111111111111,1.0,195.28358208955223,195.28358208955223,166.0,67.0,84.9857,1.0,0.058841492758902735,1,0,0,Lonavala_NngrgnRd_D (Maharashtra),Bhiwandi_Mankoli_HB (Maharashtra),Lonavala_NngrgnRd_D (Maharashtra) -> Bhiwandi_Mankoli_HB (Maharashtra)
IND786001AAB,IND786171AAA,13,3.1666666666666665,0.6153846153846154,1.0,195.02884615384608,195.02884615384608,155.0,50.0,71.246,0.0,0.05876473749583401,1,1,0,Dibrugarh_Bokule_H (Assam),Digboi_JyotiNgr_D (Assam),Dibrugarh_Bokule_H (Assam) -> Digboi_JyotiNgr_D (Assam)
IND722154AAA,IND712311AAA,1,5.162790697674419,1.0,1.0,194.06666666666666,194.06666666666666,444.0,86.0,93.142,1.0,0.05847482025485638,1,0,0,MirzapurWB_VidyaDPP_D (West Bengal),Kolkata_Dankuni_HB (West Bengal),MirzapurWB_VidyaDPP_D (West Bengal) -> Kolkata_Dankuni_HB (West Bengal)
IND560060AAB,IND562132AAA,19,1.7333333333333334,0.21052631578947367,0.9473684210526315,194.02793650793652,194.02793650793652,52.0,30.0,24.756400000000003,0.0,0.058463150352399205,1,0,0,Bengaluru_Kengeri_IP (Karnataka),Bangalore_Nelmngla_H (Karnataka),Bengaluru_Kengeri_IP (Karnataka) -> Bangalore_Nelmngla_H (Karnataka)
IND132103AAB,IND131028AAB,6,3.2981601731601726,0.5,1.0,193.56428571428577,193.56428571428577,141.0,44.0,58.072900000000004,1.0,0.05832344631519679,1,0,0,Panipat_PC (Haryana),Sonipat_Kundli_H (Haryana),Panipat_PC (Haryana) -> Sonipat_Kundli_H (Haryana)
IND273014AAB,IND273155AAA,5,2.3125,0.6,1.0,193.51445312500002,193.51445312500002,74.0,32.0,46.0674,0.0,0.05830843110546825,1,1,0,Gorakhpur_Matriprm_IP (Uttar Pradesh),Anandnagar_LohiaDPP_D (Uttar Pradesh),Gorakhpur_Matriprm_IP (Uttar Pradesh) -> Anandnagar_LohiaDPP_D (Uttar Pradesh)
IND804420AAA,IND803101AAA,11,2.8421052631578947,0.45454545454545453,1.0,192.67105263157902,192.67105263157902,108.0,39.0,55.2679,1.0,0.058054303525999086,1,0,0,Jehanabad_Madarpur_D (Bihar),BiharSarif_Soghra_D (Bihar),Jehanabad_Madarpur_D (Bihar) -> BiharSarif_Soghra_D (Bihar)
IND505184AAC,IND505001AAB,9,2.0833333333333335,0.4444444444444444,1.0,192.24278688524603,192.24278688524603,125.0,62.0,68.68660000000001,1.0,0.05792526146551403,1,0,0,Manthani_Chaitnya_D (Telangana),Karimnagar_KamnHbRD_I (Telangana),Manthani_Chaitnya_D (Telangana) -> Karimnagar_KamnHbRD_I (Telangana)
IND209304AAA,IND212601AAA,16,2.2164179104477615,0.25,0.9375,192.0906057945566,192.0906057945566,159.0,68.0,96.66810000000001,1.0,0.057879407316127646,1,0,0,Kanpur_Central_H_6 (Uttar Pradesh),Fatehpur_Kotwali_D (Uttar Pradesh),Kanpur_Central_H_6 (Uttar Pradesh) -> Fatehpur_Kotwali_D (Uttar Pradesh)
IND600044AAE,IND600056AAB,29,2.0285714285714285,0.3448275862068966,1.0,190.90180776014128,190.90180776014128,71.0,35.0,36.2905,0.0,0.057521206948306806,1,0,0,Chennai_Chrompet_L (Tamil Nadu),MAA_Poonamallee_HB (Tamil Nadu),Chennai_Chrompet_L (Tamil Nadu) -> MAA_Poonamallee_HB (Tamil Nadu)
IND441912AAA,IND441107AAB,11,2.7027027027027026,0.45454545454545453,1.0,190.2930743243245,190.2930743243245,200.0,75.0,103.6758,0.0,0.05733778761693009,1,0,0,Bhandara_KaremDPP_D (Maharashtra),Savner_Wagodha_D (Maharashtra),Bhandara_KaremDPP_D (Maharashtra) -> Savner_Wagodha_D (Maharashtra)
IND643212AAA,IND641062AAD,3,3.2882882882882885,1.0,1.0,186.9625225225227,186.9625225225227,365.0,110.0,138.55110000000002,0.0,0.05633424887787214,1,0,0,Gudalur_kalmpuza_D (Tamil Nadu),Coimbatore_Karayam_H (Tamil Nadu),Gudalur_kalmpuza_D (Tamil Nadu) -> Coimbatore_Karayam_H (Tamil Nadu)
IND843320AAA,IND847223AAA,8,2.425,0.5,1.0,183.95000000000002,183.95000000000002,48.5,20.0,23.4075,1.0,0.05542653651261163,1,0,0,Pupri_SngihiRD_D (Bihar),Benipatti_WardNo1_D (Bihar),Pupri_SngihiRD_D (Bihar) -> Benipatti_WardNo1_D (Bihar)
IND700088AAA,IND712311AAA,9,3.5172413793103448,0.6666666666666666,1.0,183.77500000000003,183.77500000000003,101.0,29.0,29.6182,0.0,0.05537380672794349,1,1,0,Kolkata_TrtllaRD_L (West Bengal),Kolkata_Dankuni_HB (West Bengal),Kolkata_TrtllaRD_L (West Bengal) -> Kolkata_Dankuni_HB (West Bengal)
IND302014AAB,IND303901AAA,10,3.1176470588235294,0.5,1.0,182.80519480519482,182.80519480519482,55.0,19.5,23.92825,0.0,0.05508159176170271,1,0,0,Jaipur_Central_I_7 (Rajasthan),Chaksu_TonkRoad_D (Rajasthan),Jaipur_Central_I_7 (Rajasthan) -> Chaksu_TonkRoad_D (Rajasthan)
IND342005AAD,IND342902AAA,5,2.202127659574468,0.2,1.0,182.5398936170213,182.5398936170213,207.0,94.0,102.7041,1.0,0.05500165305013359,1,0,0,Jodhpur_Basni_I (Rajasthan),Gotan_DKLogDPP_D (Rajasthan),Jodhpur_Basni_I (Rajasthan) -> Gotan_DKLogDPP_D (Rajasthan)
IND560099AAB,IND560085AAA,17,2.0833333333333335,0.47058823529411764,1.0,181.89358288770057,181.89358288770057,50.0,21.0,18.449,0.0,0.05480691118964331,1,0,0,Bengaluru_Bomsndra_HB (Karnataka),Bengaluru_Banshkri_DC (Karnataka),Bengaluru_Bomsndra_HB (Karnataka) -> Bengaluru_Banshkri_DC (Karnataka)
IND523201AAA,IND523002AAA,2,6.242456896551724,1.0,1.0,181.58802083333336,181.58802083333336,192.0,30.5,37.216300000000004,1.0,0.05471484135347449,1,0,0,Addanki_Oilmilrd_D (Andhra Pradesh),Ongole_SubhVRTL_I (Andhra Pradesh),Addanki_Oilmilrd_D (Andhra Pradesh) -> Ongole_SubhVRTL_I (Andhra Pradesh)
IND263153AAB,IND244715AAA,16,1.704209065679926,0.125,1.0,181.5554435483871,181.5554435483871,158.5,93.0,80.26915,1.0,0.05470502539221571,1,0,0,Rudrapur_UdhamNgr_H (Uttarakhand),Ramnagar_BhwniGnj_D (Uttarakhand),Rudrapur_UdhamNgr_H (Uttarakhand) -> Ramnagar_BhwniGnj_D (Uttarakhand)
IND842001AAA,IND846004AAA,22,2.1900000000000004,0.22727272727272727,1.0,181.19387755102048,181.19387755102048,109.0,50.0,68.32205,1.0,0.05459608083687588,1,0,0,Muzaffrpur_Bbganj_I (Bihar),Darbhanga (Bihar),Muzaffrpur_Bbganj_I (Bihar) -> Darbhanga (Bihar)
IND465683AAA,IND465001AAA,13,1.4492753623188406,0.23076923076923078,0.9230769230769231,180.95370370370372,180.95370370370372,100.0,68.0,55.097,1.0,0.05452371332115054,1,0,0,Pachore_Shop3DPP_D (Madhya Pradesh),Shajapur_MhpraRD_D (Madhya Pradesh),Pachore_Shop3DPP_D (Madhya Pradesh) -> Shajapur_MhpraRD_D (Madhya Pradesh)
IND562132AAA,IND560085AAA,18,1.95,0.3888888888888889,1.0,180.3,180.3,55.5,30.0,30.412599999999998,0.0,0.054326743860961556,1,0,0,Bangalore_Nelmngla_H (Karnataka),Bengaluru_Banshkri_DC (Karnataka),Bangalore_Nelmngla_H (Karnataka) -> Bengaluru_Banshkri_DC (Karnataka)
IND421302AAG,IND382430AAB,18,2.068408979190562,0.05555555555555555,1.0,180.20556370033717,180.20556370033717,740.5,358.0,492.76715,1.0,0.05429828897098396,1,0,0,Bhiwandi_Mankoli_HB (Maharashtra),Ahmedabad_East_H_1 (Gujarat),Bhiwandi_Mankoli_HB (Maharashtra) -> Ahmedabad_East_H_1 (Gujarat)
IND000000ACB,IND110085AAB,24,1.622366110623354,0.20833333333333334,0.9166666666666666,179.5690408252854,179.5690408252854,109.5,67.0,65.32855,0.0,0.054106496318767766,1,0,0,Gurgaon_Bilaspur_HB (Haryana),Delhi_Rohini_DPC (Delhi),Gurgaon_Bilaspur_HB (Haryana) -> Delhi_Rohini_DPC (Delhi)
IND602001AAA,IND600116AAB,3,3.6666666666666665,1.0,1.0,179.29425287356318,179.29425287356318,110.0,29.0,37.2719,0.0,0.05402369912148938,1,0,0,Chennai_Thiruvlr_DC (Tamil Nadu),Chennai_Porur_DPC (Tamil Nadu),Chennai_Thiruvlr_DC (Tamil Nadu) -> Chennai_Porur_DPC (Tamil Nadu)
IND121001AAA,IND121004AAB,27,1.9,0.37037037037037035,0.9629629629629629,178.81141975308645,178.81141975308645,21.0,11.0,12.0389,0.0,0.053878215198784295,1,0,0,Faridabad (Haryana),FBD_Balabhgarh_DPC (Haryana),Faridabad (Haryana) -> FBD_Balabhgarh_DPC (Haryana)
IND131028AAB,IND136118AAA,17,1.9893617021276595,0.11764705882352941,1.0,178.28922872340436,178.28922872340436,187.0,95.0,128.69639999999998,1.0,0.053720872224208426,1,0,0,Sonipat_Kundli_H (Haryana),Kurukshetra_DC (Haryana),Sonipat_Kundli_H (Haryana) -> Kurukshetra_DC (Haryana)
IND121004AAB,IND121102AAA,41,1.9310344827586208,0.2682926829268293,1.0,177.76041666666666,177.76041666666666,58.0,28.0,39.8523,0.0,0.053561534247741543,1,0,1,FBD_Balabhgarh_DPC (Haryana),Palwal (Haryana),FBD_Balabhgarh_DPC (Haryana) -> Palwal (Haryana)
IND205001AAB,IND110037AAM,1,3.3189655172413794,1.0,1.0,177.75,177.75,770.0,232.0,285.3218,1.0,0.053558395570082726,1,0,0,Mainpuri_Agraroad_I (Uttar Pradesh),Delhi_Airport_H (Delhi),Mainpuri_Agraroad_I (Uttar Pradesh) -> Delhi_Airport_H (Delhi)
IND110037AAM,IND125001AAA,1,4.015037593984962,1.0,1.0,176.73333333333335,176.73333333333335,534.0,133.0,164.5073,1.0,0.05325206063058203,1,0,0,Delhi_Airport_H (Delhi),Hisar_ModelTwn_P (Haryana),Delhi_Airport_H (Delhi) -> Hisar_ModelTwn_P (Haryana)
IND733129AAA,IND732103AAB,4,4.174418604651163,0.75,1.0,176.68125000000003,176.68125000000003,179.5,43.0,60.44715000000001,0.0,0.05323636724228794,1,0,0,Kaliyaganj_FatprDPP_D (West Bengal),Malda_Central_I_3 (West Bengal),Kaliyaganj_FatprDPP_D (West Bengal) -> Malda_Central_I_3 (West Bengal)
IND695101AAB,IND695012AAA,1,10.73076923076923,1.0,1.0,175.69166666666666,175.69166666666666,279.0,26.0,28.1568,0.0,0.052938192864700154,1,0,0,Attingal_Central_D_2 (Kerala),Trivandrum_Mnanthla_H (Kerala),Attingal_Central_D_2 (Kerala) -> Trivandrum_Mnanthla_H (Kerala)
IND742101AAC,IND712311AAA,7,2.919254658385093,0.5714285714285714,1.0,174.58333333333343,174.58333333333343,453.0,160.0,218.2368,1.0,0.05260423756180187,1,1,0,Baharampur_Chuanpur_I (West Bengal),Kolkata_Dankuni_HB (West Bengal),Baharampur_Chuanpur_I (West Bengal) -> Kolkata_Dankuni_HB (West Bengal)
IND712311AAA,IND742101AAC,8,2.9466398799010953,0.375,1.0,174.53160747765122,174.53160747765122,443.0,152.5,211.84115,1.0,0.05258865188619102,1,0,0,Kolkata_Dankuni_HB (West Bengal),Baharampur_Chuanpur_I (West Bengal),Kolkata_Dankuni_HB (West Bengal) -> Baharampur_Chuanpur_I (West Bengal)
IND184121AAA,IND160002AAC,5,1.8226415094339623,0.2,1.0,174.134213836478,174.134213836478,484.0,266.0,340.6044,1.0,0.05246891199403354,1,0,0,Samba_Wardno13_D (Jammu & Kashmir),Chandigarh_Mehmdpur_H (Punjab),Samba_Wardno13_D (Jammu & Kashmir) -> Chandigarh_Mehmdpur_H (Punjab)
IND421502AAA,IND421302AAR,17,3.2941176470588234,0.5294117647058824,1.0,173.64062500000006,173.64062500000006,56.0,17.0,19.28,0.0,0.05232018723367876,1,1,0,Mumbai_Ambernath_Dc (Maharashtra),Mumbai_East_I_21 (Maharashtra),Mumbai_Ambernath_Dc (Maharashtra) -> Mumbai_East_I_21 (Maharashtra)
IND248001AAA,IND131028AAB,12,2.0512809312687006,0.16666666666666666,1.0,172.83268661137458,172.83268661137458,439.0,214.0,246.48104999999998,1.0,0.05207674484935101,1,0,0,Dehradun (Uttarakhand),Sonipat_Kundli_H (Haryana),Dehradun (Uttarakhand) -> Sonipat_Kundli_H (Haryana)
IND110037AAM,IND282001AAA,4,2.0405405405405403,0.25,1.0,172.48619691119694,172.48619691119694,302.0,149.0,202.20735000000002,1.0,0.051972342979179,1,0,0,Delhi_Airport_H (Delhi),Agra_Idgah_P (Uttar Pradesh),Delhi_Airport_H (Delhi) -> Agra_Idgah_P (Uttar Pradesh)
IND793001AAA,IND781018AAB,1,4.610526315789474,1.0,1.0,171.9666666666667,171.9666666666667,438.0,95.0,123.7875,1.0,0.05181580173390659,1,0,0,Shillong (Meghalaya),Guwahati_Hub (Assam),Shillong (Meghalaya) -> Guwahati_Hub (Assam)
IND335523AAB,IND125001AAA,1,3.7542372881355934,1.0,1.0,171.60000000000002,171.60000000000002,443.0,118.0,126.4042,1.0,0.051705320280316165,1,0,0,Nohar_Central_DPP_2 (Rajasthan),Hisar_ModelTwn_P (Haryana),Nohar_Central_DPP_2 (Rajasthan) -> Hisar_ModelTwn_P (Haryana)
IND444005AAB,IND000000AAZ,1,5.2,1.0,1.0,171.50000000000003,171.50000000000003,390.0,75.0,103.1567,1.0,0.0516751889747915,1,0,0,Akola_Gaurkshn_I (Maharashtra),Buldhana_Thsil3PL_D (Maharashtra),Akola_Gaurkshn_I (Maharashtra) -> Buldhana_Thsil3PL_D (Maharashtra)
IND712311AAA,IND742102AAB,3,3.2337662337662336,1.0,1.0,171.2439935064936,171.2439935064936,498.0,153.0,211.7647,1.0,0.05159805087607011,1,0,0,Kolkata_Dankuni_HB (West Bengal),Berhampore_Central_I_2 (West Bengal),Kolkata_Dankuni_HB (West Bengal) -> Berhampore_Central_I_2 (West Bengal)
IND842001AAA,IND843301AAA,6,3.717853839037928,0.8333333333333334,1.0,171.0500000000001,171.0500000000001,173.0,46.5,63.251599999999996,1.0,0.051539598099930556,1,1,0,Muzaffrpur_Bbganj_I (Bihar),Sitamari_Durma_D (Bihar),Muzaffrpur_Bbganj_I (Bihar) -> Sitamari_Durma_D (Bihar)
IND501359AAG,IND000000ACN,11,2.75,0.45454545454545453,1.0,170.23092105263154,170.23092105263154,55.0,19.0,25.3848,0.0,0.05129279891981076,1,0,0,Hyderabad_South_R_11 (Telangana),Hyderabad_Mhdiptnm_C (Telangana),Hyderabad_South_R_11 (Telangana) -> Hyderabad_Mhdiptnm_C (Telangana)
IND126116AAA,IND131301AAA,5,2.819672131147541,1.0,1.0,170.10000000000008,170.10000000000008,172.0,61.0,83.2686,1.0,0.05125335069744628,1,1,0,IND126116AAA,Gohana_DvlalDPP_D (Haryana),IND126116AAA -> Gohana_DvlalDPP_D (Haryana)
IND302014AAB,IND302004AAA,26,2.3658088235294117,0.46153846153846156,0.9230769230769231,169.86654411764715,169.86654411764715,39.0,16.0,18.7925,0.0,0.05118300739226923,1,0,0,Jaipur_Central_I_7 (Rajasthan),Jaipur_NgrNigam_DC (Rajasthan),Jaipur_Central_I_7 (Rajasthan) -> Jaipur_NgrNigam_DC (Rajasthan)
IND400011AAA,IND400072AAD,53,2.7222222222222223,0.32075471698113206,1.0,169.7329059829061,169.7329059829061,48.0,18.0,19.63,0.0,0.05114274047759294,1,0,1,LowerParel_CP (Maharashtra),Mumbai_Chndivli_PC (Maharashtra),LowerParel_CP (Maharashtra) -> Mumbai_Chndivli_PC (Maharashtra)
IND712602AAA,IND712311AAA,1,5.206896551724138,1.0,1.0,168.60000000000002,168.60000000000002,302.0,58.0,61.4109,1.0,0.05080138111457637,1,0,0,Arambag_BalibDPP_D (West Bengal),Kolkata_Dankuni_HB (West Bengal),Arambag_BalibDPP_D (West Bengal) -> Kolkata_Dankuni_HB (West Bengal)
IND562132AAA,IND560048AAB,18,2.12530487804878,0.5,0.9444444444444444,165.75390625,165.75390625,85.5,39.0,35.12895,0.0,0.049943815911245616,1,0,0,Bangalore_Nelmngla_H (Karnataka),Bengaluru_Hoodi_IP (Karnataka),Bangalore_Nelmngla_H (Karnataka) -> Bengaluru_Hoodi_IP (Karnataka)
IND151001AAA,IND160002AAC,21,1.5345911949685536,0.09523809523809523,1.0,165.73843749999997,165.73843749999997,244.0,159.0,203.2861,1.0,0.04993915497492226,1,0,0,Bhatinda_DPC (Punjab),Chandigarh_Mehmdpur_H (Punjab),Bhatinda_DPC (Punjab) -> Chandigarh_Mehmdpur_H (Punjab)
IND673027AAB,IND673104AAA,1,5.523076923076923,1.0,1.0,165.60833333333332,165.60833333333332,359.0,65.0,61.9803,0.0,0.04989995289096362,1,0,0,Kozhikode_Feroke_H (Kerala),Vadakara_Mandodi_D (Kerala),Kozhikode_Feroke_H (Kerala) -> Vadakara_Mandodi_D (Kerala)
IND181201AAB,IND181152AAB,8,5.08307453416149,0.75,1.0,165.32447552447576,165.32447552447576,122.0,24.0,31.752499999999998,0.0,0.04981442282732114,1,1,0,Akhnoor_ThthiCwk_D (Jammu & Kashmir),Jammu_Central_I_1 (Jammu & Kashmir),Akhnoor_ThthiCwk_D (Jammu & Kashmir) -> Jammu_Central_I_1 (Jammu & Kashmir)
IND507117AAB,IND507303AAA,18,1.9780855539971949,0.2222222222222222,1.0,164.62892526949008,164.62892526949008,183.0,93.0,123.4079,1.0,0.04960484445491385,1,0,0,Manuguru_AskNagar_D (Telangana),Sathupally_VidyaNGR_D (Telangana),Manuguru_AskNagar_D (Telangana) -> Sathupally_VidyaNGR_D (Telangana)
IND532001AAB,IND532127AAA,21,1.9333333333333333,0.42857142857142855,1.0,163.07728070175446,163.07728070175446,58.0,30.0,34.429199999999994,1.0,0.04913731368955265,1,0,0,Srikakulam_Kuslpram_I (Andhra Pradesh),Rajam_SamathBv_D (Andhra Pradesh),Srikakulam_Kuslpram_I (Andhra Pradesh) -> Rajam_SamathBv_D (Andhra Pradesh)
IND302014AAB,IND302006AAC,22,2.333333333333333,0.3181818181818182,1.0,162.94765625000002,162.94765625000002,43.0,19.0,19.79025,0.0,0.04909825614995986,1,0,0,Jaipur_Central_I_7 (Rajasthan),Jaipur_Central_D_10 (Rajasthan),Jaipur_Central_I_7 (Rajasthan) -> Jaipur_Central_D_10 (Rajasthan)
IND560300AAA,IND560043AAC,33,1.1875,0.30303030303030304,0.48484848484848486,161.93865740740745,161.93865740740745,38.0,31.0,29.5349,0.0,0.04879423162595801,0,0,1,Bengaluru_KGAirprt_HB (Karnataka),HBR Layout PC (Karnataka),Bengaluru_KGAirprt_HB (Karnataka) -> HBR Layout PC (Karnataka)
IND533106AAA,IND533242AAA,4,3.056027306027306,1.0,1.0,161.89423701298705,161.89423701298705,237.0,76.5,94.4863,1.0,0.04878084718119994,1,0,0,Rajamundry_AtoNgrRd_I (Andhra Pradesh),Razole_Shanthi_D (Andhra Pradesh),Rajamundry_AtoNgrRd_I (Andhra Pradesh) -> Razole_Shanthi_D (Andhra Pradesh)
IND743347AAA,IND700053AAA,6,3.6583638583638582,0.8333333333333334,1.0,161.74426807760153,161.74426807760153,234.0,63.5,83.87065,0.0,0.04873565958308685,1,1,0,Kakdwip_KlngrDPP_D (West Bengal),CCU_New Alipore_DPC (West Bengal),Kakdwip_KlngrDPP_D (West Bengal) -> CCU_New Alipore_DPC (West Bengal)
IND110043AAA,IND110078AAA,33,1.7,0.3939393939393939,0.9393939393939394,161.2983333333334,161.2983333333334,36.0,21.0,18.4287,0.0,0.0486012936228508,1,0,1,Delhi_Nangli_IP (Delhi),Janakpuri (Delhi),Delhi_Nangli_IP (Delhi) -> Janakpuri (Delhi)
IND577598AAB,IND573142AAA,17,1.896551724137931,0.29411764705882354,1.0,161.1250000000001,161.1250000000001,110.0,56.0,66.35810000000001,1.0,0.04854906602660808,1,0,0,Madikeri_MuthpTmp_D (Karnataka),Ramanathapura_Central_D_2 (Karnataka),Madikeri_MuthpTmp_D (Karnataka) -> Ramanathapura_Central_D_2 (Karnataka)
IND563116AAA,IND563131AAB,14,1.9166666666666665,0.35714285714285715,1.0,159.9305555555556,159.9305555555556,32.5,18.0,17.99505,0.0,0.04818916432173018,1,0,0,Bethamangala_FshryOFC_D (Karnataka),Bangarapet_KolarRd_D (Karnataka),Bethamangala_FshryOFC_D (Karnataka) -> Bangarapet_KolarRd_D (Karnataka)
IND110037AAM,IND202001AAB,26,1.7954382826475848,0.07692307692307693,1.0,159.5097674418605,159.5097674418605,232.5,129.0,152.92115,1.0,0.04806237536958125,1,0,0,Delhi_Airport_H (Delhi),Aligarh_KhirByps_I (Uttar Pradesh),Delhi_Airport_H (Delhi) -> Aligarh_KhirByps_I (Uttar Pradesh)
IND121004AAA,IND121004AAB,10,2.3833333333333333,0.5,1.0,159.2057142857143,159.2057142857143,33.0,14.5,17.5154,0.0,0.04797076018414547,1,0,0,Faridabad_Blbgarh_DC (Haryana),FBD_Balabhgarh_DPC (Haryana),Faridabad_Blbgarh_DC (Haryana) -> FBD_Balabhgarh_DPC (Haryana)
IND458664AAA,IND312403AAA,7,2.466666666666667,0.2857142857142857,1.0,159.13096590909092,159.13096590909092,111.0,44.0,53.049800000000005,1.0,0.047948237522410356,1,0,0,Neemuch_KarjuDPP_D (Madhya Pradesh),BariSadri_BhmprDPP_D (Rajasthan),Neemuch_KarjuDPP_D (Madhya Pradesh) -> BariSadri_BhmprDPP_D (Rajasthan)
IND507002AAA,IND508206AAA,12,2.1311827956989244,0.3333333333333333,1.0,158.56209677419355,158.56209677419355,65.0,30.0,38.65689999999999,1.0,0.047776829825338936,1,0,0,Khammam_NSTRoad_I (Telangana),Kodad_VidyaNgr_D (Telangana),Khammam_NSTRoad_I (Telangana) -> Kodad_VidyaNgr_D (Telangana)
IND762001AAA,IND759122AAC,1,3.6782608695652175,1.0,1.0,158.5,158.5,423.0,115.0,135.1682,0.0,0.04775811925658573,1,0,0,Phulbani_Krusphrma_D (Orissa),Angul_Central_I_2 (Orissa),Phulbani_Krusphrma_D (Orissa) -> Angul_Central_I_2 (Orissa)
IND136027AAA,IND132039AAA,21,1.8235294117647058,0.19047619047619047,1.0,157.77213622291032,157.77213622291032,62.0,34.0,39.400400000000005,1.0,0.0475388043981075,1,0,0,Kaithal_DC (Haryana),Assandh_MhrjaDPP_D (Haryana),Kaithal_DC (Haryana) -> Assandh_MhrjaDPP_D (Haryana)
IND454001AAA,IND457001AAA,17,1.146067415730337,0.058823529411764705,0.35294117647058826,157.7208641975309,157.7208641975309,102.0,89.0,87.4747,1.0,0.04752335546749174,0,0,0,Dhar_Trimurti_D (Madhya Pradesh),Ratlam_Khjurwli_DC (Madhya Pradesh),Dhar_Trimurti_D (Madhya Pradesh) -> Ratlam_Khjurwli_DC (Madhya Pradesh)
IND501359AAE,IND509358AAA,17,1.5555555555555556,0.23529411764705882,1.0,157.6254901960784,157.6254901960784,42.0,27.0,36.8336,1.0,0.047494618035723,1,0,0,Hyderabad_Shamshbd_H (Telangana),Kadthal_GndhiDPP_D (Telangana),Hyderabad_Shamshbd_H (Telangana) -> Kadthal_GndhiDPP_D (Telangana)
IND562132AAA,IND560060AAB,24,1.641025641025641,0.375,1.0,157.32371569317382,157.32371569317382,42.5,28.0,25.37255,0.0,0.047403689438257304,1,0,0,Bangalore_Nelmngla_H (Karnataka),Bengaluru_Kengeri_IP (Karnataka),Bangalore_Nelmngla_H (Karnataka) -> Bengaluru_Kengeri_IP (Karnataka)
IND328001AAA,IND282002AAD,7,2.696969696969697,0.7142857142857143,1.0,155.55328282828276,155.55328282828276,174.0,63.0,61.4633,1.0,0.04687023490262799,1,1,0,Dholpur_GtRoad_D (Rajasthan),IND282002AAD,Dholpur_GtRoad_D (Rajasthan) -> IND282002AAD
IND401209AAB,IND421302AAH,19,2.7058823529411766,0.21052631578947367,1.0,155.31052631578947,155.31052631578947,87.0,34.0,35.5477,0.0,0.046797089196167624,1,0,0,Mumbai_Vasai_CP (Maharashtra),Bhiwandi_Mankoli_GW (Maharashtra),Mumbai_Vasai_CP (Maharashtra) -> Bhiwandi_Mankoli_GW (Maharashtra)
IND792130AAB,IND786001AAB,10,2.8824274013402826,0.5,1.0,154.5125678119349,154.5125678119349,245.0,84.5,105.39545000000001,0.0,0.046556653881411204,1,0,0,Khonsa_Central_D_1 (Arunachal Pradesh),Dibrugarh_Bokule_H (Assam),Khonsa_Central_D_1 (Arunachal Pradesh) -> Dibrugarh_Bokule_H (Assam)
IND000000AFT,IND410209AAA,40,2.2857142857142856,0.25,1.0,154.4842901234568,154.4842901234568,32.0,14.0,17.56525,0.0,0.04654813344470055,1,0,1,Mumbai_Sanpada_I (Maharashtra),Mumbai_Khandeshwar_Dc (Maharashtra),Mumbai_Sanpada_I (Maharashtra) -> Mumbai_Khandeshwar_Dc (Maharashtra)
IND842001AAA,IND843320AAA,1,6.521739130434782,1.0,1.0,154.33333333333334,154.33333333333334,300.0,46.0,65.86930000000001,1.0,0.04650264819305824,1,0,0,Muzaffrpur_Bbganj_I (Bihar),Pupri_SngihiRD_D (Bihar),Muzaffrpur_Bbganj_I (Bihar) -> Pupri_SngihiRD_D (Bihar)
IND732103AAB,IND732202AAA,8,4.111111111111111,1.0,1.0,153.70000000000005,153.70000000000005,75.0,18.0,23.783250000000002,0.0,0.046311816591402065,1,1,0,Malda_Central_I_3 (West Bengal),Manikchak_Enayetpr_D (West Bengal),Malda_Central_I_3 (West Bengal) -> Manikchak_Enayetpr_D (West Bengal)
IND403726AAA,IND581303AAA,13,1.6585365853658536,0.07692307692307693,1.0,152.67195121951224,152.67195121951224,132.0,82.0,86.2554,1.0,0.046002052072410746,1,0,0,Goa_Hub (Goa),Karwar_Central_D_1 (Karnataka),Goa_Hub (Goa) -> Karwar_Central_D_1 (Karnataka)
IND843105AAB,IND848101AAA,20,2.025,0.3,1.0,152.5903947368421,152.5903947368421,40.0,20.0,28.0176,1.0,0.045977478039442236,1,0,0,Dholi_WardNo4_D (Bihar),Samastipur_Haripur_D (Bihar),Dholi_WardNo4_D (Bihar) -> Samastipur_Haripur_D (Bihar)
IND842003AAB,IND483501AAA,11,2.6379310344827585,0.45454545454545453,1.0,152.28143236074274,152.28143236074274,153.0,58.0,80.4201,1.0,0.0458843836419435,1,0,0,Jabalpur_Adhartal_IP (Madhya Pradesh),Katni_Bargawan_DC (Madhya Pradesh),Jabalpur_Adhartal_IP (Madhya Pradesh) -> Katni_Bargawan_DC (Madhya Pradesh)
IND302004AAA,IND302014AAB,8,2.758928571428571,0.5,1.0,152.10054945054947,152.10054945054947,41.5,15.0,17.668100000000003,0.0,0.045829881259631264,1,0,0,Jaipur_NgrNigam_DC (Rajasthan),Jaipur_Central_I_7 (Rajasthan),Jaipur_NgrNigam_DC (Rajasthan) -> Jaipur_Central_I_7 (Rajasthan)
IND842001AAA,IND843126AAA,3,3.0,0.6666666666666666,1.0,151.675,151.675,54.0,18.0,26.2572,0.0,0.0457016576545277,1,0,0,Muzaffrpur_Bbganj_I (Bihar),Saraiya_Wardno4_D (Bihar),Muzaffrpur_Bbganj_I (Bihar) -> Saraiya_Wardno4_D (Bihar)
IND600056AAB,IND600110AAA,28,2.5945945945945947,0.25,1.0,151.20871042471055,151.20871042471055,95.0,36.5,45.477850000000004,0.0,0.0455611585179676,1,0,0,MAA_Poonamallee_HB (Tamil Nadu),Chennai_Madhavaram_L (Tamil Nadu),MAA_Poonamallee_HB (Tamil Nadu) -> Chennai_Madhavaram_L (Tamil Nadu)
IND732139AAA,IND732103AAB,1,5.346938775510204,1.0,1.0,149.3,149.3,262.0,49.0,48.7287,0.0,0.04498603914831703,1,0,0,Samsi_RatuaDPP_D (West Bengal),Malda_Central_I_3 (West Bengal),Samsi_RatuaDPP_D (West Bengal) -> Malda_Central_I_3 (West Bengal)
IND575004AAB,IND574211AAA,8,2.1160130718954244,0.25,1.0,148.00854700854703,148.00854700854703,36.0,17.0,24.77365,1.0,0.044596907501754976,1,0,0,Mangalore_Kuntikna_H (Karnataka),Bantwal_Trmltmpl_D (Karnataka),Mangalore_Kuntikna_H (Karnataka) -> Bantwal_Trmltmpl_D (Karnataka)
IND174103AAA,IND160002AAC,6,2.7384615384615385,0.5,1.0,147.67175324675335,147.67175324675335,178.0,65.0,77.22575,1.0,0.044495427144400926,1,0,0,Baddi_ByePass_D (Himachal Pradesh),Chandigarh_Mehmdpur_H (Punjab),Baddi_ByePass_D (Himachal Pradesh) -> Chandigarh_Mehmdpur_H (Punjab)
IND306401AAB,IND342005AAD,18,1.68657937806874,0.2777777777777778,1.0,147.48076923076923,147.48076923076923,91.5,54.0,69.3067,1.0,0.04443788116704148,1,0,0,Pali_Nayagaon_I (Rajasthan),Jodhpur_Basni_I (Rajasthan),Pali_Nayagaon_I (Rajasthan) -> Jodhpur_Basni_I (Rajasthan)
IND560300AAA,IND560058AAB,37,1.393939393939394,0.35135135135135137,0.5945945945945946,147.09895635673638,147.09895635673638,48.0,34.0,31.3304,0.0,0.044322835963434164,1,0,1,Bengaluru_KGAirprt_HB (Karnataka),Bengaluru_Peenya_IP (Karnataka),Bengaluru_KGAirprt_HB (Karnataka) -> Bengaluru_Peenya_IP (Karnataka)
IND370001AAA,IND370201AAA,1,6.4772727272727275,1.0,1.0,146.04166666666669,146.04166666666669,285.0,44.0,53.6104,1.0,0.044004260776638535,1,0,0,Bhuj_DC (Gujarat),Gandhidham_Sector1A_IP (Gujarat),Bhuj_DC (Gujarat) -> Gandhidham_Sector1A_IP (Gujarat)
IND144001AAC,IND160002AAC,15,2.544642857142857,0.2,1.0,145.9225422027218,145.9225422027218,285.0,112.0,159.83229999999998,0.0,0.04396836702045268,1,0,0,Jalandhar_Sodal Road (Punjab),Chandigarh_Mehmdpur_H (Punjab),Jalandhar_Sodal Road (Punjab) -> Chandigarh_Mehmdpur_H (Punjab)
IND431603AAA,IND431708AAA,15,2.0434782608695654,0.3333333333333333,1.0,145.38157894736844,145.38157894736844,47.0,23.0,32.4038,1.0,0.04380536772920602,1,0,0,Nanded_Aswningr_I (Maharashtra),Loha_SivjiCWK_D (Maharashtra),Nanded_Aswningr_I (Maharashtra) -> Loha_SivjiCWK_D (Maharashtra)
IND582101AAB,IND580028AAA,18,2.9035615171137836,0.2777777777777778,1.0,145.13705882352951,145.13705882352951,135.0,46.0,62.06345,1.0,0.04373169062362284,1,0,0,Gadag_Cdosclrd_D (Karnataka),Hubli_Adargchi_IP (Karnataka),Gadag_Cdosclrd_D (Karnataka) -> Hubli_Adargchi_IP (Karnataka)
IND226004AAA,IND226016AAA,6,4.207608695652174,0.6666666666666666,1.0,144.69947089947095,144.69947089947095,91.0,20.0,20.3084,0.0,0.04359983966928573,1,1,0,Lucknow_Hub (Uttar Pradesh),Lucknow_Indira Nagar (Uttar Pradesh),Lucknow_Hub (Uttar Pradesh) -> Lucknow_Indira Nagar (Uttar Pradesh)
IND533106AAA,IND533262AAA,6,2.675531914893617,0.6666666666666666,1.0,144.49960937500003,144.49960937500003,127.0,46.5,53.2187,1.0,0.04353961878272116,1,1,0,Rajamundry_AtoNgrRd_I (Andhra Pradesh),Draksharamam_Anaipeta_D (Andhra Pradesh),Rajamundry_AtoNgrRd_I (Andhra Pradesh) -> Draksharamam_Anaipeta_D (Andhra Pradesh)
IND173025AAA,IND160002AAC,11,2.3737373737373737,0.45454545454545453,1.0,144.36555674028958,144.36555674028958,235.0,100.0,106.4389,1.0,0.043499226973792694,1,0,0,PaontSahib_Gurudwar_D (Himachal Pradesh),Chandigarh_Mehmdpur_H (Punjab),PaontSahib_Gurudwar_D (Himachal Pradesh) -> Chandigarh_Mehmdpur_H (Punjab)
IND247667AAA,IND249407AAA,14,1.8439189189189191,0.35714285714285715,1.0,144.1527631578947,144.1527631578947,71.0,37.0,30.53235,1.0,0.043435109489344426,1,0,0,Roorkee_Dc (Uttarakhand),Haridwar (Uttarakhand),Roorkee_Dc (Uttarakhand) -> Haridwar (Uttarakhand)
IND303603AAB,IND302014AAB,6,2.510459089226212,0.3333333333333333,1.0,143.9219594594595,143.9219594594595,184.5,73.5,87.6323,0.0,0.0433655653218067,1,0,0,Renwal_ChomuRD_D (Rajasthan),Jaipur_Central_I_7 (Rajasthan),Renwal_ChomuRD_D (Rajasthan) -> Jaipur_Central_I_7 (Rajasthan)
IND583201AAA,IND583119AAA,9,2.3333333333333335,0.4444444444444444,1.0,143.4972222222222,143.4972222222222,63.0,27.0,29.0712,1.0,0.043237586447177734,1,0,0,Hospet (Karnataka),Sandur_WrdN1DPP_D (Karnataka),Hospet (Karnataka) -> Sandur_WrdN1DPP_D (Karnataka)
IND110078AAA,IND110043AAA,14,2.732919254658385,0.5,1.0,143.4725274725275,143.4725274725275,60.0,21.0,19.388849999999998,0.0,0.043230145596698674,1,0,0,Janakpuri (Delhi),Delhi_Nangli_IP (Delhi),Janakpuri (Delhi) -> Delhi_Nangli_IP (Delhi)
IND421302AAR,IND421004AAA,27,3.4,0.4074074074074074,1.0,143.43750000000006,143.43750000000006,36.0,11.0,14.0768,0.0,0.043219591361933866,1,0,0,Mumbai_East_I_21 (Maharashtra),Mumbai_Ulhasngr_DC (Maharashtra),Mumbai_East_I_21 (Maharashtra) -> Mumbai_Ulhasngr_DC (Maharashtra)
IND458990AAA,IND312605AAB,10,2.228448275862069,0.6,1.0,142.83928571428578,142.83928571428578,127.0,57.0,61.84595,1.0,0.04303934158781313,1,1,0,Sitamau_Central_DPP_1 (Madhya Pradesh),Pratapgarh_Nimachrd_D (Rajasthan),Sitamau_Central_DPP_1 (Madhya Pradesh) -> Pratapgarh_Nimachrd_D (Rajasthan)
IND380006AAB,IND382430AAB,27,3.5833333333333335,0.4444444444444444,1.0,142.81562500000004,142.81562500000004,43.0,12.0,15.0139,0.0,0.04303221230570238,1,0,0,Ahmedabad_Mithakal_D (Gujarat),Ahmedabad_East_H_1 (Gujarat),Ahmedabad_Mithakal_D (Gujarat) -> Ahmedabad_East_H_1 (Gujarat)
IND583101AAA,IND583201AAA,18,2.746376811594203,0.4444444444444444,1.0,142.67083333333358,142.67083333333358,125.0,46.0,64.4048,1.0,0.04298858468624486,1,0,0,Bellary_Dc (Karnataka),Hospet (Karnataka),Bellary_Dc (Karnataka) -> Hospet (Karnataka)
IND573142AAA,IND573201AAB,17,1.8157894736842106,0.17647058823529413,1.0,142.07146381578946,142.07146381578946,69.0,39.0,42.5804,1.0,0.042807986825691965,1,0,0,Ramanathapura_Central_D_2 (Karnataka),Hassan_Pandrnga_I (Karnataka),Ramanathapura_Central_D_2 (Karnataka) -> Hassan_Pandrnga_I (Karnataka)
IND571105AAA,IND571114AAA,1,8.208333333333334,1.0,1.0,141.8,141.8,197.0,24.0,26.2458,1.0,0.04272619123396755,1,0,0,Hunsur_RatnaDPP_D (Karnataka),HDKote_BegurRD_D (Karnataka),Hunsur_RatnaDPP_D (Karnataka) -> HDKote_BegurRD_D (Karnataka)
IND000000AAZ,IND444203AAA,1,6.020833333333333,1.0,1.0,141.60833333333335,141.60833333333335,289.0,48.0,67.4982,1.0,0.042668439565045284,1,0,0,Buldhana_Thsil3PL_D (Maharashtra),Shegaon_SChwkDPP_D (Maharashtra),Buldhana_Thsil3PL_D (Maharashtra) -> Shegaon_SChwkDPP_D (Maharashtra)
IND000000ACB,IND121004AAB,31,1.796875,0.2903225806451613,1.0,141.0068181818182,141.0068181818182,115.0,65.0,77.9212,0.0,0.04248719519696514,1,0,1,Gurgaon_Bilaspur_HB (Haryana),FBD_Balabhgarh_DPC (Haryana),Gurgaon_Bilaspur_HB (Haryana) -> FBD_Balabhgarh_DPC (Haryana)
IND560078AAC,IND562132AAA,16,1.5119047619047619,0.125,0.9375,140.97412280701758,140.97412280701758,63.5,42.0,34.6726,0.0,0.042477343653691525,1,0,0,BLR_JPNagar_Pc (Karnataka),Bangalore_Nelmngla_H (Karnataka),BLR_JPNagar_Pc (Karnataka) -> Bangalore_Nelmngla_H (Karnataka)
IND395004AAB,IND395023AAD,4,6.764705882352941,0.75,1.0,140.81139705882356,140.81139705882356,115.0,17.0,17.34105,0.0,0.0424283122613359,1,0,0,Surat_Central_D_3 (Gujarat),Surat_Central_I_4 (Gujarat),Surat_Central_D_3 (Gujarat) -> Surat_Central_I_4 (Gujarat)
IND244901AAB,IND244221AAA,20,0.9802436125965538,0.25,0.3,140.49057056634467,140.49057056634467,98.5,99.0,89.691,1.0,0.042331643050683036,0,0,0,Rampur_RoshnBgh_I (Uttar Pradesh),Amroha_SamitiRd_D (Uttar Pradesh),Rampur_RoshnBgh_I (Uttar Pradesh) -> Amroha_SamitiRd_D (Uttar Pradesh)
IND431001AAB,IND431136AAC,18,3.2613636363636367,0.5555555555555556,1.0,140.45000000000005,140.45000000000005,37.5,11.0,14.47925,0.0,0.04231941860938465,1,1,0,Aurangabad_Pratpngr_D (Maharashtra),Aurangabad_Central_H_1 (Maharashtra),Aurangabad_Pratpngr_D (Maharashtra) -> Aurangabad_Central_H_1 (Maharashtra)
IND562114AAA,IND560048AAB,9,3.357142857142857,0.5555555555555556,1.0,140.2262045646661,140.2262045646661,49.0,14.0,16.8508,0.0,0.04225198612301394,1,1,0,Hoskote_DC (Karnataka),Bengaluru_Hoodi_IP (Karnataka),Hoskote_DC (Karnataka) -> Bengaluru_Hoodi_IP (Karnataka)
IND713205AAB,IND723130AAA,2,3.316391275611368,0.5,1.0,139.80495798319333,139.80495798319333,290.5,87.0,101.91385,1.0,0.04212505902853819,1,0,0,Durgapur_Central_I_1 (West Bengal),Hura_Central_D_1 (West Bengal),Durgapur_Central_I_1 (West Bengal) -> Hura_Central_D_1 (West Bengal)
IND852113AAA,IND852139AAB,19,2.7916666666666665,0.3684210526315789,1.0,139.7663194444445,139.7663194444445,67.0,24.0,35.2712,1.0,0.042113416732377514,1,0,0,Madhepura_Krishnpr_D (Bihar),Triveninganj_Central_D_1 (Bihar),Madhepura_Krishnpr_D (Bihar) -> Triveninganj_Central_D_1 (Bihar)
IND781022AAA,IND781018AAB,12,0.9825367647058824,0.3333333333333333,0.3333333333333333,139.23843137254903,139.23843137254903,33.0,34.0,35.736149999999995,0.0,0.04195435716460646,0,0,0,Guwahati_Sixmile (Assam),Guwahati_Hub (Assam),Guwahati_Sixmile (Assam) -> Guwahati_Hub (Assam)
IND560099AAB,IND560060AAB,31,1.375,0.3225806451612903,0.8064516129032258,139.13557692307697,139.13557692307697,44.0,33.0,31.6419,0.0,0.041923365776190324,1,0,1,Bengaluru_Bomsndra_HB (Karnataka),Bengaluru_Kengeri_IP (Karnataka),Bengaluru_Bomsndra_HB (Karnataka) -> Bengaluru_Kengeri_IP (Karnataka)
IND205001AAB,IND283203AAA,1,4.689655172413793,1.0,1.0,138.60000000000002,138.60000000000002,272.0,58.0,66.034,1.0,0.04176198945717844,1,0,0,Mainpuri_Agraroad_I (Uttar Pradesh),Firozabad_Sudmpuri_D (Uttar Pradesh),Mainpuri_Agraroad_I (Uttar Pradesh) -> Firozabad_Sudmpuri_D (Uttar Pradesh)
IND562132AAA,IND573201AAB,16,1.4849624060150375,0.125,1.0,138.2380952380953,138.2380952380953,197.5,132.5,165.34975,1.0,0.04165294282766063,1,0,0,Bangalore_Nelmngla_H (Karnataka),Hassan_Pandrnga_I (Karnataka),Bangalore_Nelmngla_H (Karnataka) -> Hassan_Pandrnga_I (Karnataka)
IND000000ACB,IND110043AAA,17,1.725,0.23529411764705882,1.0,137.48252726410618,137.48252726410618,69.0,37.0,38.085800000000006,0.0,0.041425280332971486,1,0,0,Gurgaon_Bilaspur_HB (Haryana),Delhi_Nangli_IP (Delhi),Gurgaon_Bilaspur_HB (Haryana) -> Delhi_Nangli_IP (Delhi)
IND713128AAB,IND731301AAA,3,4.0285714285714285,1.0,1.0,137.47428571428574,137.47428571428574,141.0,35.0,40.8526,1.0,0.041422797046415126,1,0,0,Guskhara_Itachnda_D (West Bengal),Nanoor_Central_DPP_1 (West Bengal),Guskhara_Itachnda_D (West Bengal) -> Nanoor_Central_DPP_1 (West Bengal)
IND391110AAD,IND390020AAA,4,3.142857142857143,1.0,1.0,136.8,136.8,105.5,33.5,35.69425,0.0,0.04121962595773456,1,0,0,Dabhoi_Central_DPP_3 (Gujarat),Vadodara (Gujarat),Dabhoi_Central_DPP_3 (Gujarat) -> Vadodara (Gujarat)
IND516115AAA,IND517501AAB,17,2.227272727272727,0.17647058823529413,1.0,136.77238805970154,136.77238805970154,149.0,67.0,90.1461,0.0,0.04121130611964194,1,0,0,Rajampet_RSRoad_D (Andhra Pradesh),Tirupati_Balajicly_I (Andhra Pradesh),Rajampet_RSRoad_D (Andhra Pradesh) -> Tirupati_Balajicly_I (Andhra Pradesh)
IND210001AAA,IND210427AAA,10,3.8225288831835686,0.7,1.0,136.41635338345867,136.41635338345867,152.0,40.0,54.8667,1.0,0.04110402822356946,1,1,0,Banda_GayatriN_D (Uttar Pradesh),Mahoba_Mlkpura_D (Uttar Pradesh),Banda_GayatriN_D (Uttar Pradesh) -> Mahoba_Mlkpura_D (Uttar Pradesh)
IND341001AAC,IND341303AAA,7,1.5595238095238095,0.14285714285714285,1.0,136.34130718954248,136.34130718954248,132.0,84.0,97.9392,1.0,0.04108141582559595,1,0,0,Nagaur_KisanCo_D (Rajasthan),Didwana_KatlaDPP_D (Rajasthan),Nagaur_KisanCo_D (Rajasthan) -> Didwana_KatlaDPP_D (Rajasthan)
IND125001AAA,IND000000ACB,10,2.0037589828634603,0.2,1.0,136.06100708578322,136.06100708578322,270.5,135.0,170.45145000000002,1.0,0.040996957744946314,1,0,0,Hisar_ModelTwn_P (Haryana),Gurgaon_Bilaspur_HB (Haryana),Hisar_ModelTwn_P (Haryana) -> Gurgaon_Bilaspur_HB (Haryana)
IND600056AAB,IND600116AAB,22,2.353021978021978,0.3181818181818182,1.0,135.06465907317846,135.06465907317846,63.5,27.0,31.08465,0.0,0.04069674508117949,1,0,0,MAA_Poonamallee_HB (Tamil Nadu),Chennai_Porur_DPC (Tamil Nadu),MAA_Poonamallee_HB (Tamil Nadu) -> Chennai_Porur_DPC (Tamil Nadu)
IND201301AAD,IND110037AAM,2,5.252123552123551,1.0,1.0,134.46404853833428,134.46404853833428,188.5,36.0,35.39905,0.0,0.040515773285912306,1,0,0,NOI_RPC (Delhi),Delhi_Airport_H (Delhi),NOI_RPC (Delhi) -> Delhi_Airport_H (Delhi)
IND249407AAA,IND249201AAA,18,1.8397435897435899,0.05555555555555555,1.0,134.41814903846154,134.41814903846154,48.0,26.0,20.6716,1.0,0.04050194316737136,1,0,0,Haridwar (Uttarakhand),Rishikesh_DC (Uttarakhand),Haridwar (Uttarakhand) -> Rishikesh_DC (Uttarakhand)
IND826004AAA,IND815351AAA,11,3.388888888888889,0.7272727272727273,1.0,133.62500000000003,133.62500000000003,126.0,38.0,53.6747,1.0,0.04026295700732662,1,1,0,Dhanbad_Kalynpur_I (Jharkhand),Jamtara_D (Jharkhand),Dhanbad_Kalynpur_I (Jharkhand) -> Jamtara_D (Jharkhand)
IND573201AAB,IND573116AAA,14,2.083916083916084,0.35714285714285715,1.0,133.08279220779218,133.08279220779218,61.5,29.0,37.8587,1.0,0.04009958272087796,1,0,0,Hassan_Pandrnga_I (Karnataka),Channaraya_patna_D (Karnataka),Hassan_Pandrnga_I (Karnataka) -> Channaraya_patna_D (Karnataka)
IND781102AAA,IND781018AAB,2,4.345588235294118,0.5,1.0,132.45504201680674,132.45504201680674,154.5,35.0,38.87455,0.0,0.0399104333929005,1,0,0,Hajo_Sardala_D (Assam),Guwahati_Hub (Assam),Hajo_Sardala_D (Assam) -> Guwahati_Hub (Assam)
IND533106AAA,IND534260AAC,5,3.433333333333333,0.6,1.0,131.8193750000001,131.8193750000001,206.0,59.0,72.3474,1.0,0.039718898621946996,1,1,0,Rajamundry_AtoNgrRd_I (Andhra Pradesh),Palakollu_CroadDPP_D (Andhra Pradesh),Rajamundry_AtoNgrRd_I (Andhra Pradesh) -> Palakollu_CroadDPP_D (Andhra Pradesh)
IND110044AAB,IND201301AAF,12,1.9126984126984128,0.5,1.0,131.67476851851853,131.67476851851853,30.0,14.0,12.69995,0.0,0.03967532680120333,1,0,0,Del_Okhla_PC (Delhi),Noida_Sec 02_DPC (Uttar Pradesh),Del_Okhla_PC (Delhi) -> Noida_Sec 02_DPC (Uttar Pradesh)
IND852201AAA,IND852113AAA,17,3.75,0.5294117647058824,1.0,131.5622837370243,131.5622837370243,60.0,17.0,22.6556,1.0,0.03964143366802256,1,1,0,Saharsa_Gangjala_D (Bihar),Madhepura_Krishnpr_D (Bihar),Saharsa_Gangjala_D (Bihar) -> Madhepura_Krishnpr_D (Bihar)
IND713205AAB,IND722101AAB,1,5.62,1.0,1.0,131.30833333333334,131.30833333333334,281.0,50.0,52.231300000000005,0.0,0.03956491509600533,1,0,0,Durgapur_Central_I_1 (West Bengal),Bankura_NapitDPP_D (West Bengal),Durgapur_Central_I_1 (West Bengal) -> Bankura_NapitDPP_D (West Bengal)
IND000000ACB,IND125001AAA,15,2.201492537313433,0.26666666666666666,1.0,130.98483896307937,130.98483896307937,295.0,135.0,170.2434,1.0,0.03946744201894903,1,0,0,Gurgaon_Bilaspur_HB (Haryana),Hisar_ModelTwn_P (Haryana),Gurgaon_Bilaspur_HB (Haryana) -> Hisar_ModelTwn_P (Haryana)
IND211002AAB,IND209304AAA,16,1.855072463768116,0.125,1.0,130.30000000000007,130.30000000000007,262.5,138.0,195.95745,1.0,0.03926109109863169,1,0,0,Allahabad_Central_H_1 (Uttar Pradesh),Kanpur_Central_H_6 (Uttar Pradesh),Allahabad_Central_H_1 (Uttar Pradesh) -> Kanpur_Central_H_6 (Uttar Pradesh)
IND683511AAA,IND680104AAA,16,1.4969135802469136,0.125,0.9375,130.25,130.25,120.5,80.0,79.79155,1.0,0.03924602544586934,1,0,0,Aluva_Peedika_H (Kerala),Guruvayoor_ManhrBld_D (Kerala),Aluva_Peedika_H (Kerala) -> Guruvayoor_ManhrBld_D (Kerala)
IND321022AAA,IND121004AAB,9,3.2439024390243905,0.6666666666666666,1.0,130.05793172690773,130.05793172690773,266.0,83.0,106.9351,0.0,0.039188152767687966,1,1,0,Kaman_BsstdDPP_D (Rajasthan),FBD_Balabhgarh_DPC (Haryana),Kaman_BsstdDPP_D (Rajasthan) -> FBD_Balabhgarh_DPC (Haryana)
IND742101AAC,IND741123AAB,1,4.375,1.0,1.0,129.58333333333331,129.58333333333331,350.0,80.0,109.6979,0.0,0.039045150075704936,1,0,0,Baharampur_Chuanpur_I (West Bengal),Chapra_NagarDPP_D (West Bengal),Baharampur_Chuanpur_I (West Bengal) -> Chapra_NagarDPP_D (West Bengal)
IND306401AAB,IND305001AAC,20,2.9311565696302124,0.3,1.0,128.9274193548389,128.9274193548389,359.5,123.0,166.7295,0.0,0.03884751463086583,1,0,0,Pali_Nayagaon_I (Rajasthan),Ajmer_FoySGRRD_I (Rajasthan),Pali_Nayagaon_I (Rajasthan) -> Ajmer_FoySGRRD_I (Rajasthan)
IND641607AAA,IND641062AAD,20,2.9065628476084537,0.4,1.0,128.84149054505002,128.84149054505002,85.5,29.0,33.912850000000006,1.0,0.038821623158654645,1,0,0,Tirupur_Koliplm_I (Tamil Nadu),Coimbatore_Karayam_H (Tamil Nadu),Tirupur_Koliplm_I (Tamil Nadu) -> Coimbatore_Karayam_H (Tamil Nadu)
IND400612AAA,IND421302AAR,10,2.375,0.5,1.0,128.4318181818182,128.4318181818182,28.5,12.0,14.38555,0.0,0.038698183527239166,1,0,0,Mumbai_Mumbra_DC (Maharashtra),Mumbai_East_I_21 (Maharashtra),Mumbai_Mumbra_DC (Maharashtra) -> Mumbai_East_I_21 (Maharashtra)
IND712311AAA,IND732103AAB,3,2.800925925925926,1.0,1.0,128.0720486111113,128.0720486111113,605.0,215.0,304.3677,1.0,0.03858978025870472,1,0,0,Kolkata_Dankuni_HB (West Bengal),Malda_Central_I_3 (West Bengal),Kolkata_Dankuni_HB (West Bengal) -> Malda_Central_I_3 (West Bengal)
IND600032AAB,IND600076AAB,42,2.2270833333333333,0.35714285714285715,0.9761904761904762,127.89453124999997,127.89453124999997,35.0,16.0,16.612000000000002,0.0,0.03853629196026895,1,0,1,Chennai_Hub (Tamil Nadu),Chennai_Madhavaram_DPC (Tamil Nadu),Chennai_Hub (Tamil Nadu) -> Chennai_Madhavaram_DPC (Tamil Nadu)
IND741156AAA,IND742101AAC,8,2.6875,0.5,1.0,127.53653846153851,127.53653846153851,86.0,32.0,44.245149999999995,0.0,0.03842842405942138,1,0,0,Plassey_BtaiRoad_D (West Bengal),Baharampur_Chuanpur_I (West Bengal),Plassey_BtaiRoad_D (West Bengal) -> Baharampur_Chuanpur_I (West Bengal)
IND462022AAA,IND209304AAA,25,2.1108247422680413,0.08,1.0,127.47894736842136,127.47894736842136,822.0,388.0,545.1256,1.0,0.038411071111199256,1,0,0,Bhopal_Trnsport_H (Madhya Pradesh),Kanpur_Central_H_6 (Uttar Pradesh),Bhopal_Trnsport_H (Madhya Pradesh) -> Kanpur_Central_H_6 (Uttar Pradesh)
IND742226AAA,IND742102AAB,13,2.2285714285714286,0.5384615384615384,1.0,126.91111111111118,126.91111111111118,78.0,36.0,33.2894,0.0,0.03823997463362933,1,1,0,Sagardighi_UtBzrDPP_D (West Bengal),Berhampore_Central_I_2 (West Bengal),Sagardighi_UtBzrDPP_D (West Bengal) -> Berhampore_Central_I_2 (West Bengal)
IND250002AAA,IND131028AAB,5,2.0,0.4,1.0,126.90000000000003,126.90000000000003,132.0,67.0,81.0077,1.0,0.03823662671079325,1,0,0,Meerut (Uttar Pradesh),Sonipat_Kundli_H (Haryana),Meerut (Uttar Pradesh) -> Sonipat_Kundli_H (Haryana)
IND580028AAA,IND403726AAA,13,2.4532374100719423,0.23076923076923078,1.0,126.86636690647504,126.86636690647504,341.0,141.0,183.2936,1.0,0.038226492620625836,1,0,0,Hubli_Adargchi_IP (Karnataka),Goa_Hub (Goa),Hubli_Adargchi_IP (Karnataka) -> Goa_Hub (Goa)
IND585211AAA,IND585104AAA,3,2.210526315789474,0.3333333333333333,1.0,126.7592105263158,126.7592105263158,84.0,38.0,47.5274,0.0,0.03819420500433089,1,0,0,Chittapur_GlbrgaRD_D (Karnataka),Gulbarga_Nehrugnj_I (Karnataka),Chittapur_GlbrgaRD_D (Karnataka) -> Gulbarga_Nehrugnj_I (Karnataka)
IND532001AAB,IND530012AAA,22,2.101692484222605,0.22727272727272727,1.0,126.6669642857143,126.6669642857143,175.5,84.0,114.7462,0.0,0.03816641000774024,1,0,0,Srikakulam_Kuslpram_I (Andhra Pradesh),Visakhapatnam_Gajuwaka_IP (Andhra Pradesh),Srikakulam_Kuslpram_I (Andhra Pradesh) -> Visakhapatnam_Gajuwaka_IP (Andhra Pradesh)
IND504208AAB,IND505001AAB,6,2.022248243559719,0.3333333333333333,1.0,126.61428571428573,126.61428571428573,125.5,61.5,85.642,1.0,0.03815053726643707,1,0,0,Mancherial_Hitech_D (Telangana),Karimnagar_KamnHbRD_I (Telangana),Mancherial_Hitech_D (Telangana) -> Karimnagar_KamnHbRD_I (Telangana)
IND263153AAB,IND263002AAA,13,1.431578947368421,0.3076923076923077,1.0,126.55788410419999,126.55788410419999,137.0,99.0,95.3879,1.0,0.03813354272498131,1,0,0,Rudrapur_UdhamNgr_H (Uttarakhand),Nainital_Sookhtal_D (Uttarakhand),Rudrapur_UdhamNgr_H (Uttarakhand) -> Nainital_Sookhtal_D (Uttarakhand)
IND560002AAA,IND560099AAB,18,2.625,0.3333333333333333,1.0,126.46973684210525,126.46973684210525,57.0,21.5,18.1468,0.0,0.03810698280412792,1,0,0,Bengaluru_KHRoad_I (Karnataka),Bengaluru_Bomsndra_HB (Karnataka),Bengaluru_KHRoad_I (Karnataka) -> Bengaluru_Bomsndra_HB (Karnataka)
IND501359AAE,IND500050AAA,18,1.8060344827586206,0.16666666666666666,1.0,125.95872241086587,125.95872241086587,55.0,30.0,34.1595,0.0,0.037953007484576085,1,0,0,Hyderabad_Shamshbd_H (Telangana),Patancheru_Ameenpur_I (Telangana),Hyderabad_Shamshbd_H (Telangana) -> Patancheru_Ameenpur_I (Telangana)
IND562132AAA,IND560078AAC,25,2.0689655172413794,0.2,1.0,125.50360576923076,125.50360576923076,63.0,31.0,32.6863,0.0,0.037815874898791436,1,0,0,Bangalore_Nelmngla_H (Karnataka),BLR_JPNagar_Pc (Karnataka),Bangalore_Nelmngla_H (Karnataka) -> BLR_JPNagar_Pc (Karnataka)
IND400072AAB,IND421302AAS,2,4.4375,0.5,1.0,125.29166666666667,125.29166666666667,106.5,24.0,28.30865,0.0,0.037752014880271634,1,0,0,Mumbai Hub (Maharashtra),Mumbai_East_L_23 (Maharashtra),Mumbai Hub (Maharashtra) -> Mumbai_East_L_23 (Maharashtra)
IND110037AAM,IND110064AAA,2,5.39375,0.5,1.0,125.28125,125.28125,103.5,18.0,14.17905,0.0,0.03774887620261281,1,0,0,Delhi_Airport_H (Delhi),Delhi_Mayapuri_PC (Delhi),Delhi_Airport_H (Delhi) -> Delhi_Mayapuri_PC (Delhi)
IND641001AAA,IND641062AAD,3,4.333333333333333,1.0,1.0,124.34843537414966,124.34843537414966,143.0,35.0,34.2831,0.0,0.037467806977719134,1,0,0,Coimbatore_Ukkadam_D (Tamil Nadu),Coimbatore_Karayam_H (Tamil Nadu),Coimbatore_Ukkadam_D (Tamil Nadu) -> Coimbatore_Karayam_H (Tamil Nadu)
IND181152AAB,IND181201AAB,7,3.217391304347826,0.5714285714285714,1.0,123.15000000000006,123.15000000000006,74.0,23.0,32.1035,0.0,0.03710670275361851,1,1,0,Jammu_Central_I_1 (Jammu & Kashmir),Akhnoor_ThthiCwk_D (Jammu & Kashmir),Jammu_Central_I_1 (Jammu & Kashmir) -> Akhnoor_ThthiCwk_D (Jammu & Kashmir)
IND360490AAA,IND362001AAA,10,2.3092209856915735,0.2,1.0,122.97635135135134,122.97635135135134,80.5,36.0,43.13885,1.0,0.03705438014875472,1,0,0,Upleta_AdrshSt_DC (Gujarat),Junagadh_DPC (Gujarat),Upleta_AdrshSt_DC (Gujarat) -> Junagadh_DPC (Gujarat)
IND244601AAB,IND244901AAB,9,1.1375,0.3333333333333333,0.4444444444444444,122.53814339981011,122.53814339981011,92.0,80.0,70.5827,1.0,0.036922342372042484,0,0,0,Thakurdwara_Fathuluh_D (Uttar Pradesh),Rampur_RoshnBgh_I (Uttar Pradesh),Thakurdwara_Fathuluh_D (Uttar Pradesh) -> Rampur_RoshnBgh_I (Uttar Pradesh)
IND581119AAB,IND577002AAA,14,1.8180878552971576,0.21428571428571427,1.0,122.34091300602931,122.34091300602931,81.5,45.0,38.93295,0.0,0.0368629142795049,1,0,0,Ukkadagatri_Tuminkte_D (Karnataka),Davangere_Central_I_1 (Karnataka),Ukkadagatri_Tuminkte_D (Karnataka) -> Davangere_Central_I_1 (Karnataka)
IND533106AAA,IND533003AAA,2,4.160377358490566,1.0,1.0,121.95714285714291,121.95714285714291,220.5,53.0,60.48480000000001,1.0,0.036747279323431505,1,0,0,Rajamundry_AtoNgrRd_I (Andhra Pradesh),Kakinada_DC (Andhra Pradesh),Rajamundry_AtoNgrRd_I (Andhra Pradesh) -> Kakinada_DC (Andhra Pradesh)
IND521225AAB,IND521165AAA,1,7.551724137931035,1.0,1.0,121.44166666666668,121.44166666666668,219.0,29.0,38.4822,1.0,0.03659195961757223,1,0,0,Vijayawada_Rynapadu_H (Andhra Pradesh),Vuyyuru_BhogdDPP_D (Andhra Pradesh),Vijayawada_Rynapadu_H (Andhra Pradesh) -> Vuyyuru_BhogdDPP_D (Andhra Pradesh)
IND781018AAB,IND785612AAB,2,2.5566878139043085,0.5,1.0,121.31512820512825,121.31512820512825,497.0,194.5,263.75815,1.0,0.03655383192711988,1,0,0,Guwahati_Hub (Assam),Bokakhat_MlnprDPP_D (Assam),Guwahati_Hub (Assam) -> Bokakhat_MlnprDPP_D (Assam)
IND509216AAC,IND501359AAE,12,2.0476923076923077,0.5,1.0,120.96351981351978,120.96351981351978,52.0,25.0,32.9236,0.4166666666666667,0.03644788772839399,1,0,0,Shadnagar_Central_D_1 (Telangana),Hyderabad_Shamshbd_H (Telangana),Shadnagar_Central_D_1 (Telangana) -> Hyderabad_Shamshbd_H (Telangana)
IND600016AAA,IND600119AAA,8,2.3636363636363633,0.5,1.0,120.70707070707067,120.70707070707067,52.0,22.0,18.85755,0.0,0.036370616264614554,1,0,0,Airport (Tamil Nadu),Chennai_Sholinganallur_Dc (Tamil Nadu),Airport (Tamil Nadu) -> Chennai_Sholinganallur_Dc (Tamil Nadu)
IND751002AAB,IND562132AAA,13,2.262511803588291,0.07692307692307693,1.0,120.55714285714294,120.55714285714294,2396.0,1058.0,1423.1406000000002,1.0,0.036325441046086274,1,0,0,Bhubaneshwar_Hub (Orissa),Bangalore_Nelmngla_H (Karnataka),Bhubaneshwar_Hub (Orissa) -> Bangalore_Nelmngla_H (Karnataka)
IND344022AAB,IND342301AAA,1,3.380952380952381,1.0,1.0,119.99166666666667,119.99166666666667,497.0,147.0,168.47979999999998,1.0,0.03615505568746467,1,0,0,Balotra_BsnoiHPL_D (Rajasthan),Phalodi_PalikDPP_D (Rajasthan),Balotra_BsnoiHPL_D (Rajasthan) -> Phalodi_PalikDPP_D (Rajasthan)
IND401104AAA,IND401208AAA,37,2.5555555555555554,0.32432432432432434,1.0,119.96686507936519,119.96686507936519,46.0,18.0,23.5,0.0,0.03614758264541989,1,0,1,Mumbai_MiraRd_IP (Maharashtra),Nalasopara (Maharashtra),Mumbai_MiraRd_IP (Maharashtra) -> Nalasopara (Maharashtra)
IND505001AAB,IND505209AAA,7,2.7083333333333335,0.42857142857142855,1.0,119.87500000000006,119.87500000000006,130.0,46.0,63.4972,1.0,0.03611990249768591,1,0,0,Karimnagar_KamnHbRD_I (Telangana),Ramagundam_Pdmavati_D (Telangana),Karimnagar_KamnHbRD_I (Telangana) -> Ramagundam_Pdmavati_D (Telangana)
IND560300AAA,IND560078AAC,16,2.841463414634146,0.5625,1.0,119.8142857142858,119.8142857142858,116.5,41.0,39.900000000000006,0.0,0.03610160849076023,1,1,0,Bengaluru_KGAirprt_HB (Karnataka),BLR_JPNagar_Pc (Karnataka),Bengaluru_KGAirprt_HB (Karnataka) -> BLR_JPNagar_Pc (Karnataka)
IND160002AAC,IND140301AAA,21,1.434782608695652,0.14285714285714285,0.9523809523809523,118.62597984322517,118.62597984322517,67.0,47.0,38.183,1.0,0.03574355641818348,1,0,0,Chandigarh_Mehmdpur_H (Punjab),Chandigarh_Kharar_DC (Chandigarh),Chandigarh_Mehmdpur_H (Punjab) -> Chandigarh_Kharar_DC (Chandigarh)
IND563125AAB,IND560300AAA,3,3.849056603773585,1.0,1.0,118.60990566037736,118.60990566037736,204.0,53.0,59.1122,0.0,0.03573871305703902,1,0,0,Chintamani_Central_D_2 (Karnataka),Bengaluru_KGAirprt_HB (Karnataka),Chintamani_Central_D_2 (Karnataka) -> Bengaluru_KGAirprt_HB (Karnataka)
IND431136AAC,IND411033AAA,13,1.9298245614035088,0.23076923076923078,1.0,118.51656920077971,118.51656920077971,330.0,172.0,235.4623,1.0,0.03571058956323175,1,0,0,Aurangabad_Central_H_1 (Maharashtra),Pune_Tathawde_H (Maharashtra),Aurangabad_Central_H_1 (Maharashtra) -> Pune_Tathawde_H (Maharashtra)
IND262802AAA,IND262723AAB,21,2.536231884057971,0.23809523809523808,1.0,118.46249999999998,118.46249999999998,175.0,69.0,92.4517,1.0,0.03569429780715007,1,0,0,Gola_BkgnRoad_D (Uttar Pradesh),Dhaurahara_TahsilRD_D (Uttar Pradesh),Gola_BkgnRoad_D (Uttar Pradesh) -> Dhaurahara_TahsilRD_D (Uttar Pradesh)
IND788026AAC,IND799250AAA,1,4.2,1.0,1.0,118.26666666666668,118.26666666666668,336.0,80.0,112.4945,1.0,0.03563529066716428,1,0,0,Silchar_Sirikona_H (Assam),Dharmanagr_Ranakant_D (Tripura),Silchar_Sirikona_H (Assam) -> Dharmanagr_Ranakant_D (Tripura)
IND713205AAB,IND713303AAA,5,2.6538461538461537,0.4,1.0,118.14615384615388,118.14615384615388,69.0,27.0,36.3498,1.0,0.03559897858101919,1,0,0,Durgapur_Central_I_1 (West Bengal),Asansol_DC (West Bengal),Durgapur_Central_I_1 (West Bengal) -> Asansol_DC (West Bengal)
IND742401AAA,IND742101AAC,5,3.0677966101694913,0.6,1.0,117.51525423728819,117.51525423728819,184.0,66.0,59.2229,0.0,0.035408880292317986,1,1,0,Ghanashyampur_NditaDPP_D (West Bengal),Baharampur_Chuanpur_I (West Bengal),Ghanashyampur_NditaDPP_D (West Bengal) -> Baharampur_Chuanpur_I (West Bengal)
IND500008AAF,IND500039AAC,19,3.357142857142857,0.47368421052631576,1.0,117.48571428571432,117.48571428571432,54.0,15.0,19.0913,0.0,0.03539997951925743,1,0,0,Hyderabad_South_D_4 (Telangana),Hyderabad_Uppal_I (Telangana),Hyderabad_South_D_4 (Telangana) -> Hyderabad_Uppal_I (Telangana)
IND786001AAB,IND786184AAA,10,2.076923076923077,0.3,1.0,117.44326923076923,117.44326923076923,27.5,13.5,20.007550000000002,0.0,0.03538719027007181,1,0,0,Dibrugarh_Bokule_H (Assam),Chabua_CollgeRD_D (Assam),Dibrugarh_Bokule_H (Assam) -> Chabua_CollgeRD_D (Assam)
IND305901AAA,IND342602AAC,6,1.8686502177068216,0.3333333333333333,1.0,117.38477664892758,117.38477664892758,98.0,54.0,75.72975,1.0,0.03536956569152784,1,0,0,Beawar_DC (Rajasthan),Bilara_Central_DPP_2 (Rajasthan),Beawar_DC (Rajasthan) -> Bilara_Central_DPP_2 (Rajasthan)
IND713128AAB,IND731204AAB,13,2.888888888888889,0.46153846153846156,1.0,117.35750000000002,117.35750000000002,56.0,18.0,24.96,1.0,0.03536134688110259,1,0,0,Guskhara_Itachnda_D (West Bengal),Bolpur_WebelDPP_D (West Bengal),Guskhara_Itachnda_D (West Bengal) -> Bolpur_WebelDPP_D (West Bengal)
IND412105AAC,IND411017AAA,33,2.3333333333333335,0.24242424242424243,1.0,117.29523809523808,117.29523809523808,36.0,16.0,18.0027,0.0,0.03534258655635329,1,0,1,Pune_North_D_3 (Maharashtra),PNQ Rahatani DPC (Maharashtra),Pune_North_D_3 (Maharashtra) -> PNQ Rahatani DPC (Maharashtra)
IND847212AAA,IND847226AAA,21,1.8148148148148149,0.19047619047619047,1.0,116.68874269005852,116.68874269005852,48.0,27.0,36.8838,1.0,0.03515984157282562,1,0,0,Madhubani_Bardivan_D (Bihar),Jaynagar_Wardno6_D (Bihar),Madhubani_Bardivan_D (Bihar) -> Jaynagar_Wardno6_D (Bihar)
IND841424AAA,IND841428AAA,6,3.5727882327492972,0.8333333333333334,1.0,116.42089552238801,116.42089552238801,244.0,69.0,97.31190000000001,1.0,0.035079135724395666,1,1,0,Chhapra_Prbhunth_D (Bihar),Gopalganj_GopalDPP_D (Bihar),Chhapra_Prbhunth_D (Bihar) -> Gopalganj_GopalDPP_D (Bihar)
IND400102AAC,IND400052AAA,8,4.007142857142857,0.625,1.0,116.25357142857143,116.25357142857143,47.0,11.0,10.92555,0.0,0.035028718790471425,1,1,0,Mumbai_Jogshwri_I (Maharashtra),Mumbai_Khar West _Dc (Maharashtra),Mumbai_Jogshwri_I (Maharashtra) -> Mumbai_Khar West _Dc (Maharashtra)
IND821115AAB,IND000000ACB,7,2.0834621329211744,0.14285714285714285,1.0,115.67500000000041,115.67500000000041,1348.0,647.0,870.3398000000001,1.0,0.0348543876656503,1,0,0,Sasaram_Central_I_2 (Bihar),Gurgaon_Bilaspur_HB (Haryana),Sasaram_Central_I_2 (Bihar) -> Gurgaon_Bilaspur_HB (Haryana)
IND403702AAA,IND575004AAB,8,1.9968409617198892,0.125,1.0,115.39020555190257,115.39020555190257,528.0,264.0,301.88185,1.0,0.03476857538037667,1,0,0,Canacona_CharRsta_D (Goa),Mangalore_Kuntikna_H (Karnataka),Canacona_CharRsta_D (Goa) -> Mangalore_Kuntikna_H (Karnataka)
IND410501AAF,IND411033AAA,4,5.390476190476191,1.0,1.0,115.2657142857143,115.2657142857143,78.5,15.0,16.92465,0.0,0.03473106453660997,1,0,0,Talegaon_Central_DPP_4 (Maharashtra),Pune_Tathawde_H (Maharashtra),Talegaon_Central_DPP_4 (Maharashtra) -> Pune_Tathawde_H (Maharashtra)
IND401104AAB,IND400072AAB,5,2.2666666666666666,0.4,1.0,115.16444444444447,115.16444444444447,34.0,15.0,20.0807,0.0,0.03470055061133262,1,0,0,Mumbai_MiraRoad_M (Maharashtra),Mumbai Hub (Maharashtra),Mumbai_MiraRoad_M (Maharashtra) -> Mumbai Hub (Maharashtra)
IND000000ABD,IND562132AAA,12,1.704054054054054,0.08333333333333333,1.0,114.88823529411764,114.88823529411764,630.5,370.0,443.66679999999997,1.0,0.034617325188360575,1,0,0,Pallakad_ChndrNgr_D (Kerala),Bangalore_Nelmngla_H (Karnataka),Pallakad_ChndrNgr_D (Kerala) -> Bangalore_Nelmngla_H (Karnataka)
IND462022AAA,IND461001AAA,5,2.5,0.8,1.0,114.15161064425774,114.15161064425774,130.0,51.0,72.5534,1.0,0.03439537056454134,1,1,0,Bhopal_Trnsport_H (Madhya Pradesh),Hoshangabad_MnRDDPP_D (Madhya Pradesh),Bhopal_Trnsport_H (Madhya Pradesh) -> Hoshangabad_MnRDDPP_D (Madhya Pradesh)
IND573134AAB,IND573201AAB,14,2.3479960899315735,0.5,1.0,113.67115384615398,113.67115384615398,75.0,32.0,43.64245,1.0,0.034250602658790694,1,0,0,Sakleshpur_RgvdrDPP_D (Karnataka),Hassan_Pandrnga_I (Karnataka),Sakleshpur_RgvdrDPP_D (Karnataka) -> Hassan_Pandrnga_I (Karnataka)
IND342005AAD,IND342601AAA,9,2.142857142857143,0.3333333333333333,1.0,113.26929499072362,113.26929499072362,105.0,49.0,60.626,1.0,0.03412951733928307,1,0,0,Jodhpur_Basni_I (Rajasthan),Piparcity_BsstdDPP_D (Rajasthan),Jodhpur_Basni_I (Rajasthan) -> Piparcity_BsstdDPP_D (Rajasthan)
IND785001AAA,IND785682AAA,11,2.0238095238095237,0.45454545454545453,1.0,112.94568452380965,112.94568452380965,85.0,46.0,62.6307,1.0,0.034032009280787444,1,0,0,Jorhat_RicMilRd_D (Assam),Sivasagar_Babupaty_D (Assam),Jorhat_RicMilRd_D (Assam) -> Sivasagar_Babupaty_D (Assam)
IND411033AAA,IND562132AAA,10,1.7863293210854185,0.2,1.0,112.49145021645063,112.49145021645063,1102.0,615.0,840.75135,1.0,0.033895142553839276,1,0,0,Pune_Tathawde_H (Maharashtra),Bangalore_Nelmngla_H (Karnataka),Pune_Tathawde_H (Maharashtra) -> Bangalore_Nelmngla_H (Karnataka)
IND580002AAA,IND580028AAA,2,4.979166666666666,0.5,1.0,112.30714285714288,112.30714285714288,112.5,20.5,23.8393,1.0,0.03383960834030182,1,0,0,Dharwad_Dc (Karnataka),Hubli_Adargchi_IP (Karnataka),Dharwad_Dc (Karnataka) -> Hubli_Adargchi_IP (Karnataka)
IND532001AAB,IND532421AAA,20,3.0,0.3,1.0,112.04197530864201,112.04197530864201,54.0,19.0,27.121499999999997,1.0,0.03375970989611078,1,0,0,Srikakulam_Kuslpram_I (Andhra Pradesh),Narasnpeta_HudcoDPP_D (Andhra Pradesh),Srikakulam_Kuslpram_I (Andhra Pradesh) -> Narasnpeta_HudcoDPP_D (Andhra Pradesh)
IND201306AAA,IND201304AAA,1,11.6,1.0,1.0,111.9,111.9,174.0,15.0,13.3995,0.0,0.03371693088209427,1,0,0,Noida_Surajpur_DC (Uttar Pradesh),Noida_Sec-83_DC (Uttar Pradesh),Noida_Surajpur_DC (Uttar Pradesh) -> Noida_Sec-83_DC (Uttar Pradesh)
IND501359AAE,IND509001AAA,17,1.5357142857142858,0.11764705882352941,1.0,111.77046783625732,111.77046783625732,86.0,56.0,76.3792,1.0,0.03367790115008427,1,0,0,Hyderabad_Shamshbd_H (Telangana),Mahabubnagar_DC (Telangana),Hyderabad_Shamshbd_H (Telangana) -> Mahabubnagar_DC (Telangana)
IND424006AAA,IND424101AAA,8,1.9639953542392568,0.375,1.0,111.54843205574915,111.54843205574915,81.5,40.5,57.04905,0.0,0.033610998870685284,1,0,0,Dhule_MIDCAvdn_I (Maharashtra),Chalisgaon_BhadgDPP_D (Maharashtra),Dhule_MIDCAvdn_I (Maharashtra) -> Chalisgaon_BhadgDPP_D (Maharashtra)
IND732103AAB,IND732123AAC,1,4.015384615384615,1.0,1.0,111.5,111.5,261.0,65.0,59.7155,0.0,0.03359640565999564,1,0,0,Malda_Central_I_3 (West Bengal),Chanchal_BargaDPP_D (West Bengal),Malda_Central_I_3 (West Bengal) -> Chanchal_BargaDPP_D (West Bengal)
IND531001AAA,IND530012AAA,1,8.636363636363637,1.0,1.0,111.41666666666667,111.41666666666667,190.0,22.0,24.7421,0.0,0.03357129623872509,1,0,0,Anakapalle_Kothuru_D (Andhra Pradesh),Visakhapatnam_Gajuwaka_IP (Andhra Pradesh),Anakapalle_Kothuru_D (Andhra Pradesh) -> Visakhapatnam_Gajuwaka_IP (Andhra Pradesh)
IND421301AAA,IND421302AAR,15,3.75,0.5333333333333333,1.0,111.41500000000009,111.41500000000009,37.0,10.0,12.5025,0.0,0.0335707940502997,1,1,0,Mumbai_Kalyan West _Dc (Maharashtra),Mumbai_East_I_21 (Maharashtra),Mumbai_Kalyan West _Dc (Maharashtra) -> Mumbai_East_I_21 (Maharashtra)
IND124507AAA,IND131028AAB,9,2.260869565217391,0.4444444444444444,1.0,111.25714285714292,111.25714285714292,104.0,45.0,36.9301,1.0,0.03352322963229291,1,0,0,Bahadurgarh_DC (Haryana),Sonipat_Kundli_H (Haryana),Bahadurgarh_DC (Haryana) -> Sonipat_Kundli_H (Haryana)
IND274001AAA,IND273014AAB,1,5.642857142857143,1.0,1.0,111.075,111.075,237.0,42.0,58.3432,1.0,0.033468347611515833,1,0,0,Deoria_CCRoad_D (Uttar Pradesh),Gorakhpur_Matriprm_IP (Uttar Pradesh),Deoria_CCRoad_D (Uttar Pradesh) -> Gorakhpur_Matriprm_IP (Uttar Pradesh)
IND204215AAA,IND207001AAA,6,3.1363636363636367,0.5,1.0,110.14173553719004,110.14173553719004,70.5,22.5,32.1965,0.0,0.03318714284487349,1,0,0,SikandraRao_JydevNGR_D (Uttar Pradesh),Etah_CivlLine_D (Uttar Pradesh),SikandraRao_JydevNGR_D (Uttar Pradesh) -> Etah_CivlLine_D (Uttar Pradesh)
IND742202AAA,IND712311AAA,2,2.9034383777277077,1.0,1.0,110.13614617735124,110.13614617735124,522.5,180.0,253.411,1.0,0.03318545869778359,1,0,0,Dhulian_RatanDPP_D (West Bengal),Kolkata_Dankuni_HB (West Bengal),Dhulian_RatanDPP_D (West Bengal) -> Kolkata_Dankuni_HB (West Bengal)
IND641062AAD,IND641001AAA,3,3.888888888888889,1.0,1.0,109.50000000000001,109.50000000000001,105.0,27.0,32.0921,0.0,0.032993779549502444,1,0,0,Coimbatore_Karayam_H (Tamil Nadu),Coimbatore_Ukkadam_D (Tamil Nadu),Coimbatore_Karayam_H (Tamil Nadu) -> Coimbatore_Ukkadam_D (Tamil Nadu)
IND411033AAA,IND416012AAA,13,1.6363636363636365,0.07692307692307693,1.0,109.44646464646468,109.44646464646468,360.0,220.0,249.2718,1.0,0.032977648648565006,1,0,0,Pune_Tathawde_H (Maharashtra),Kolhapur_Shivaji_I (Maharashtra),Pune_Tathawde_H (Maharashtra) -> Kolhapur_Shivaji_I (Maharashtra)
IND504215AAA,IND505001AAB,15,1.9491525423728813,0.4,1.0,108.88700564971751,108.88700564971751,115.0,59.0,65.1652,1.0,0.032809076348969915,1,0,0,Luxettipet_ShivaDPP_D (Telangana),Karimnagar_KamnHbRD_I (Telangana),Luxettipet_ShivaDPP_D (Telangana) -> Karimnagar_KamnHbRD_I (Telangana)
IND606801AAB,IND632006AAA,13,2.314814814814815,0.23076923076923078,1.0,108.85219780219785,108.85219780219785,130.0,55.0,64.4629,1.0,0.032798588290087215,1,0,0,Chetpet_Blmrgnst_D (Tamil Nadu),Vellore_GndhiNgr_IP (Tamil Nadu),Chetpet_Blmrgnst_D (Tamil Nadu) -> Vellore_GndhiNgr_IP (Tamil Nadu)
IND600116AAB,IND602024AAA,10,2.6315789473684212,0.4,1.0,108.83333333333337,108.83333333333337,50.0,18.0,21.980150000000002,0.0,0.032792904179338056,1,0,0,Chennai_Porur_DPC (Tamil Nadu),Chennai_Vepmpttu_DC (Tamil Nadu),Chennai_Porur_DPC (Tamil Nadu) -> Chennai_Vepmpttu_DC (Tamil Nadu)
IND721253AAC,IND721306AAA,11,2.515151515151515,0.5454545454545454,1.0,108.61122448979602,108.61122448979602,94.0,42.0,52.5072,1.0,0.03272597988509453,1,1,0,ChandroknaRD_Central_DPP_3 (West Bengal),Kharagpur_DC (West Bengal),ChandroknaRD_Central_DPP_3 (West Bengal) -> Kharagpur_DC (West Bengal)
IND713205AAB,IND722202AAA,4,3.1527777777777777,0.5,1.0,108.10104166666669,108.10104166666669,59.0,18.5,17.4869,0.0,0.032572255139923095,1,0,0,Durgapur_Central_I_1 (West Bengal),Barjora_Central_DPP_1 (West Bengal),Durgapur_Central_I_1 (West Bengal) -> Barjora_Central_DPP_1 (West Bengal)
IND811201AAB,IND813213AAA,2,4.46,1.0,1.0,108.0,108.0,111.5,25.0,33.0285,1.0,0.03254180996663254,1,0,0,Munger_Kaura_D (Bihar),Sultanganj_Wardno3_D (Bihar),Munger_Kaura_D (Bihar) -> Sultanganj_Wardno3_D (Bihar)
IND842001AAA,IND854326AAB,19,1.9019607843137254,0.15789473684210525,1.0,107.13175209231764,107.13175209231764,388.0,204.0,288.6933,1.0,0.032280195536857306,1,0,0,Muzaffrpur_Bbganj_I (Bihar),Purnia_Central_H_2 (Bihar),Muzaffrpur_Bbganj_I (Bihar) -> Purnia_Central_H_2 (Bihar)
IND600008AAA,IND600044AAC,14,2.080014224751067,0.2857142857142857,1.0,106.41621621621623,106.41621621621623,78.0,37.0,43.91465,0.0,0.03206459523589064,1,0,0,Chennai_Egmore_C (Tamil Nadu),Chennai_Chrompet_PC (Tamil Nadu),Chennai_Egmore_C (Tamil Nadu) -> Chennai_Chrompet_PC (Tamil Nadu)
IND509358AAA,IND509324AAA,9,1.7037037037037037,0.2222222222222222,1.0,106.22962962962964,106.22962962962964,45.0,27.0,37.0456,1.0,0.0320083742614182,1,0,0,Kadthal_GndhiDPP_D (Telangana),Kalwakurthy_VidyaNGR_D (Telangana),Kadthal_GndhiDPP_D (Telangana) -> Kalwakurthy_VidyaNGR_D (Telangana)
IND144001AAB,IND000000ACA,23,2.358490566037736,0.34782608695652173,1.0,106.20000000000005,106.20000000000005,122.0,53.0,75.6466,1.0,0.03199944646718868,1,0,0,Jalandhar_DPC (Punjab),Ludhiana_MilrGanj_HB (Punjab),Jalandhar_DPC (Punjab) -> Ludhiana_MilrGanj_HB (Punjab)
IND600044AAD,IND600048AAA,14,4.132575757575758,0.6428571428571429,0.9285714285714286,106.11034965034968,106.11034965034968,45.0,11.0,12.687850000000001,0.0,0.031972433646431604,1,1,0,Chennai_Chrompet_DPC (Tamil Nadu),Chennai_Vandalur_Dc (Tamil Nadu),Chennai_Chrompet_DPC (Tamil Nadu) -> Chennai_Vandalur_Dc (Tamil Nadu)
IND802158AAB,IND821115AAB,11,2.408450704225352,0.09090909090909091,1.0,105.67183098591553,105.67183098591553,167.0,71.0,86.5783,1.0,0.031840302247868296,1,0,0,Jagdishpur_Wardno13_D (Bihar),Sasaram_Central_I_2 (Bihar),Jagdishpur_Wardno13_D (Bihar) -> Sasaram_Central_I_2 (Bihar)
IND000000AAQ,IND700028AAB,2,6.071428571428571,1.0,1.0,105.60000000000002,105.60000000000002,85.0,14.0,13.90065,0.0,0.031818658634040715,1,0,0,Barasat_KrshnNgr_D (West Bengal),CCU_DumDum_DPC (West Bengal),Barasat_KrshnNgr_D (West Bengal) -> CCU_DumDum_DPC (West Bengal)
IND400072AAJ,IND400037AAA,2,9.0,1.0,1.0,105.60000000000001,105.60000000000001,108.0,12.0,13.96195,0.0,0.03181865863404071,1,0,0,Mumbai_Tejpal_I (Maharashtra),Mumbai Antop Hill (Maharashtra),Mumbai_Tejpal_I (Maharashtra) -> Mumbai Antop Hill (Maharashtra)
IND785001AAA,IND798601AAA,1,4.135135135135135,1.0,1.0,105.51666666666668,105.51666666666668,306.0,74.0,103.5959,0.0,0.03179354921277017,1,0,0,Jorhat_RicMilRd_D (Assam),Mokokchung_Central_D_1 (Nagaland),Jorhat_RicMilRd_D (Assam) -> Mokokchung_Central_D_1 (Nagaland)
IND584101AAA,IND518002AAA,1,3.802197802197802,1.0,1.0,105.26666666666665,105.26666666666665,346.0,91.0,100.1564,1.0,0.0317182209489585,1,0,0,Raichur_LSRoad_DC (Karnataka),Kurnool_AbbasNgr_I (Andhra Pradesh),Raichur_LSRoad_DC (Karnataka) -> Kurnool_AbbasNgr_I (Andhra Pradesh)
IND583231AAA,IND583201AAA,15,2.409090909090909,0.4,1.0,104.72651515151519,104.72651515151519,53.0,22.0,30.2552,0.0,0.031555466245632144,1,0,0,Koppal_Banikatt_D (Karnataka),Hospet (Karnataka),Koppal_Banikatt_D (Karnataka) -> Hospet (Karnataka)
IND530012AAA,IND530043AAA,13,2.888888888888889,0.46153846153846156,1.0,104.2833333333333,104.2833333333333,52.0,18.0,21.653,0.0,0.03142192977796601,1,0,0,Visakhapatnam_Gajuwaka_IP (Andhra Pradesh),Visakhapatnam_VislkNgr_DC (Andhra Pradesh),Visakhapatnam_Gajuwaka_IP (Andhra Pradesh) -> Visakhapatnam_VislkNgr_DC (Andhra Pradesh)
IND562114AAA,IND560067AAC,8,3.6222222222222222,0.625,1.0,103.08888888888887,103.08888888888887,35.5,10.0,11.4293,0.0,0.031062028073088135,1,1,0,Hoskote_DC (Karnataka),Bengaluru_Kadugodi_D (Karnataka),Hoskote_DC (Karnataka) -> Bengaluru_Kadugodi_D (Karnataka)
IND560099AAB,IND560078AAC,28,1.7863636363636364,0.32142857142857145,0.8571428571428571,103.03961538461539,103.03961538461539,39.5,22.0,20.3536,0.0,0.031047181322972787,1,0,0,Bengaluru_Bomsndra_HB (Karnataka),BLR_JPNagar_Pc (Karnataka),Bengaluru_Bomsndra_HB (Karnataka) -> BLR_JPNagar_Pc (Karnataka)
IND202001AAB,IND282002AAD,10,2.0675675675675675,0.5,1.0,102.84245129870135,102.84245129870135,155.5,74.0,92.1499,1.0,0.030987773209861125,1,0,0,Aligarh_KhirByps_I (Uttar Pradesh),IND282002AAD,Aligarh_KhirByps_I (Uttar Pradesh) -> IND282002AAD
IND854311AAA,IND854326AAB,1,6.34375,1.0,1.0,102.75833333333334,102.75833333333334,203.0,32.0,45.026,1.0,0.030962427368714962,1,0,0,Araria_Wardn13_D (Bihar),Purnia_Central_H_2 (Bihar),Araria_Wardn13_D (Bihar) -> Purnia_Central_H_2 (Bihar)
IND395023AAA,IND382430AAB,21,1.7967914438502675,0.047619047619047616,1.0,102.19518716577545,102.19518716577545,336.0,187.0,260.0098,1.0,0.030792744076417685,1,0,0,Surat_HUB (Gujarat),Ahmedabad_East_H_1 (Gujarat),Surat_HUB (Gujarat) -> Ahmedabad_East_H_1 (Gujarat)
IND362001AAA,IND362220AAA,14,2.1291666666666664,0.35714285714285715,1.0,101.8388888888889,101.8388888888889,51.5,24.0,35.029399999999995,0.0,0.0306853867540299,1,0,0,Junagadh_DPC (Gujarat),Junagadh_keshod_DC (Gujarat),Junagadh_DPC (Gujarat) -> Junagadh_keshod_DC (Gujarat)
IND591307AAC,IND580028AAA,4,2.624854045037531,0.5,1.0,101.83197903014423,101.83197903014423,287.5,109.5,125.1754,1.0,0.03068330472338022,1,0,0,Gokak_Bsavangr_D (Karnataka),Hubli_Adargchi_IP (Karnataka),Gokak_Bsavangr_D (Karnataka) -> Hubli_Adargchi_IP (Karnataka)
IND627005AAA,IND628801AAA,17,1.6136363636363635,0.23529411764705882,1.0,101.4197954234548,101.4197954234548,70.0,44.0,45.8494,0.0,0.030559108421526066,1,0,0,Tirunelveli_VdkkuSrt_I (Tamil Nadu),Eral_Busstand_D (Tamil Nadu),Tirunelveli_VdkkuSrt_I (Tamil Nadu) -> Eral_Busstand_D (Tamil Nadu)
IND713148AAA,IND713128AAB,17,2.638888888888889,0.23529411764705882,1.0,101.3981481481481,101.3981481481481,95.0,35.0,41.0168,1.0,0.03055258581486564,1,0,0,Panagarh_Central_D_1 (West Bengal),Guskhara_Itachnda_D (West Bengal),Panagarh_Central_D_1 (West Bengal) -> Guskhara_Itachnda_D (West Bengal)
IND629179AAA,IND627005AAA,11,2.0416666666666665,0.18181818181818182,1.0,101.0714843750001,101.0714843750001,196.0,95.0,109.6053,1.0,0.030454157755340033,1,0,0,Marthandam_Nallur_D (Tamil Nadu),Tirunelveli_VdkkuSrt_I (Tamil Nadu),Marthandam_Nallur_D (Tamil Nadu) -> Tirunelveli_VdkkuSrt_I (Tamil Nadu)
IND380005AAA,IND382421AAA,7,2.7,0.42857142857142855,1.0,101.03249999999998,101.03249999999998,27.0,9.0,10.6746,0.0,0.03044241125420187,1,0,0,Amd_Chandkheda_Dc (Gujarat),Gandhinagar_DC (Gujarat),Amd_Chandkheda_Dc (Gujarat) -> Gandhinagar_DC (Gujarat)
IND562132AAA,IND751002AAB,15,2.0736137667304013,0.06666666666666667,1.0,100.25188392756718,100.25188392756718,2169.0,1047.0,1416.6986000000002,1.0,0.030207201440442543,1,0,0,Bangalore_Nelmngla_H (Karnataka),Bhubaneshwar_Hub (Orissa),Bangalore_Nelmngla_H (Karnataka) -> Bhubaneshwar_Hub (Orissa)
IND600016AAC,IND600119AAA,11,1.894736842105263,0.36363636363636365,0.8181818181818182,99.94971590909091,99.94971590909091,47.0,22.0,23.887400000000003,0.0,0.03011615427159765,1,0,0,Chennai_Perungudi_DPC (Tamil Nadu),Chennai_Sholinganallur_Dc (Tamil Nadu),Chennai_Perungudi_DPC (Tamil Nadu) -> Chennai_Sholinganallur_Dc (Tamil Nadu)
IND211002AAB,IND211013AAA,7,5.071428571428571,1.0,1.0,99.87708333333339,99.87708333333339,74.0,15.0,20.5758,0.0,0.03009426912828572,1,1,0,Allahabad_Central_H_1 (Uttar Pradesh),Allahabad_Phaphamu_DC (Uttar Pradesh),Allahabad_Central_H_1 (Uttar Pradesh) -> Allahabad_Phaphamu_DC (Uttar Pradesh)
IND332713AAA,IND332709AAA,6,2.9170673076923075,0.5,1.0,99.67867867867866,99.67867867867866,103.5,34.5,34.84695000000001,1.0,0.030034487215616558,1,0,0,NeemKaThana_War5DPP_D (Rajasthan),Khandela_PlsrdDPP_D (Rajasthan),NeemKaThana_War5DPP_D (Rajasthan) -> Khandela_PlsrdDPP_D (Rajasthan)
IND600056AAB,IND632006AAA,13,1.7142857142857142,0.07692307692307693,1.0,99.67063492063497,99.67063492063497,144.0,84.0,107.3825,1.0,0.030032063526304748,1,0,0,MAA_Poonamallee_HB (Tamil Nadu),Vellore_GndhiNgr_IP (Tamil Nadu),MAA_Poonamallee_HB (Tamil Nadu) -> Vellore_GndhiNgr_IP (Tamil Nadu)
IND174101AAB,IND160002AAC,11,2.5064935064935066,0.36363636363636365,1.0,99.54271616541382,99.54271616541382,193.0,77.0,93.2949,1.0,0.02999351993534572,1,0,0,Nalagarh_Central_DPP_2 (Himachal Pradesh),Chandigarh_Mehmdpur_H (Punjab),Nalagarh_Central_DPP_2 (Himachal Pradesh) -> Chandigarh_Mehmdpur_H (Punjab)
IND458001AAB,IND458990AAA,11,1.5185185185185186,0.36363636363636365,1.0,99.21075036075038,99.21075036075038,41.0,28.0,31.0757,1.0,0.029893494304505188,1,0,0,Mandsaur_YashDPP_D (Madhya Pradesh),Sitamau_Central_DPP_1 (Madhya Pradesh),Mandsaur_YashDPP_D (Madhya Pradesh) -> Sitamau_Central_DPP_1 (Madhya Pradesh)
IND814112AAA,IND814133AAB,7,2.4,0.42857142857142855,1.0,99.10736407133541,99.10736407133541,132.0,55.0,78.8509,1.0,0.029862342665770952,1,0,0,Deoghar_Barmasia_D (Jharkhand),Godda_Central_D_2 (Jharkhand),Deoghar_Barmasia_D (Jharkhand) -> Godda_Central_D_2 (Jharkhand)
IND781005AAA,IND781018AAB,10,1.3333333333333333,0.3,0.7,98.93977272727275,98.93977272727275,48.0,36.0,35.461650000000006,0.0,0.02981184520585855,1,0,0,Guwahati_North (Assam),Guwahati_Hub (Assam),Guwahati_North (Assam) -> Guwahati_Hub (Assam)
IND302014AAB,IND302023AAA,19,2.736842105263158,0.42105263157894735,1.0,98.65634674922599,98.65634674922599,61.0,23.0,25.4572,0.0,0.029726445258477025,1,0,0,Jaipur_Central_I_7 (Rajasthan),Ambabadi_DC (Rajasthan),Jaipur_Central_I_7 (Rajasthan) -> Ambabadi_DC (Rajasthan)
IND124001AAB,IND126102AAA,4,2.520348837209302,0.5,1.0,98.23961038961039,98.23961038961039,109.5,43.5,60.50635,1.0,0.0296008771527289,1,0,0,Rohtak (Haryana),Jind_DC (Haryana),Rohtak (Haryana) -> Jind_DC (Haryana)
IND263139AAA,IND263153AAB,6,1.3617886178861789,0.16666666666666666,0.6666666666666666,98.21396895787139,98.21396895787139,56.5,41.5,35.6109,1.0,0.029593151054590726,1,0,0,Haldwani_PiliKoti_D (Uttarakhand),Rudrapur_UdhamNgr_H (Uttarakhand),Haldwani_PiliKoti_D (Uttarakhand) -> Rudrapur_UdhamNgr_H (Uttarakhand)
IND781018AAB,IND781003AAA,7,1.951219512195122,0.14285714285714285,0.5714285714285714,98.15833333333333,98.15833333333333,80.0,41.0,32.715,0.0,0.029576387314580614,1,0,0,Guwahati_Hub (Assam),Guwahati_Chandmari (Assam),Guwahati_Hub (Assam) -> Guwahati_Chandmari (Assam)
IND462022AAA,IND462011AAA,30,2.439102564102564,0.26666666666666666,1.0,98.01458333333333,98.01458333333333,28.5,12.0,12.66095,0.0,0.029533073562888916,1,0,1,Bhopal_Trnsport_H (Madhya Pradesh),Bhopal MP Nagar (Madhya Pradesh),Bhopal_Trnsport_H (Madhya Pradesh) -> Bhopal MP Nagar (Madhya Pradesh)
IND421302AAR,IND421301AAA,17,4.0,0.4117647058823529,1.0,97.85909090909092,97.85909090909092,43.0,10.0,12.8431,0.0,0.029486221665472732,1,0,0,Mumbai_East_I_21 (Maharashtra),Mumbai_Kalyan West _Dc (Maharashtra),Mumbai_East_I_21 (Maharashtra) -> Mumbai_Kalyan West _Dc (Maharashtra)
IND110037AAM,IND201301AAD,3,4.5675675675675675,0.6666666666666666,1.0,97.67702702702704,97.67702702702704,169.0,37.0,32.6532,0.0,0.029431363440918006,1,0,0,Delhi_Airport_H (Delhi),NOI_RPC (Delhi),Delhi_Airport_H (Delhi) -> NOI_RPC (Delhi)
IND413401AAA,IND411033AAA,19,2.134831460674157,0.10526315789473684,1.0,97.63529411764705,97.63529411764705,374.0,175.0,237.8504,1.0,0.029418788770488393,1,0,0,Barshi_Kurduwdi_D (Maharashtra),Pune_Tathawde_H (Maharashtra),Barshi_Kurduwdi_D (Maharashtra) -> Pune_Tathawde_H (Maharashtra)
IND462022AAA,IND466001AAA,14,2.8488372093023253,0.5,1.0,97.18246869409671,97.18246869409671,122.5,43.0,49.6907,1.0,0.02928234655862511,1,0,0,Bhopal_Trnsport_H (Madhya Pradesh),Sehore_Mangalam_D (Madhya Pradesh),Bhopal_Trnsport_H (Madhya Pradesh) -> Sehore_Mangalam_D (Madhya Pradesh)
IND723130AAA,IND723101AAA,15,2.0476190476190474,0.4666666666666667,1.0,97.0491228070176,97.0491228070176,43.0,21.0,30.532,1.0,0.02924216770198473,1,0,0,Hura_Central_D_1 (West Bengal),Purulia_GariDPP_D (West Bengal),Hura_Central_D_1 (West Bengal) -> Purulia_GariDPP_D (West Bengal)
IND713205AAB,IND722101AAC,5,2.607843137254902,0.4,1.0,96.93464052287584,96.93464052287584,133.0,51.0,53.2499,0.0,0.029207672695178367,1,0,0,Durgapur_Central_I_1 (West Bengal),Bankura_BhowmDPP_D (West Bengal),Durgapur_Central_I_1 (West Bengal) -> Bankura_BhowmDPP_D (West Bengal)
IND000000AFT,IND410206AAA,2,6.187179487179487,1.0,1.0,96.87555555555556,96.87555555555556,83.5,14.0,18.41255,0.0,0.02918986962315595,1,0,0,Mumbai_Sanpada_I (Maharashtra),Jasai_JNPT_D (Maharashtra),Mumbai_Sanpada_I (Maharashtra) -> Jasai_JNPT_D (Maharashtra)
IND302014AAB,IND303303AAA,3,3.0,0.6666666666666666,1.0,96.75000000000003,96.75000000000003,159.0,53.0,71.5093,0.0,0.029152038095108333,1,0,0,Jaipur_Central_I_7 (Rajasthan),Dausa_IndraCln_D (Rajasthan),Jaipur_Central_I_7 (Rajasthan) -> Dausa_IndraCln_D (Rajasthan)
IND342902AAA,IND302014AAA,5,2.3870967741935485,0.4,1.0,96.6451612903225,96.6451612903225,458.0,186.0,244.4337,1.0,0.029120448823187282,1,0,0,Gotan_DKLogDPP_D (Rajasthan),Jaipur_Hub (Rajasthan),Gotan_DKLogDPP_D (Rajasthan) -> Jaipur_Hub (Rajasthan)
IND505326AAB,IND505001AAB,1,4.389830508474576,1.0,1.0,96.275,96.275,259.0,59.0,63.4686,1.0,0.029008914393866186,1,0,0,IND505326AAB,Karimnagar_KamnHbRD_I (Telangana),IND505326AAB -> Karimnagar_KamnHbRD_I (Telangana)
IND764001AAC,IND764059AAA,7,2.533333333333333,0.42857142857142855,1.0,96.1688888888889,96.1688888888889,76.0,31.0,44.0106,0.0,0.02897694173078169,1,0,0,Jeypore_Kelasahi_D (Orissa),Nabarangpr_PhdofDPP_D (Orissa),Jeypore_Kelasahi_D (Orissa) -> Nabarangpr_PhdofDPP_D (Orissa)
IND560058AAB,IND560060AAB,44,1.3529411764705883,0.22727272727272727,0.6590909090909091,95.96979332273447,95.96979332273447,22.5,17.0,16.749200000000002,0.0,0.02891695163745765,1,0,1,Bengaluru_Peenya_IP (Karnataka),Bengaluru_Kengeri_IP (Karnataka),Bengaluru_Peenya_IP (Karnataka) -> Bengaluru_Kengeri_IP (Karnataka)
IND224001AAA,IND224141AAB,13,3.15,0.5384615384615384,1.0,95.71882716049375,95.71882716049375,78.0,24.0,33.9283,0.15384615384615385,0.028841332256349383,1,1,0,Faizabad_TrnspNgr_D (Uttar Pradesh),Gosainganj_Pakrela_D (Uttar Pradesh),Faizabad_TrnspNgr_D (Uttar Pradesh) -> Gosainganj_Pakrela_D (Uttar Pradesh)
IND131028AAB,IND160002AAC,30,1.7595419847328244,0.06666666666666667,1.0,95.30066486087179,95.30066486087179,230.5,130.0,181.91680000000002,1.0,0.028715334496261347,1,0,1,Sonipat_Kundli_H (Haryana),Chandigarh_Mehmdpur_H (Punjab),Sonipat_Kundli_H (Haryana) -> Chandigarh_Mehmdpur_H (Punjab)
IND423701AAB,IND422011AAD,18,2.2550154320987654,0.16666666666666666,1.0,95.12192513368996,95.12192513368996,180.0,79.0,110.30085,0.0,0.028661477882970243,1,0,0,Vaijiapur_YeolaRD_D (Maharashtra),Nashik_TgrniaRD_I (Maharashtra),Vaijiapur_YeolaRD_D (Maharashtra) -> Nashik_TgrniaRD_I (Maharashtra)
IND515401AAB,IND515801AAA,18,2.4347826086956523,0.2777777777777778,1.0,95.0087719298246,95.0087719298246,51.5,22.0,30.4481,1.0,0.028627383345402633,1,0,0,Gooty_StatonRd_D (Andhra Pradesh),Guntakal_Verpatem_D (Andhra Pradesh),Gooty_StatonRd_D (Andhra Pradesh) -> Guntakal_Verpatem_D (Andhra Pradesh)
IND742102AAB,IND731237AAB,11,2.838709677419355,0.45454545454545453,1.0,94.72413793103448,94.72413793103448,87.0,30.0,42.2272,0.0,0.028541619405600124,1,0,0,Berhampore_Central_I_2 (West Bengal),Morgram_Kntgorya_D (West Bengal),Berhampore_Central_I_2 (West Bengal) -> Morgram_Kntgorya_D (West Bengal)
IND261001AAA,IND262701AAA,20,2.4141843971631207,0.4,1.0,94.61326987681966,94.61326987681966,111.0,46.0,50.95265,1.0,0.02850821341345541,1,0,0,Sitapur_Chowk_D (Uttar Pradesh),Lakhimpur_Maheva_D (Uttar Pradesh),Sitapur_Chowk_D (Uttar Pradesh) -> Lakhimpur_Maheva_D (Uttar Pradesh)
IND396191AAC,IND421302AAG,8,2.609936507936508,0.375,1.0,94.4372923076923,94.4372923076923,327.5,126.0,163.11380000000003,1.0,0.028455189074446777,1,0,0,Vapi_IndEstat_I (Gujarat),Bhiwandi_Mankoli_HB (Maharashtra),Vapi_IndEstat_I (Gujarat) -> Bhiwandi_Mankoli_HB (Maharashtra)
IND560099AAB,IND560077AAA,1,4.65,1.0,1.0,94.0,94.0,186.0,40.0,34.6252,0.0,0.02832342719318018,1,0,0,Bengaluru_Bomsndra_HB (Karnataka),Bengaluru_ Kothanur_L (Karnataka),Bengaluru_Bomsndra_HB (Karnataka) -> Bengaluru_ Kothanur_L (Karnataka)
IND121004AAC,IND121004AAB,6,4.095588235294118,0.3333333333333333,1.0,93.64437500000003,93.64437500000003,61.5,12.5,16.565800000000003,0.0,0.02821627273790811,1,0,0,Faridabad_MohnVRTL_D (Haryana),FBD_Balabhgarh_DPC (Haryana),Faridabad_MohnVRTL_D (Haryana) -> FBD_Balabhgarh_DPC (Haryana)
IND560064AAD,IND560043AAC,41,2.466666666666667,0.14634146341463414,1.0,93.3878787878788,93.3878787878788,36.0,15.0,13.9561,0.0,0.028138987080574687,1,0,1,Bengaluru_Bagaluru_D (Karnataka),HBR Layout PC (Karnataka),Bengaluru_Bagaluru_D (Karnataka) -> HBR Layout PC (Karnataka)
IND400072AAC,IND400011AAA,17,3.35,0.5882352941176471,1.0,92.99783737024228,92.99783737024228,56.0,17.0,18.637,0.0,0.028021462509353917,1,1,0,BOM_Sakinaka_RP (Maharashtra),LowerParel_CP (Maharashtra),BOM_Sakinaka_RP (Maharashtra) -> LowerParel_CP (Maharashtra)
IND562132AAA,IND302014AAA,14,1.9447489506362587,0.07142857142857142,1.0,92.85416666666652,92.85416666666652,2656.0,1366.0,1854.67585,1.0,0.02797817265071007,1,0,0,Bangalore_Nelmngla_H (Karnataka),Jaipur_Hub (Rajasthan),Bangalore_Nelmngla_H (Karnataka) -> Jaipur_Hub (Rajasthan)
IND562125AAA,IND000000ACS,1,7.125,1.0,1.0,92.22500000000001,92.22500000000001,171.0,24.0,16.7946,0.0,0.027788596520117465,1,0,0,Bengaluru_Sarjapur_D (Karnataka),BLR_HSR_Layout_PC (Karnataka),Bengaluru_Sarjapur_D (Karnataka) -> BLR_HSR_Layout_PC (Karnataka)
IND783370AAC,IND783301AAA,8,2.65625,0.375,1.0,91.92307692307696,91.92307692307696,127.5,48.0,67.64439999999999,1.0,0.027697623155360333,1,0,0,Kokrajhar_PigonDPP_D (Assam),Dhubri_Tetultol_D (Assam),Kokrajhar_PigonDPP_D (Assam) -> Dhubri_Tetultol_D (Assam)
IND600056AAB,IND605601AAA,6,1.3458093763821317,0.16666666666666666,1.0,91.89805144545858,91.89805144545858,181.0,135.0,152.96405,1.0,0.027690082652240135,1,0,0,MAA_Poonamallee_HB (Tamil Nadu),Villupuram_Thirumtr_IP (Tamil Nadu),MAA_Poonamallee_HB (Tamil Nadu) -> Villupuram_Thirumtr_IP (Tamil Nadu)
IND834002AAB,IND826004AAA,21,2.4206349206349205,0.14285714285714285,1.0,91.80921052631606,91.80921052631606,305.0,126.0,168.6713,0.0,0.027663313723462382,1,0,0,Ranchi_Hub (Jharkhand),Dhanbad_Kalynpur_I (Jharkhand),Ranchi_Hub (Jharkhand) -> Dhanbad_Kalynpur_I (Jharkhand)
IND000000ACB,IND124112AAA,7,2.157303370786517,0.2857142857142857,1.0,91.16208791208797,91.16208791208797,192.0,90.0,112.5815,1.0,0.027468327231450155,1,0,0,Gurgaon_Bilaspur_HB (Haryana),Meham_GModDPP_D (Haryana),Gurgaon_Bilaspur_HB (Haryana) -> Meham_GModDPP_D (Haryana)
IND700053AAA,IND700144AAA,5,2.3157894736842106,0.6,1.0,91.10000000000002,91.10000000000002,88.0,38.0,29.3944,1.0,0.02744961933296505,1,1,0,CCU_New Alipore_DPC (West Bengal),Baruipur_Bnsibtla_D (West Bengal),CCU_New Alipore_DPC (West Bengal) -> Baruipur_Bnsibtla_D (West Bengal)
IND841101AAA,IND841207AAB,3,2.611111111111111,0.6666666666666666,1.0,90.96666666666667,90.96666666666667,47.0,15.0,22.268,1.0,0.027409444258932162,1,0,0,Sonepur_Sabalpur_D (Bihar),Dighwara_SadarHPL_D (Bihar),Sonepur_Sabalpur_D (Bihar) -> Dighwara_SadarHPL_D (Bihar)
IND814133AAB,IND816109AAA,13,2.4375,0.15384615384615385,1.0,90.850830078125,90.850830078125,156.0,64.0,90.0153,1.0,0.02737454118252933,1,0,0,Godda_Central_D_2 (Jharkhand),Sahebganj_BaraLoha_D (Jharkhand),Godda_Central_D_2 (Jharkhand) -> Sahebganj_BaraLoha_D (Jharkhand)
IND505001AAB,IND505184AAC,3,2.5714285714285716,0.6666666666666666,1.0,90.76935483870972,90.76935483870972,162.0,63.0,69.744,1.0,0.027349991629214164,1,0,0,Karimnagar_KamnHbRD_I (Telangana),Manthani_Chaitnya_D (Telangana),Karimnagar_KamnHbRD_I (Telangana) -> Manthani_Chaitnya_D (Telangana)
IND700136AAB,IND712311AAA,1,5.535714285714286,1.0,1.0,90.60000000000001,90.60000000000001,155.0,28.0,29.8727,0.0,0.027298962805341744,1,0,0,CCU_Hub (West Bengal),Kolkata_Dankuni_HB (West Bengal),CCU_Hub (West Bengal) -> Kolkata_Dankuni_HB (West Bengal)
IND586128AAA,IND585104AAA,4,3.0410958904109586,0.75,1.0,90.43089802130908,90.43089802130908,222.0,73.0,92.7846,0.0,0.027248010171494138,1,0,0,Sindagi_KalyanNg_D (Karnataka),Gulbarga_Nehrugnj_I (Karnataka),Sindagi_KalyanNg_D (Karnataka) -> Gulbarga_Nehrugnj_I (Karnataka)
IND495677AAA,IND496001AAA,7,2.18018018018018,0.2857142857142857,1.0,90.20720720720726,90.20720720720726,242.0,111.0,132.0614,1.0,0.027180609208866523,1,0,0,Korba_Tilknagr_DC (Chhattisgarh),Raigarh_MithmdRd_D (Chhattisgarh),Korba_Tilknagr_DC (Chhattisgarh) -> Raigarh_MithmdRd_D (Chhattisgarh)
IND451666AAA,IND424006AAA,8,2.607347184582957,0.375,1.0,89.95640243902443,89.95640243902443,212.5,79.0,111.6546,1.0,0.027105038457894935,1,0,0,Sendhwa_VishnuVhr_D (Madhya Pradesh),Dhule_MIDCAvdn_I (Maharashtra),Sendhwa_VishnuVhr_D (Madhya Pradesh) -> Dhule_MIDCAvdn_I (Maharashtra)
IND277201AAA,IND221706AAA,7,2.4909090909090907,0.42857142857142855,1.0,89.8840909090909,89.8840909090909,142.0,58.0,82.2199,1.0,0.02708325004988111,1,0,0,Bariya_BgnprDPP_D (Uttar Pradesh),Ratanpura_MubarDPP_D (Uttar Pradesh),Bariya_BgnprDPP_D (Uttar Pradesh) -> Ratanpura_MubarDPP_D (Uttar Pradesh)
IND395023AAA,IND390022AAA,8,1.735854045478583,0.125,1.0,89.86675751535614,89.86675751535614,213.5,122.5,169.30975,1.0,0.0270780272720571,1,0,0,Surat_HUB (Gujarat),Vadodara_Karelibaug_DPC (Gujarat),Surat_HUB (Gujarat) -> Vadodara_Karelibaug_DPC (Gujarat)
IND742148AAA,IND742225AAA,16,3.5,0.4375,1.0,89.77053571428573,89.77053571428573,49.0,14.0,20.6788,0.0,0.02704903438719524,1,0,0,Lalgola_KrsprDPP_D (West Bengal),Ragunthgnj_GopalDPP_D (West Bengal),Lalgola_KrsprDPP_D (West Bengal) -> Ragunthgnj_GopalDPP_D (West Bengal)
IND571313AAB,IND571440AAA,10,1.380851063829787,0.2,0.9,89.57925925925926,89.57925925925926,63.5,45.5,40.9519,1.0,0.026991400294134476,1,0,0,Chamarjngr_BrDbleRd_D (Karnataka),Kollegala_NarsipuraRd_D (Karnataka),Chamarjngr_BrDbleRd_D (Karnataka) -> Kollegala_NarsipuraRd_D (Karnataka)
IND211002AAB,IND485001AAC,13,2.473684210526316,0.15384615384615385,1.0,89.54999999999995,89.54999999999995,329.0,133.0,185.3955,1.0,0.026982584097332805,1,0,0,Allahabad_Central_H_1 (Uttar Pradesh),Satna_Central_I_2 (Madhya Pradesh),Allahabad_Central_H_1 (Uttar Pradesh) -> Satna_Central_I_2 (Madhya Pradesh)
IND000000ACA,IND142401AAA,12,1.9210526315789473,0.16666666666666666,0.9166666666666666,89.02272727272728,89.02272727272728,40.0,19.5,27.6177,1.0,0.026823709940930068,1,0,0,Ludhiana_MilrGanj_HB (Punjab),Khanna_DC (Punjab),Ludhiana_MilrGanj_HB (Punjab) -> Khanna_DC (Punjab)
IND274001AAA,IND274509AAB,13,1.875,0.3076923076923077,1.0,88.96153846153847,88.96153846153847,46.0,24.0,29.2588,1.0,0.026805272953283863,1,0,0,Deoria_CCRoad_D (Uttar Pradesh),Salempur_Banjaria_D (Uttar Pradesh),Deoria_CCRoad_D (Uttar Pradesh) -> Salempur_Banjaria_D (Uttar Pradesh)
IND209304AAA,IND221313AAA,6,2.0562770562770565,0.16666666666666666,1.0,88.47503607503609,88.47503607503609,475.0,231.0,326.2649,1.0,0.026658683432822065,1,0,0,Kanpur_Central_H_6 (Uttar Pradesh),Varanasi_Central_H_4 (Uttar Pradesh),Kanpur_Central_H_6 (Uttar Pradesh) -> Varanasi_Central_H_4 (Uttar Pradesh)
IND302014AAB,IND302020AAA,18,2.041666666666667,0.3888888888888889,1.0,87.72453703703707,87.72453703703707,24.0,12.0,13.3612,0.0,0.02643254827472295,1,0,0,Jaipur_Central_I_7 (Rajasthan),Jaipur_VarunCly_DC (Rajasthan),Jaipur_Central_I_7 (Rajasthan) -> Jaipur_VarunCly_DC (Rajasthan)
IND751014AAA,IND751002AAB,5,3.0,0.6,1.0,87.54285714285714,87.54285714285714,21.0,7.0,10.7171,0.0,0.026377805750730718,1,1,0,Bhubaneswar_BjbNgr_DC (Orissa),Bhubaneshwar_Hub (Orissa),Bhubaneswar_BjbNgr_DC (Orissa) -> Bhubaneshwar_Hub (Orissa)
IND533401AAA,IND533106AAA,17,2.2739726027397262,0.29411764705882354,1.0,87.28630136986308,87.28630136986308,158.0,68.0,92.659,1.0,0.026300502146928726,1,0,0,Tuni_Eaglvari_D (Andhra Pradesh),Rajamundry_AtoNgrRd_I (Andhra Pradesh),Tuni_Eaglvari_D (Andhra Pradesh) -> Rajamundry_AtoNgrRd_I (Andhra Pradesh)
IND000000ACB,IND201301AAF,9,1.425,0.3333333333333333,0.8888888888888888,87.27089285714283,87.27089285714283,114.0,78.0,75.2903,0.0,0.026295859360884178,1,0,0,Gurgaon_Bilaspur_HB (Haryana),Noida_Sec 02_DPC (Uttar Pradesh),Gurgaon_Bilaspur_HB (Haryana) -> Noida_Sec 02_DPC (Uttar Pradesh)
IND144001AAB,IND144401AAB,14,1.9444444444444444,0.5,0.8571428571428571,87.19687500000002,87.19687500000002,23.0,14.0,14.39735,0.0,0.02627355681420567,1,0,0,Jalandhar_DPC (Punjab),Phagwara_Lovely_D (Punjab),Jalandhar_DPC (Punjab) -> Phagwara_Lovely_D (Punjab)
IND261201AAB,IND261001AAA,19,2.6451612903225805,0.3157894736842105,1.0,87.09267676767678,87.09267676767678,87.0,32.0,37.2152,1.0,0.026242160526473064,1,0,0,Biswan_PatelNGR_D (Uttar Pradesh),Sitapur_Chowk_D (Uttar Pradesh),Biswan_PatelNGR_D (Uttar Pradesh) -> Sitapur_Chowk_D (Uttar Pradesh)
IND160102AAC,IND160002AAC,28,2.0702614379084965,0.21428571428571427,1.0,87.00283975659238,87.00283975659238,70.5,34.0,44.65575,0.0,0.026215091462189002,1,0,0,Chandigarh_Raiprvlg_L (Chandigarh),Chandigarh_Mehmdpur_H (Punjab),Chandigarh_Raiprvlg_L (Chandigarh) -> Chandigarh_Mehmdpur_H (Punjab)
IND721212AAA,IND712310AAE,10,2.3266666666666667,0.2,1.0,86.74890909090908,86.74890909090908,176.5,78.0,100.27135,0.0,0.026138578837491162,1,0,0,Ghatal_KrshDPP_D (West Bengal),Kolkata_North_I_4 (West Bengal),Ghatal_KrshDPP_D (West Bengal) -> Kolkata_North_I_4 (West Bengal)
IND784110AAA,IND781018AAB,1,3.3185840707964602,1.0,1.0,86.54166666666669,86.54166666666669,375.0,113.0,141.71679999999998,1.0,0.026076133989465972,1,0,0,Dhekiajuli_Wardno5_D (Assam),Guwahati_Hub (Assam),Dhekiajuli_Wardno5_D (Assam) -> Guwahati_Hub (Assam)
IND788026AAC,IND788151AAA,13,2.5454545454545454,0.3076923076923077,1.0,86.48636363636362,86.48636363636362,56.0,22.0,29.7473,1.0,0.026059470464440963,1,0,0,Silchar_Sirikona_H (Assam),Hailakandi_kalibari_D (Assam),Silchar_Sirikona_H (Assam) -> Hailakandi_kalibari_D (Assam)
IND273014AAB,IND273304AAA,2,3.0081967213114753,1.0,1.0,86.40000000000003,86.40000000000003,183.5,61.0,86.18065,0.0,0.026033447973306045,1,0,0,Gorakhpur_Matriprm_IP (Uttar Pradesh),Nichlaul_Wardno13_D (Uttar Pradesh),Gorakhpur_Matriprm_IP (Uttar Pradesh) -> Nichlaul_Wardno13_D (Uttar Pradesh)
IND411033AAA,IND410503AAA,3,2.6808510638297873,1.0,1.0,86.40000000000002,86.40000000000002,126.0,47.0,58.2686,0.0,0.02603344797330604,1,0,0,Pune_Tathawde_H (Maharashtra),Ambegaon_Manchar_D (Maharashtra),Pune_Tathawde_H (Maharashtra) -> Ambegaon_Manchar_D (Maharashtra)
IND451666AAA,IND421302AAG,2,2.525,1.0,1.0,86.13333333333344,86.13333333333344,707.0,280.0,395.46655,1.0,0.025953097825240305,1,0,0,Sendhwa_VishnuVhr_D (Madhya Pradesh),Bhiwandi_Mankoli_HB (Maharashtra),Sendhwa_VishnuVhr_D (Madhya Pradesh) -> Bhiwandi_Mankoli_HB (Maharashtra)
IND248197AAA,IND248122AAB,16,2.377068557919622,0.25,1.0,86.06612903225817,86.06612903225817,92.5,45.0,42.378750000000004,1.0,0.02593284829195761,1,0,0,Dehradun_Selakui_D (Uttarakhand),Mussoorie_BrlwgDPP_D (Uttarakhand),Dehradun_Selakui_D (Uttarakhand) -> Mussoorie_BrlwgDPP_D (Uttarakhand)
IND400064AAB,IND400072AAD,17,3.076923076923077,0.4117647058823529,1.0,86.03630252100842,86.03630252100842,41.0,14.0,13.2933,0.0,0.025923861174725598,1,0,0,Mumbai_MaladWest_CP (Maharashtra),Mumbai_Chndivli_PC (Maharashtra),Mumbai_MaladWest_CP (Maharashtra) -> Mumbai_Chndivli_PC (Maharashtra)
IND560099AAB,IND683511AAA,14,1.6381190659481653,0.07142857142857142,1.0,85.87792397660826,85.87792397660826,710.0,432.0,472.08050000000003,1.0,0.025876139651626873,1,0,0,Bengaluru_Bomsndra_HB (Karnataka),Aluva_Peedika_H (Kerala),Bengaluru_Bomsndra_HB (Karnataka) -> Aluva_Peedika_H (Kerala)
IND160002AAC,IND160102AAC,25,1.7647058823529411,0.36,1.0,85.66595769342229,85.66595769342229,60.0,35.0,44.638,0.0,0.025812271443230842,1,0,0,Chandigarh_Mehmdpur_H (Punjab),Chandigarh_Raiprvlg_L (Chandigarh),Chandigarh_Mehmdpur_H (Punjab) -> Chandigarh_Raiprvlg_L (Chandigarh)
IND110044AAB,IND201007AAA,11,2.5217391304347827,0.45454545454545453,1.0,85.62500000000003,85.62500000000003,58.0,23.0,19.7873,0.0,0.02579993035548993,1,0,0,Del_Okhla_PC (Delhi),GZB_Mohan_Nagar_DPC (Uttar Pradesh),Del_Okhla_PC (Delhi) -> GZB_Mohan_Nagar_DPC (Uttar Pradesh)
IND209206AAB,IND210301AAA,15,2.2,0.3333333333333333,1.0,85.51750000000001,85.51750000000001,33.0,15.0,21.6843,0.0,0.025767539202050917,1,0,0,Ghatampur_StatinRD_D (Uttar Pradesh),Hamirpur_KanpurRd_D (Uttar Pradesh),Ghatampur_StatinRD_D (Uttar Pradesh) -> Hamirpur_KanpurRd_D (Uttar Pradesh)
IND683511AAA,IND562132AAA,10,2.062069097594607,0.1,1.0,85.48759943901666,85.48759943901666,881.5,426.0,483.47540000000004,1.0,0.02575852977266744,1,0,0,Aluva_Peedika_H (Kerala),Bangalore_Nelmngla_H (Karnataka),Aluva_Peedika_H (Kerala) -> Bangalore_Nelmngla_H (Karnataka)
IND460001AAA,IND480334AAA,21,2.2153846153846155,0.2857142857142857,1.0,84.48931419457722,84.48931419457722,145.0,65.0,86.709,1.0,0.02545773339565779,1,0,0,Betul_PatelWrd_D (Madhya Pradesh),Pandhurna_Mataward_D (Madhya Pradesh),Betul_PatelWrd_D (Madhya Pradesh) -> Pandhurna_Mataward_D (Madhya Pradesh)
IND302006AAA,IND302014AAB,13,3.7333333333333334,0.46153846153846156,1.0,84.4732142857143,84.4732142857143,54.0,12.0,13.7652,0.0,0.025452882282929117,1,0,0,Jaipur (Rajasthan),Jaipur_Central_I_7 (Rajasthan),Jaipur (Rajasthan) -> Jaipur_Central_I_7 (Rajasthan)
IND110052AAA,IND000000ACB,10,1.6617866004962778,0.3,1.0,84.14430934656747,84.14430934656747,107.0,63.5,67.77295000000001,0.0,0.025353778930829084,1,0,0,Delhi_Wazirpur_L (Delhi),Gurgaon_Bilaspur_HB (Haryana),Delhi_Wazirpur_L (Delhi) -> Gurgaon_Bilaspur_HB (Haryana)
IND742149AAA,IND742148AAA,14,2.821428571428571,0.35714285714285715,1.0,84.05714285714288,84.05714285714288,54.0,21.5,29.04705,0.0,0.02532751452958544,1,0,0,Murshidabad_Sirjudol_D (West Bengal),Lalgola_KrsprDPP_D (West Bengal),Murshidabad_Sirjudol_D (West Bengal) -> Lalgola_KrsprDPP_D (West Bengal)
IND210501AAB,IND209304AAA,16,2.4615384615384617,0.25,1.0,83.63333333333344,83.63333333333344,224.0,91.0,115.4576,0.0,0.02519981518712381,1,0,0,Bewar_BndhuTRH_D (Uttar Pradesh),Kanpur_Central_H_6 (Uttar Pradesh),Bewar_BndhuTRH_D (Uttar Pradesh) -> Kanpur_Central_H_6 (Uttar Pradesh)
IND560300AAA,IND560002AAA,20,1.1525735294117647,0.2,0.4,83.61161616161615,83.61161616161615,38.0,32.5,31.802300000000002,0.0,0.02519327151976236,0,0,0,Bengaluru_KGAirprt_HB (Karnataka),Bengaluru_KHRoad_I (Karnataka),Bengaluru_KGAirprt_HB (Karnataka) -> Bengaluru_KHRoad_I (Karnataka)
IND515004AAA,IND515401AAB,17,1.763157894736842,0.17647058823529413,0.9411764705882353,83.53812500000001,83.53812500000001,67.0,40.0,53.4848,1.0,0.025171127673322177,1,0,0,Anantapur_KamaStrt_I (Andhra Pradesh),Gooty_StatonRd_D (Andhra Pradesh),Anantapur_KamaStrt_I (Andhra Pradesh) -> Gooty_StatonRd_D (Andhra Pradesh)
IND403726AAA,IND416510AAA,4,2.5526315789473686,0.5,1.0,83.4666666666667,83.4666666666667,194.0,76.0,76.8261,1.0,0.025149596344582692,1,0,0,Goa_Hub (Goa),Sawantwadi_LaxmiNgr_D (Maharashtra),Goa_Hub (Goa) -> Sawantwadi_LaxmiNgr_D (Maharashtra)
IND395023AAD,IND395001AAA,8,2.435897435897436,0.375,1.0,83.21250000000002,83.21250000000002,30.5,13.0,13.718350000000001,0.0,0.025073012609707512,1,0,0,Surat_Central_I_4 (Gujarat),Surat_Central_D_9 (Gujarat),Surat_Central_I_4 (Gujarat) -> Surat_Central_D_9 (Gujarat)
IND410503AAA,IND410505AAB,2,4.108695652173913,1.0,1.0,83.19999999999999,83.19999999999999,94.5,23.0,33.13135,0.0,0.025069246196516917,1,0,0,Ambegaon_Manchar_D (Maharashtra),Rajgurunagar_Chakan_D (Maharashtra),Ambegaon_Manchar_D (Maharashtra) -> Rajgurunagar_Chakan_D (Maharashtra)
IND505209AAA,IND505001AAB,3,1.9555555555555555,0.3333333333333333,1.0,83.18603174603176,83.18603174603176,88.0,46.0,64.2987,1.0,0.025065037379237293,1,0,0,Ramagundam_Pdmavati_D (Telangana),Karimnagar_KamnHbRD_I (Telangana),Ramagundam_Pdmavati_D (Telangana) -> Karimnagar_KamnHbRD_I (Telangana)
IND845412AAB,IND845401AAA,15,1.8518518518518519,0.26666666666666666,0.8666666666666667,82.98148148148151,82.98148148148151,56.0,26.0,36.4615,1.0,0.025003403714074158,1,0,0,Chakia_Wardno10_D (Bihar),Motihari_RajaBzr_D (Bihar),Chakia_Wardno10_D (Bihar) -> Motihari_RajaBzr_D (Bihar)
IND201304AAA,IND201301AAF,18,2.2225274725274726,0.2222222222222222,1.0,82.24939271255062,82.24939271255062,29.5,13.0,11.4633,0.0,0.024782815810395868,1,0,0,Noida_Sec-83_DC (Uttar Pradesh),Noida_Sec 02_DPC (Uttar Pradesh),Noida_Sec-83_DC (Uttar Pradesh) -> Noida_Sec 02_DPC (Uttar Pradesh)
IND560043AAC,IND560099AAB,24,1.9563025210084035,0.3333333333333333,0.875,82.07053571428577,82.07053571428577,60.5,32.0,28.36275,0.0,0.02472892386179645,1,0,0,HBR Layout PC (Karnataka),Bengaluru_Bomsndra_HB (Karnataka),HBR Layout PC (Karnataka) -> Bengaluru_Bomsndra_HB (Karnataka)
IND523002AAA,IND523105AAA,1,4.785714285714286,1.0,1.0,81.97500000000002,81.97500000000002,201.0,42.0,54.0026,1.0,0.024700137703839845,1,0,0,Ongole_SubhVRTL_I (Andhra Pradesh),Kandukur_LICOffce_D (Andhra Pradesh),Ongole_SubhVRTL_I (Andhra Pradesh) -> Kandukur_LICOffce_D (Andhra Pradesh)
IND788026AAC,IND781018AAB,18,2.398080125379567,0.2222222222222222,1.0,81.89332941522161,81.89332941522161,586.5,245.0,337.37215000000003,1.0,0.024675529290416488,1,0,0,Silchar_Sirikona_H (Assam),Guwahati_Hub (Assam),Silchar_Sirikona_H (Assam) -> Guwahati_Hub (Assam)
IND400015AAB,IND400072AAB,6,4.5,0.8333333333333334,1.0,81.57647058823534,81.57647058823534,76.5,17.0,18.3151,0.0,0.0245800555891754,1,1,0,Mumbai_CotnGren_M (Maharashtra),Mumbai Hub (Maharashtra),Mumbai_CotnGren_M (Maharashtra) -> Mumbai Hub (Maharashtra)
IND562132AAA,IND560043AAC,22,1.8385416666666665,0.22727272727272727,0.8636363636363636,81.25514705882352,81.25514705882352,61.5,33.5,28.32835,0.0,0.02448323661480571,1,0,0,Bangalore_Nelmngla_H (Karnataka),HBR Layout PC (Karnataka),Bangalore_Nelmngla_H (Karnataka) -> HBR Layout PC (Karnataka)
IND500039AAD,IND501359AAE,8,2.717013888888889,0.375,1.0,81.13915598290602,81.13915598290602,84.0,31.0,36.640299999999996,0.0,0.024448286989339665,1,0,0,Hyderabad_Uppal_L (Telangana),Hyderabad_Shamshbd_H (Telangana),Hyderabad_Uppal_L (Telangana) -> Hyderabad_Shamshbd_H (Telangana)
IND788121AAA,IND796081AAA,3,3.5,1.0,1.0,81.07500000000002,81.07500000000002,182.0,50.0,71.14580000000001,1.0,0.02442895595411791,1,0,0,Kabuganj_Jantaclg_D (Assam),Kolasib_Diakkawn_D (Mizoram),Kabuganj_Jantaclg_D (Assam) -> Kolasib_Diakkawn_D (Mizoram)
IND276129AAA,IND221010AAB,1,3.7066666666666666,1.0,1.0,80.96666666666667,80.96666666666667,278.0,75.0,79.65169999999999,1.0,0.02439631370646619,1,0,0,Chiraiyakot_KamalDPP_D (Uttar Pradesh),Varanasi_MahmurGj_IP (Uttar Pradesh),Chiraiyakot_KamalDPP_D (Uttar Pradesh) -> Varanasi_MahmurGj_IP (Uttar Pradesh)
IND635802AAB,IND635601AAB,10,1.9112042682926829,0.1,1.0,80.72500000000001,80.72500000000001,69.5,41.0,49.869550000000004,0.0,0.024323496384781595,1,0,0,Ambur_Central_D_2 (Tamil Nadu),Tiruppattur_KoilStrt_D (Tamil Nadu),Ambur_Central_D_2 (Tamil Nadu) -> Tiruppattur_KoilStrt_D (Tamil Nadu)
IND132103AAA,IND131028AAB,3,2.913793103448276,1.0,1.0,80.66530172413798,80.66530172413798,169.0,45.0,59.3272,1.0,0.024305508514888653,1,0,0,Panipat (Haryana),Sonipat_Kundli_H (Haryana),Panipat (Haryana) -> Sonipat_Kundli_H (Haryana)
IND723202AAA,IND713205AAB,14,2.250156739811912,0.2857142857142857,1.0,80.3886206896554,80.3886206896554,326.0,144.5,195.4612,1.0,0.02422214090705992,1,0,0,Jhalda_GMukrDPP_D (West Bengal),Durgapur_Central_I_1 (West Bengal),Jhalda_GMukrDPP_D (West Bengal) -> Durgapur_Central_I_1 (West Bengal)
IND586211AAA,IND585314AAA,16,1.808311855670103,0.0625,1.0,80.08468335787924,80.08468335787924,174.5,96.0,104.2201,0.0,0.024130560621018943,1,0,0,Indi_SindgiRD_D (Karnataka),Aland_RazaviRd_D (Karnataka),Indi_SindgiRD_D (Karnataka) -> Aland_RazaviRd_D (Karnataka)
IND201301AAF,IND201304AAA,12,1.7951388888888888,0.08333333333333333,1.0,79.8607843137255,79.8607843137255,28.5,16.0,11.358550000000001,0.0,0.02406309691595819,1,0,0,Noida_Sec 02_DPC (Uttar Pradesh),Noida_Sec-83_DC (Uttar Pradesh),Noida_Sec 02_DPC (Uttar Pradesh) -> Noida_Sec-83_DC (Uttar Pradesh)
IND142001AAB,IND152026AAA,29,1.6451612903225807,0.10344827586206896,1.0,79.79677419354839,79.79677419354839,103.0,62.0,79.5451,1.0,0.024043809831080922,1,0,0,Moga_DPC (Punjab),Muktsar_DPC (Punjab),Moga_DPC (Punjab) -> Muktsar_DPC (Punjab)
IND403507AAB,IND403726AAB,1,4.613636363636363,1.0,1.0,79.75833333333335,79.75833333333335,203.0,44.0,36.4867,0.0,0.024032227098043223,1,0,0,Goa_Mapusa (Goa),Goa_ZuariNgr_IP (Goa),Goa_Mapusa (Goa) -> Goa_ZuariNgr_IP (Goa)
IND224141AAB,IND224122AAA,17,2.9,0.23529411764705882,1.0,79.68611111111113,79.68611111111113,55.0,19.0,27.4148,0.058823529411764705,0.024010465599608746,1,0,0,Gosainganj_Pakrela_D (Uttar Pradesh),Akbarpur_Auliyapr_D (Uttar Pradesh),Gosainganj_Pakrela_D (Uttar Pradesh) -> Akbarpur_Auliyapr_D (Uttar Pradesh)
IND631003AAA,IND600056AAB,10,2.2601214574898787,0.3,1.0,79.45128205128206,79.45128205128206,87.0,39.0,41.84395,0.0,0.02393970853813096,1,0,0,Arakkonam_HousngBd_D (Tamil Nadu),MAA_Poonamallee_HB (Tamil Nadu),Arakkonam_HousngBd_D (Tamil Nadu) -> MAA_Poonamallee_HB (Tamil Nadu)
IND402301AAA,IND402107AAA,13,2.0,0.15384615384615385,1.0,79.41355439994598,79.41355439994598,129.0,67.0,95.8701,0.0,0.02392834070423961,1,0,0,Mahad_Govndsgr_D (Maharashtra),Pen_BljiMrkt_D (Maharashtra),Mahad_Govndsgr_D (Maharashtra) -> Pen_BljiMrkt_D (Maharashtra)
IND788151AAA,IND788713AAA,12,2.6901270772238517,0.3333333333333333,1.0,79.33262032085563,79.33262032085563,86.0,32.5,46.4666,1.0,0.023903954209595325,1,0,0,Hailakandi_kalibari_D (Assam),Karimganj_Alngjuri_D (Assam),Hailakandi_kalibari_D (Assam) -> Karimganj_Alngjuri_D (Assam)
IND621112AAA,IND620012AAA,1,6.458333333333333,1.0,1.0,79.29166666666667,79.29166666666667,155.0,24.0,22.6467,0.0,0.023891614338928138,1,0,0,Tiruchi_Samyaprm_D (Tamil Nadu),Tiruchi_Manikndm_H (Tamil Nadu),Tiruchi_Samyaprm_D (Tamil Nadu) -> Tiruchi_Manikndm_H (Tamil Nadu)
IND731237AAB,IND731224AAA,15,3.0,0.4666666666666667,1.0,78.85714285714295,78.85714285714295,60.0,20.0,28.0433,0.0,0.023760686642303155,1,0,0,Morgram_Kntgorya_D (West Bengal),Rampurhat_SrifoDPP_D (West Bengal),Morgram_Kntgorya_D (West Bengal) -> Rampurhat_SrifoDPP_D (West Bengal)
IND388220AAA,IND388320AAA,14,1.7446153846153845,0.35714285714285715,1.0,77.82554945054946,77.82554945054946,46.0,25.0,27.088,0.0,0.023449854081190224,1,0,0,Umreth_Dakor_DC (Gujarat),Anand_Vaghasi_IP (Gujarat),Umreth_Dakor_DC (Gujarat) -> Anand_Vaghasi_IP (Gujarat)
IND122001AAA,IND000000ACB,20,1.7235521235521234,0.25,0.95,77.62614379084968,77.62614379084968,61.5,34.0,35.73245,0.0,0.02338977055263262,1,0,0,GGN_DPC (Haryana),Gurgaon_Bilaspur_HB (Haryana),GGN_DPC (Haryana) -> Gurgaon_Bilaspur_HB (Haryana)
IND232104AAB,IND233221AAC,2,2.7471719457013575,0.5,1.0,77.4,77.4,142.0,51.5,70.1466,0.0,0.02332163047608666,1,0,0,Chandauli_ShubsNGR_D (Uttar Pradesh),Aunrihar_Central_D_1 (Uttar Pradesh),Chandauli_ShubsNGR_D (Uttar Pradesh) -> Aunrihar_Central_D_1 (Uttar Pradesh)
IND713130AAA,IND741123AAB,17,2.09375,0.23529411764705882,1.0,77.2375000000001,77.2375000000001,134.0,64.0,73.1617,0.0,0.023272667104609113,1,0,0,Katwa_BSarani_D (West Bengal),Chapra_NagarDPP_D (West Bengal),Katwa_BSarani_D (West Bengal) -> Chapra_NagarDPP_D (West Bengal)
IND395023AAD,IND395004AAB,17,2.4285714285714284,0.23529411764705882,1.0,77.19411764705883,77.19411764705883,38.0,15.0,15.7924,0.0,0.023259595435300595,1,0,0,Surat_Central_I_4 (Gujarat),Surat_Central_D_3 (Gujarat),Surat_Central_I_4 (Gujarat) -> Surat_Central_D_3 (Gujarat)
IND313324AAA,IND313001AAB,14,1.7987588652482271,0.2857142857142857,1.0,77.14087346024638,77.14087346024638,85.5,48.0,65.0061,1.0,0.023243552266698015,1,0,0,Rajsamand_kankroli_D (Rajasthan),Udaipur_Mangri_I (Rajasthan),Rajsamand_kankroli_D (Rajasthan) -> Udaipur_Mangri_I (Rajasthan)
IND632301AAA,IND632006AAA,1,4.636363636363637,1.0,1.0,77.10000000000001,77.10000000000001,153.0,33.0,41.1081,1.0,0.02323123655951268,1,0,0,Arani_KrthiKyn_D (Tamil Nadu),Vellore_GndhiNgr_IP (Tamil Nadu),Arani_KrthiKyn_D (Tamil Nadu) -> Vellore_GndhiNgr_IP (Tamil Nadu)
IND301019AAA,IND301705AAA,6,3.276595744680851,0.8333333333333334,1.0,77.01586073500977,77.01586073500977,156.0,47.5,55.1292,1.0,0.023205884300512267,1,1,0,Bhiwadi DC (Rajasthan),Neemrana_Rcocmplx_D (Rajasthan),Bhiwadi DC (Rajasthan) -> Neemrana_Rcocmplx_D (Rajasthan)
IND501359AAE,IND462022AAA,20,2.0983676339946697,0.05,1.0,76.77157980456036,76.77157980456036,1290.5,614.0,865.8919000000001,1.0,0.023132279267020075,1,0,0,Hyderabad_Shamshbd_H (Telangana),Bhopal_Trnsport_H (Madhya Pradesh),Hyderabad_Shamshbd_H (Telangana) -> Bhopal_Trnsport_H (Madhya Pradesh)
IND524101AAB,IND517501AAB,16,2.126600284495021,0.1875,1.0,76.72975146198826,76.72975146198826,159.5,75.0,98.97705,1.0,0.02311967584132377,1,0,0,Gudur_Bngisheb_D (Andhra Pradesh),Tirupati_Balajicly_I (Andhra Pradesh),Gudur_Bngisheb_D (Andhra Pradesh) -> Tirupati_Balajicly_I (Andhra Pradesh)
IND635207AAA,IND635802AAB,1,3.803921568627451,1.0,1.0,76.7,76.7,194.0,51.0,65.70439999999999,0.0,0.023110711337414037,1,0,0,Uthangarai_RgstrOFC_D (Tamil Nadu),Ambur_Central_D_2 (Tamil Nadu),Uthangarai_RgstrOFC_D (Tamil Nadu) -> Ambur_Central_D_2 (Tamil Nadu)
IND444602AAA,IND444005AAB,21,2.081081081081081,0.19047619047619047,1.0,76.29046722068338,76.29046722068338,155.0,74.0,96.8424,1.0,0.02298731376445452,1,0,0,Amravati_DC (Maharashtra),Akola_Gaurkshn_I (Maharashtra),Amravati_DC (Maharashtra) -> Akola_Gaurkshn_I (Maharashtra)
IND140501AAA,IND160002AAC,14,2.514705882352941,0.35714285714285715,1.0,76.10753676470591,76.10753676470591,39.5,16.0,19.6787,0.0,0.02293219442986629,1,0,0,Lalru_OnkarDPP_D (Punjab),Chandigarh_Mehmdpur_H (Punjab),Lalru_OnkarDPP_D (Punjab) -> Chandigarh_Mehmdpur_H (Punjab)
IND263153AAB,IND244713AAA,1,3.7358490566037736,1.0,1.0,76.10000000000001,76.10000000000001,198.0,53.0,55.5122,1.0,0.02292992350426608,1,0,0,Rudrapur_UdhamNgr_H (Uttarakhand),Kashipur_Vaishali_D (Uttarakhand),Rudrapur_UdhamNgr_H (Uttarakhand) -> Kashipur_Vaishali_D (Uttarakhand)
IND600056AAB,IND605010AAB,13,1.4316546762589928,0.07692307692307693,1.0,75.91388888888892,75.91388888888892,198.0,139.0,152.5844,1.0,0.02287384579676186,1,0,0,MAA_Poonamallee_HB (Tamil Nadu),Pondicherry_Vasanthm_I (Pondicherry),MAA_Poonamallee_HB (Tamil Nadu) -> Pondicherry_Vasanthm_I (Pondicherry)
IND122503AAA,IND122001AAA,2,4.5997150997151,1.0,1.0,75.82781847781851,75.82781847781851,121.5,26.5,34.04905,0.0,0.022847911658235905,1,0,0,Pataudi_DC (Haryana),GGN_DPC (Haryana),Pataudi_DC (Haryana) -> GGN_DPC (Haryana)
IND603102AAA,IND600056AAB,12,1.8582089552238807,0.08333333333333333,1.0,75.79666374012291,75.79666374012291,125.0,68.0,73.2681,1.0,0.02283852432903544,1,0,0,Kalpakkam_Sadras_D (Tamil Nadu),MAA_Poonamallee_HB (Tamil Nadu),Kalpakkam_Sadras_D (Tamil Nadu) -> MAA_Poonamallee_HB (Tamil Nadu)
IND638701AAA,IND641607AAA,17,2.2,0.29411764705882354,1.0,75.75401069518725,75.75401069518725,49.0,23.0,25.3237,0.0,0.0228256724097503,1,0,0,Kangayam_Thvlrsrt_D (Tamil Nadu),Tirupur_Koliplm_I (Tamil Nadu),Kangayam_Thvlrsrt_D (Tamil Nadu) -> Tirupur_Koliplm_I (Tamil Nadu)
IND573116AAA,IND571426AAA,1,5.586206896551724,1.0,1.0,75.36666666666666,75.36666666666666,162.0,29.0,32.2457,1.0,0.02270896059708524,1,0,0,Channaraya_patna_D (Karnataka),Krishnarajpet_MuruPost_D (Karnataka),Channaraya_patna_D (Karnataka) -> Krishnarajpet_MuruPost_D (Karnataka)
IND382430AAB,IND370201AAA,12,1.49375,0.16666666666666666,1.0,75.12272058823544,75.12272058823544,478.0,320.5,312.83595,1.0,0.0226354564588777,1,0,0,Ahmedabad_East_H_1 (Gujarat),Gandhidham_Sector1A_IP (Gujarat),Ahmedabad_East_H_1 (Gujarat) -> Gandhidham_Sector1A_IP (Gujarat)
IND000000ACB,IND301001AAB,6,1.7142857142857144,0.16666666666666666,1.0,75.00909090909093,75.00909090909093,156.5,91.0,114.76365,1.0,0.02260121835308798,1,0,0,Gurgaon_Bilaspur_HB (Haryana),Alwar_Central_I_1 (Rajasthan),Gurgaon_Bilaspur_HB (Haryana) -> Alwar_Central_I_1 (Rajasthan)
IND421302AAG,IND834002AAB,4,2.333494293239684,0.5,1.0,74.25749999999971,74.25749999999971,2659.0,1140.0,1589.8352499999999,1.0,0.022374754199974135,1,0,0,Bhiwandi_Mankoli_HB (Maharashtra),Ranchi_Hub (Jharkhand),Bhiwandi_Mankoli_HB (Maharashtra) -> Ranchi_Hub (Jharkhand)
IND110044AAB,IND110030AAD,30,1.5857142857142859,0.2,0.9666666666666667,74.04190476190479,74.04190476190479,24.0,15.0,13.43895,0.0,0.022309792540087137,1,0,1,Del_Okhla_PC (Delhi),Delhi_Kishangarh_DPC (Delhi),Del_Okhla_PC (Delhi) -> Delhi_Kishangarh_DPC (Delhi)
IND854326AAB,IND854105AAA,2,4.854166666666666,0.5,1.0,73.71964285714287,73.71964285714287,85.0,17.0,24.7521,1.0,0.022212690820973737,1,0,0,Purnia_Central_H_2 (Bihar),Katihar_Shyndco_D (Bihar),Purnia_Central_H_2 (Bihar) -> Katihar_Shyndco_D (Bihar)
IND521225AAB,IND501359AAE,11,1.7843137254901962,0.18181818181818182,1.0,73.71860962566859,73.71860962566859,455.0,255.0,316.01,1.0,0.022212379494841446,1,0,0,Vijayawada_Rynapadu_H (Andhra Pradesh),Hyderabad_Shamshbd_H (Telangana),Vijayawada_Rynapadu_H (Andhra Pradesh) -> Hyderabad_Shamshbd_H (Telangana)
IND791102AAA,IND784168AAB,1,2.8217821782178216,1.0,1.0,73.58333333333343,73.58333333333343,570.0,202.0,285.3696,1.0,0.022171618981895506,1,0,0,Pasighat_MissonRd_D (Arunachal Pradesh),Gohpur_Central_D_1 (Assam),Pasighat_MissonRd_D (Arunachal Pradesh) -> Gohpur_Central_D_1 (Assam)
IND431136AAC,IND431112AAB,1,3.9649122807017543,1.0,1.0,73.43333333333337,73.43333333333337,226.0,57.0,77.4368,0.0,0.022126422023608497,1,0,0,Aurangabad_Central_H_1 (Maharashtra),Sillod_ZebaTWR_D (Maharashtra),Aurangabad_Central_H_1 (Maharashtra) -> Sillod_ZebaTWR_D (Maharashtra)
IND201307AAA,IND201301AAL,28,1.256578947368421,0.32142857142857145,0.5714285714285714,73.42318181818186,73.42318181818186,26.0,20.5,18.92705,0.0,0.02212336323956281,1,0,0,Noida_Chukhndi_D (Uttar Pradesh),Dadri_ICDCant_D (Uttar Pradesh),Noida_Chukhndi_D (Uttar Pradesh) -> Dadri_ICDCant_D (Uttar Pradesh)
IND388320AAA,IND387001AAA,11,1.6923076923076923,0.18181818181818182,1.0,73.40419580419581,73.40419580419581,26.0,15.0,19.9784,0.0,0.022117642505681722,1,0,0,Anand_Vaghasi_IP (Gujarat),Nadiad_DC (Gujarat),Anand_Vaghasi_IP (Gujarat) -> Nadiad_DC (Gujarat)
IND563131AAB,IND563116AAA,16,2.0,0.375,1.0,73.34117647058827,73.34117647058827,35.0,18.0,18.01115,0.0,0.02209865395773283,1,0,0,Bangarapet_KolarRd_D (Karnataka),Bethamangala_FshryOFC_D (Karnataka),Bangarapet_KolarRd_D (Karnataka) -> Bethamangala_FshryOFC_D (Karnataka)
IND560099AAB,IND560002AAA,25,2.1,0.28,0.72,73.18749999999999,73.18749999999999,42.0,21.0,18.8263,0.0,0.022052349230860357,1,0,0,Bengaluru_Bomsndra_HB (Karnataka),Bengaluru_KHRoad_I (Karnataka),Bengaluru_Bomsndra_HB (Karnataka) -> Bengaluru_KHRoad_I (Karnataka)
IND586101AAA,IND416404AAA,4,2.2519762845849804,0.25,1.0,73.13333333333334,73.13333333333334,102.0,44.5,62.198,1.0,0.02203602810703451,1,0,0,Bijapur_KirtiNgr_D (Karnataka),Jath_Shivprsad_D (Maharashtra),Bijapur_KirtiNgr_D (Karnataka) -> Jath_Shivprsad_D (Maharashtra)
IND515201AAA,IND515134AAA,5,1.7592592592592593,0.2,1.0,73.05000000000001,73.05000000000001,98.0,60.0,63.7012,0.0,0.02201091868576396,1,0,0,Hindupur_Parigi_D (Andhra Pradesh),Puttaprthi_Gokulam_D (Andhra Pradesh),Hindupur_Parigi_D (Andhra Pradesh) -> Puttaprthi_Gokulam_D (Andhra Pradesh)
IND382715AAA,IND382430AAB,18,1.981818181818182,0.2777777777777778,1.0,73.00000000000006,73.00000000000006,108.0,54.0,60.921899999999994,1.0,0.021995853033001642,1,0,0,Kadi_KaranNGR_D (Gujarat),Ahmedabad_East_H_1 (Gujarat),Kadi_KaranNGR_D (Gujarat) -> Ahmedabad_East_H_1 (Gujarat)
IND500055AAC,IND501401AAC,17,2.5384615384615383,0.5882352941176471,1.0,72.97435064935065,72.97435064935065,27.0,11.0,15.4876,0.0,0.02198812454879238,1,1,0,Hyderabad_North_D_2 (Telangana),Medchal_MROoffce_D (Telangana),Hyderabad_North_D_2 (Telangana) -> Medchal_MROoffce_D (Telangana)
IND122001AAA,IND122050AAA,1,4.892857142857143,1.0,1.0,72.60000000000001,72.60000000000001,137.0,28.0,24.9983,0.0,0.02187532781090299,1,0,0,GGN_DPC (Haryana),Gurgaon_Manesar (Haryana),GGN_DPC (Haryana) -> Gurgaon_Manesar (Haryana)
IND282002AAD,IND205001AAB,8,2.0397727272727275,0.75,0.75,72.53485958485979,72.53485958485979,187.0,88.0,110.16995,1.0,0.021855700153397058,1,1,0,IND282002AAD,Mainpuri_Agraroad_I (Uttar Pradesh),IND282002AAD -> Mainpuri_Agraroad_I (Uttar Pradesh)
IND533201AAA,IND533262AAA,9,1.9736842105263157,0.2222222222222222,1.0,72.4983253588517,72.4983253588517,75.0,39.0,46.47,1.0,0.02184469191413749,1,0,0,Amalapuram_Vijdurg_D (Andhra Pradesh),Draksharamam_Anaipeta_D (Andhra Pradesh),Amalapuram_Vijdurg_D (Andhra Pradesh) -> Draksharamam_Anaipeta_D (Andhra Pradesh)
IND713130AAA,IND741126AAB,1,3.6666666666666665,1.0,1.0,72.25833333333335,72.25833333333335,253.0,69.0,81.7059,0.0,0.021772379183693742,1,0,0,Katwa_BSarani_D (West Bengal),Nakashipara_MaxDPP_D (West Bengal),Katwa_BSarani_D (West Bengal) -> Nakashipara_MaxDPP_D (West Bengal)
IND828401AAB,IND826004AAA,7,2.857142857142857,0.5714285714285714,1.0,72.14285714285717,72.14285714285717,60.0,22.0,29.7511,0.0,0.021737584699933123,1,1,0,Gomoh_KhsmiDPP_D (Jharkhand),Dhanbad_Kalynpur_I (Jharkhand),Gomoh_KhsmiDPP_D (Jharkhand) -> Dhanbad_Kalynpur_I (Jharkhand)
IND144001AAC,IND000000ACA,12,1.8908355795148248,0.16666666666666666,1.0,71.89326145552562,71.89326145552562,96.0,53.5,73.5261,0.9166666666666666,0.02166237826080688,1,0,0,Jalandhar_Sodal Road (Punjab),Ludhiana_MilrGanj_HB (Punjab),Jalandhar_Sodal Road (Punjab) -> Ludhiana_MilrGanj_HB (Punjab)
IND273014AAB,IND274001AAA,16,3.048780487804878,0.4375,1.0,71.65052845528461,71.65052845528461,125.0,40.5,56.6973,1.0,0.02158923963889509,1,0,0,Gorakhpur_Matriprm_IP (Uttar Pradesh),Deoria_CCRoad_D (Uttar Pradesh),Gorakhpur_Matriprm_IP (Uttar Pradesh) -> Deoria_CCRoad_D (Uttar Pradesh)
IND723101AAA,IND723202AAA,14,1.794871794871795,0.2857142857142857,1.0,71.65000000000002,71.65000000000002,70.0,39.0,46.3378,1.0,0.021589080408418726,1,0,0,Purulia_GariDPP_D (West Bengal),Jhalda_GMukrDPP_D (West Bengal),Purulia_GariDPP_D (West Bengal) -> Jhalda_GMukrDPP_D (West Bengal)
IND583101AAA,IND577535AAC,10,1.8372093023255813,0.3,1.0,71.40000000000005,71.40000000000005,79.0,43.0,59.75025,1.0,0.021513752144607084,1,0,0,Bellary_Dc (Karnataka),Molakalmuru_KnsgraRD_D (Karnataka),Bellary_Dc (Karnataka) -> Molakalmuru_KnsgraRD_D (Karnataka)
IND400016AAB,IND400072AAD,15,2.9166666666666665,0.3333333333333333,1.0,71.34093406593408,71.34093406593408,35.0,13.0,14.78,0.0,0.021495954807552675,1,0,0,Mumbai_MhimWest_C (Maharashtra),Mumbai_Chndivli_PC (Maharashtra),Mumbai_MhimWest_C (Maharashtra) -> Mumbai_Chndivli_PC (Maharashtra)
IND462022AAA,IND842003AAB,8,2.4838709677419355,0.125,1.0,71.15000000000009,71.15000000000009,539.0,217.0,289.2151,1.0,0.02143842388079545,1,0,0,Bhopal_Trnsport_H (Madhya Pradesh),Jabalpur_Adhartal_IP (Madhya Pradesh),Bhopal_Trnsport_H (Madhya Pradesh) -> Jabalpur_Adhartal_IP (Madhya Pradesh)
IND560085AAA,IND562132AAA,7,1.8421052631578947,0.42857142857142855,1.0,70.87017543859652,70.87017543859652,70.0,36.0,30.0731,0.0,0.0213541090872659,1,0,0,Bengaluru_Banshkri_DC (Karnataka),Bangalore_Nelmngla_H (Karnataka),Bengaluru_Banshkri_DC (Karnataka) -> Bangalore_Nelmngla_H (Karnataka)
IND583201AAA,IND583101AAA,2,3.2444444444444445,1.0,1.0,70.81666666666666,70.81666666666666,146.0,45.0,62.21465,1.0,0.02133798619571322,1,0,0,Hospet (Karnataka),Bellary_Dc (Karnataka),Hospet (Karnataka) -> Bellary_Dc (Karnataka)
IND385535AAA,IND384205AAA,17,1.95,0.23529411764705882,1.0,70.66826973194344,70.66826973194344,156.0,79.0,92.1865,1.0,0.021293272261922538,1,0,0,Deesa_HawaiPlr_DC (Gujarat),Mehsana_Panchot_IP (Gujarat),Deesa_HawaiPlr_DC (Gujarat) -> Mehsana_Panchot_IP (Gujarat)
IND562132AAA,IND583101AAA,10,1.4895566181264943,0.2,1.0,70.28090741143234,70.28090741143234,323.0,219.5,292.50020000000006,1.0,0.021176554937641923,1,0,0,Bangalore_Nelmngla_H (Karnataka),Bellary_Dc (Karnataka),Bangalore_Nelmngla_H (Karnataka) -> Bellary_Dc (Karnataka)
IND853204AAA,IND851204AAA,11,2.0434782608695654,0.18181818181818182,1.0,70.23750000000001,70.23750000000001,94.0,46.0,65.2145,1.0,0.021163475717882903,1,0,0,Naugchia_Vijayght_D (Bihar),Khagaria_GodamDPP_D (Bihar),Naugchia_Vijayght_D (Bihar) -> Khagaria_GodamDPP_D (Bihar)
IND274304AAA,IND274304AAB,6,5.038461538461538,1.0,1.0,70.17264957264959,70.17264957264959,63.0,13.0,19.2075,1.0,0.021143935437483902,1,1,0,Kushinagar_KasyaDPP_D (Uttar Pradesh),Padrauna_BawliDPPP_D (Uttar Pradesh),Kushinagar_KasyaDPP_D (Uttar Pradesh) -> Padrauna_BawliDPPP_D (Uttar Pradesh)
IND500039AAC,IND508116AAA,13,2.3214285714285716,0.5384615384615384,1.0,70.15384615384616,70.15384615384616,65.0,28.0,36.8972,1.0,0.02113826972191516,1,1,0,Hyderabad_Uppal_I (Telangana),Bhuvanagiri_HBColny_D (Telangana),Hyderabad_Uppal_I (Telangana) -> Bhuvanagiri_HBColny_D (Telangana)
IND251001AAA,IND247554AAA,12,2.128623188405797,0.4166666666666667,1.0,70.14305555555555,70.14305555555555,50.0,24.0,25.75985,1.0,0.021135018373776276,1,0,0,Muzaffrngr_MhmodNgr_D (Uttar Pradesh),Deoband_Ramvlg_D (Uttar Pradesh),Muzaffrngr_MhmodNgr_D (Uttar Pradesh) -> Deoband_Ramvlg_D (Uttar Pradesh)
IND848210AAA,IND851127AAA,17,1.8461538461538463,0.35294117647058826,0.9411764705882353,69.76454490928174,69.76454490928174,49.0,26.0,29.0169,1.0,0.02102096817450415,1,0,0,Rusera_Wardno4_D (Bihar),Manjhaul_Purbari_D (Bihar),Rusera_Wardno4_D (Bihar) -> Manjhaul_Purbari_D (Bihar)
IND382430AAB,IND388320AAA,9,1.25,0.1111111111111111,0.8888888888888888,69.54017857142858,69.54017857142858,79.0,64.0,80.1094,1.0,0.020953363667751128,1,0,0,Ahmedabad_East_H_1 (Gujarat),Anand_Vaghasi_IP (Gujarat),Ahmedabad_East_H_1 (Gujarat) -> Anand_Vaghasi_IP (Gujarat)
IND641062AAD,IND643231AAA,15,2.473684210526316,0.13333333333333333,1.0,69.48463114754097,69.48463114754097,146.0,60.0,70.3282,0.0,0.02093662650374847,1,0,0,Coimbatore_Karayam_H (Tamil Nadu),Coonoor_Fairybnk_D (Tamil Nadu),Coimbatore_Karayam_H (Tamil Nadu) -> Coonoor_Fairybnk_D (Tamil Nadu)
IND603301AAA,IND600044AAD,14,2.3561705989110706,0.2857142857142857,1.0,69.43545258620696,69.43545258620696,135.5,58.0,74.9248,0.0,0.02092180836118029,1,0,0,Malemruvathur_Achipkam_D (Tamil Nadu),Chennai_Chrompet_DPC (Tamil Nadu),Malemruvathur_Achipkam_D (Tamil Nadu) -> Chennai_Chrompet_DPC (Tamil Nadu)
IND232101AAB,IND232104AAB,7,3.230769230769231,0.5714285714285714,1.0,69.29903133903136,69.29903133903136,42.0,11.0,14.0639,0.0,0.020880702858393257,1,1,0,MughalSarai_Central_D_2 (Uttar Pradesh),Chandauli_ShubsNGR_D (Uttar Pradesh),MughalSarai_Central_D_2 (Uttar Pradesh) -> Chandauli_ShubsNGR_D (Uttar Pradesh)
IND813102AAA,IND813203AAA,1,3.7419354838709675,1.0,1.0,68.70000000000002,68.70000000000002,232.0,62.0,74.7621,1.0,0.02070020689544126,1,0,0,Banka_Wardno6_D (Bihar),Kahalgaon_NdiaTola_D (Bihar),Banka_Wardno6_D (Bihar) -> Kahalgaon_NdiaTola_D (Bihar)
IND560067AAC,IND562114AAA,20,2.7777777777777777,0.3,1.0,68.50378787878792,68.50378787878792,26.5,10.0,12.649049999999999,0.0,0.020641085621722427,1,0,0,Bengaluru_Kadugodi_D (Karnataka),Hoskote_DC (Karnataka),Bengaluru_Kadugodi_D (Karnataka) -> Hoskote_DC (Karnataka)
IND305601AAC,IND305001AAC,18,1.9575163398692812,0.2777777777777778,1.0,68.42834967320263,68.42834967320263,67.5,34.0,38.659549999999996,1.0,0.020618355105515206,1,0,0,Nasirabad_Central_DPP_2 (Rajasthan),Ajmer_FoySGRRD_I (Rajasthan),Nasirabad_Central_DPP_2 (Rajasthan) -> Ajmer_FoySGRRD_I (Rajasthan)
IND160002AAC,IND173212AAA,18,2.1426985370950886,0.16666666666666666,1.0,68.42500000000007,68.42500000000007,188.5,88.0,99.599,1.0,0.020617345805248464,1,0,0,Chandigarh_Mehmdpur_H (Punjab),Solan_MohanPrk_D (Himachal Pradesh),Chandigarh_Mehmdpur_H (Punjab) -> Solan_MohanPrk_D (Himachal Pradesh)
IND742202AAA,IND732103AAA,1,4.722222222222222,1.0,1.0,68.41666666666669,68.41666666666669,170.0,36.0,51.1885,1.0,0.020614834863121396,1,0,0,Dhulian_RatanDPP_D (West Bengal),Malda_krshnPly_DC (West Bengal),Dhulian_RatanDPP_D (West Bengal) -> Malda_krshnPly_DC (West Bengal)
IND560300AAA,IND560085AAA,18,1.4324324324324325,0.1111111111111111,1.0,68.37419462806461,68.37419462806461,53.0,37.0,36.19114999999999,0.0,0.02060203748340765,1,0,0,Bengaluru_KGAirprt_HB (Karnataka),Bengaluru_Banshkri_DC (Karnataka),Bengaluru_KGAirprt_HB (Karnataka) -> Bengaluru_Banshkri_DC (Karnataka)
IND400072AAI,IND000000AFS,1,9.416666666666666,1.0,1.0,68.34166666666667,68.34166666666667,113.0,12.0,14.7276,0.0,0.020592236383977894,1,0,0,Mumbai_Chndivli_D (Maharashtra),Mumbai_Skynet_INT (Maharashtra),Mumbai_Chndivli_D (Maharashtra) -> Mumbai_Skynet_INT (Maharashtra)
IND431603AAA,IND413531AAA,4,2.8210526315789473,0.5,1.0,68.26666666666677,68.26666666666677,268.0,95.0,134.177,0.0,0.020569637904834428,1,0,0,Nanded_Aswningr_I (Maharashtra),Latur_Srnwsngr_D (Maharashtra),Nanded_Aswningr_I (Maharashtra) -> Latur_Srnwsngr_D (Maharashtra)
IND600056AAB,IND600016AAC,13,2.5161290322580645,0.46153846153846156,1.0,68.24222689075629,68.24222689075629,79.0,33.0,36.7301,0.0,0.020562273881285297,1,0,0,MAA_Poonamallee_HB (Tamil Nadu),Chennai_Perungudi_DPC (Tamil Nadu),MAA_Poonamallee_HB (Tamil Nadu) -> Chennai_Perungudi_DPC (Tamil Nadu)
IND390022AAA,IND390020AAA,3,4.416666666666667,0.6666666666666666,1.0,68.06,68.06,53.0,12.0,11.9891,0.0,0.020507366540083435,1,0,0,Vadodara_Karelibaug_DPC (Gujarat),Vadodara (Gujarat),Vadodara_Karelibaug_DPC (Gujarat) -> Vadodara (Gujarat)
IND585401AAA,IND502286AAB,22,2.392229154849688,0.22727272727272727,1.0,68.03571428571442,68.03571428571442,104.0,42.0,40.773849999999996,1.0,0.0205000489373132,1,0,0,Bidar (Karnataka),Narayankhed_Datatrya_D (Telangana),Bidar (Karnataka) -> Narayankhed_Datatrya_D (Telangana)
IND341510AAB,IND305001AAC,14,2.372727272727273,0.2857142857142857,1.0,67.63076923076937,67.63076923076937,130.5,55.0,73.67715,1.0,0.020378033705600707,1,0,0,Merta_Central_DPP_1 (Rajasthan),Ajmer_FoySGRRD_I (Rajasthan),Merta_Central_DPP_1 (Rajasthan) -> Ajmer_FoySGRRD_I (Rajasthan)
IND503122AAA,IND502110AAA,19,1.5526315789473684,0.15789473684210525,1.0,67.62036011080333,67.62036011080333,58.0,37.0,40.465900000000005,1.0,0.02037489730186131,1,0,0,Yellareddy_JKRoad_D (Telangana),Medak_Dwaraka_D (Telangana),Yellareddy_JKRoad_D (Telangana) -> Medak_Dwaraka_D (Telangana)
IND262701AAA,IND262802AAA,20,2.1875,0.2,1.0,67.60756578947371,67.60756578947371,51.0,24.0,32.92,1.0,0.020371042205811676,1,0,0,Lakhimpur_Maheva_D (Uttar Pradesh),Gola_BkgnRoad_D (Uttar Pradesh),Lakhimpur_Maheva_D (Uttar Pradesh) -> Gola_BkgnRoad_D (Uttar Pradesh)
IND305001AAC,IND306401AAB,15,2.0080645161290325,0.2,1.0,67.39544592030359,67.39544592030359,249.0,123.0,166.6069,1.0,0.020307127719953518,1,0,0,Ajmer_FoySGRRD_I (Rajasthan),Pali_Nayagaon_I (Rajasthan),Ajmer_FoySGRRD_I (Rajasthan) -> Pali_Nayagaon_I (Rajasthan)
IND500018AAA,IND500080AAB,4,3.041666666666667,0.75,1.0,67.37962962962962,67.37962962962962,51.5,16.0,14.5286,0.0,0.020302362065087877,1,0,0,Hyderabad_PndrgNgr_DC (Telangana),Hyderabad_Chikdply_I (Telangana),Hyderabad_PndrgNgr_DC (Telangana) -> Hyderabad_Chikdply_I (Telangana)
IND600004AAA,IND600008AAC,3,5.5,1.0,1.0,67.35879120879122,67.35879120879122,77.0,14.0,12.831,0.0,0.020296083176838543,1,0,0,Chennai_Mylapore (Tamil Nadu),Chennai_Egmore_DPC (Tamil Nadu),Chennai_Mylapore (Tamil Nadu) -> Chennai_Egmore_DPC (Tamil Nadu)
IND842001AAA,IND845418AAB,12,1.84375,0.08333333333333333,1.0,67.33511363636367,67.33511363636367,147.5,80.0,101.48635,1.0,0.020288948815149577,1,0,0,Muzaffrpur_Bbganj_I (Bihar),Dhaka_PchpkrRD_D (Bihar),Muzaffrpur_Bbganj_I (Bihar) -> Dhaka_PchpkrRD_D (Bihar)
IND509124AAA,IND518002AAA,1,4.222222222222222,1.0,1.0,67.33333333333336,67.33333333333336,190.0,45.0,59.5891,1.0,0.020288412386604247,1,0,0,JoguGadwal_ColctrOf_D (Telangana),Kurnool_AbbasNgr_I (Andhra Pradesh),JoguGadwal_ColctrOf_D (Telangana) -> Kurnool_AbbasNgr_I (Andhra Pradesh)
IND689645AAA,IND691551AAA,15,1.75,0.2,1.0,67.32421875000003,67.32421875000003,42.0,25.0,26.547,0.0,0.020285666043652784,1,0,0,Pthnmthitt_Klskhrpt_D (Kerala),Adoor_Town_D (Kerala),Pthnmthitt_Klskhrpt_D (Kerala) -> Adoor_Town_D (Kerala)
IND509103AAB,IND518002AAA,9,2.2241379310344827,0.1111111111111111,1.0,67.24088983050845,67.24088983050845,129.0,58.0,76.4494,1.0,0.020260557952330376,1,0,0,Wanaparthy_VallaDPP_D (Telangana),Kurnool_AbbasNgr_I (Andhra Pradesh),Wanaparthy_VallaDPP_D (Telangana) -> Kurnool_AbbasNgr_I (Andhra Pradesh)
IND625218AAA,IND624703AAA,1,3.365079365079365,1.0,1.0,67.10000000000002,67.10000000000002,212.0,63.0,75.782,1.0,0.020218106007046707,1,0,0,Vadipatti_lalaNGR_D (Tamil Nadu),Gujiliam_Parai_D (Tamil Nadu),Vadipatti_lalaNGR_D (Tamil Nadu) -> Gujiliam_Parai_D (Tamil Nadu)
IND607801AAA,IND606003AAA,15,2.130434782608696,0.26666666666666666,0.9333333333333333,67.05441176470592,67.05441176470592,50.0,23.0,32.398900000000005,0.0,0.02020436967658694,1,0,0,Neyveli_NJVNgr_D (Tamil Nadu),Virudhchlm_SelamRd_D (Tamil Nadu),Neyveli_NJVNgr_D (Tamil Nadu) -> Virudhchlm_SelamRd_D (Tamil Nadu)
IND854326AAB,IND852131AAA,10,2.184938409854423,0.2,1.0,66.94166666666666,66.94166666666666,210.5,95.0,134.6935,1.0,0.020170398106632653,1,0,0,Purnia_Central_H_2 (Bihar),Supaul_SadrHsptl_D (Bihar),Purnia_Central_H_2 (Bihar) -> Supaul_SadrHsptl_D (Bihar)
IND516101AAA,IND516115AAA,18,2.479166666666667,0.16666666666666666,1.0,66.90294117647065,66.90294117647065,63.0,25.5,36.104200000000006,0.0,0.02015872961086577,1,0,0,Koduru_MGRoad_D (Andhra Pradesh),Rajampet_RSRoad_D (Andhra Pradesh),Koduru_MGRoad_D (Andhra Pradesh) -> Rajampet_RSRoad_D (Andhra Pradesh)
IND421302AAG,IND410401AAA,11,2.462686567164179,0.2727272727272727,1.0,66.84025186567177,66.84025186567177,164.0,67.0,88.8,1.0,0.02013984050309766,1,0,0,Bhiwandi_Mankoli_HB (Maharashtra),Lonavala_NngrgnRd_D (Maharashtra),Bhiwandi_Mankoli_HB (Maharashtra) -> Lonavala_NngrgnRd_D (Maharashtra)
IND573201AAB,IND575004AAB,14,3.2430173092053503,0.21428571428571427,1.0,66.57477535301678,66.57477535301678,400.5,124.0,173.32319999999999,1.0,0.02005984896397337,1,0,0,Hassan_Pandrnga_I (Karnataka),Mangalore_Kuntikna_H (Karnataka),Hassan_Pandrnga_I (Karnataka) -> Mangalore_Kuntikna_H (Karnataka)
IND263153AAB,IND263139AAA,7,2.261904761904762,0.2857142857142857,1.0,66.46875000000001,66.46875000000001,95.0,41.0,35.443400000000004,1.0,0.02002790214092229,1,0,0,Rudrapur_UdhamNgr_H (Uttarakhand),Haldwani_PiliKoti_D (Uttarakhand),Rudrapur_UdhamNgr_H (Uttarakhand) -> Haldwani_PiliKoti_D (Uttarakhand)
IND244901AAB,IND243002AAA,16,2.3729468599033816,0.25,1.0,66.1333333333335,66.1333333333335,107.0,45.0,60.259299999999996,1.0,0.019926836720308372,1,0,0,Rampur_RoshnBgh_I (Uttar Pradesh),Bareilly (Uttar Pradesh),Rampur_RoshnBgh_I (Uttar Pradesh) -> Bareilly (Uttar Pradesh)
IND802101AAA,IND802119AAA,14,2.7916666666666665,0.5,1.0,66.13333333333334,66.13333333333334,34.0,13.0,18.3401,1.0,0.019926836720308327,1,0,0,Buxar_Sarswati_D (Bihar),Dumraon_Nishangr_D (Bihar),Buxar_Sarswati_D (Bihar) -> Dumraon_Nishangr_D (Bihar)
IND131028AAB,IND110037AAM,7,2.2758620689655173,0.42857142857142855,1.0,66.06735827001752,66.06735827001752,133.0,57.0,47.9002,0.0,0.01990695757241055,1,0,0,Sonipat_Kundli_H (Haryana),Delhi_Airport_H (Delhi),Sonipat_Kundli_H (Haryana) -> Delhi_Airport_H (Delhi)
IND201306AAA,IND201301AAF,8,3.1077694235588975,0.625,1.0,66.05,66.05,62.0,19.0,17.5018,0.0,0.019901727299037775,1,1,0,Noida_Surajpur_DC (Uttar Pradesh),Noida_Sec 02_DPC (Uttar Pradesh),Noida_Surajpur_DC (Uttar Pradesh) -> Noida_Sec 02_DPC (Uttar Pradesh)
IND000000ACB,IND124103AAA,13,1.8333333333333333,0.23076923076923078,1.0,65.80000000000001,65.80000000000001,88.0,47.0,49.3821,1.0,0.019826399035226126,1,0,0,Gurgaon_Bilaspur_HB (Haryana),Jhajjar_DC (Haryana),Gurgaon_Bilaspur_HB (Haryana) -> Jhajjar_DC (Haryana)
IND380054AAA,IND382430AAB,24,2.3639705882352944,0.2916666666666667,1.0,65.64241486068107,65.64241486068107,39.0,17.0,20.25185,0.0,0.019778916575436477,1,0,0,AMD_Memnagar (Gujarat),Ahmedabad_East_H_1 (Gujarat),AMD_Memnagar (Gujarat) -> Ahmedabad_East_H_1 (Gujarat)
IND282002AAD,IND474003AAA,9,1.537190082644628,0.1111111111111111,1.0,65.549375,65.549375,186.0,123.0,121.6169,1.0,0.019750882450754945,1,0,0,IND282002AAD,Gwalior_HrihrNgr_I (Madhya Pradesh),IND282002AAD -> Gwalior_HrihrNgr_I (Madhya Pradesh)
IND712311AAA,IND743235AAA,5,2.586206896551724,0.6,1.0,65.5415204678363,65.5415204678363,150.0,57.0,79.817,1.0,0.01974851577767117,1,1,0,Kolkata_Dankuni_HB (West Bengal),Bongaon_SukntDPP_D (West Bengal),Kolkata_Dankuni_HB (West Bengal) -> Bongaon_SukntDPP_D (West Bengal)
IND212601AAA,IND210001AAA,16,2.335668103448276,0.1875,1.0,65.49049773755655,65.49049773755655,142.5,61.0,84.96755,1.0,0.019733141962923556,1,0,0,Fatehpur_Kotwali_D (Uttar Pradesh),Banda_GayatriN_D (Uttar Pradesh),Fatehpur_Kotwali_D (Uttar Pradesh) -> Banda_GayatriN_D (Uttar Pradesh)
IND301001AAB,IND321606AAA,3,2.246376811594203,0.3333333333333333,1.0,65.3094155844156,65.3094155844156,155.0,69.0,77.25160000000001,1.0,0.019678579546110023,1,0,0,Alwar_Central_I_1 (Rajasthan),Kherli_GodamDPP_D (Rajasthan),Alwar_Central_I_1 (Rajasthan) -> Kherli_GodamDPP_D (Rajasthan)
IND160055AAA,IND160002AAC,21,1.1,0.14285714285714285,0.38095238095238093,65.23796534017977,65.23796534017977,45.0,41.0,33.5366,0.0,0.01965705065472121,0,0,0,Chandigarh_Mohali (Chandigarh),Chandigarh_Mehmdpur_H (Punjab),Chandigarh_Mohali (Chandigarh) -> Chandigarh_Mehmdpur_H (Punjab)
IND846004AAA,IND847404AAB,1,4.466666666666667,1.0,1.0,65.0,65.0,134.0,30.0,37.7671,1.0,0.019585348591028846,1,0,0,Darbhanga (Bihar),Jhanjharpur_Nagar_D (Bihar),Darbhanga (Bihar) -> Jhanjharpur_Nagar_D (Bihar)
IND842001AAA,IND843109AAB,15,3.4,0.4666666666666667,1.0,64.45000000000002,64.45000000000002,36.0,10.0,14.6382,0.0,0.019419626410643223,1,0,0,Muzaffrpur_Bbganj_I (Bihar),Kanti_Central_DPP_2 (Bihar),Muzaffrpur_Bbganj_I (Bihar) -> Kanti_Central_DPP_2 (Bihar)
IND305001AAC,IND305802AAA,11,2.142857142857143,0.2727272727272727,1.0,64.38311111111113,64.38311111111113,56.0,25.0,29.3254,1.0,0.019399471915170063,1,0,0,Ajmer_FoySGRRD_I (Rajasthan),Kishangarh_Central_D_2 (Rajasthan),Ajmer_FoySGRRD_I (Rajasthan) -> Kishangarh_Central_D_2 (Rajasthan)
IND411033AAA,IND413501AAA,1,2.7452830188679247,1.0,1.0,64.11666666666667,64.11666666666667,582.0,212.0,276.3396,1.0,0.019319188725561022,1,0,0,Pune_Tathawde_H (Maharashtra),Osmanabad_Kakdepot_D (Maharashtra),Pune_Tathawde_H (Maharashtra) -> Osmanabad_Kakdepot_D (Maharashtra)
IND160002AAC,IND147101AAA,9,2.23728813559322,0.4444444444444444,1.0,63.91470588235296,63.91470588235296,148.0,59.0,73.8163,1.0,0.019258335304599458,1,0,0,Chandigarh_Mehmdpur_H (Punjab),Samana_PODPP_D (Punjab),Chandigarh_Mehmdpur_H (Punjab) -> Samana_PODPP_D (Punjab)
IND402109AAA,IND402301AAA,20,1.903985507246377,0.15,1.0,63.31412037037043,63.31412037037043,90.5,48.0,63.32465,0.0,0.019077371049047158,1,0,0,Roha_DataSagr_D (Maharashtra),Mahad_Govndsgr_D (Maharashtra),Roha_DataSagr_D (Maharashtra) -> Mahad_Govndsgr_D (Maharashtra)
IND854105AAB,IND853204AAA,5,3.020408163265306,0.8,1.0,63.3132653061225,63.3132653061225,149.0,49.0,70.35510000000001,1.0,0.019077113407026183,1,1,0,Katihar_Central_D_2 (Bihar),Naugchia_Vijayght_D (Bihar),Katihar_Central_D_2 (Bihar) -> Naugchia_Vijayght_D (Bihar)
IND686028AAB,IND686632AAA,1,6.095238095238095,1.0,1.0,63.21666666666668,63.21666666666668,128.0,21.0,21.2599,1.0,0.019048006975839082,1,0,0,Kottayam_Central_H_1 (Kerala),Kothanalloor_Majoor_D (Kerala),Kottayam_Central_H_1 (Kerala) -> Kothanalloor_Majoor_D (Kerala)
IND413002AAA,IND501359AAE,17,1.7695167286245352,0.11764705882352941,1.0,63.039149628252744,63.039149628252744,476.0,269.0,350.2073,1.0,0.018994518774636253,1,0,0,Solapur_Central_I_2 (Maharashtra),Hyderabad_Shamshbd_H (Telangana),Solapur_Central_I_2 (Maharashtra) -> Hyderabad_Shamshbd_H (Telangana)
IND474003AAA,IND000000ACB,26,1.6346153846153846,0.11538461538461539,1.0,62.93746484531937,62.93746484531937,425.0,261.0,316.01930000000004,1.0,0.018963879822018512,1,0,0,Gwalior_HrihrNgr_I (Madhya Pradesh),Gurgaon_Bilaspur_HB (Haryana),Gwalior_HrihrNgr_I (Madhya Pradesh) -> Gurgaon_Bilaspur_HB (Haryana)
IND242221AAA,IND207247AAB,5,3.10989010989011,0.6,1.0,62.75137362637378,62.75137362637378,283.0,90.0,89.5042,1.0,0.018907808108283453,1,1,0,Jalalabad_farukngr_D (Uttar Pradesh),Aliganj_KaimgnjRD_D (Uttar Pradesh),Jalalabad_farukngr_D (Uttar Pradesh) -> Aliganj_KaimgnjRD_D (Uttar Pradesh)
IND400037AAA,IND400072AAJ,13,3.3076923076923075,0.6153846153846154,1.0,62.55555555555554,62.55555555555554,42.0,13.0,12.7883,0.0,0.018848805567092716,1,1,0,Mumbai Antop Hill (Maharashtra),Mumbai_Tejpal_I (Maharashtra),Mumbai Antop Hill (Maharashtra) -> Mumbai_Tejpal_I (Maharashtra)
IND000000ACB,IND301705AAA,1,3.75,1.0,1.0,62.416666666666714,62.416666666666714,210.0,56.0,62.9226,1.0,0.018806956531641817,1,0,0,Gurgaon_Bilaspur_HB (Haryana),Neemrana_Rcocmplx_D (Rajasthan),Gurgaon_Bilaspur_HB (Haryana) -> Neemrana_Rcocmplx_D (Rajasthan)
IND395023AAA,IND110037AAM,18,1.8358147896495103,0.05555555555555555,1.0,62.319361870788725,62.319361870788725,1543.5,841.0,1118.7184499999998,1.0,0.018777637326305673,1,0,0,Surat_HUB (Gujarat),Delhi_Airport_H (Delhi),Surat_HUB (Gujarat) -> Delhi_Airport_H (Delhi)
IND173212AAA,IND134102AAA,2,3.8484848484848486,1.0,1.0,62.11428571428576,62.11428571428576,127.0,33.0,43.25705000000001,1.0,0.018715845203031534,1,0,0,Solan_MohanPrk_D (Himachal Pradesh),Kalka_Pinjore_DC (Haryana),Solan_MohanPrk_D (Himachal Pradesh) -> Kalka_Pinjore_DC (Haryana)
IND411048AAA,IND411014AAA,2,4.8125,1.0,1.0,62.0,62.0,77.0,16.0,15.60725,0.0,0.018681409425289053,1,0,0,Pune_East_D_8 (Maharashtra),PNQ Vadgaon Sheri DPC (Maharashtra),Pune_East_D_8 (Maharashtra) -> PNQ Vadgaon Sheri DPC (Maharashtra)
IND733102AAA,IND732103AAB,1,3.075,1.0,1.0,62.0,62.0,246.0,80.0,108.6367,0.0,0.018681409425289053,1,0,0,Balurghat_AkhirDPP_D (West Bengal),Malda_Central_I_3 (West Bengal),Balurghat_AkhirDPP_D (West Bengal) -> Malda_Central_I_3 (West Bengal)
IND509301AAA,IND501359AAE,14,1.8583673469387754,0.07142857142857142,1.0,61.94444444444446,61.94444444444446,92.0,49.0,66.7873,1.0,0.01866466981110869,1,0,0,Jadcherla_Badeplly_D (Telangana),Hyderabad_Shamshbd_H (Telangana),Jadcherla_Badeplly_D (Telangana) -> Hyderabad_Shamshbd_H (Telangana)
IND843329AAB,IND843301AAA,13,2.789473684210526,0.38461538461538464,1.0,61.82850877192983,61.82850877192983,53.0,19.0,26.5904,1.0,0.018629736879411243,1,0,0,Sheohar_Ward9DPP_D (Bihar),Sitamari_Durma_D (Bihar),Sheohar_Ward9DPP_D (Bihar) -> Sitamari_Durma_D (Bihar)
IND423106AAA,IND423105AAA,8,1.5276497695852536,0.25,1.0,61.74788437369082,61.74788437369082,52.5,34.0,36.7953,1.0,0.018605443695650425,1,0,0,Manmad_Malegaon_D (Maharashtra),Malegaon_Rawlgaon_D (Maharashtra),Manmad_Malegaon_D (Maharashtra) -> Malegaon_Rawlgaon_D (Maharashtra)
IND474003AAA,IND476111AAA,8,2.4407242063492065,0.375,1.0,61.718276515151615,61.718276515151615,155.0,63.0,70.56045,1.0,0.018596522461334666,1,0,0,Gwalior_HrihrNgr_I (Madhya Pradesh),Ambah_MrenTirh_D (Madhya Pradesh),Gwalior_HrihrNgr_I (Madhya Pradesh) -> Ambah_MrenTirh_D (Madhya Pradesh)
IND573201AAB,IND573103AAA,3,2.85,1.0,1.0,61.679062500000015,61.679062500000015,114.0,40.0,44.1091,1.0,0.018584706766620853,1,0,0,Hassan_Pandrnga_I (Karnataka),Arsikere_HsnRdDPP_D (Karnataka),Hassan_Pandrnga_I (Karnataka) -> Arsikere_HsnRdDPP_D (Karnataka)
IND209111AAA,IND285001AAD,21,2.1714285714285713,0.23809523809523808,1.0,61.66250000000002,61.66250000000002,77.0,36.0,49.9361,1.0,0.018579716269143332,1,0,0,Pukhrayan_Arulimod_D (Uttar Pradesh),Orai_Ajnari_D (Uttar Pradesh),Pukhrayan_Arulimod_D (Uttar Pradesh) -> Orai_Ajnari_D (Uttar Pradesh)
IND784001AAA,IND784101AAA,1,7.125,1.0,1.0,61.48333333333334,61.48333333333334,114.0,16.0,21.655,0.0,0.018525731013411647,1,0,0,Tezpur_Mhbhirab_D (Assam),Balipara_EragnDPP_D (Assam),Tezpur_Mhbhirab_D (Assam) -> Balipara_EragnDPP_D (Assam)
IND365560AAB,IND364290AAA,11,2.4827586206896552,0.2727272727272727,1.0,61.477298850574726,61.477298850574726,74.0,29.0,39.9877,1.0,0.018523912744974814,1,0,0,Amreli_Rajula_DC (Gujarat),Bhavnagar_Mahuva_DC (Gujarat),Amreli_Rajula_DC (Gujarat) -> Bhavnagar_Mahuva_DC (Gujarat)
IND501359AAE,IND500010AAA,12,1.9358974358974357,0.3333333333333333,1.0,61.44188034188039,61.44188034188039,75.5,39.0,47.48885,0.0,0.018513240685907845,1,0,0,Hyderabad_Shamshbd_H (Telangana),Hyderabad_Alwal_I (Telangana),Hyderabad_Shamshbd_H (Telangana) -> Hyderabad_Alwal_I (Telangana)
IND713205AAB,IND713148AAA,3,4.444444444444445,0.6666666666666666,1.0,61.25,61.25,80.0,18.0,22.3882,1.0,0.018455424633854106,1,0,0,Durgapur_Central_I_1 (West Bengal),Panagarh_Central_D_1 (West Bengal),Durgapur_Central_I_1 (West Bengal) -> Panagarh_Central_D_1 (West Bengal)
IND721306AAA,IND721102AAA,5,2.0,0.4,1.0,61.22222222222223,61.22222222222223,36.0,18.0,18.9178,1.0,0.018447054826763922,1,0,0,Kharagpur_DC (West Bengal),Midnapore_Talkui_D (West Bengal),Kharagpur_DC (West Bengal) -> Midnapore_Talkui_D (West Bengal)
IND312605AAB,IND313001AAB,7,2.3823529411764706,0.42857142857142855,1.0,61.05000000000007,61.05000000000007,324.0,137.0,173.2019,1.0,0.018395162022804806,1,0,0,Pratapgarh_Nimachrd_D (Rajasthan),Udaipur_Mangri_I (Rajasthan),Pratapgarh_Nimachrd_D (Rajasthan) -> Udaipur_Mangri_I (Rajasthan)
IND000000AFF,IND734203AAA,3,4.842105263157895,1.0,1.0,61.03750000000001,61.03750000000001,92.0,19.0,27.8663,1.0,0.018391395609614204,1,0,0,Darjeeling_Hillcard_DC (West Bengal),Kurseong_ABPath_D (West Bengal),Darjeeling_Hillcard_DC (West Bengal) -> Kurseong_ABPath_D (West Bengal)
IND768201AAA,IND770001AAA,1,4.333333333333333,1.0,1.0,61.0,61.0,130.0,30.0,32.3288,1.0,0.018380096370042457,1,0,0,Jharsuguda_MbRoad_D (Orissa),Sundargarh_DiyoDPP_D (Orissa),Jharsuguda_MbRoad_D (Orissa) -> Sundargarh_DiyoDPP_D (Orissa)
IND243001AAA,IND243503AAB,13,2.2962962962962963,0.23076923076923078,1.0,60.91538461538464,60.91538461538464,62.0,27.0,27.4398,1.0,0.018354600649983135,1,0,0,Bareilly_Central_D_2 (Uttar Pradesh),Faridpur_ShjnprRD_D (Uttar Pradesh),Bareilly_Central_D_2 (Uttar Pradesh) -> Faridpur_ShjnprRD_D (Uttar Pradesh)
IND530043AAA,IND530012AAA,1,5.9523809523809526,1.0,1.0,60.79166666666667,60.79166666666667,125.0,21.0,24.6676,0.0,0.018317322816866082,1,0,0,Visakhapatnam_VislkNgr_DC (Andhra Pradesh),Visakhapatnam_Gajuwaka_IP (Andhra Pradesh),Visakhapatnam_VislkNgr_DC (Andhra Pradesh) -> Visakhapatnam_Gajuwaka_IP (Andhra Pradesh)
IND144001AAB,IND144601AAA,3,3.6875,1.0,1.0,60.641015625000016,60.641015625000016,59.0,16.0,19.5231,1.0,0.01827192969122542,1,0,0,Jalandhar_DPC (Punjab),Kapurthala_DC (Punjab),Jalandhar_DPC (Punjab) -> Kapurthala_DC (Punjab)
IND000000ACB,IND209304AAA,15,2.2803738317757007,0.2,1.0,60.52336448598123,60.52336448598123,732.0,321.0,444.1549,1.0,0.01823647986707443,1,0,0,Gurgaon_Bilaspur_HB (Haryana),Kanpur_Central_H_6 (Uttar Pradesh),Gurgaon_Bilaspur_HB (Haryana) -> Kanpur_Central_H_6 (Uttar Pradesh)
IND244901AAB,IND244921AAB,5,3.0434782608695654,0.6,1.0,60.499999999999986,60.499999999999986,70.0,23.0,28.2658,0.0,0.018229439842419152,1,1,0,Rampur_RoshnBgh_I (Uttar Pradesh),Bilaspur_GrmNgriya_D (Uttar Pradesh),Rampur_RoshnBgh_I (Uttar Pradesh) -> Bilaspur_GrmNgriya_D (Uttar Pradesh)
IND854311AAA,IND854334AAA,8,1.7777777777777777,0.375,1.0,60.2462962962963,60.2462962962963,32.0,19.0,25.2532,1.0,0.018152995604328818,1,0,0,Araria_Wardn13_D (Bihar),Raniganj_Central_DPP_1 (Bihar),Araria_Wardn13_D (Bihar) -> Raniganj_Central_DPP_1 (Bihar)
IND000000AFR,IND683511AAA,8,2.0615530303030303,0.25,1.0,60.08437500000001,60.08437500000001,67.0,32.0,30.16375,0.0,0.01810420660383229,1,0,0,Cochin_PanditRd_D (Kerala),Aluva_Peedika_H (Kerala),Cochin_PanditRd_D (Kerala) -> Aluva_Peedika_H (Kerala)
IND302014AAA,IND303702AAB,9,2.210526315789474,0.3333333333333333,1.0,59.873923444976114,59.873923444976114,84.0,38.0,51.705,1.0,0.018040794802806646,1,0,0,Jaipur_Hub (Rajasthan),Chomu_ShsmlDPP_D (Rajasthan),Jaipur_Hub (Rajasthan) -> Chomu_ShsmlDPP_D (Rajasthan)
IND000000ACB,IND110043AAC,9,1.9454545454545455,0.1111111111111111,1.0,59.71785714285714,59.71785714285714,107.0,55.0,52.015,0.0,0.017993769988494137,1,0,0,Gurgaon_Bilaspur_HB (Haryana),Delhi_Nangli_L (Delhi),Gurgaon_Bilaspur_HB (Haryana) -> Delhi_Nangli_L (Delhi)
IND312403AAA,IND312001AAA,9,1.608695652173913,0.2222222222222222,1.0,59.700000000000045,59.700000000000045,111.0,68.0,83.14089999999999,1.0,0.017988389398221893,1,0,0,BariSadri_BhmprDPP_D (Rajasthan),Chittaurgarh_DC (Rajasthan),BariSadri_BhmprDPP_D (Rajasthan) -> Chittaurgarh_DC (Rajasthan)
IND700144AAA,IND743395AAA,4,3.0476190476190474,1.0,1.0,59.7,59.7,61.0,20.0,22.008850000000002,1.0,0.01798838939822188,1,0,0,Baruipur_Bnsibtla_D (West Bengal),Jaynagar_MjlprDPP_D (West Bengal),Baruipur_Bnsibtla_D (West Bengal) -> Jaynagar_MjlprDPP_D (West Bengal)
IND174001AAA,IND175018AAA,15,2.5185185185185186,0.26666666666666666,1.0,59.6564102564103,59.6564102564103,68.0,26.0,37.6677,1.0,0.01797525523940345,1,0,0,BilaspurHP_Indsarea_D (Himachal Pradesh),SundarNgr_Bhogpur_D (Himachal Pradesh),BilaspurHP_Indsarea_D (Himachal Pradesh) -> SundarNgr_Bhogpur_D (Himachal Pradesh)
IND786125AAA,IND786190AAA,7,3.0625,0.5714285714285714,1.0,59.61093750000001,59.61093750000001,49.0,16.0,23.5942,0.0,0.01796155370423898,1,1,0,Tinusukia_Chrwpaty_D (Assam),DoomDooma_Pthrgoan_D (Assam),Tinusukia_Chrwpaty_D (Assam) -> DoomDooma_Pthrgoan_D (Assam)
IND422605AAA,IND423109AAA,1,3.6222222222222222,1.0,1.0,59.500000000000014,59.500000000000014,163.0,45.0,53.5613,0.0,0.017928126787172566,1,0,0,Sangamner_JawanChk_D (Maharashtra),Shirdi_SaiBansi_D (Maharashtra),Sangamner_JawanChk_D (Maharashtra) -> Shirdi_SaiBansi_D (Maharashtra)
IND801103AAA,IND802301AAA,11,2.6666666666666665,0.45454545454545453,1.0,59.48750000000005,59.48750000000005,42.0,16.0,22.882900000000003,1.0,0.01792436037398199,1,0,0,Bihta_ShivNgar_D (Bihar),Arrah_Katira_D (Bihar),Bihta_ShivNgar_D (Bihar) -> Arrah_Katira_D (Bihar)
IND845418AAB,IND842001AAA,2,2.9851778656126484,1.0,1.0,59.375,59.375,202.0,67.5,84.1148,1.0,0.017890462655266733,1,0,0,Dhaka_PchpkrRD_D (Bihar),Muzaffrpur_Bbganj_I (Bihar),Dhaka_PchpkrRD_D (Bihar) -> Muzaffrpur_Bbganj_I (Bihar)
IND741126AAB,IND741156AAA,20,2.5588235294117645,0.25,1.0,59.33790849673201,59.33790849673201,41.5,17.0,23.83095,0.0,0.01787928650109337,1,0,0,Nakashipara_MaxDPP_D (West Bengal),Plassey_BtaiRoad_D (West Bengal),Nakashipara_MaxDPP_D (West Bengal) -> Plassey_BtaiRoad_D (West Bengal)
IND473001AAA,IND473331AAA,11,2.0256410256410255,0.2727272727272727,1.0,59.253254437869856,59.253254437869856,77.0,39.0,42.9879,1.0,0.017853779127978586,1,0,0,Guna_HnumnDPP_D (Madhya Pradesh),Ashokngr_Bypassrd_D (Madhya Pradesh),Guna_HnumnDPP_D (Madhya Pradesh) -> Ashokngr_Bypassrd_D (Madhya Pradesh)
IND423109AAA,IND423601AAA,12,2.125,0.4166666666666667,1.0,59.07685185185187,59.07685185185187,17.5,9.0,12.39055,0.0,0.017800626725832106,1,0,0,Shirdi_SaiBansi_D (Maharashtra),Kopargaon_NkshtrPz_D (Maharashtra),Shirdi_SaiBansi_D (Maharashtra) -> Kopargaon_NkshtrPz_D (Maharashtra)
IND422011AAD,IND422103AAC,11,1.4054054054054055,0.18181818181818182,1.0,58.9910371910372,58.9910371910372,52.0,36.0,40.5612,0.0,0.01777476964819709,1,0,0,Nashik_TgrniaRD_I (Maharashtra),Sinnar_Central_D_1 (Maharashtra),Nashik_TgrniaRD_I (Maharashtra) -> Sinnar_Central_D_1 (Maharashtra)
IND204101AAA,IND202001AAB,2,2.961337513061651,0.5,1.0,58.972413793103456,58.972413793103456,94.0,31.0,40.3863,1.0,0.0177691581752666,1,0,0,Hathras (Uttar Pradesh),Aligarh_KhirByps_I (Uttar Pradesh),Hathras (Uttar Pradesh) -> Aligarh_KhirByps_I (Uttar Pradesh)
IND110039AAA,IND110085AAB,3,3.7333333333333334,1.0,1.0,58.862500000000004,58.862500000000004,56.0,15.0,13.4506,0.0,0.017736039714452853,1,0,0,Delhi_Barwala (Delhi),Delhi_Rohini_DPC (Delhi),Delhi_Barwala (Delhi) -> Delhi_Rohini_DPC (Delhi)
IND389151AAA,IND457661AAA,11,2.8484848484848486,0.6363636363636364,1.0,58.840431141439254,58.840431141439254,92.0,32.0,43.518800000000006,1.0,0.01772939007925411,1,1,0,Dahod_DC (Gujarat),Jhabua_Ward11_D (Madhya Pradesh),Dahod_DC (Gujarat) -> Jhabua_Ward11_D (Madhya Pradesh)
IND531116AAA,IND530012AAA,4,2.4444915254237287,1.0,1.0,58.60000000000002,58.60000000000002,145.5,59.5,67.6685,0.0,0.017656945037450626,1,0,0,Narsiptnm_Wardno8_D (Andhra Pradesh),Visakhapatnam_Gajuwaka_IP (Andhra Pradesh),Narsiptnm_Wardno8_D (Andhra Pradesh) -> Visakhapatnam_Gajuwaka_IP (Andhra Pradesh)
IND824101AAA,IND821115AAB,7,1.9285714285714286,0.14285714285714285,1.0,58.57793650793651,58.57793650793651,59.0,29.0,38.8826,1.0,0.01765029701924756,1,0,0,AurngbadBR_Mahindra_D (Bihar),Sasaram_Central_I_2 (Bihar),AurngbadBR_Mahindra_D (Bihar) -> Sasaram_Central_I_2 (Bihar)
IND532201AAA,IND532222AAA,20,1.72,0.15,1.0,58.56778947368421,58.56778947368421,42.0,24.0,27.589750000000002,1.0,0.017647239585355308,1,0,0,Tekkali_AmvdiDPP_D (Andhra Pradesh),Palasa_Central_DPP_1 (Andhra Pradesh),Tekkali_AmvdiDPP_D (Andhra Pradesh) -> Palasa_Central_DPP_1 (Andhra Pradesh)
IND390020AAA,IND391110AAD,7,1.8529411764705883,0.14285714285714285,1.0,58.532405689548554,58.532405689548554,63.0,34.0,35.3396,0.0,0.01763657798925121,1,0,0,Vadodara (Gujarat),Dabhoi_Central_DPP_3 (Gujarat),Vadodara (Gujarat) -> Dabhoi_Central_DPP_3 (Gujarat)
IND401501AAA,IND401602AAA,17,2.076923076923077,0.17647058823529413,1.0,58.46400000000001,58.46400000000001,52.0,26.0,28.0569,0.0,0.01761596646193709,1,0,0,Boisar_OstwlEmp_D (Maharashtra),Dahanu_KetyDPP_D (Maharashtra),Boisar_OstwlEmp_D (Maharashtra) -> Dahanu_KetyDPP_D (Maharashtra)
IND122001AAD,IND122050AAA,10,1.8872549019607843,0.4,0.9,58.357142857142854,58.357142857142854,34.0,20.0,16.641849999999998,0.0,0.017583769009747875,1,0,0,Gurgaon_Kadipur (Haryana),Gurgaon_Manesar (Haryana),Gurgaon_Kadipur (Haryana) -> Gurgaon_Manesar (Haryana)
IND472001AAA,IND485001AAC,16,2.3142957870615195,0.125,1.0,58.19470251514565,58.19470251514565,430.5,186.0,242.3127,1.0,0.017534823614005397,1,0,0,Tikamgarh_MndiRoad_D (Madhya Pradesh),Satna_Central_I_2 (Madhya Pradesh),Tikamgarh_MndiRoad_D (Madhya Pradesh) -> Satna_Central_I_2 (Madhya Pradesh)
IND383255AAB,IND384205AAA,9,1.4579439252336448,0.3333333333333333,0.7777777777777778,57.95333333333332,57.95333333333332,156.0,105.0,102.6941,1.0,0.017462095928391153,1,0,0,Khedbrahma_Patelfli_D (Gujarat),Mehsana_Panchot_IP (Gujarat),Khedbrahma_Patelfli_D (Gujarat) -> Mehsana_Panchot_IP (Gujarat)
IND131028AAB,IND124507AAA,10,1.9404761904761905,0.3,1.0,57.95000000000003,57.95000000000003,83.0,42.0,36.71885,1.0,0.01746109155154034,1,0,0,Sonipat_Kundli_H (Haryana),Bahadurgarh_DC (Haryana),Sonipat_Kundli_H (Haryana) -> Bahadurgarh_DC (Haryana)
IND508223AAA,IND500039AAC,14,1.789939300012915,0.21428571428571427,1.0,57.876364942528795,57.876364942528795,157.5,89.0,122.58545000000001,1.0,0.017438904347400426,1,0,0,Thirumalagiri_Xroad_D (Telangana),Hyderabad_Uppal_I (Telangana),Thirumalagiri_Xroad_D (Telangana) -> Hyderabad_Uppal_I (Telangana)
IND390020AAA,IND390022AAA,2,5.4071428571428575,1.0,1.0,57.814285714285724,57.814285714285724,68.5,12.0,12.5421,0.0,0.017420199065471154,1,0,0,Vadodara (Gujarat),Vadodara_Karelibaug_DPC (Gujarat),Vadodara (Gujarat) -> Vadodara_Karelibaug_DPC (Gujarat)
IND842001AAA,IND848114AAA,20,2.2270408163265305,0.1,1.0,57.77894736842106,57.77894736842106,108.0,48.0,69.05475,1.0,0.01740955116051131,1,0,0,Muzaffrpur_Bbganj_I (Bihar),DalsinghSarai_Wardno13_D (Bihar),Muzaffrpur_Bbganj_I (Bihar) -> DalsinghSarai_Wardno13_D (Bihar)
IND713303AAA,IND713364AAB,6,4.166666666666666,0.6666666666666666,1.0,57.54545454545462,57.54545454545462,75.0,18.0,23.33255,1.0,0.01733919672464514,1,1,0,Asansol_DC (West Bengal),Rupnarayanpur_Salanpur_D (West Bengal),Asansol_DC (West Bengal) -> Rupnarayanpur_Salanpur_D (West Bengal)
IND562132AAA,IND000000ACB,44,1.8244915358909788,0.022727272727272728,1.0,57.387328206806615,57.387328206806615,2786.0,1528.0,2072.8431,1.0,0.017291551194432153,1,0,1,Bangalore_Nelmngla_H (Karnataka),Gurgaon_Bilaspur_HB (Haryana),Bangalore_Nelmngla_H (Karnataka) -> Gurgaon_Bilaspur_HB (Haryana)
IND387001AAA,IND388220AAA,14,1.76,0.2857142857142857,1.0,57.37514285714288,57.37514285714288,44.0,24.5,27.0742,0.0,0.017287879589495726,1,0,0,Nadiad_DC (Gujarat),Umreth_Dakor_DC (Gujarat),Nadiad_DC (Gujarat) -> Umreth_Dakor_DC (Gujarat)
IND263645AAA,IND263601AAA,12,2.046634870164282,0.16666666666666666,1.0,56.754560810810815,56.754560810810815,102.0,50.5,50.05415,1.0,0.017100890117084225,1,0,0,Ranikhet_Subhash_D (Uttarakhand),Almora_SuzkiSrv_D (Uttarakhand),Ranikhet_Subhash_D (Uttarakhand) -> Almora_SuzkiSrv_D (Uttarakhand)
IND131028AAB,IND250611AAA,3,3.3142857142857145,1.0,1.0,56.393696145124736,56.393696145124736,116.0,35.0,38.9892,1.0,0.016992156882135807,1,0,0,Sonipat_Kundli_H (Haryana),Baraut_SrnprHwy_D (Uttar Pradesh),Sonipat_Kundli_H (Haryana) -> Baraut_SrnprHwy_D (Uttar Pradesh)
IND362001AAA,IND360575AAA,11,1.4819277108433735,0.09090909090909091,1.0,56.387951807228944,56.387951807228944,123.0,84.0,103.7216,0.0,0.01699042603813406,1,0,0,Junagadh_DPC (Gujarat),Porbandar_DC (Gujarat),Junagadh_DPC (Gujarat) -> Porbandar_DC (Gujarat)
IND721602AAB,IND721139AAC,4,1.8271505376344086,0.25,1.0,56.30071684587813,56.30071684587813,111.5,60.0,70.1466,0.0,0.016964141005405126,1,0,0,Haldia_Central_D_2 (West Bengal),Panskura_Central_D_3 (West Bengal),Haldia_Central_D_2 (West Bengal) -> Panskura_Central_D_3 (West Bengal)
IND431136AAC,IND431203AAA,15,2.30188679245283,0.13333333333333333,1.0,55.90766233766237,55.90766233766237,122.0,54.0,74.1863,0.0,0.016845708550656188,1,0,0,Aurangabad_Central_H_1 (Maharashtra),Jalna_BhgyaNgr_D (Maharashtra),Aurangabad_Central_H_1 (Maharashtra) -> Jalna_BhgyaNgr_D (Maharashtra)
IND742149AAA,IND742225AAA,1,4.1,1.0,1.0,55.900000000000006,55.900000000000006,164.0,40.0,54.9441,0.0,0.01684339978828481,1,0,0,Murshidabad_Sirjudol_D (West Bengal),Ragunthgnj_GopalDPP_D (West Bengal),Murshidabad_Sirjudol_D (West Bengal) -> Ragunthgnj_GopalDPP_D (West Bengal)
IND000000ACB,IND201007AAA,9,1.5974025974025974,0.1111111111111111,0.7777777777777778,55.81785714285715,55.81785714285715,123.0,77.0,72.811,0.0,0.016818649073032408,1,0,0,Gurgaon_Bilaspur_HB (Haryana),GZB_Mohan_Nagar_DPC (Uttar Pradesh),Gurgaon_Bilaspur_HB (Haryana) -> GZB_Mohan_Nagar_DPC (Uttar Pradesh)
IND160002AAC,IND140603AAA,29,1.25,0.1724137931034483,0.7931034482758621,55.75344827586204,55.75344827586204,36.0,28.0,28.9519,0.0,0.016799241840533143,1,0,0,Chandigarh_Mehmdpur_H (Punjab),Zirakpur_DC (Punjab),Chandigarh_Mehmdpur_H (Punjab) -> Zirakpur_DC (Punjab)
IND845438AAA,IND845455AAB,15,1.8064516129032258,0.2,1.0,55.353308823529474,55.353308823529474,59.0,32.0,38.3778,1.0,0.016678674599626117,1,0,0,Bettiah_BypassRd_D (Bihar),Narktiganj_Central_DPP_2 (Bihar),Bettiah_BypassRd_D (Bihar) -> Narktiganj_Central_DPP_2 (Bihar)
IND205135AAA,IND283203AAA,13,2.235294117647059,0.23076923076923078,1.0,55.11457489878544,55.11457489878544,38.0,18.0,22.3905,0.9230769230769231,0.01660674095137048,1,0,0,Shikohabad_Katrmira_D (Uttar Pradesh),Firozabad_Sudmpuri_D (Uttar Pradesh),Shikohabad_Katrmira_D (Uttar Pradesh) -> Firozabad_Sudmpuri_D (Uttar Pradesh)
IND431603AAA,IND431401AAA,1,3.5254237288135593,1.0,1.0,55.05000000000001,55.05000000000001,208.0,59.0,74.0993,0.0,0.016587283691325203,1,0,0,Nanded_Aswningr_I (Maharashtra),Parbhani_Rjndrngr_D (Maharashtra),Nanded_Aswningr_I (Maharashtra) -> Parbhani_Rjndrngr_D (Maharashtra)
IND626138AAA,IND625008AAA,16,1.4800437397484965,0.0625,0.9375,54.96418650793652,54.96418650793652,89.5,61.0,66.46045000000001,1.0,0.01656142696585017,1,0,0,Maharajapuram_Krsnakcl_D (Tamil Nadu),Madurai_Kappalur_H (Tamil Nadu),Maharajapuram_Krsnakcl_D (Tamil Nadu) -> Madurai_Kappalur_H (Tamil Nadu)
IND144001AAA,IND144040AAA,16,1.8723684210526317,0.125,1.0,54.562343750000004,54.562343750000004,36.0,19.5,26.034100000000002,1.0,0.0164403464967276,1,0,0,Jalandhar_DC (Punjab),Nakodar_ChowkDPP_D (Punjab),Jalandhar_DC (Punjab) -> Nakodar_ChowkDPP_D (Punjab)
IND423601AAA,IND423701AAB,12,2.2083333333333335,0.3333333333333333,1.0,54.47179487179487,54.47179487179487,53.0,24.0,32.798,0.0,0.016413062937586462,1,0,0,Kopargaon_NkshtrPz_D (Maharashtra),Vaijiapur_YeolaRD_D (Maharashtra),Kopargaon_NkshtrPz_D (Maharashtra) -> Vaijiapur_YeolaRD_D (Maharashtra)
IND785682AAA,IND785690AAB,2,3.494652406417112,0.5,1.0,54.46666666666668,54.46666666666668,117.5,33.5,46.04545,0.0,0.016411517742431353,1,0,0,Sivasagar_Babupaty_D (Assam),Sonari_Central_DPP_1 (Assam),Sivasagar_Babupaty_D (Assam) -> Sonari_Central_DPP_1 (Assam)
IND000000ACB,IND282002AAD,9,1.905109489051095,0.2222222222222222,1.0,54.11158088235305,54.11158088235305,261.0,136.0,183.2081,1.0,0.016304525759885183,1,0,0,Gurgaon_Bilaspur_HB (Haryana),IND282002AAD,Gurgaon_Bilaspur_HB (Haryana) -> IND282002AAD
IND742223AAA,IND742226AAA,17,1.5227272727272727,0.11764705882352941,1.0,54.056060606060626,54.056060606060626,68.0,44.0,46.005300000000005,0.0,0.016287796775807377,1,0,0,Jangipur_Central_D_1 (West Bengal),Sagardighi_UtBzrDPP_D (West Bengal),Jangipur_Central_D_1 (West Bengal) -> Sagardighi_UtBzrDPP_D (West Bengal)
IND244235AAA,IND244901AAB,20,0.8883495145631068,0.1,0.2,54.009662133749316,54.009662133749316,91.5,103.0,105.6397,1.0,0.01627381631035648,0,0,0,Gajraula_JawaharN_D (Uttar Pradesh),Rampur_RoshnBgh_I (Uttar Pradesh),Gajraula_JawaharN_D (Uttar Pradesh) -> Rampur_RoshnBgh_I (Uttar Pradesh)
IND847103AAA,IND847404AAB,19,2.0,0.3157894736842105,1.0,54.00000000000004,54.00000000000004,65.0,33.0,33.2702,1.0,0.016270904983316285,1,0,0,Benipur_Javahar_D (Bihar),Jhanjharpur_Nagar_D (Bihar),Benipur_Javahar_D (Bihar) -> Jhanjharpur_Nagar_D (Bihar)
IND134102AAA,IND174103AAA,16,2.75,0.4375,1.0,53.958258928571475,53.958258928571475,38.5,14.0,19.85415,1.0,0.016258327853554876,1,0,0,Kalka_Pinjore_DC (Haryana),Baddi_ByePass_D (Himachal Pradesh),Kalka_Pinjore_DC (Haryana) -> Baddi_ByePass_D (Himachal Pradesh)
IND380006AAA,IND382430AAB,18,2.090909090909091,0.3888888888888889,1.0,53.94999999999999,53.94999999999999,22.0,11.0,14.2593,0.0,0.01625583933055394,1,0,0,Ahmedabad_Paldi_D (Gujarat),Ahmedabad_East_H_1 (Gujarat),Ahmedabad_Paldi_D (Gujarat) -> Ahmedabad_East_H_1 (Gujarat)
IND585211AAA,IND585222AAA,17,1.5,0.11764705882352941,1.0,53.67031250000001,53.67031250000001,36.0,24.0,25.1841,0.0,0.016171565835414663,1,0,0,Chittapur_GlbrgaRD_D (Karnataka),Sedam_DBRCmplx_D (Karnataka),Chittapur_GlbrgaRD_D (Karnataka) -> Sedam_DBRCmplx_D (Karnataka)
IND395023AAA,IND394221AAA,2,4.0133689839572195,0.5,1.0,53.65389610389611,53.65389610389611,62.5,14.0,14.55975,0.0,0.01616661936094846,1,0,0,Surat_HUB (Gujarat),Surat_Pandesra_Gateway (Gujarat),Surat_HUB (Gujarat) -> Surat_Pandesra_Gateway (Gujarat)
IND792110AAA,IND786001AAB,2,2.505098039215686,0.5,1.0,53.472000000000065,53.472000000000065,253.5,101.0,143.4434,0.0,0.016111811690146086,1,0,0,Roing_DibngVly_D (Arunachal Pradesh),Dibrugarh_Bokule_H (Assam),Roing_DibngVly_D (Arunachal Pradesh) -> Dibrugarh_Bokule_H (Assam)
IND201007AAB,IND201007AAA,2,4.035714285714286,0.5,1.0,53.43571428571429,53.43571428571429,56.5,14.0,11.77685,0.0,0.016100878330712838,1,0,0,Ghaziabad_MohanNgr_C (Uttar Pradesh),GZB_Mohan_Nagar_DPC (Uttar Pradesh),Ghaziabad_MohanNgr_C (Uttar Pradesh) -> GZB_Mohan_Nagar_DPC (Uttar Pradesh)
IND202001AAB,IND205001AAB,8,2.543269230769231,0.25,1.0,53.31523668639056,53.31523668639056,264.5,104.0,136.7223,1.0,0.016064576857171827,1,0,0,Aligarh_KhirByps_I (Uttar Pradesh),Mainpuri_Agraroad_I (Uttar Pradesh),Aligarh_KhirByps_I (Uttar Pradesh) -> Mainpuri_Agraroad_I (Uttar Pradesh)
IND787057AAA,IND787059AAB,10,2.12,0.5,1.0,53.17600000000002,53.17600000000002,53.0,24.5,27.167650000000002,1.0,0.016022623025793083,1,0,0,Dhemaji_WardNo3_D (Assam),Silapathar_Hejunagr_D (Assam),Dhemaji_WardNo3_D (Assam) -> Silapathar_Hejunagr_D (Assam)
IND000000ABA,IND683565AAA,7,1.0952380952380953,0.2857142857142857,0.42857142857142855,53.175000000000004,53.175000000000004,22.0,21.0,18.2372,0.0,0.01602232171273783,0,0,0,Cochin_Chtrpuza_D (Kerala),Kunnathund_Pringla_D (Kerala),Cochin_Chtrpuza_D (Kerala) -> Kunnathund_Pringla_D (Kerala)
IND000000AAS,IND783370AAC,9,1.7666666666666666,0.4444444444444444,1.0,53.082500000000046,53.082500000000046,53.0,30.0,41.7822,1.0,0.015994450255127534,1,0,0,Bongaigaon_Chpaguri_D (Assam),Kokrajhar_PigonDPP_D (Assam),Bongaigaon_Chpaguri_D (Assam) -> Kokrajhar_PigonDPP_D (Assam)
IND411033AAA,IND413002AAA,27,1.7735849056603774,0.07407407407407407,1.0,53.04583153813019,53.04583153813019,375.0,212.0,281.1588,1.0,0.015983401568850333,1,0,0,Pune_Tathawde_H (Maharashtra),Solapur_Central_I_2 (Maharashtra),Pune_Tathawde_H (Maharashtra) -> Solapur_Central_I_2 (Maharashtra)
IND000000AAZ,IND444303AAA,1,4.0,1.0,1.0,52.66666666666666,52.66666666666666,160.0,40.0,53.7322,1.0,0.015869154242987474,1,0,0,Buldhana_Thsil3PL_D (Maharashtra),Khamgaon_WamanDPP_D (Maharashtra),Buldhana_Thsil3PL_D (Maharashtra) -> Khamgaon_WamanDPP_D (Maharashtra)
IND413517AAA,IND431603AAA,1,3.1294117647058823,1.0,1.0,52.10000000000005,52.10000000000005,266.0,85.0,110.0454,0.0,0.015698410178347753,1,0,0,Udgir_NlgaonRd_D (Maharashtra),Nanded_Aswningr_I (Maharashtra),Udgir_NlgaonRd_D (Maharashtra) -> Nanded_Aswningr_I (Maharashtra)
IND416510AAA,IND416602AAC,6,2.6625,0.5,1.0,51.84738636363639,51.84738636363639,106.5,40.0,53.0293,1.0,0.015622294391778063,1,0,0,Sawantwadi_LaxmiNgr_D (Maharashtra),Kankavali_NrdawDPP_D (Maharashtra),Sawantwadi_LaxmiNgr_D (Maharashtra) -> Kankavali_NrdawDPP_D (Maharashtra)
IND125121AAA,IND125001AAA,3,3.9,0.6666666666666666,1.0,51.837500000000006,51.837500000000006,117.0,30.0,36.9483,1.0,0.015619315501345507,1,0,0,Barwala_Central_DPP_1 (Haryana),Hisar_ModelTwn_P (Haryana),Barwala_Central_DPP_1 (Haryana) -> Hisar_ModelTwn_P (Haryana)
IND421302AAG,IND421401AAC,10,2.571068548387097,0.3,1.0,51.76058467741933,51.76058467741933,78.5,31.0,42.894499999999994,0.0,0.015596139910503445,1,0,0,Bhiwandi_Mankoli_HB (Maharashtra),Murbad_SnkunDPP_D (Maharashtra),Bhiwandi_Mankoli_HB (Maharashtra) -> Murbad_SnkunDPP_D (Maharashtra)
IND173212AAA,IND174103AAA,1,3.375,1.0,1.0,51.60000000000001,51.60000000000001,162.0,48.0,58.7798,1.0,0.01554775365072444,1,0,0,Solan_MohanPrk_D (Himachal Pradesh),Baddi_ByePass_D (Himachal Pradesh),Solan_MohanPrk_D (Himachal Pradesh) -> Baddi_ByePass_D (Himachal Pradesh)
IND854311AAA,IND852118A1B,3,3.4166666666666665,0.6666666666666666,1.0,51.423611111111114,51.423611111111114,82.0,24.0,30.7923,1.0,0.015494605375701775,1,0,0,Araria_Wardn13_D (Bihar),IND852118A1B,Araria_Wardn13_D (Bihar) -> IND852118A1B
IND673592AAA,IND562132AAA,12,2.07847533632287,0.16666666666666666,1.0,51.33342126088121,51.33342126088121,464.5,224.0,285.06345,1.0,0.015467429996376767,1,0,0,SultnBthry_Kollgpra_D (Kerala),Bangalore_Nelmngla_H (Karnataka),SultnBthry_Kollgpra_D (Kerala) -> Bangalore_Nelmngla_H (Karnataka)
IND600056AAB,IND600044AAE,34,1.9003267973856208,0.20588235294117646,1.0,51.25728441914411,51.25728441914411,66.5,35.0,35.81985,0.0,0.01544448897197614,1,0,1,MAA_Poonamallee_HB (Tamil Nadu),Chennai_Chrompet_L (Tamil Nadu),MAA_Poonamallee_HB (Tamil Nadu) -> Chennai_Chrompet_L (Tamil Nadu)
IND242001AAA,IND242307AAB,1,6.230769230769231,1.0,1.0,51.1,51.1,81.0,13.0,19.7927,1.0,0.015397097123101139,1,0,0,Shahjhnpur_NavdaCln_D (Uttar Pradesh),Tilhar_SingCLNY_D (Uttar Pradesh),Shahjhnpur_NavdaCln_D (Uttar Pradesh) -> Tilhar_SingCLNY_D (Uttar Pradesh)
IND244412AAA,IND244901AAB,3,1.9875,0.3333333333333333,1.0,50.81347197106692,50.81347197106692,159.0,80.0,81.0512,1.0,0.015310762487289527,1,0,0,Chandausi_Ganesh_D (Uttar Pradesh),Rampur_RoshnBgh_I (Uttar Pradesh),Chandausi_Ganesh_D (Uttar Pradesh) -> Rampur_RoshnBgh_I (Uttar Pradesh)
IND424006AAA,IND423105AAA,1,4.205882352941177,1.0,1.0,50.42500000000001,50.42500000000001,143.0,34.0,47.7911,1.0,0.015193710810809688,1,0,0,Dhule_MIDCAvdn_I (Maharashtra),Malegaon_Rawlgaon_D (Maharashtra),Dhule_MIDCAvdn_I (Maharashtra) -> Malegaon_Rawlgaon_D (Maharashtra)
IND600008AAC,IND600013AAA,2,4.55,1.0,1.0,50.400000000000006,50.400000000000006,50.5,11.0,12.08535,0.0,0.015186177984428523,1,0,0,Chennai_Egmore_DPC (Tamil Nadu),Chennai_Royapuram (Tamil Nadu),Chennai_Egmore_DPC (Tamil Nadu) -> Chennai_Royapuram (Tamil Nadu)
IND443201AAA,IND000000AAZ,1,6.25,1.0,1.0,50.166666666666664,50.166666666666664,100.0,16.0,23.79,1.0,0.01511587160487098,1,0,0,Chikhli_KKndrDPP_D (Maharashtra),Buldhana_Thsil3PL_D (Maharashtra),Chikhli_KKndrDPP_D (Maharashtra) -> Buldhana_Thsil3PL_D (Maharashtra)
IND636016AAA,IND636402AAA,1,3.813953488372093,1.0,1.0,50.150000000000006,50.150000000000006,164.0,43.0,46.469,0.0,0.015110849720616874,1,0,0,Salem (Tamil Nadu),Mettur_RTOroad_D (Tamil Nadu),Salem (Tamil Nadu) -> Mettur_RTOroad_D (Tamil Nadu)
IND131021AAA,IND131028AAA,58,1.625,0.3103448275862069,0.8620689655172413,50.04274661508703,50.04274661508703,16.0,11.0,13.07395,0.0,0.015078532875523206,1,0,1,Sonipat_AmzonDev_V (Haryana),Sonipat_Kundli_P (Haryana),Sonipat_AmzonDev_V (Haryana) -> Sonipat_Kundli_P (Haryana)
IND441904AAB,IND441912AAA,12,1.7857142857142856,0.25,1.0,50.03361344537818,50.03361344537818,50.0,29.0,31.0344,0.0,0.015075780932254144,1,0,0,Bhandara_RjnaiDPP_D (Maharashtra),Bhandara_KaremDPP_D (Maharashtra),Bhandara_RjnaiDPP_D (Maharashtra) -> Bhandara_KaremDPP_D (Maharashtra)
IND125001AAA,IND125051AAA,1,3.3492063492063493,1.0,1.0,49.80833333333334,49.80833333333334,211.0,63.0,78.5245,1.0,0.015007901093407619,1,0,0,Hisar_ModelTwn_P (Haryana),Ratia_SchdvDPP_D (Haryana),Hisar_ModelTwn_P (Haryana) -> Ratia_SchdvDPP_D (Haryana)
IND781001AAA,IND781018AAB,10,2.4204204204204203,0.5,0.8,49.753342816500776,49.753342816500776,88.5,37.0,28.35435,0.0,0.014991331732771208,1,0,0,Guwahati_UzanBazr_DC (Assam),Guwahati_Hub (Assam),Guwahati_UzanBazr_DC (Assam) -> Guwahati_Hub (Assam)
IND570020AAA,IND571301AAA,9,2.95,0.5555555555555556,1.0,49.462291666666694,49.462291666666694,62.0,25.0,28.2456,1.0,0.014903634221581669,1,1,0,Mysore_Yadvgiri_IP (Karnataka),Nanjangud_RPRoad_D (Karnataka),Mysore_Yadvgiri_IP (Karnataka) -> Nanjangud_RPRoad_D (Karnataka)
IND631501AAA,IND631003AAA,10,2.7115384615384617,0.5,1.0,49.44903846153852,49.44903846153852,70.5,26.0,28.60865,0.0,0.014899640857852687,1,0,0,Kanchipuram_DC (Tamil Nadu),Arakkonam_HousngBd_D (Tamil Nadu),Kanchipuram_DC (Tamil Nadu) -> Arakkonam_HousngBd_D (Tamil Nadu)
IND585104AAA,IND585314AAA,4,1.8421052631578947,0.25,1.0,49.447368421052644,49.447368421052644,70.0,38.5,41.28625,0.0,0.014899137652851502,1,0,0,Gulbarga_Nehrugnj_I (Karnataka),Aland_RazaviRd_D (Karnataka),Gulbarga_Nehrugnj_I (Karnataka) -> Aland_RazaviRd_D (Karnataka)
IND400701AAA,IND410206AAA,17,2.235294117647059,0.35294117647058826,1.0,49.424060150375944,49.424060150375944,42.0,20.0,23.4411,0.0,0.01489211456660139,1,0,0,Mumbai_Ghansoli_DC (Maharashtra),Jasai_JNPT_D (Maharashtra),Mumbai_Ghansoli_DC (Maharashtra) -> Jasai_JNPT_D (Maharashtra)
IND680587AAA,IND68004AAA,10,1.8653846153846154,0.2,1.0,49.36786469344611,49.36786469344611,75.5,43.0,42.49605,0.0,0.014875182141782883,1,0,0,Pazhayannur_AlathurRD_D (Kerala),Thrissur_Poothole_D (Kerala),Pazhayannur_AlathurRD_D (Kerala) -> Thrissur_Poothole_D (Kerala)
IND500039AAC,IND500035AAD,8,2.8896103896103895,0.5,1.0,49.27142857142857,49.27142857142857,36.5,13.0,13.43775,0.0,0.014846124679221645,1,0,0,Hyderabad_Uppal_I (Telangana),Hyderabad_South_D_12 (Telangana),Hyderabad_Uppal_I (Telangana) -> Hyderabad_South_D_12 (Telangana)
IND410505AAB,IND410501AAF,5,4.1,0.6,1.0,48.88579545454547,48.88579545454547,41.0,10.0,15.5234,0.0,0.014729928386569334,1,1,0,Rajgurunagar_Chakan_D (Maharashtra),Talegaon_Central_DPP_4 (Maharashtra),Rajgurunagar_Chakan_D (Maharashtra) -> Talegaon_Central_DPP_4 (Maharashtra)
IND431514AAA,IND431515AAA,16,2.046536796536796,0.1875,1.0,48.63011363636363,48.63011363636363,43.5,21.0,30.58895,1.0,0.014652888116761955,1,0,0,Gangakher_Busstand_D (Maharashtra),Parli_JirgeNgr_D (Maharashtra),Gangakher_Busstand_D (Maharashtra) -> Parli_JirgeNgr_D (Maharashtra)
IND787001AAA,IND787057AAA,8,2.7429787234042555,0.375,1.0,48.56215384615385,48.56215384615385,132.5,47.0,66.50375,1.0,0.014632410944739929,1,0,0,LakhimpurN_SashPhkn_D (Assam),Dhemaji_WardNo3_D (Assam),LakhimpurN_SashPhkn_D (Assam) -> Dhemaji_WardNo3_D (Assam)
IND110014AAA,IND110024AAA,11,3.4285714285714284,0.5454545454545454,1.0,48.34489795918371,48.34489795918371,34.0,11.0,11.2342,0.0,0.014566948909666646,1,1,0,Delhi_Bhogal (Delhi),Delhi_Lajpat_IP (Delhi),Delhi_Bhogal (Delhi) -> Delhi_Lajpat_IP (Delhi)
IND509301AAA,IND509216AAC,5,1.75,0.2,1.0,48.2,48.2,42.0,24.0,32.817,1.0,0.014523289262886006,1,0,0,Jadcherla_Badeplly_D (Telangana),Shadnagar_Central_D_1 (Telangana),Jadcherla_Badeplly_D (Telangana) -> Shadnagar_Central_D_1 (Telangana)
IND302014AAA,IND110037AAM,14,1.737104564114948,0.07142857142857142,1.0,48.15833333333336,48.15833333333336,353.5,202.0,264.93674999999996,1.0,0.014510734552250737,1,0,0,Jaipur_Hub (Rajasthan),Delhi_Airport_H (Delhi),Jaipur_Hub (Rajasthan) -> Delhi_Airport_H (Delhi)
IND742121AAB,IND742121AAA,16,3.1538461538461537,0.375,1.0,47.940934065934115,47.940934065934115,42.0,13.0,14.441849999999999,0.0,0.014445229314782301,1,0,0,Nowda_ArhamDPP_D (West Bengal),Nowda_AmtlaDPP_D (West Bengal),Nowda_ArhamDPP_D (West Bengal) -> Nowda_AmtlaDPP_D (West Bengal)
IND848101AAA,IND844505AAB,16,3.301169590643275,0.375,1.0,47.90694444444449,47.90694444444449,61.0,18.0,25.9874,1.0,0.014434987798084586,1,0,0,Samastipur_Haripur_D (Bihar),HazratJandaha_HajiprRD_D (Bihar),Samastipur_Haripur_D (Bihar) -> HazratJandaha_HajiprRD_D (Bihar)
IND562108AAA,IND572101AAA,2,2.928765880217786,1.0,1.0,47.79813218390814,47.79813218390814,168.5,57.5,68.21664999999999,0.0,0.014402201243414089,1,0,0,Gauribidanur_Gurukrpa_D (Karnataka),Tumkur_Veersagr_I (Karnataka),Gauribidanur_Gurukrpa_D (Karnataka) -> Tumkur_Veersagr_I (Karnataka)
IND121004AAB,IND121004AAC,9,1.8461538461538463,0.1111111111111111,1.0,47.57857142857143,47.57857142857143,26.0,13.0,16.6152,0.0,0.014336044721411334,1,0,0,FBD_Balabhgarh_DPC (Haryana),Faridabad_MohnVRTL_D (Haryana),FBD_Balabhgarh_DPC (Haryana) -> Faridabad_MohnVRTL_D (Haryana)
IND712602AAA,IND722154AAA,2,3.5,1.0,1.0,47.40000000000002,47.40000000000002,83.5,24.0,26.46225,1.0,0.014282238818688732,1,0,0,Arambag_BalibDPP_D (West Bengal),MirzapurWB_VidyaDPP_D (West Bengal),Arambag_BalibDPP_D (West Bengal) -> MirzapurWB_VidyaDPP_D (West Bengal)
IND825301AAA,IND825409AAA,14,2.667582417582418,0.2857142857142857,1.0,47.22753283302066,47.22753283302066,109.5,41.0,58.41405,1.0,0.014230272209676457,1,0,0,Hazaribag_BodomBzr_DC (Jharkhand),JhumriTlya_RadhaCpx_D (Jharkhand),Hazaribag_BodomBzr_DC (Jharkhand) -> JhumriTlya_RadhaCpx_D (Jharkhand)
IND842001AAA,IND843105AAB,20,3.0,0.25,1.0,47.21671826625391,47.21671826625391,46.0,16.0,23.5191,1.0,0.0142270136395228,1,0,0,Muzaffrpur_Bbganj_I (Bihar),Dholi_WardNo4_D (Bihar),Muzaffrpur_Bbganj_I (Bihar) -> Dholi_WardNo4_D (Bihar)
IND530012AAA,IND532001AAB,24,1.763966049382716,0.08333333333333333,1.0,47.07781250000005,47.07781250000005,142.5,82.0,111.87084999999999,0.0,0.01418515951870148,1,0,0,Visakhapatnam_Gajuwaka_IP (Andhra Pradesh),Srikakulam_Kuslpram_I (Andhra Pradesh),Visakhapatnam_Gajuwaka_IP (Andhra Pradesh) -> Srikakulam_Kuslpram_I (Andhra Pradesh)
IND785112AAC,IND785634AAA,2,3.2195402298850575,0.5,1.0,46.978817733990155,46.978817733990155,95.5,29.5,40.69029999999999,0.0,0.014155331103301616,1,0,0,Teok_Wardno3_D (Assam),Mariani_Mainroad_D (Assam),Teok_Wardno3_D (Assam) -> Mariani_Mainroad_D (Assam)
IND501359AAE,IND501218AAC,1,4.518518518518518,1.0,1.0,46.86666666666666,46.86666666666666,122.0,27.0,33.4538,0.0,0.014121538522557207,1,0,0,Hyderabad_Shamshbd_H (Telangana),Shamshabad_Lngrguda_D (Telangana),Hyderabad_Shamshbd_H (Telangana) -> Shamshabad_Lngrguda_D (Telangana)
IND505209AAA,IND504201AAA,5,1.4137931034482758,0.2,1.0,46.72413793103449,46.72413793103449,41.0,29.0,38.546,1.0,0.014078592753763443,1,0,0,Ramagundam_Pdmavati_D (Telangana),Chinnur_AsnsdhRD_D (Telangana),Ramagundam_Pdmavati_D (Telangana) -> Chinnur_AsnsdhRD_D (Telangana)
IND680587AAA,IND683511AAA,4,2.7,0.75,1.0,46.66875000000002,46.66875000000002,216.0,80.0,91.67695,0.0,0.014061903647039659,1,0,0,Pazhayannur_AlathurRD_D (Kerala),Aluva_Peedika_H (Kerala),Pazhayannur_AlathurRD_D (Kerala) -> Aluva_Peedika_H (Kerala)
IND783301AAA,IND783348AAA,11,1.9090909090909092,0.2727272727272727,1.0,46.643750000000026,46.643750000000026,63.0,33.0,43.2133,1.0,0.014054370820658496,1,0,0,Dhubri_Tetultol_D (Assam),Bilasipara_Wardno5_D (Assam),Dhubri_Tetultol_D (Assam) -> Bilasipara_Wardno5_D (Assam)
IND781014AAA,IND781124AAA,8,2.215217391304348,0.375,1.0,46.57500000000002,46.57500000000002,48.0,23.0,33.03685,0.0,0.01403365554811029,1,0,0,Guwahati_Jalukbari (Assam),Chhaygaon_GwhRDDPP_D (Assam),Guwahati_Jalukbari (Assam) -> Chhaygaon_GwhRDDPP_D (Assam)
IND600044AAD,IND603001AAA,12,2.664408866995074,0.3333333333333333,1.0,46.5457088122606,46.5457088122606,78.5,30.0,38.2886,0.0,0.014024829730840724,1,0,0,Chennai_Chrompet_DPC (Tamil Nadu),Chennai_Chnglptu_DC (Tamil Nadu),Chennai_Chrompet_DPC (Tamil Nadu) -> Chennai_Chnglptu_DC (Tamil Nadu)
IND396232AAA,IND396191AAC,15,3.5,0.4,1.0,46.41346153846156,46.41346153846156,49.0,14.0,15.6616,0.0,0.013984981900724303,1,0,0,Silvassa_Samrvrni_D (Dadra and Nagar Haveli),Vapi_IndEstat_I (Gujarat),Silvassa_Samrvrni_D (Dadra and Nagar Haveli) -> Vapi_IndEstat_I (Gujarat)
IND695012AAA,IND691001AAB,12,1.547008547008547,0.08333333333333333,1.0,46.40196078431373,46.40196078431373,100.0,65.0,63.7633,1.0,0.01398151657335438,1,0,0,Trivandrum_Mnanthla_H (Kerala),Kollam_Central_H_1 (Kerala),Trivandrum_Mnanthla_H (Kerala) -> Kollam_Central_H_1 (Kerala)
IND505327AAA,IND505425AAA,12,1.5476190476190477,0.3333333333333333,0.9166666666666666,46.4,46.4,32.5,19.0,26.810850000000002,1.0,0.01398092576344213,1,0,0,Jagtial_Aravind_D (Telangana),DhrmpuriTS_HanumDPP_D (Telangana),Jagtial_Aravind_D (Telangana) -> DhrmpuriTS_HanumDPP_D (Telangana)
IND203135AAA,IND203396AAB,12,1.5517241379310345,0.25,1.0,46.370073891625665,46.370073891625665,89.5,57.5,55.8355,1.0,0.013971908636296217,1,0,0,Jewar_SJRoad_D (Uttar Pradesh),Pahasu_Kanongyn_D (Uttar Pradesh),Jewar_SJRoad_D (Uttar Pradesh) -> Pahasu_Kanongyn_D (Uttar Pradesh)
IND600056AAB,IND560099AAB,13,1.7191489361702128,0.15384615384615385,1.0,46.366382978723436,46.366382978723436,404.0,235.0,313.45320000000004,1.0,0.013970796516052998,1,0,0,MAA_Poonamallee_HB (Tamil Nadu),Bengaluru_Bomsndra_HB (Karnataka),MAA_Poonamallee_HB (Tamil Nadu) -> Bengaluru_Bomsndra_HB (Karnataka)
IND124112AAA,IND125001AAA,2,2.816161616161616,1.0,1.0,46.300000000000026,46.300000000000026,125.5,44.5,55.8926,1.0,0.013950794457917479,1,0,0,Meham_GModDPP_D (Haryana),Hisar_ModelTwn_P (Haryana),Meham_GModDPP_D (Haryana) -> Hisar_ModelTwn_P (Haryana)
IND721139AAC,IND721602AAB,2,2.827966101694915,0.5,1.0,46.24928571428572,46.24928571428572,168.0,59.5,70.58865,0.0,0.01393551358154425,1,0,0,Panskura_Central_D_3 (West Bengal),Haldia_Central_D_2 (West Bengal),Panskura_Central_D_3 (West Bengal) -> Haldia_Central_D_2 (West Bengal)
IND370110AAA,IND370001AAA,14,2.1483870967741936,0.2857142857142857,1.0,46.225791855203646,46.225791855203646,67.0,32.0,43.24195,1.0,0.013928434575084699,1,0,0,Anjar_DC (Gujarat),Bhuj_DC (Gujarat),Anjar_DC (Gujarat) -> Bhuj_DC (Gujarat)
IND854326AAB,IND854334AAA,1,3.5625,1.0,1.0,46.22500000000001,46.22500000000001,171.0,48.0,67.3785,1.0,0.013928195978773978,1,0,0,Purnia_Central_H_2 (Bihar),Raniganj_Central_DPP_1 (Bihar),Purnia_Central_H_2 (Bihar) -> Raniganj_Central_DPP_1 (Bihar)
IND322001AAC,IND302014AAB,3,1.817391304347826,0.3333333333333333,1.0,46.10000000000002,46.10000000000002,209.0,115.0,160.9375,0.0,0.013890531846868157,1,0,0,SawaiMadhopur_Central_DPP_1 (Rajasthan),Jaipur_Central_I_7 (Rajasthan),SawaiMadhopur_Central_DPP_1 (Rajasthan) -> Jaipur_Central_I_7 (Rajasthan)
IND509103AAC,IND518002AAA,6,2.0167318557149065,0.16666666666666666,1.0,46.07627118644069,46.07627118644069,119.5,59.0,77.458,1.0,0.013883382045557217,1,0,0,IND509103AAC,Kurnool_AbbasNgr_I (Andhra Pradesh),IND509103AAC -> Kurnool_AbbasNgr_I (Andhra Pradesh)
IND201007AAA,IND201007AAB,1,5.368421052631579,1.0,1.0,46.03333333333334,46.03333333333334,102.0,19.0,13.7023,0.0,0.013870444309851713,1,0,0,GZB_Mohan_Nagar_DPC (Uttar Pradesh),Ghaziabad_MohanNgr_C (Uttar Pradesh),GZB_Mohan_Nagar_DPC (Uttar Pradesh) -> Ghaziabad_MohanNgr_C (Uttar Pradesh)
IND742225AAA,IND742223AAA,16,4.611111111111111,0.625,1.0,46.028571428571425,46.028571428571425,42.0,9.0,13.9083,0.0,0.013869009485779106,1,1,0,Ragunthgnj_GopalDPP_D (West Bengal),Jangipur_Central_D_1 (West Bengal),Ragunthgnj_GopalDPP_D (West Bengal) -> Jangipur_Central_D_1 (West Bengal)
IND303002AAA,IND302014AAA,10,1.8571428571428572,0.2,1.0,45.95833333333336,45.95833333333336,65.5,35.0,47.8927,1.0,0.013847845830708224,1,0,0,Achrol_BgwriDPP_D (Rajasthan),Jaipur_Hub (Rajasthan),Achrol_BgwriDPP_D (Rajasthan) -> Jaipur_Hub (Rajasthan)
IND691305AAA,IND691551AAA,1,4.0,1.0,1.0,45.900000000000006,45.900000000000006,108.0,27.0,28.8962,0.0,0.013830269235818834,1,0,0,Punalur_PostofJN_D (Kerala),Adoor_Town_D (Kerala),Punalur_PostofJN_D (Kerala) -> Adoor_Town_D (Kerala)
IND305404AAA,IND305601AAC,13,1.4464285714285714,0.07692307692307693,0.9230769230769231,45.88506493506493,45.88506493506493,80.0,55.0,59.029900000000005,1.0,0.013825769105772939,1,0,0,Kekri_LxmntDPP_D (Rajasthan),Nasirabad_Central_DPP_2 (Rajasthan),Kekri_LxmntDPP_D (Rajasthan) -> Nasirabad_Central_DPP_2 (Rajasthan)
IND803213AAA,IND803212AAB,2,2.762092624356775,0.5,1.0,45.828701298701304,45.828701298701304,148.5,54.0,64.84065000000001,1.0,0.013808786006295407,1,0,0,Barh_Malahi_D (Bihar),Bakhtiarpur_BypassRD_D (Bihar),Barh_Malahi_D (Bihar) -> Bakhtiarpur_BypassRD_D (Bihar)
IND395023AAA,IND396191AAC,10,2.052982456140351,0.2,1.0,45.566397660818694,45.566397660818694,155.0,76.0,104.17615,1.0,0.0137297504957627,1,0,0,Surat_HUB (Gujarat),Vapi_IndEstat_I (Gujarat),Surat_HUB (Gujarat) -> Vapi_IndEstat_I (Gujarat)
IND673592AAA,IND673121AAA,11,2.0,0.36363636363636365,1.0,45.500000000000014,45.500000000000014,32.0,17.0,18.16,0.0,0.013709744013720198,1,0,0,SultnBthry_Kollgpra_D (Kerala),Kalpetta_Ward19_D (Kerala),SultnBthry_Kollgpra_D (Kerala) -> Kalpetta_Ward19_D (Kerala)
IND842001AAA,IND848101AAA,1,3.891891891891892,1.0,1.0,45.48333333333335,45.48333333333335,144.0,37.0,52.4093,1.0,0.013704722129466086,1,0,0,Muzaffrpur_Bbganj_I (Bihar),Samastipur_Haripur_D (Bihar),Muzaffrpur_Bbganj_I (Bihar) -> Samastipur_Haripur_D (Bihar)
IND786001AAB,IND786602AAA,13,1.5294117647058822,0.15384615384615385,1.0,45.46196078431372,45.46196078431372,52.0,35.0,36.9082,0.0,0.013698282301422574,1,0,0,Dibrugarh_Bokule_H (Assam),Duliajan_StatonRd_D (Assam),Dibrugarh_Bokule_H (Assam) -> Duliajan_StatonRd_D (Assam)
IND532421AAA,IND532201AAA,19,2.0,0.15789473684210525,1.0,45.399722222222245,45.399722222222245,41.0,19.0,27.5325,1.0,0.013679529010124637,1,0,0,Narasnpeta_HudcoDPP_D (Andhra Pradesh),Tekkali_AmvdiDPP_D (Andhra Pradesh),Narasnpeta_HudcoDPP_D (Andhra Pradesh) -> Tekkali_AmvdiDPP_D (Andhra Pradesh)
IND68004AAA,IND683511AAA,10,2.3564814814814814,0.3,1.0,45.18873348873355,45.18873348873355,120.0,51.5,55.4136,0.0,0.013615955350214549,1,0,0,Thrissur_Poothole_D (Kerala),Aluva_Peedika_H (Kerala),Thrissur_Poothole_D (Kerala) -> Aluva_Peedika_H (Kerala)
IND534260AAC,IND533106AAA,4,2.5815312682641727,0.75,1.0,45.15231537530269,45.15231537530269,151.0,58.0,71.5,1.0,0.01360498209719038,1,0,0,Palakollu_CroadDPP_D (Andhra Pradesh),Rajamundry_AtoNgrRd_I (Andhra Pradesh),Palakollu_CroadDPP_D (Andhra Pradesh) -> Rajamundry_AtoNgrRd_I (Andhra Pradesh)
IND560300AAB,IND563101AAB,14,1.7655844155844156,0.14285714285714285,1.0,44.81379310344829,44.81379310344829,100.0,56.0,64.614,0.0,0.01350298091718891,1,0,0,Bangalore_East_I_20 (Karnataka),Kolar_Ambedkar_D (Karnataka),Bangalore_East_I_20 (Karnataka) -> Kolar_Ambedkar_D (Karnataka)
IND842001AAA,IND845438AAA,5,2.4782608695652173,0.4,1.0,44.6385836385837,44.6385836385837,228.0,92.0,130.1843,1.0,0.013450188018022438,1,0,0,Muzaffrpur_Bbganj_I (Bihar),Bettiah_BypassRd_D (Bihar),Muzaffrpur_Bbganj_I (Bihar) -> Bettiah_BypassRd_D (Bihar)
IND411033AAB,IND411057AAF,1,5.266666666666667,1.0,1.0,44.5,44.5,79.0,15.0,13.4217,0.0,0.013408430958473595,1,0,0,Pune_Chinchwad DC (Maharashtra),Pune_East_D_7 (Maharashtra),Pune_Chinchwad DC (Maharashtra) -> Pune_East_D_7 (Maharashtra)
IND788026AAC,IND788121AAA,2,4.023809523809524,1.0,1.0,44.47142857142859,44.47142857142859,84.5,21.0,29.318,1.0,0.013399822014037981,1,0,0,Silchar_Sirikona_H (Assam),Kabuganj_Jantaclg_D (Assam),Silchar_Sirikona_H (Assam) -> Kabuganj_Jantaclg_D (Assam)
IND477001AAA,IND474003AAA,1,3.3636363636363638,1.0,1.0,44.12500000000003,44.12500000000003,185.0,55.0,76.084,1.0,0.013295438562756128,1,0,0,Bhind_BhrolDPP_D (Madhya Pradesh),Gwalior_HrihrNgr_I (Madhya Pradesh),Bhind_BhrolDPP_D (Madhya Pradesh) -> Gwalior_HrihrNgr_I (Madhya Pradesh)
IND570020AAA,IND571430AAA,1,3.46,1.0,1.0,44.008333333333326,44.008333333333326,173.0,50.0,52.2919,1.0,0.013260285372977347,1,0,0,Mysore_Yadvgiri_IP (Karnataka),Malavalli_SulthnRd_D (Karnataka),Mysore_Yadvgiri_IP (Karnataka) -> Malavalli_SulthnRd_D (Karnataka)
IND854335AAA,IND854326AAB,1,3.262295081967213,1.0,1.0,43.94166666666669,43.94166666666669,199.0,61.0,87.43180000000001,1.0,0.013240197835960917,1,0,0,Narpatganj_Central_DPP_1 (Bihar),Purnia_Central_H_2 (Bihar),Narpatganj_Central_DPP_1 (Bihar) -> Purnia_Central_H_2 (Bihar)
IND600110AAA,IND600056AAB,10,2.324324324324324,0.3,1.0,43.88181818181822,43.88181818181822,86.0,37.0,47.44114999999999,0.0,0.013222164706139345,1,0,0,Chennai_Madhavaram_L (Tamil Nadu),MAA_Poonamallee_HB (Tamil Nadu),Chennai_Madhavaram_L (Tamil Nadu) -> MAA_Poonamallee_HB (Tamil Nadu)
IND416012AAA,IND591237AAB,10,2.3014705882352944,0.3,1.0,43.745248868778276,43.745248868778276,72.0,31.5,40.43745,1.0,0.01318101458917435,1,0,0,Kolhapur_Shivaji_I (Maharashtra),Nipani_AkkolRD_D (Karnataka),Kolhapur_Shivaji_I (Maharashtra) -> Nipani_AkkolRD_D (Karnataka)
IND274509AAB,IND274402AAA,2,2.625170068027211,0.5,1.0,43.30000000000001,43.30000000000001,124.5,47.0,57.84385,1.0,0.013046855292177681,1,0,0,Salempur_Banjaria_D (Uttar Pradesh),Kushinagar_JiswlDPP_D (Uttar Pradesh),Salempur_Banjaria_D (Uttar Pradesh) -> Kushinagar_JiswlDPP_D (Uttar Pradesh)
IND400072AAB,IND400011AAA,2,3.7058823529411766,1.0,1.0,43.2,43.2,63.0,17.0,19.04925,0.0,0.013016723986653017,1,0,0,Mumbai Hub (Maharashtra),LowerParel_CP (Maharashtra),Mumbai Hub (Maharashtra) -> LowerParel_CP (Maharashtra)
IND152107AAA,IND152026AAA,1,4.173913043478261,1.0,1.0,43.1,43.1,96.0,23.0,33.243,1.0,0.012986592681128359,1,0,0,Malout_DC (Punjab),Muktsar_DPC (Punjab),Malout_DC (Punjab) -> Muktsar_DPC (Punjab)
IND501359AAE,IND508252AAB,7,2.0434782608695654,0.2857142857142857,1.0,43.070833333333354,43.070833333333354,94.0,46.0,66.4524,1.0,0.012977804383683672,1,0,0,Hyderabad_Shamshbd_H (Telangana),Choutuppal_Nagaram_D (Telangana),Hyderabad_Shamshbd_H (Telangana) -> Choutuppal_Nagaram_D (Telangana)
IND000000AFT,IND410210AAA,13,2.875,0.46153846153846156,1.0,42.9914285714286,42.9914285714286,46.0,16.0,17.6222,0.0,0.01295387869227302,1,0,0,Mumbai_Sanpada_I (Maharashtra),Mumbai_Kharghar_D (Maharashtra),Mumbai_Sanpada_I (Maharashtra) -> Mumbai_Kharghar_D (Maharashtra)
IND411043AAA,IND411014AAA,3,4.25,0.6666666666666666,1.0,42.98107142857143,42.98107142857143,68.0,16.0,15.5423,0.0,0.012950757949915102,1,0,0,Pune Balaji Nagar (Maharashtra),PNQ Vadgaon Sheri DPC (Maharashtra),Pune Balaji Nagar (Maharashtra) -> PNQ Vadgaon Sheri DPC (Maharashtra)
IND141109AAA,IND000000ACA,18,1.2916666666666665,0.1111111111111111,0.5555555555555556,42.743750000000006,42.743750000000006,73.0,56.5,59.772549999999995,1.0,0.01287924990519676,1,0,0,Raikot_DC (Punjab),Ludhiana_MilrGanj_HB (Punjab),Raikot_DC (Punjab) -> Ludhiana_MilrGanj_HB (Punjab)
IND233001AAA,IND275101AAA,3,3.4482758620689653,1.0,1.0,42.637931034482776,42.637931034482776,100.0,29.0,41.6421,1.0,0.012847365269393727,1,0,0,Ghazipur_Kaithwal_D (Uttar Pradesh),Mau_BaliaMod_D (Uttar Pradesh),Ghazipur_Kaithwal_D (Uttar Pradesh) -> Mau_BaliaMod_D (Uttar Pradesh)
IND487551AAA,IND464668AAA,7,2.4285714285714284,0.2857142857142857,1.0,42.429012345678984,42.429012345678984,153.0,63.0,75.0227,1.0,0.012784415340972145,1,0,0,Gadarwara_MPward_D (Madhya Pradesh),Bareli_SourvDPP_D (Madhya Pradesh),Gadarwara_MPward_D (Madhya Pradesh) -> Bareli_SourvDPP_D (Madhya Pradesh)
IND175001AAA,IND175101AAA,17,1.9726027397260273,0.11764705882352941,1.0,42.3568479532164,42.3568479532164,146.0,74.0,63.4834,1.0,0.01276267126739923,1,0,0,Mandi_PlaceCol_D (Himachal Pradesh),Kullu_AkhraBzr_D (Himachal Pradesh),Mandi_PlaceCol_D (Himachal Pradesh) -> Kullu_AkhraBzr_D (Himachal Pradesh)
IND803213AAA,IND811105AAA,3,1.8043478260869565,0.3333333333333333,1.0,42.08125000000001,42.08125000000001,83.0,46.0,52.7775,1.0,0.012679630006095888,1,0,0,Barh_Malahi_D (Bihar),Sheikhpura_Bgwtichk_D (Bihar),Barh_Malahi_D (Bihar) -> Sheikhpura_Bgwtichk_D (Bihar)
IND444203AAA,IND444005AAB,5,2.5,0.2,1.0,41.91250000000001,41.91250000000001,100.0,40.0,50.5628,1.0,0.012628783428023026,1,0,0,Shegaon_SChwkDPP_D (Maharashtra),Akola_Gaurkshn_I (Maharashtra),Shegaon_SChwkDPP_D (Maharashtra) -> Akola_Gaurkshn_I (Maharashtra)
IND842003AAB,IND480886AAA,8,2.257575757575758,0.125,1.0,41.808333333333366,41.808333333333366,149.0,66.5,93.5346,1.0,0.012597396651434846,1,0,0,Jabalpur_Adhartal_IP (Madhya Pradesh),Lakhnadon_Central_DPP_1 (Madhya Pradesh),Jabalpur_Adhartal_IP (Madhya Pradesh) -> Lakhnadon_Central_DPP_1 (Madhya Pradesh)
IND472001AAA,IND474003AAA,3,2.485294117647059,0.6666666666666666,1.0,41.806678116791375,41.806678116791375,507.0,204.0,225.7194,1.0,0.012596897913081483,1,0,0,Tikamgarh_MndiRoad_D (Madhya Pradesh),Gwalior_HrihrNgr_I (Madhya Pradesh),Tikamgarh_MndiRoad_D (Madhya Pradesh) -> Gwalior_HrihrNgr_I (Madhya Pradesh)
IND244221AAA,IND131028AAB,21,1.873015873015873,0.14285714285714285,1.0,41.78496621621633,41.78496621621633,243.0,127.0,163.4916,1.0,0.012590355833984008,1,0,0,Amroha_SamitiRd_D (Uttar Pradesh),Sonipat_Kundli_H (Haryana),Amroha_SamitiRd_D (Uttar Pradesh) -> Sonipat_Kundli_H (Haryana)
IND362265AAA,IND362720AAA,16,2.4222222222222225,0.25,1.0,41.75972222222221,41.75972222222221,85.5,35.0,47.8387,0.0,0.01258274948902701,1,0,0,Veraval_DC (Gujarat),Kodinar_NCplxDPP_D (Gujarat),Veraval_DC (Gujarat) -> Kodinar_NCplxDPP_D (Gujarat)
IND140401AAA,IND000000ACA,3,2.814814814814815,0.6666666666666666,1.0,41.66912542794897,41.66912542794897,148.0,52.0,74.1838,1.0,0.012555451492148992,1,0,0,Rajpura_DC (Punjab),Ludhiana_MilrGanj_HB (Punjab),Rajpura_DC (Punjab) -> Ludhiana_MilrGanj_HB (Punjab)
IND391110AAD,IND390022AAA,1,3.8823529411764706,1.0,1.0,41.53333333333333,41.53333333333333,132.0,34.0,34.9421,0.0,0.01251453556124202,1,0,0,Dabhoi_Central_DPP_3 (Gujarat),Vadodara_Karelibaug_DPC (Gujarat),Dabhoi_Central_DPP_3 (Gujarat) -> Vadodara_Karelibaug_DPC (Gujarat)
IND000000AFT,IND400706AAA,2,3.511111111111111,0.5,1.0,41.48333333333334,41.48333333333334,56.0,14.0,14.15335,0.0,0.012499469908479693,1,0,0,Mumbai_Sanpada_I (Maharashtra),Mumbai_Nerul_D (Maharashtra),Mumbai_Sanpada_I (Maharashtra) -> Mumbai_Nerul_D (Maharashtra)
IND503111AAC,IND503185AAA,20,1.8166666666666669,0.15,1.0,41.411250000000024,41.411250000000024,109.0,60.0,79.4388,1.0,0.012477750259080675,1,0,0,Kamareddy_Devenply_I (Telangana),Bodhan_SuryaDPP_D (Telangana),Kamareddy_Devenply_I (Telangana) -> Bodhan_SuryaDPP_D (Telangana)
IND245101AAA,IND201007AAA,2,2.719795918367347,1.0,1.0,41.300000000000026,41.300000000000026,134.5,49.5,46.364450000000005,0.0,0.01244422918168449,1,0,0,Hapur_Swargash_D (Uttar Pradesh),GZB_Mohan_Nagar_DPC (Uttar Pradesh),Hapur_Swargash_D (Uttar Pradesh) -> GZB_Mohan_Nagar_DPC (Uttar Pradesh)
IND175018AAA,IND175001AAA,16,2.9333333333333336,0.375,1.0,41.25777310924371,41.25777310924371,43.5,15.0,22.1319,1.0,0.01243150566821714,1,0,0,SundarNgr_Bhogpur_D (Himachal Pradesh),Mandi_PlaceCol_D (Himachal Pradesh),SundarNgr_Bhogpur_D (Himachal Pradesh) -> Mandi_PlaceCol_D (Himachal Pradesh)
IND723133AAA,IND723130AAA,13,1.4,0.23076923076923078,0.6153846153846154,41.0411764705883,41.0411764705883,63.0,45.0,30.3566,1.0,0.012366242273267734,1,0,0,Rghunthpur_barkarRd_D (West Bengal),Hura_Central_D_1 (West Bengal),Rghunthpur_barkarRd_D (West Bengal) -> Hura_Central_D_1 (West Bengal)
IND534001AAA,IND521333AAA,14,1.7541666666666667,0.07142857142857142,1.0,41.03333333333334,41.03333333333334,46.0,25.5,24.587400000000002,1.0,0.012363879033618725,1,0,0,Eluru_Agraharm_DC (Andhra Pradesh),Kaikaluru_Atapaka_D (Andhra Pradesh),Eluru_Agraharm_DC (Andhra Pradesh) -> Kaikaluru_Atapaka_D (Andhra Pradesh)
IND442001AAA,IND442101AAB,5,3.7142857142857144,0.8,1.0,41.03076923076925,41.03076923076925,52.0,14.0,18.009900000000002,1.0,0.012363106436041174,1,1,0,Wardha_RamaNgr_D (Maharashtra),Deoli_Central_DPP_2 (Maharashtra),Wardha_RamaNgr_D (Maharashtra) -> Deoli_Central_DPP_2 (Maharashtra)
IND742101AAC,IND731237AAB,7,2.6333333333333333,0.2857142857142857,1.0,40.95805555555556,40.95805555555556,79.0,30.0,42.0135,0.0,0.012341196856404328,1,0,0,Baharampur_Chuanpur_I (West Bengal),Morgram_Kntgorya_D (West Bengal),Baharampur_Chuanpur_I (West Bengal) -> Morgram_Kntgorya_D (West Bengal)
IND276128AAA,IND276305AAA,6,2.0754985754985755,0.3333333333333333,1.0,40.675,40.675,55.0,26.0,29.0091,1.0,0.012255908522155357,1,0,0,Azamgarh_ChtwrDPP_D (Uttar Pradesh),Saraimeer_MsmcyDPP_D (Uttar Pradesh),Azamgarh_ChtwrDPP_D (Uttar Pradesh) -> Saraimeer_MsmcyDPP_D (Uttar Pradesh)
IND638501AAB,IND641062AAD,14,1.4258447488584474,0.14285714285714285,0.7857142857142857,40.53865131578948,40.53865131578948,106.0,75.0,80.1926,0.0,0.012214824883537033,1,0,0,Anthiyour_TherSRT_D (Tamil Nadu),Coimbatore_Karayam_H (Tamil Nadu),Anthiyour_TherSRT_D (Tamil Nadu) -> Coimbatore_Karayam_H (Tamil Nadu)
IND492001AAB,IND492007AAA,8,3.0,0.5,1.0,40.41838842975207,40.41838842975207,32.0,10.0,11.08955,0.0,0.012178588105912328,1,0,0,Raipur_Katora_IP (Chhattisgarh),Raipur_Central_D_5 (Chhattisgarh),Raipur_Katora_IP (Chhattisgarh) -> Raipur_Central_D_5 (Chhattisgarh)
IND501359AAE,IND506002AAA,16,1.7754898040783686,0.0625,1.0,40.271311475409846,40.271311475409846,216.0,122.0,171.07580000000002,1.0,0.012134271899443109,1,0,0,Hyderabad_Shamshbd_H (Telangana),Warangal_HunterRd_I (Telangana),Hyderabad_Shamshbd_H (Telangana) -> Warangal_HunterRd_I (Telangana)
IND700053AAA,IND743513AAA,4,3.0,0.5,1.0,40.2,40.2,78.0,27.0,31.329950000000004,0.0,0.012112784820913226,1,0,0,CCU_New Alipore_DPC (West Bengal),Fatepur_NH117_D (West Bengal),CCU_New Alipore_DPC (West Bengal) -> Fatepur_NH117_D (West Bengal)
IND532222AAA,IND532001AAB,1,3.1587301587301586,1.0,1.0,40.10833333333335,40.10833333333335,199.0,63.0,88.9962,1.0,0.012085164457515625,1,0,0,Palasa_Central_DPP_1 (Andhra Pradesh),Srikakulam_Kuslpram_I (Andhra Pradesh),Palasa_Central_DPP_1 (Andhra Pradesh) -> Srikakulam_Kuslpram_I (Andhra Pradesh)
IND275503AAA,IND275303AAA,4,4.26923076923077,1.0,1.0,40.088888888888874,40.088888888888874,55.5,13.0,18.88785,1.0,0.012079305592552486,1,0,0,Ghosi_Jamalpur_D (Uttar Pradesh),Dohrighat_AzmrdDPP_D (Uttar Pradesh),Ghosi_Jamalpur_D (Uttar Pradesh) -> Dohrighat_AzmrdDPP_D (Uttar Pradesh)
IND302014AAB,IND302006AAA,16,1.9354166666666668,0.125,1.0,39.97577854671281,39.97577854671281,30.5,16.0,16.0949,0.0,0.012045223969771429,1,0,0,Jaipur_Central_I_7 (Rajasthan),Jaipur (Rajasthan),Jaipur_Central_I_7 (Rajasthan) -> Jaipur (Rajasthan)
IND415612AAA,IND415408AAC,8,2.611742424242424,0.5,1.0,39.8781250000001,39.8781250000001,234.0,90.0,117.19865,1.0,0.012015799681255756,1,0,0,Ratnagiri_MjgaonRd_D (Maharashtra),Shirala_Central_DPP_3 (Maharashtra),Ratnagiri_MjgaonRd_D (Maharashtra) -> Shirala_Central_DPP_3 (Maharashtra)
IND600044AAD,IND600056AAB,17,1.8611111111111112,0.29411764705882354,1.0,39.855882352941165,39.855882352941165,66.0,35.0,36.4844,0.0,0.012009097681313658,1,0,0,Chennai_Chrompet_DPC (Tamil Nadu),MAA_Poonamallee_HB (Tamil Nadu),Chennai_Chrompet_DPC (Tamil Nadu) -> MAA_Poonamallee_HB (Tamil Nadu)
IND603203AAA,IND600044AAD,13,3.357142857142857,0.3076923076923077,1.0,39.777499999999996,39.777499999999996,47.0,14.0,17.382099999999998,0.0,0.011985480055071536,1,0,0,Chennai_Potheri (Tamil Nadu),Chennai_Chrompet_DPC (Tamil Nadu),Chennai_Potheri (Tamil Nadu) -> Chennai_Chrompet_DPC (Tamil Nadu)
IND301019AAA,IND123001AAA,2,2.4550671550671552,0.5,1.0,39.68010989010989,39.68010989010989,156.5,64.0,77.6375,1.0,0.011956135143509745,1,0,0,Bhiwadi DC (Rajasthan),Narnaul_DC (Haryana),Bhiwadi DC (Rajasthan) -> Narnaul_DC (Haryana)
IND284001AAA,IND284403AAA,6,1.8181818181818183,0.3333333333333333,1.0,39.60000000000002,39.60000000000002,140.0,76.5,102.3657,1.0,0.011931996987765273,1,0,0,Jhansi_LVMColge_D (Uttar Pradesh),Lalitpur_RjghatRd_D (Uttar Pradesh),Jhansi_LVMColge_D (Uttar Pradesh) -> Lalitpur_RjghatRd_D (Uttar Pradesh)
IND721306AAA,IND721253AAC,1,3.238095238095238,1.0,1.0,39.400000000000006,39.400000000000006,136.0,42.0,52.998,1.0,0.011871734376715948,1,0,0,Kharagpur_DC (West Bengal),ChandroknaRD_Central_DPP_3 (West Bengal),Kharagpur_DC (West Bengal) -> ChandroknaRD_Central_DPP_3 (West Bengal)
IND313001AAB,IND382430AAB,14,2.1315825923155765,0.14285714285714285,1.0,39.174999999999955,39.174999999999955,405.0,190.0,268.87104999999997,1.0,0.011803938939285448,1,0,0,Udaipur_Mangri_I (Rajasthan),Ahmedabad_East_H_1 (Gujarat),Udaipur_Mangri_I (Rajasthan) -> Ahmedabad_East_H_1 (Gujarat)
IND202001AAB,IND207123AAA,2,2.810897435897436,0.5,1.0,39.11167582417582,39.11167582417582,144.5,51.5,71.01745,1.0,0.011784858538396906,1,0,0,Aligarh_KhirByps_I (Uttar Pradesh),Kasganj_BnkrGate_D (Uttar Pradesh),Aligarh_KhirByps_I (Uttar Pradesh) -> Kasganj_BnkrGate_D (Uttar Pradesh)
IND805110AAD,IND803116AAA,9,2.3333333333333335,0.2222222222222222,1.0,39.05,39.05,49.0,21.0,24.829,1.0,0.011766274807379636,1,0,0,Nawada_Central_DPP_2 (Bihar),Rajgir_PnditNGR_D (Bihar),Nawada_Central_DPP_2 (Bihar) -> Rajgir_PnditNGR_D (Bihar)
IND411033AAA,IND410505AAB,7,1.5862068965517242,0.14285714285714285,1.0,39.00766283524904,39.00766283524904,46.0,29.0,31.6023,0.0,0.011753518066918048,1,0,0,Pune_Tathawde_H (Maharashtra),Rajgurunagar_Chakan_D (Maharashtra),Pune_Tathawde_H (Maharashtra) -> Rajgurunagar_Chakan_D (Maharashtra)
IND742101AAC,IND742303AAB,7,2.5,0.42857142857142855,1.0,38.989583333333385,38.989583333333385,70.0,29.0,38.274,0.0,0.011748070476958505,1,0,0,Baharampur_Chuanpur_I (West Bengal),Domkal_Central_D_2 (West Bengal),Baharampur_Chuanpur_I (West Bengal) -> Domkal_Central_D_2 (West Bengal)
IND362001AAA,IND360370AAA,10,2.0652173913043477,0.2,1.0,38.9076923076923,38.9076923076923,47.5,23.0,32.8823,1.0,0.011723395641825311,1,0,0,Junagadh_DPC (Gujarat),Jetpur_DC (Gujarat),Junagadh_DPC (Gujarat) -> Jetpur_DC (Gujarat)
IND792120AAB,IND786181AAC,3,3.088235294117647,1.0,1.0,38.90131845841789,38.90131845841789,105.0,34.0,48.7453,0.0,0.011721475117826757,1,0,0,Changlang_Central_D_1 (Arunachal Pradesh),Margherita_CivilHPL_D (Assam),Changlang_Central_D_1 (Arunachal Pradesh) -> Margherita_CivilHPL_D (Assam)
IND421401AAC,IND421601AAB,11,2.6666666666666665,0.5454545454545454,1.0,38.802511961722495,38.802511961722495,48.0,18.0,26.2065,0.0,0.011691703430429256,1,1,0,Murbad_SnkunDPP_D (Maharashtra),Asangaon_Shahapur_D (Maharashtra),Murbad_SnkunDPP_D (Maharashtra) -> Asangaon_Shahapur_D (Maharashtra)
IND462021AAA,IND462001AAA,1,6.7272727272727275,1.0,1.0,38.73333333333334,38.73333333333334,74.0,11.0,11.7024,0.0,0.01167085900655155,1,0,0,Bhopal_Indrapri_DC (Madhya Pradesh),Bhopal_Old City (Madhya Pradesh),Bhopal_Indrapri_DC (Madhya Pradesh) -> Bhopal_Old City (Madhya Pradesh)
IND852118A1B,IND854326AAB,1,3.0588235294117645,1.0,1.0,38.7,38.7,156.0,51.0,72.37660000000001,1.0,0.01166081523804333,1,0,0,IND852118A1B,Purnia_Central_H_2 (Bihar),IND852118A1B -> Purnia_Central_H_2 (Bihar)
IND560077AAA,IND560099AAB,1,3.4545454545454546,1.0,1.0,38.53333333333333,38.53333333333333,152.0,44.0,40.1245,0.0,0.011610596395502227,1,0,0,Bengaluru_ Kothanur_L (Karnataka),Bengaluru_Bomsndra_HB (Karnataka),Bengaluru_ Kothanur_L (Karnataka) -> Bengaluru_Bomsndra_HB (Karnataka)
IND581115AAC,IND581110AAE,20,1.7307692307692308,0.15,1.0,38.42361111111111,38.42361111111111,44.0,25.0,33.677350000000004,0.0,0.011577535657496004,1,0,0,Ranebennur_SriRmNGR_D (Karnataka),Haveri_GuttalRD_D (Karnataka),Ranebennur_SriRmNGR_D (Karnataka) -> Haveri_GuttalRD_D (Karnataka)
IND000000ADV,IND600044AAC,18,2.0533428165007113,0.05555555555555555,1.0,38.36036184210526,38.36036184210526,76.5,37.0,47.5303,0.0,0.011558477827009738,1,0,0,Chennai_Mdhavram_C (Tamil Nadu),Chennai_Chrompet_PC (Tamil Nadu),Chennai_Mdhavram_C (Tamil Nadu) -> Chennai_Chrompet_PC (Tamil Nadu)
IND577002AAA,IND581115AAC,19,2.357142857142857,0.10526315789473684,1.0,38.280834914611034,38.280834914611034,66.0,29.0,37.7518,0.0,0.011534515325512078,1,0,0,Davangere_Central_I_1 (Karnataka),Ranebennur_SriRmNGR_D (Karnataka),Davangere_Central_I_1 (Karnataka) -> Ranebennur_SriRmNGR_D (Karnataka)
IND395023AAD,IND395006AAA,27,1.9230769230769231,0.2962962962962963,1.0,38.26315789473687,38.26315789473687,26.0,13.0,15.0746,0.0,0.011529189008646138,1,0,0,Surat_Central_I_4 (Gujarat),Surat_Varachha_DC (Gujarat),Surat_Central_I_4 (Gujarat) -> Surat_Varachha_DC (Gujarat)
IND721133AAA,IND721434AAB,2,2.9147633234028465,0.5,1.0,38.17005012531328,38.17005012531328,159.5,55.0,55.6613,1.0,0.011501134422173922,1,0,0,Keshiary_MdnprDPP_D (West Bengal),Manglamaro_Bypassrd_D (West Bengal),Keshiary_MdnprDPP_D (West Bengal) -> Manglamaro_Bypassrd_D (West Bengal)
IND854326AAB,IND852113AAA,1,3.074626865671642,1.0,1.0,38.10000000000002,38.10000000000002,206.0,67.0,92.8987,1.0,0.011480027404895376,1,0,0,Purnia_Central_H_2 (Bihar),Madhepura_Krishnpr_D (Bihar),Purnia_Central_H_2 (Bihar) -> Madhepura_Krishnpr_D (Bihar)
IND521185AAA,IND521225AAB,7,2.227272727272727,0.2857142857142857,1.0,38.092334455667796,38.092334455667796,98.0,44.0,58.609300000000005,0.0,0.011477717676312504,1,0,0,Nandigama_Chndrlpd_D (Andhra Pradesh),Vijayawada_Rynapadu_H (Andhra Pradesh),Nandigama_Chndrlpd_D (Andhra Pradesh) -> Vijayawada_Rynapadu_H (Andhra Pradesh)
IND301001AAB,IND302014AAA,2,2.6730769230769234,0.5,1.0,38.025000000000034,38.025000000000034,306.5,114.5,145.25765,1.0,0.011457428925751885,1,0,0,Alwar_Central_I_1 (Rajasthan),Jaipur_Hub (Rajasthan),Alwar_Central_I_1 (Rajasthan) -> Jaipur_Hub (Rajasthan)
IND134203AAA,IND160002AAC,1,3.324324324324324,1.0,1.0,37.900000000000006,37.900000000000006,123.0,37.0,45.1598,0.0,0.011419764793846052,1,0,0,Naraingarh_Ward2DPP_D (Haryana),Chandigarh_Mehmdpur_H (Punjab),Naraingarh_Ward2DPP_D (Haryana) -> Chandigarh_Mehmdpur_H (Punjab)
IND600116AAB,IND600056AAA,3,2.25,0.3333333333333333,1.0,37.814285714285724,37.814285714285724,27.0,11.0,11.5534,0.0,0.011393937960539202,1,0,0,Chennai_Porur_DPC (Tamil Nadu),Chennai_Poonamallee (Tamil Nadu),Chennai_Porur_DPC (Tamil Nadu) -> Chennai_Poonamallee (Tamil Nadu)
IND450331AAA,IND452001AAC,13,2.242857142857143,0.15384615384615385,1.0,37.722512437810906,37.722512437810906,156.0,69.0,96.8774,0.0,0.011366285474214585,1,0,0,Burhanpur_StRoad_D (Madhya Pradesh),Jalgaon_DC (Maharashtra),Burhanpur_StRoad_D (Madhya Pradesh) -> Jalgaon_DC (Maharashtra)
IND802119AAA,IND802158AAB,16,1.8513513513513513,0.125,1.0,37.67885532591416,37.67885532591416,68.5,37.0,51.8343,1.0,0.011353131016445731,1,0,0,Dumraon_Nishangr_D (Bihar),Jagdishpur_Wardno13_D (Bihar),Dumraon_Nishangr_D (Bihar) -> Jagdishpur_Wardno13_D (Bihar)
IND560043AAC,IND560064AAA,39,1.5333333333333334,0.20512820512820512,1.0,37.67343750000003,37.67343750000003,28.0,18.0,13.5139,0.0,0.011351498554766751,1,0,1,HBR Layout PC (Karnataka),Bengaluru_NwYlhnka_DC (Karnataka),HBR Layout PC (Karnataka) -> Bengaluru_NwYlhnka_DC (Karnataka)
IND457001AAA,IND457226AAA,16,1.0769736842105262,0.1875,0.3125,37.60273437500001,37.60273437500001,42.5,40.0,37.985,1.0,0.011330194780157513,0,0,0,Ratlam_Khjurwli_DC (Madhya Pradesh),Jaora_RtlamNka_D (Madhya Pradesh),Ratlam_Khjurwli_DC (Madhya Pradesh) -> Jaora_RtlamNka_D (Madhya Pradesh)
IND600032AAB,IND600044AAD,16,2.0954545454545457,0.375,0.875,37.51037433155079,37.51037433155079,22.0,11.0,10.0077,0.0,0.011302365493283121,1,0,0,Chennai_Hub (Tamil Nadu),Chennai_Chrompet_DPC (Tamil Nadu),Chennai_Hub (Tamil Nadu) -> Chennai_Chrompet_DPC (Tamil Nadu)
IND125111AAA,IND125121AAA,2,3.295866935483871,0.5,1.0,37.50066964285715,37.50066964285715,103.5,31.5,37.91675,1.0,0.011299441343882622,1,0,0,Fatehabad_BhunaDPP_D (Haryana),Barwala_Central_DPP_1 (Haryana),Fatehabad_BhunaDPP_D (Haryana) -> Barwala_Central_DPP_1 (Haryana)
IND400706AAA,IND000000AFT,2,4.712121212121212,1.0,1.0,37.151515151515156,37.151515151515156,47.5,10.0,10.32765,0.0,0.011194236537343295,1,0,0,Mumbai_Nerul_D (Maharashtra),Mumbai_Sanpada_I (Maharashtra),Mumbai_Nerul_D (Maharashtra) -> Mumbai_Sanpada_I (Maharashtra)
IND160002AAC,IND160055AAA,16,1.095292115711855,0.125,0.1875,37.12619339045287,37.12619339045287,44.5,42.0,33.87625,0.0,0.011186606760153393,0,0,0,Chandigarh_Mehmdpur_H (Punjab),Chandigarh_Mohali (Chandigarh),Chandigarh_Mehmdpur_H (Punjab) -> Chandigarh_Mohali (Chandigarh)
IND802301AAA,IND804401AAA,10,2.333091436865022,0.1,1.0,37.12075471698111,37.12075471698111,122.5,52.5,70.21005,1.0,0.011184968016833129,1,0,0,Arrah_Katira_D (Bihar),Arwal_Rozapar_D (Bihar),Arrah_Katira_D (Bihar) -> Arwal_Rozapar_D (Bihar)
IND140301AAA,IND140001AAA,21,1.6666666666666667,0.3333333333333333,1.0,37.087962962963,37.087962962963,40.0,24.0,26.4948,1.0,0.011175087433243035,1,0,0,Chandigarh_Kharar_DC (Chandigarh),RoopNagar_ChotiHvl_DC (Punjab),Chandigarh_Kharar_DC (Chandigarh) -> RoopNagar_ChotiHvl_DC (Punjab)
IND530026AAA,IND531036AAA,4,2.869959677419355,0.5,1.0,37.08729838709678,37.08729838709678,90.5,31.0,38.5391,0.0,0.011174887187858343,1,0,0,Vizag_Gajuwaka (Andhra Pradesh),Chodavaram_BaljiDPP_D (Andhra Pradesh),Vizag_Gajuwaka (Andhra Pradesh) -> Chodavaram_BaljiDPP_D (Andhra Pradesh)
IND713205AAB,IND722101AAA,2,2.7594442032132003,0.5,1.0,37.03333333333336,37.03333333333336,133.0,48.0,49.192350000000005,0.0,0.01115862681263234,1,0,0,Durgapur_Central_I_1 (West Bengal),Bankura_KeranDPP_D (West Bengal),Durgapur_Central_I_1 (West Bengal) -> Bankura_KeranDPP_D (West Bengal)
IND712310AAE,IND712103AAA,1,3.533333333333333,1.0,1.0,37.0,37.0,106.0,30.0,31.1943,0.0,0.011148583044124112,1,0,0,Kolkata_North_I_4 (West Bengal),Hoogly_Bandel_D (West Bengal),Kolkata_North_I_4 (West Bengal) -> Hoogly_Bandel_D (West Bengal)
IND520011AAA,IND521185AAA,8,2.0,0.375,1.0,36.72500000000001,36.72500000000001,64.0,32.0,45.6232,0.0,0.0110657219539313,1,0,0,Vijayawada (Andhra Pradesh),Nandigama_Chndrlpd_D (Andhra Pradesh),Vijayawada (Andhra Pradesh) -> Nandigama_Chndrlpd_D (Andhra Pradesh)
IND233001AAA,IND275503AAA,1,3.4523809523809526,1.0,1.0,36.70833333333334,36.70833333333334,145.0,42.0,59.8164,1.0,0.01106070006967719,1,0,0,Ghazipur_Kaithwal_D (Uttar Pradesh),Ghosi_Jamalpur_D (Uttar Pradesh),Ghazipur_Kaithwal_D (Uttar Pradesh) -> Ghosi_Jamalpur_D (Uttar Pradesh)
IND788713AAA,IND788806AAA,10,2.9230769230769234,0.5,1.0,36.4769230769231,36.4769230769231,38.0,13.0,19.651049999999998,1.0,0.010990973138302822,1,0,0,Karimganj_Alngjuri_D (Assam),Badarpur_Konapara_D (Assam),Karimganj_Alngjuri_D (Assam) -> Badarpur_Konapara_D (Assam)
IND518501AAA,IND518124AAA,15,2.3448275862068964,0.2,1.0,36.46116071428577,36.46116071428577,68.0,28.0,37.8146,1.0,0.010986223732658663,1,0,0,Nandyal_SrnvsNgr_D (Andhra Pradesh),Bngnpalle_Enkndla_D (Andhra Pradesh),Nandyal_SrnvsNgr_D (Andhra Pradesh) -> Bngnpalle_Enkndla_D (Andhra Pradesh)
IND245101AAA,IND245304AAA,15,2.3333333333333335,0.3333333333333333,1.0,36.35000000000002,36.35000000000002,42.0,18.0,14.9945,0.0,0.01095272955821383,1,0,0,Hapur_Swargash_D (Uttar Pradesh),Pilkhuwa_HapurRD_D (Uttar Pradesh),Hapur_Swargash_D (Uttar Pradesh) -> Pilkhuwa_HapurRD_D (Uttar Pradesh)
IND445101AAA,IND440014AAA,1,4.2105263157894735,1.0,1.0,36.300000000000004,36.300000000000004,80.0,19.0,22.4185,0.0,0.010937663905451495,1,0,0,Nagpur_Gondkhry_H (Maharashtra),Nagpur_Jaripatk_DC (Maharashtra),Nagpur_Gondkhry_H (Maharashtra) -> Nagpur_Jaripatk_DC (Maharashtra)
IND504293AAA,IND505001AAB,7,2.0833333333333335,0.14285714285714285,1.0,36.231250000000045,36.231250000000045,250.0,119.0,147.70729999999998,1.0,0.010916948632903304,1,0,0,Asifabad_PaikjNGR_D (Telangana),Karimnagar_KamnHbRD_I (Telangana),Asifabad_PaikjNGR_D (Telangana) -> Karimnagar_KamnHbRD_I (Telangana)
IND000000ACB,IND751002AAB,15,2.0403087478559176,0.06666666666666667,1.0,36.16388888888878,36.16388888888878,2379.0,1167.0,1638.6996,1.0,0.010896651850709562,1,0,0,Gurgaon_Bilaspur_HB (Haryana),Bhubaneshwar_Hub (Orissa),Gurgaon_Bilaspur_HB (Haryana) -> Bhubaneshwar_Hub (Orissa)
IND802213AAB,IND802212AAA,5,3.5,0.6,1.0,36.037500000000016,36.037500000000016,59.0,17.0,19.7494,1.0,0.010858569228449267,1,1,0,Dinara_Wardno7_D (Bihar),Bikramgang_Dehrird_D (Bihar),Dinara_Wardno7_D (Bihar) -> Bikramgang_Dehrird_D (Bihar)
IND201007AAA,IND201005AAA,3,2.076923076923077,0.3333333333333333,0.6666666666666666,35.947802197802204,35.947802197802204,27.0,13.0,10.4686,0.0,0.010831542109620139,1,0,0,GZB_Mohan_Nagar_DPC (Uttar Pradesh),Ghaziabad_RjndrNgr_DC (Uttar Pradesh),GZB_Mohan_Nagar_DPC (Uttar Pradesh) -> Ghaziabad_RjndrNgr_DC (Uttar Pradesh)
IND480001AAA,IND480661AAA,10,1.5535444947209653,0.2,1.0,35.86479591836735,35.86479591836735,79.5,51.5,73.00895,1.0,0.01080653123395897,1,0,0,Chhindwara_NagpurRd_D (Madhya Pradesh),Seoni_Kidwai_D (Madhya Pradesh),Chhindwara_NagpurRd_D (Madhya Pradesh) -> Seoni_Kidwai_D (Madhya Pradesh)
IND742137AAA,IND742401AAA,6,2.3089743589743588,0.3333333333333333,1.0,35.763750000000016,35.763750000000016,68.5,29.5,26.84795,0.0,0.010776084779575512,1,0,0,Kandi_DohalDPP_D (West Bengal),Ghanashyampur_NditaDPP_D (West Bengal),Kandi_DohalDPP_D (West Bengal) -> Ghanashyampur_NditaDPP_D (West Bengal)
IND177203AAA,IND177101AAA,3,1.5135135135135136,0.3333333333333333,1.0,35.716216216216225,35.716216216216225,56.0,37.0,32.0739,1.0,0.010761762229956185,1,0,0,Amb_Adrshngr_D (Himachal Pradesh),DehraGopipur_Central_D_1 (Himachal Pradesh),Amb_Adrshngr_D (Himachal Pradesh) -> DehraGopipur_Central_D_1 (Himachal Pradesh)
IND799250AAA,IND799008AAA,1,2.725806451612903,1.0,1.0,35.55000000000001,35.55000000000001,338.0,124.0,171.3245,1.0,0.010711679114016548,1,0,0,Dharmanagr_Ranakant_D (Tripura),Agartala_Chmpmura_I (Tripura),Dharmanagr_Ranakant_D (Tripura) -> Agartala_Chmpmura_I (Tripura)
IND743513AAA,IND743347AAA,12,2.1686507936507935,0.3333333333333333,1.0,35.47435897435899,35.47435897435899,77.0,36.0,52.1252,0.0,0.010688887485478667,1,0,0,Fatepur_NH117_D (West Bengal),Kakdwip_KlngrDPP_D (West Bengal),Fatepur_NH117_D (West Bengal) -> Kakdwip_KlngrDPP_D (West Bengal)
IND505001AAB,IND504208AAB,11,1.5076923076923077,0.09090909090909091,1.0,35.45333333333335,35.45333333333335,93.0,61.0,84.43639999999999,1.0,0.010682552185342713,1,0,0,Karimnagar_KamnHbRD_I (Telangana),Mancherial_Hitech_D (Telangana),Karimnagar_KamnHbRD_I (Telangana) -> Mancherial_Hitech_D (Telangana)
IND333031AAA,IND331023AAA,5,2.8,1.0,1.0,35.33061224489798,35.33061224489798,84.0,29.0,39.9622,1.0,0.010645574719243064,1,1,0,Pilani (Rajasthan),Rajgarh_SadulDPP_D (Rajasthan),Pilani (Rajasthan) -> Rajgarh_SadulDPP_D (Rajasthan)
IND285205AAB,IND210431AAA,5,2.1875,0.4,1.0,35.32736111111117,35.32736111111117,175.0,80.0,82.24430000000001,1.0,0.010644595110188745,1,0,0,Konch_Central_D_2 (Uttar Pradesh),Rath_Mughlpra_D (Uttar Pradesh),Konch_Central_D_2 (Uttar Pradesh) -> Rath_Mughlpra_D (Uttar Pradesh)
IND424006AAA,IND452001AAC,1,2.9722222222222223,1.0,1.0,34.98333333333335,34.98333333333335,214.0,72.0,100.5391,0.0,0.010540935049376811,1,0,0,Dhule_MIDCAvdn_I (Maharashtra),Jalgaon_DC (Maharashtra),Dhule_MIDCAvdn_I (Maharashtra) -> Jalgaon_DC (Maharashtra)
IND461001AAA,IND461111AAA,1,4.785714285714286,1.0,1.0,34.800000000000004,34.800000000000004,67.0,14.0,21.1863,1.0,0.010485694322581599,1,0,0,Hoshangabad_MnRDDPP_D (Madhya Pradesh),Itarsi_DivrsnRd_D (Madhya Pradesh),Hoshangabad_MnRDDPP_D (Madhya Pradesh) -> Itarsi_DivrsnRd_D (Madhya Pradesh)
IND673592AAA,IND670645AAB,1,3.5,1.0,1.0,34.67500000000001,34.67500000000001,133.0,38.0,38.0694,0.0,0.010448030190675776,1,0,0,SultnBthry_Kollgpra_D (Kerala),Mananthavady_Central_D_1 (Kerala),SultnBthry_Kollgpra_D (Kerala) -> Mananthavady_Central_D_1 (Kerala)
IND602024AAA,IND600116AAB,4,2.6842105263157894,0.5,1.0,34.625657894736854,34.625657894736854,53.0,18.0,20.368650000000002,0.0,0.010433162770186636,1,0,0,Chennai_Vepmpttu_DC (Tamil Nadu),Chennai_Porur_DPC (Tamil Nadu),Chennai_Vepmpttu_DC (Tamil Nadu) -> Chennai_Porur_DPC (Tamil Nadu)
IND282001AAF,IND283122AAB,18,2.2441520467836256,0.2222222222222222,1.0,34.61052631578948,34.61052631578948,41.5,18.0,24.0032,0.3888888888888889,0.010428603427903296,1,0,0,Agra_Central_D_3 (Uttar Pradesh),Kirauli_AchneraRD_D (Uttar Pradesh),Agra_Central_D_3 (Uttar Pradesh) -> Kirauli_AchneraRD_D (Uttar Pradesh)
IND845401AAA,IND845305AAA,22,2.5634920634920633,0.22727272727272727,1.0,34.457142857142784,34.457142857142784,90.5,35.0,48.71155,1.0,0.01038238698935417,1,0,0,Motihari_RajaBzr_D (Bihar),Raxaul_KairiyaT_D (Bihar),Motihari_RajaBzr_D (Bihar) -> Raxaul_KairiyaT_D (Bihar)
IND462022AAA,IND462042AAA,2,3.5666666666666664,1.0,1.0,34.363888888888894,34.363888888888894,73.5,20.5,20.4617,0.0,0.010354288351265723,1,0,0,Bhopal_Trnsport_H (Madhya Pradesh),Bhopal_Kolar Mandakni (Madhya Pradesh),Bhopal_Trnsport_H (Madhya Pradesh) -> Bhopal_Kolar Mandakni (Madhya Pradesh)
IND695012AAB,IND695012AAA,3,3.3,1.0,1.0,34.271875000000016,34.271875000000016,62.0,14.0,13.8356,0.0,0.010326563365279493,1,0,0,Trivandrum_Mnanthla_D (Kerala),Trivandrum_Mnanthla_H (Kerala),Trivandrum_Mnanthla_D (Kerala) -> Trivandrum_Mnanthla_H (Kerala)
IND734214AAB,IND000000AFF,3,3.1794871794871793,1.0,1.0,34.239423076923046,34.239423076923046,118.0,36.0,40.4697,1.0,0.010316785177188544,1,0,0,Mirik_WardNo3_D (West Bengal),Darjeeling_Hillcard_DC (West Bengal),Mirik_WardNo3_D (West Bengal) -> Darjeeling_Hillcard_DC (West Bengal)
IND245304AAA,IND201007AAA,13,2.6470588235294117,0.23076923076923078,1.0,34.07107843137253,34.07107843137253,90.0,35.0,31.869,0.0,0.01026606073770331,1,0,0,Pilkhuwa_HapurRD_D (Uttar Pradesh),GZB_Mohan_Nagar_DPC (Uttar Pradesh),Pilkhuwa_HapurRD_D (Uttar Pradesh) -> GZB_Mohan_Nagar_DPC (Uttar Pradesh)
IND000000ACT,IND160002AAC,21,2.0372340425531914,0.047619047619047616,1.0,34.04995800671895,34.04995800671895,383.0,188.0,226.1991,1.0,0.010259696878022837,1,0,0,Delhi_Gateway_HB (Delhi),Chandigarh_Mehmdpur_H (Punjab),Delhi_Gateway_HB (Delhi) -> Chandigarh_Mehmdpur_H (Punjab)
IND600076AAB,IND600032AAB,16,2.5409356725146197,0.25,1.0,33.926315789473726,33.926315789473726,46.5,18.0,19.4148,0.0,0.010222441863787214,1,0,0,Chennai_Madhavaram_DPC (Tamil Nadu),Chennai_Hub (Tamil Nadu),Chennai_Madhavaram_DPC (Tamil Nadu) -> Chennai_Hub (Tamil Nadu)
IND341503AAB,IND341510AAB,12,2.0606060606060606,0.25,1.0,33.90265151515153,33.90265151515153,68.0,33.0,47.21805,1.0,0.010215311508991002,1,0,0,Degana_BhukrdPP_D (Rajasthan),Merta_Central_DPP_1 (Rajasthan),Degana_BhukrdPP_D (Rajasthan) -> Merta_Central_DPP_1 (Rajasthan)
IND110092AAC,IND000000ACB,6,2.196239151398264,0.16666666666666666,1.0,33.80641272902605,33.80641272902605,144.0,68.0,69.1793,0.0,0.010186313506310309,1,0,0,Delhi_Patparganj_DPC (Delhi),Gurgaon_Bilaspur_HB (Haryana),Delhi_Patparganj_DPC (Delhi) -> Gurgaon_Bilaspur_HB (Haryana)
IND784168AAB,IND784176AAA,6,2.5272938443670148,0.5,1.0,33.67839721254357,33.67839721254357,105.0,41.0,58.5142,1.0,0.01014774075992,1,0,0,Gohpur_Central_D_1 (Assam),Bishwanath_ChrliDPP_D (Assam),Gohpur_Central_D_1 (Assam) -> Bishwanath_ChrliDPP_D (Assam)
IND384205AAA,IND384355AAB,13,1.6764705882352942,0.15384615384615385,1.0,33.4239819004525,33.4239819004525,57.0,33.0,36.6036,1.0,0.010071082104932325,1,0,0,Mehsana_Panchot_IP (Gujarat),Vadnagar_BsstdDPP_D (Gujarat),Mehsana_Panchot_IP (Gujarat) -> Vadnagar_BsstdDPP_D (Gujarat)
IND784168AAB,IND791111AAC,2,3.4400000000000004,1.0,1.0,33.34285714285713,33.34285714285713,86.0,25.0,36.046549999999996,1.0,0.010046638156365122,1,0,0,Gohpur_Central_D_1 (Assam),Itanagar_WageDPP_D (Arunachal Pradesh),Gohpur_Central_D_1 (Assam) -> Itanagar_WageDPP_D (Arunachal Pradesh)
IND695582AAA,IND695101AAB,19,1.1428571428571428,0.21052631578947367,0.3157894736842105,33.119786096256696,33.119786096256696,26.0,22.0,19.5127,0.0,0.00997942393777689,0,0,0,Kazhakkoottam_Rdiosttn_D (Kerala),Attingal_Central_D_2 (Kerala),Kazhakkoottam_Rdiosttn_D (Kerala) -> Attingal_Central_D_2 (Kerala)
IND722122AAA,IND713205AAB,8,1.9642857142857142,0.125,1.0,32.98883116883118,32.98883116883118,138.0,70.0,85.62435,0.0,0.009939965508494712,1,0,0,Bishnupur_StnRdDPP_D (West Bengal),Durgapur_Central_I_1 (West Bengal),Bishnupur_StnRdDPP_D (West Bengal) -> Durgapur_Central_I_1 (West Bengal)
IND784176AAA,IND781018AAB,4,2.337814610190301,0.25,1.0,32.92105586249238,32.92105586249238,422.0,180.0,236.67995,1.0,0.009919543923871493,1,0,0,Bishwanath_ChrliDPP_D (Assam),Guwahati_Hub (Assam),Bishwanath_ChrliDPP_D (Assam) -> Guwahati_Hub (Assam)
IND221313AAA,IND221010AAA,2,4.0625,0.5,1.0,32.6,32.6,32.5,8.0,10.7186,0.0,0.009822805601039084,1,0,0,Varanasi_Central_H_4 (Uttar Pradesh),Varanasi (Uttar Pradesh),Varanasi_Central_H_4 (Uttar Pradesh) -> Varanasi (Uttar Pradesh)
IND400015AAA,IND421302AAG,1,3.7586206896551726,1.0,1.0,32.525000000000006,32.525000000000006,109.0,29.0,40.5514,0.0,0.009800207121895589,1,0,0,Mumbai_CottonGreen_DPC (Maharashtra),Bhiwandi_Mankoli_HB (Maharashtra),Mumbai_CottonGreen_DPC (Maharashtra) -> Bhiwandi_Mankoli_HB (Maharashtra)
IND508213AAB,IND508001AAA,14,1.8441295546558705,0.2857142857142857,1.0,32.48363520136377,32.48363520136377,71.0,37.0,51.31175,1.0,0.009787743368038844,1,0,0,Suryapet_Krishna_D (Telangana),Nalgonda_HydRoad_DC (Telangana),Suryapet_Krishna_D (Telangana) -> Nalgonda_HydRoad_DC (Telangana)
IND273303AAA,IND273304AAA,1,4.041666666666667,1.0,1.0,32.40833333333333,32.40833333333333,97.0,24.0,33.892199999999995,0.0,0.009765053932116817,1,0,0,Maharajganj_PakriDPP_D (Uttar Pradesh),Nichlaul_Wardno13_D (Uttar Pradesh),Maharajganj_PakriDPP_D (Uttar Pradesh) -> Nichlaul_Wardno13_D (Uttar Pradesh)
IND400011AAA,IND400072AAB,12,2.3119047619047617,0.25,1.0,32.375892857142865,32.375892857142865,34.0,15.0,16.6303,0.0,0.009755279193122215,1,0,0,LowerParel_CP (Maharashtra),Mumbai Hub (Maharashtra),LowerParel_CP (Maharashtra) -> Mumbai Hub (Maharashtra)
IND852118AAA,IND852111AAA,1,3.7,1.0,1.0,32.22500000000001,32.22500000000001,111.0,30.0,42.0784,1.0,0.009709813205321612,1,0,0,Forbesganj_JhumanCk_D (Bihar),Simrahi_Bazar_D (Bihar),Forbesganj_JhumanCk_D (Bihar) -> Simrahi_Bazar_D (Bihar)
IND135001AAA,IND173025AAA,12,2.326010101010101,0.08333333333333333,1.0,32.15000000000002,32.15000000000002,103.5,45.0,58.38055,1.0,0.009687214726178119,1,0,0,YamunaNagar_DC (Haryana),PaontSahib_Gurudwar_D (Himachal Pradesh),YamunaNagar_DC (Haryana) -> PaontSahib_Gurudwar_D (Himachal Pradesh)
IND791109AAA,IND787001AAA,1,3.5757575757575757,1.0,1.0,32.133333333333354,32.133333333333354,118.0,33.0,46.8909,1.0,0.00968219284192401,1,0,0,Nirjuli_BageDPP_D (Arunachal Pradesh),LakhimpurN_SashPhkn_D (Assam),Nirjuli_BageDPP_D (Arunachal Pradesh) -> LakhimpurN_SashPhkn_D (Assam)
IND794101AAA,IND781018AAB,9,2.408805031446541,0.1111111111111111,1.0,32.041981132075534,32.041981132075534,383.0,159.0,207.3622,1.0,0.009654667231059514,1,0,0,Tura_Sracmplx_D (Meghalaya),Guwahati_Hub (Assam),Tura_Sracmplx_D (Meghalaya) -> Guwahati_Hub (Assam)
IND441206AAB,IND442605AAA,7,2.7333333333333334,0.5714285714285714,1.0,31.98666666666668,31.98666666666668,123.0,45.0,58.0608,0.0,0.00963800026048784,1,1,0,Brahmapuri_DhnliRth_D (Maharashtra),Gadchiroli_Central_DPP_1 (Maharashtra),Brahmapuri_DhnliRth_D (Maharashtra) -> Gadchiroli_Central_DPP_1 (Maharashtra)
IND533003AAA,IND533401AAA,18,1.939209726443769,0.16666666666666666,1.0,31.898802074021077,31.898802074021077,93.0,48.0,62.66395,1.0,0.009611525511629797,1,0,0,Kakinada_DC (Andhra Pradesh),Tuni_Eaglvari_D (Andhra Pradesh),Kakinada_DC (Andhra Pradesh) -> Tuni_Eaglvari_D (Andhra Pradesh)
IND791110AAA,IND787001AAA,1,3.5294117647058822,1.0,1.0,31.83333333333333,31.83333333333333,120.0,34.0,48.9821,1.0,0.009591798925350024,1,0,0,Naharlagun_JmpuCntr_D (Arunachal Pradesh),LakhimpurN_SashPhkn_D (Assam),Naharlagun_JmpuCntr_D (Arunachal Pradesh) -> LakhimpurN_SashPhkn_D (Assam)
IND131301AAA,IND131028AAB,2,3.0358974358974358,1.0,1.0,31.41106227106232,31.41106227106232,120.0,39.5,55.265699999999995,1.0,0.00946456314143492,1,0,0,Gohana_DvlalDPP_D (Haryana),Sonipat_Kundli_H (Haryana),Gohana_DvlalDPP_D (Haryana) -> Sonipat_Kundli_H (Haryana)
IND848114AAA,IND848210AAA,21,1.72,0.14285714285714285,1.0,31.367187500000014,31.367187500000014,41.0,24.0,23.5275,1.0,0.00945134310011789,1,0,0,DalsinghSarai_Wardno13_D (Bihar),Rusera_Wardno4_D (Bihar),DalsinghSarai_Wardno13_D (Bihar) -> Rusera_Wardno4_D (Bihar)
IND413307AAB,IND413304AAA,3,2.260869565217391,0.3333333333333333,1.0,31.250000000000007,31.250000000000007,54.0,24.0,32.9096,0.0,0.00941603297645618,1,0,0,Sangola_Central_DPP_2 (Maharashtra),Pandharpur_RajCmplx_D (Maharashtra),Sangola_Central_DPP_2 (Maharashtra) -> Pandharpur_RajCmplx_D (Maharashtra)
IND360510AAB,IND360530AAB,13,1.4230769230769231,0.07692307692307693,0.9230769230769231,31.005917159763314,31.005917159763314,37.0,25.0,28.1623,0.0,0.009342487630131192,1,0,0,Bhanvad_Mainroad_D (Gujarat),Jamjodhpur_Court_D (Gujarat),Bhanvad_Mainroad_D (Gujarat) -> Jamjodhpur_Court_D (Gujarat)
IND515004AAA,IND515801AAA,2,2.581818181818182,1.0,1.0,31.00000000000003,31.00000000000003,142.0,55.0,77.024,1.0,0.009340704712644535,1,0,0,Anantapur_KamaStrt_I (Andhra Pradesh),Guntakal_Verpatem_D (Andhra Pradesh),Anantapur_KamaStrt_I (Andhra Pradesh) -> Guntakal_Verpatem_D (Andhra Pradesh)
IND562132AAA,IND560058AAB,20,1.9230769230769231,0.3,0.75,30.81111111111114,30.81111111111114,29.5,16.0,13.5898,0.0,0.009283790024431289,1,0,0,Bangalore_Nelmngla_H (Karnataka),Bengaluru_Peenya_IP (Karnataka),Bangalore_Nelmngla_H (Karnataka) -> Bengaluru_Peenya_IP (Karnataka)
IND515201AAA,IND515301AAA,14,2.7456709956709955,0.35714285714285715,1.0,30.70312500000003,30.70312500000003,59.0,21.5,31.1112,0.0,0.009251252399368201,1,0,0,Hindupur_Parigi_D (Andhra Pradesh),Madakasira_RTCStand_D (Andhra Pradesh),Hindupur_Parigi_D (Andhra Pradesh) -> Madakasira_RTCStand_D (Andhra Pradesh)
IND413002AAA,IND413304AAA,10,1.9811320754716981,0.2,1.0,30.641509433962312,30.641509433962312,104.0,53.0,72.8061,0.0,0.009232686824914628,1,0,0,Solapur_Central_I_2 (Maharashtra),Pandharpur_RajCmplx_D (Maharashtra),Solapur_Central_I_2 (Maharashtra) -> Pandharpur_RajCmplx_D (Maharashtra)
IND605601AAA,IND607106AAA,14,2.1363636363636362,0.14285714285714285,1.0,30.572192513369004,30.572192513369004,46.0,20.5,27.29655,0.0,0.009211800731790374,1,0,0,Villupuram_Thirumtr_IP (Tamil Nadu),Panruti_GandhiRd_D (Tamil Nadu),Villupuram_Thirumtr_IP (Tamil Nadu) -> Panruti_GandhiRd_D (Tamil Nadu)
IND124141AAA,IND000000ACB,10,2.0652768284347234,0.1,1.0,30.2077004219409,30.2077004219409,158.0,79.0,92.62684999999999,1.0,0.009101974506108949,1,0,0,ChrkhiDdri_PuranDPP_D (Haryana),Gurgaon_Bilaspur_HB (Haryana),ChrkhiDdri_PuranDPP_D (Haryana) -> Gurgaon_Bilaspur_HB (Haryana)
IND173220AAA,IND173212AAA,1,3.53125,1.0,1.0,30.00833333333334,30.00833333333334,113.0,32.0,41.0419,1.0,0.009041902599524986,1,0,0,Parwanoo_Central_D_1 (Himachal Pradesh),Solan_MohanPrk_D (Himachal Pradesh),Parwanoo_Central_D_1 (Himachal Pradesh) -> Solan_MohanPrk_D (Himachal Pradesh)
IND395023AAA,IND421302AAG,3,2.45771144278607,0.3333333333333333,1.0,30.004104477611975,30.004104477611975,494.0,200.0,266.27840000000003,1.0,0.009040628390087383,1,0,0,Surat_HUB (Gujarat),Bhiwandi_Mankoli_HB (Maharashtra),Surat_HUB (Gujarat) -> Bhiwandi_Mankoli_HB (Maharashtra)
IND390022AAA,IND388320AAA,18,2.039230769230769,0.16666666666666666,1.0,29.96447963800904,29.96447963800904,52.5,26.0,36.06165,0.0,0.009028688908602967,1,0,0,Vadodara_Karelibaug_DPC (Gujarat),Anand_Vaghasi_IP (Gujarat),Vadodara_Karelibaug_DPC (Gujarat) -> Anand_Vaghasi_IP (Gujarat)
IND852131AAA,IND852201AAA,8,2.8181818181818183,0.375,1.0,29.94999999999999,29.94999999999999,93.0,33.0,36.0287,1.0,0.009024326004635597,1,0,0,Supaul_SadrHsptl_D (Bihar),Saharsa_Gangjala_D (Bihar),Supaul_SadrHsptl_D (Bihar) -> Saharsa_Gangjala_D (Bihar)
IND441206AAB,IND441603AAA,1,2.746268656716418,1.0,1.0,29.900000000000006,29.900000000000006,184.0,67.0,88.601,0.0,0.00900926035187327,1,0,0,Brahmapuri_DhnliRth_D (Maharashtra),Chamorshi_Central_DPP_1 (Maharashtra),Brahmapuri_DhnliRth_D (Maharashtra) -> Chamorshi_Central_DPP_1 (Maharashtra)
IND361001AAA,IND361305AAC,16,1.733653846153846,0.0625,1.0,29.85714285714286,29.85714285714286,68.5,40.0,54.59615,1.0,0.008996346935219845,1,0,0,Jamnagar_Dc (Gujarat),Khambhalia_JdswarRD_D (Gujarat),Jamnagar_Dc (Gujarat) -> Khambhalia_JdswarRD_D (Gujarat)
IND121004AAB,IND121004AAA,23,1.75,0.17391304347826086,1.0,29.800809716599193,29.800809716599193,22.0,12.0,16.5446,0.0,0.008979373024530996,1,0,0,FBD_Balabhgarh_DPC (Haryana),Faridabad_Blbgarh_DC (Haryana),FBD_Balabhgarh_DPC (Haryana) -> Faridabad_Blbgarh_DC (Haryana)
IND754202AAA,IND751002AAB,1,3.2580645161290325,1.0,1.0,29.700000000000003,29.700000000000003,101.0,31.0,38.6596,1.0,0.008948997740823951,1,0,0,Cuttack_SliprDPP_DC (Orissa),Bhubaneshwar_Hub (Orissa),Cuttack_SliprDPP_DC (Orissa) -> Bhubaneshwar_Hub (Orissa)
IND742121AAB,IND742101AAC,1,3.388888888888889,1.0,1.0,29.616666666666674,29.616666666666674,122.0,36.0,40.9957,0.0,0.008923888319553402,1,0,0,Nowda_ArhamDPP_D (West Bengal),Baharampur_Chuanpur_I (West Bengal),Nowda_ArhamDPP_D (West Bengal) -> Baharampur_Chuanpur_I (West Bengal)
IND301001AAB,IND321001AAB,13,1.7384615384615385,0.15384615384615385,1.0,29.557780928748713,29.557780928748713,114.0,65.0,74.101,1.0,0.00890614527795089,1,0,0,Alwar_Central_I_1 (Rajasthan),Bharatpur_NraynDPP_D (Rajasthan),Alwar_Central_I_1 (Rajasthan) -> Bharatpur_NraynDPP_D (Rajasthan)
IND201007AAA,IND245304AAA,11,2.2162162162162162,0.2727272727272727,1.0,29.428378378378383,29.428378378378383,82.0,38.0,32.4253,0.0,0.008867154600142105,1,0,0,GZB_Mohan_Nagar_DPC (Uttar Pradesh),Pilkhuwa_HapurRD_D (Uttar Pradesh),GZB_Mohan_Nagar_DPC (Uttar Pradesh) -> Pilkhuwa_HapurRD_D (Uttar Pradesh)
IND532222AAA,IND761200AAA,11,1.9508196721311475,0.2727272727272727,1.0,29.419354838709722,29.419354838709722,119.0,60.0,59.5442,1.0,0.008864435689835403,1,0,0,Palasa_Central_DPP_1 (Andhra Pradesh),Paralakhemundi_Ward14_D (Orissa),Palasa_Central_DPP_1 (Andhra Pradesh) -> Paralakhemundi_Ward14_D (Orissa)
IND263601AAA,IND262501AAA,10,1.9260940251998375,0.1,1.0,29.276322783029173,29.276322783029173,234.5,121.5,112.36295,1.0,0.008821338264140093,1,0,0,Almora_SuzkiSrv_D (Uttarakhand),Pithorgarh_Kumud_D (Uttarakhand),Almora_SuzkiSrv_D (Uttarakhand) -> Pithorgarh_Kumud_D (Uttarakhand)
IND813102AAA,IND812002AAA,17,2.025,0.11764705882352941,1.0,29.258823529411814,29.258823529411814,81.0,40.0,43.492,1.0,0.008816065510568112,1,0,0,Banka_Wardno6_D (Bihar),Bhagalpur_Pbroad_DC (Bihar),Banka_Wardno6_D (Bihar) -> Bhagalpur_Pbroad_DC (Bihar)
IND842001AAA,IND845401AAA,4,2.1577868852459017,0.25,1.0,28.974999999999994,28.974999999999994,130.5,60.5,84.66895,1.0,0.008730545775770164,1,0,0,Muzaffrpur_Bbganj_I (Bihar),Motihari_RajaBzr_D (Bihar),Muzaffrpur_Bbganj_I (Bihar) -> Motihari_RajaBzr_D (Bihar)
IND431603AAA,IND413517AAA,1,2.7976190476190474,1.0,1.0,28.95833333333337,28.95833333333337,235.0,84.0,107.4206,0.0,0.008725523891516068,1,0,0,Nanded_Aswningr_I (Maharashtra),Udgir_NlgaonRd_D (Maharashtra),Nanded_Aswningr_I (Maharashtra) -> Udgir_NlgaonRd_D (Maharashtra)
IND148028AAA,IND147001AAB,10,1.8113207547169812,0.1,1.0,28.825876010781684,28.825876010781684,96.0,53.0,65.09275,1.0,0.008685612770968236,1,0,0,Sunam_DC (Punjab),Patiala (Punjab),Sunam_DC (Punjab) -> Patiala (Punjab)
IND486889AAA,IND231216AAA,3,2.5934065934065935,0.6666666666666666,1.0,28.825000000000045,28.825000000000045,236.0,91.0,110.3874,1.0,0.00868534881748319,1,0,0,Singrauli_Ward8DPP_D (Madhya Pradesh),Robertsganj_ArtoDPP_D (Uttar Pradesh),Singrauli_Ward8DPP_D (Madhya Pradesh) -> Robertsganj_ArtoDPP_D (Uttar Pradesh)
IND244901AAB,IND243201AAA,1,2.9365079365079363,1.0,1.0,28.791666666666657,28.791666666666657,185.0,63.0,72.38080000000001,0.0,0.008675305048974954,1,0,0,Rampur_RoshnBgh_I (Uttar Pradesh),Baheri_HoliCDPP_D (Uttar Pradesh),Rampur_RoshnBgh_I (Uttar Pradesh) -> Baheri_HoliCDPP_D (Uttar Pradesh)
IND201007AAB,IND201301AAF,5,2.933333333333333,0.6,1.0,28.676666666666698,28.676666666666698,44.0,16.0,13.0087,0.0,0.008640654047621607,1,1,0,Ghaziabad_MohanNgr_C (Uttar Pradesh),Noida_Sec 02_DPC (Uttar Pradesh),Ghaziabad_MohanNgr_C (Uttar Pradesh) -> Noida_Sec 02_DPC (Uttar Pradesh)
IND000000ACA,IND144001AAB,17,1.6041666666666667,0.17647058823529413,1.0,28.657142857142873,28.657142857142873,79.0,49.0,69.4616,1.0,0.008634771268923931,1,0,0,Ludhiana_MilrGanj_HB (Punjab),Jalandhar_DPC (Punjab),Ludhiana_MilrGanj_HB (Punjab) -> Jalandhar_DPC (Punjab)
IND131028AAB,IND201204AAA,9,2.0851063829787235,0.2222222222222222,1.0,28.600000000000023,28.600000000000023,98.0,47.0,62.7057,1.0,0.0086175533800527,1,0,0,Sonipat_Kundli_H (Haryana),Modinagar_SikriKla_DC (Uttar Pradesh),Sonipat_Kundli_H (Haryana) -> Modinagar_SikriKla_DC (Uttar Pradesh)
IND829122AAA,IND825301AAA,14,2.0135135135135136,0.07142857142857142,1.0,28.55833333333335,28.55833333333335,75.0,37.0,48.9122,1.0,0.008604998669417423,1,0,0,Ramgarh_HotelPrk_D (Jharkhand),Hazaribag_BodomBzr_DC (Jharkhand),Ramgarh_HotelPrk_D (Jharkhand) -> Hazaribag_BodomBzr_DC (Jharkhand)
IND501301AAC,IND500039AAC,2,3.5314685314685317,0.5,1.0,28.37564102564103,28.37564102564103,41.0,12.0,14.8667,0.0,0.008549951092016598,1,0,0,Ghatkesar_Central_D_1 (Telangana),Hyderabad_Uppal_I (Telangana),Ghatkesar_Central_D_1 (Telangana) -> Hyderabad_Uppal_I (Telangana)
IND712410AAC,IND712406AAA,6,1.6375338753387534,0.5,0.6666666666666666,28.37369337979095,28.37369337979095,62.0,41.0,37.1378,1.0,0.008549364240894971,1,0,0,Tarkeshwar_Naraynpr_D (West Bengal),Khanakul_Ramnagar_D (West Bengal),Tarkeshwar_Naraynpr_D (West Bengal) -> Khanakul_Ramnagar_D (West Bengal)
IND110085AAB,IND110083AAA,3,4.0,0.6666666666666666,1.0,28.28750000000001,28.28750000000001,56.0,15.0,11.9201,0.0,0.008523393050288134,1,0,0,Delhi_Rohini_DPC (Delhi),Delhi_Mangol_DC (Delhi),Delhi_Rohini_DPC (Delhi) -> Delhi_Mangol_DC (Delhi)
IND431515AAA,IND431517AAB,14,2.933333333333333,0.35714285714285715,1.0,28.285925925925937,28.285925925925937,44.0,15.0,21.55975,1.0,0.00852291876121969,1,0,0,Parli_JirgeNgr_D (Maharashtra),Ambajogai_BnsllNgr_D (Maharashtra),Parli_JirgeNgr_D (Maharashtra) -> Ambajogai_BnsllNgr_D (Maharashtra)
IND127021AAA,IND127201AAA,8,1.8421052631578947,0.125,1.0,28.18421052631578,28.18421052631578,70.0,38.5,55.09065,1.0,0.008492270583397526,1,0,0,Bhiwani_DC (Haryana),Loharu_BstndDPP_D (Haryana),Bhiwani_DC (Haryana) -> Loharu_BstndDPP_D (Haryana)
IND562132AAA,IND560066AAB,2,2.3488372093023258,0.5,1.0,28.171428571428578,28.171428571428578,101.0,43.0,39.636849999999995,0.0,0.008488419213518438,1,0,0,Bangalore_Nelmngla_H (Karnataka),Bengaluru_Whitefld_L (Karnataka),Bangalore_Nelmngla_H (Karnataka) -> Bengaluru_Whitefld_L (Karnataka)
IND306401AAB,IND302014AAA,17,1.9587155963302751,0.058823529411764705,1.0,27.805731566820327,27.805731566820327,425.0,214.0,301.4806,1.0,0.008378229931765397,1,0,0,Pali_Nayagaon_I (Rajasthan),Jaipur_Hub (Rajasthan),Pali_Nayagaon_I (Rajasthan) -> Jaipur_Hub (Rajasthan)
IND173212AAA,IND173220AAA,5,3.3076923076923075,0.6,1.0,27.74230769230772,27.74230769230772,86.0,28.0,36.8201,1.0,0.008359119490360426,1,1,0,Solan_MohanPrk_D (Himachal Pradesh),Parwanoo_Central_D_1 (Himachal Pradesh),Solan_MohanPrk_D (Himachal Pradesh) -> Parwanoo_Central_D_1 (Himachal Pradesh)
IND673121AAA,IND670645AAB,8,2.207157258064516,0.125,1.0,27.708684863523573,27.708684863523573,69.5,31.5,30.5652,0.0,0.008348988493093441,1,0,0,Kalpetta_Ward19_D (Kerala),Mananthavady_Central_D_1 (Kerala),Kalpetta_Ward19_D (Kerala) -> Mananthavady_Central_D_1 (Kerala)
IND507111AAA,IND507117AAB,19,1.6875,0.10526315789473684,1.0,27.698958333333337,27.698958333333337,54.0,31.0,36.3314,1.0,0.008346057762564875,1,0,0,Bhadrachalam_ITDARd_D (Telangana),Manuguru_AskNagar_D (Telangana),Bhadrachalam_ITDARd_D (Telangana) -> Manuguru_AskNagar_D (Telangana)
IND400072AAA,IND421302AAG,1,4.0,1.0,1.0,27.650000000000006,27.650000000000006,84.0,21.0,26.4331,0.0,0.008331305977568426,1,0,0,Mumbai_Tejpal_M (Maharashtra),Bhiwandi_Mankoli_HB (Maharashtra),Mumbai_Tejpal_M (Maharashtra) -> Bhiwandi_Mankoli_HB (Maharashtra)
IND332001AAB,IND333031AAA,2,2.267508865248227,0.5,1.0,27.537797619047666,27.537797619047666,215.0,95.0,109.61735,1.0,0.008297497935357733,1,0,0,Sikar_FatehpRd_I (Rajasthan),Pilani (Rajasthan),Sikar_FatehpRd_I (Rajasthan) -> Pilani (Rajasthan)
IND473226AAA,IND473001AAA,10,1.3038461538461539,0.3,0.8,27.451349401068015,27.451349401068015,51.5,39.0,32.3411,1.0,0.008271449958677662,1,0,0,Guna_Raghogrh_D (Madhya Pradesh),Guna_HnumnDPP_D (Madhya Pradesh),Guna_Raghogrh_D (Madhya Pradesh) -> Guna_HnumnDPP_D (Madhya Pradesh)
IND313001AAB,IND306401AAB,17,2.0492957746478875,0.11764705882352941,1.0,27.40919894366192,27.40919894366192,287.0,141.0,189.1274,1.0,0.00825874947557659,1,0,0,Udaipur_Mangri_I (Rajasthan),Pali_Nayagaon_I (Rajasthan),Udaipur_Mangri_I (Rajasthan) -> Pali_Nayagaon_I (Rajasthan)
IND110037AAM,IND201001AAC,8,2.0612244897959187,0.25,0.875,27.40000000000002,27.40000000000002,101.0,49.0,42.266099999999994,0.0,0.00825597771375678,1,0,0,Delhi_Airport_H (Delhi),Ghaziabad_Central_L_8 (Uttar Pradesh),Delhi_Airport_H (Delhi) -> Ghaziabad_Central_L_8 (Uttar Pradesh)
IND509124AAA,IND509103AAC,4,1.6153846153846154,0.25,1.0,27.30000000000001,27.30000000000001,63.0,39.0,45.011449999999996,1.0,0.008225846408232118,1,0,0,JoguGadwal_ColctrOf_D (Telangana),IND509103AAC,JoguGadwal_ColctrOf_D (Telangana) -> IND509103AAC
IND609001AAA,IND614018AAA,12,2.1880479251899474,0.08333333333333333,1.0,27.293610547667356,27.293610547667356,129.0,59.0,71.81790000000001,1.0,0.008223921182828414,1,0,0,Mylduthuri_Thiruviz_D (Tamil Nadu),Mannargudi_Vadasari_D (Tamil Nadu),Mylduthuri_Thiruviz_D (Tamil Nadu) -> Mannargudi_Vadasari_D (Tamil Nadu)
IND600044AAD,IND603203AAA,2,3.670955882352941,1.0,1.0,26.982064075630248,26.982064075630248,60.5,16.5,19.01395,0.0,0.008130048163487613,1,0,0,Chennai_Chrompet_DPC (Tamil Nadu),Chennai_Potheri (Tamil Nadu),Chennai_Chrompet_DPC (Tamil Nadu) -> Chennai_Potheri (Tamil Nadu)
IND571104AAA,IND577598AAB,16,1.85,0.1875,1.0,26.979934210526324,26.979934210526324,37.0,20.0,28.0028,1.0,0.008129406407325889,1,0,0,Koppa_BMRd_D (Karnataka),Madikeri_MuthpTmp_D (Karnataka),Koppa_BMRd_D (Karnataka) -> Madikeri_MuthpTmp_D (Karnataka)
IND741123AAB,IND741126AAB,18,2.4157196969696972,0.2777777777777778,1.0,26.943750000000023,26.943750000000023,78.0,32.0,43.6723,0.0,0.008118503632300522,1,0,0,Chapra_NagarDPP_D (West Bengal),Nakashipara_MaxDPP_D (West Bengal),Chapra_NagarDPP_D (West Bengal) -> Nakashipara_MaxDPP_D (West Bengal)
IND160002AAC,IND147105AAA,3,2.0595238095238093,0.3333333333333333,1.0,26.928100470957617,26.928100470957617,178.0,85.0,102.25,1.0,0.008113788224891583,1,0,0,Chandigarh_Mehmdpur_H (Punjab),Patran_MheshNGR_D (Punjab),Chandigarh_Mehmdpur_H (Punjab) -> Patran_MheshNGR_D (Punjab)
IND786001AAB,IND785675AAA,3,3.2142857142857144,0.6666666666666666,1.0,26.875,26.875,90.0,28.0,40.2528,1.0,0.008097788359752311,1,0,0,Dibrugarh_Bokule_H (Assam),Moranhat_TiloiDPP_D (Assam),Dibrugarh_Bokule_H (Assam) -> Moranhat_TiloiDPP_D (Assam)
IND000000ACA,IND147301AAA,3,1.7037037037037037,0.3333333333333333,1.0,26.861904761904768,26.861904761904768,46.0,27.0,37.1418,1.0,0.008093842593552655,1,0,0,Ludhiana_MilrGanj_HB (Punjab),Mandi_Gobindgarh_DC (Punjab),Ludhiana_MilrGanj_HB (Punjab) -> Mandi_Gobindgarh_DC (Punjab)
IND444005AAB,IND443301AAA,5,2.375,0.2,1.0,26.71875000000003,26.71875000000003,188.0,81.0,110.207,1.0,0.008050708194870039,1,0,0,Akola_Gaurkshn_I (Maharashtra),Mehkar_SagarDPP_D (Maharashtra),Akola_Gaurkshn_I (Maharashtra) -> Mehkar_SagarDPP_D (Maharashtra)
IND205001AAB,IND209721AAB,10,2.25,0.3,1.0,26.470383275261355,26.470383275261355,90.0,40.5,52.995850000000004,1.0,0.00797587205821744,1,0,0,Mainpuri_Agraroad_I (Uttar Pradesh),Chhibramau_Bhainpura_D (Uttar Pradesh),Mainpuri_Agraroad_I (Uttar Pradesh) -> Chhibramau_Bhainpura_D (Uttar Pradesh)
IND754142AAA,IND754211AAA,2,2.9696296296296296,0.5,1.0,26.450000000000017,26.450000000000017,76.5,26.0,37.515950000000004,1.0,0.007969730311272512,1,0,0,Paradip_Udyabata_D (Orissa),Kendrpara_Kapleswr_D (Orissa),Paradip_Udyabata_D (Orissa) -> Kendrpara_Kapleswr_D (Orissa)
IND781003AAA,IND781018AAB,3,3.108108108108108,0.6666666666666666,1.0,26.43750000000003,26.43750000000003,115.0,37.0,28.2131,0.0,0.007965963898081933,1,0,0,Guwahati_Chandmari (Assam),Guwahati_Hub (Assam),Guwahati_Chandmari (Assam) -> Guwahati_Hub (Assam)
IND306116AAA,IND306001AAA,3,1.9390243902439024,0.3333333333333333,1.0,26.39851916376307,26.39851916376307,159.0,82.0,104.691,1.0,0.007954218463219307,1,0,0,Falna_SbhRDDPP_D (Rajasthan),MarwarJn_SndbrDPP_D (Rajasthan),Falna_SbhRDDPP_D (Rajasthan) -> MarwarJn_SndbrDPP_D (Rajasthan)
IND636005AAA,IND636005AAC,1,5.083333333333333,1.0,1.0,26.308333333333337,26.308333333333337,61.0,12.0,15.441,0.0,0.007927044295112574,1,0,0,Salem_Kadtmpty_H (Tamil Nadu),Salem_Kadtmpty_D (Tamil Nadu),Salem_Kadtmpty_H (Tamil Nadu) -> Salem_Kadtmpty_D (Tamil Nadu)
IND562132AAA,IND712311AAA,3,2.221897810218978,0.3333333333333333,1.0,26.295693430657593,26.295693430657593,3044.0,1370.0,1851.2411,1.0,0.007923235727419325,1,0,0,Bangalore_Nelmngla_H (Karnataka),Kolkata_Dankuni_HB (West Bengal),Bangalore_Nelmngla_H (Karnataka) -> Kolkata_Dankuni_HB (West Bengal)
IND756019AAA,IND757025AAA,8,2.216666666666667,0.25,1.0,26.28849902534114,26.28849902534114,42.0,20.0,27.3447,1.0,0.007921067959172743,1,0,0,Balasore_Ganeshwr_D (Orissa),Betnoti_MhliaDPP_D (Orissa),Balasore_Ganeshwr_D (Orissa) -> Betnoti_MhliaDPP_D (Orissa)
IND281401AAA,IND121004AAB,3,2.2615384615384615,0.3333333333333333,1.0,26.221753246753252,26.221753246753252,147.0,65.0,92.8921,0.0,0.007900956584701612,1,0,0,Chhata_GvrdnDPP_D (Uttar Pradesh),FBD_Balabhgarh_DPC (Haryana),Chhata_GvrdnDPP_D (Uttar Pradesh) -> FBD_Balabhgarh_DPC (Haryana)
IND000000ADM,IND683511AAA,1,3.3076923076923075,1.0,1.0,26.200000000000003,26.200000000000003,86.0,26.0,24.4293,0.0,0.00789440204746086,1,0,0,Cochin_Kdvantra_D (Kerala),Aluva_Peedika_H (Kerala),Cochin_Kdvantra_D (Kerala) -> Aluva_Peedika_H (Kerala)
IND480334AAA,IND480106AAA,21,1.4166666666666667,0.09523809523809523,0.9523809523809523,26.123976608187164,26.123976608187164,50.0,36.0,38.922,1.0,0.007871495207003523,1,0,0,Pandhurna_Mataward_D (Madhya Pradesh),Sausar_Central_DPP_1 (Madhya Pradesh),Pandhurna_Mataward_D (Madhya Pradesh) -> Sausar_Central_DPP_1 (Madhya Pradesh)
IND611001AAA,IND610001AAA,10,2.34375,0.4,1.0,26.11562500000003,26.11562500000003,38.5,17.0,23.65435,1.0,0.007868978758424437,1,0,0,Nagapttinm_Sttyapar_D (Tamil Nadu),Thiruvarur_Bypasrd_D (Tamil Nadu),Nagapttinm_Sttyapar_D (Tamil Nadu) -> Thiruvarur_Bypasrd_D (Tamil Nadu)
IND560060AAB,IND560099AAB,15,1.3636363636363635,0.13333333333333333,0.8,26.109375000000007,26.109375000000007,44.0,32.0,30.6586,0.0,0.007867095551829137,1,0,0,Bengaluru_Kengeri_IP (Karnataka),Bengaluru_Bomsndra_HB (Karnataka),Bengaluru_Kengeri_IP (Karnataka) -> Bengaluru_Bomsndra_HB (Karnataka)
IND673104AAA,IND673506AAA,17,1.7142857142857142,0.29411764705882354,0.9411764705882353,26.062500000000025,26.062500000000025,27.0,16.0,15.4347,0.0,0.007852971502364458,1,0,0,Vadakara_Mandodi_D (Kerala),Kallachi_ZamQuatr_D (Kerala),Vadakara_Mandodi_D (Kerala) -> Kallachi_ZamQuatr_D (Kerala)
IND384205AAA,IND382715AAA,18,1.4935897435897436,0.16666666666666666,1.0,26.052499999999995,26.052499999999995,57.5,40.0,42.3417,1.0,0.007849958371811983,1,0,0,Mehsana_Panchot_IP (Gujarat),Kadi_KaranNGR_D (Gujarat),Mehsana_Panchot_IP (Gujarat) -> Kadi_KaranNGR_D (Gujarat)
IND413517AAA,IND431717AAA,2,2.8998257839721253,0.5,1.0,25.982404181184677,25.982404181184677,120.5,41.5,59.78545,0.0,0.007828837586484727,1,0,0,Udgir_NlgaonRd_D (Maharashtra),Degloor_Busstand_D (Maharashtra),Udgir_NlgaonRd_D (Maharashtra) -> Degloor_Busstand_D (Maharashtra)
IND721134AAB,IND721139AAC,16,1.6125,0.25,0.875,25.88777777777778,25.88777777777778,26.0,16.0,18.41035,0.0,0.0078003254157672,1,0,0,Kolaghat_Central_DPP_2 (West Bengal),Panskura_Central_D_3 (West Bengal),Kolaghat_Central_DPP_2 (West Bengal) -> Panskura_Central_D_3 (West Bengal)
IND274402AAA,IND274304AAB,4,2.833333333333333,0.5,1.0,25.862637362637372,25.862637362637372,34.0,12.5,17.829,1.0,0.007792750280471074,1,0,0,Kushinagar_JiswlDPP_D (Uttar Pradesh),Padrauna_BawliDPPP_D (Uttar Pradesh),Kushinagar_JiswlDPP_D (Uttar Pradesh) -> Padrauna_BawliDPPP_D (Uttar Pradesh)
IND322201AAA,IND303503AAA,12,1.6942528735632183,0.08333333333333333,1.0,25.792500000000004,25.792500000000004,50.0,30.0,42.432249999999996,0.0,0.00777161697744787,1,0,0,Gangapur_Ward6DPP_D (Rajasthan),Lalsot_NWclyDPP_D (Rajasthan),Gangapur_Ward6DPP_D (Rajasthan) -> Lalsot_NWclyDPP_D (Rajasthan)
IND571432AAB,IND571426AAA,17,1.3783783783783783,0.17647058823529413,0.8235294117647058,25.765234375000013,25.765234375000013,50.0,37.0,40.7991,1.0,0.007763401488675915,1,0,0,Nagamangala_MandyaRD_D (Karnataka),Krishnarajpet_MuruPost_D (Karnataka),Nagamangala_MandyaRD_D (Karnataka) -> Krishnarajpet_MuruPost_D (Karnataka)
IND637408AAA,IND637001AAA,10,1.7586206896551726,0.4,1.0,25.735632183908045,25.735632183908045,51.0,29.0,34.407650000000004,1.0,0.007754481962036001,1,0,0,Rasipurm_Knrpati_D (Tamil Nadu),Namakkal_Rkcomplx_DC (Tamil Nadu),Rasipurm_Knrpati_D (Tamil Nadu) -> Namakkal_Rkcomplx_DC (Tamil Nadu)
IND421302AAR,IND421302AAF,1,4.235294117647059,1.0,1.0,25.616666666666667,25.616666666666667,72.0,17.0,20.5132,0.0,0.007718636098567009,1,0,0,Mumbai_East_I_21 (Maharashtra),Mumbai_Kalyan (Maharashtra),Mumbai_East_I_21 (Maharashtra) -> Mumbai_Kalyan (Maharashtra)
IND273014AAB,IND277303AAC,18,1.98,0.1111111111111111,1.0,25.54031578947368,25.54031578947368,198.0,101.0,129.46165000000002,1.0,0.007695630582489232,1,0,0,Gorakhpur_Matriprm_IP (Uttar Pradesh),Sikandarpur_Central_D_3 (Uttar Pradesh),Gorakhpur_Matriprm_IP (Uttar Pradesh) -> Sikandarpur_Central_D_3 (Uttar Pradesh)
IND464668AAA,IND462022AAA,2,2.553571428571429,0.5,1.0,25.5214285714286,25.5214285714286,214.5,84.0,119.1635,1.0,0.007689939617114961,1,0,0,Bareli_SourvDPP_D (Madhya Pradesh),Bhopal_Trnsport_H (Madhya Pradesh),Bareli_SourvDPP_D (Madhya Pradesh) -> Bhopal_Trnsport_H (Madhya Pradesh)
IND246701AAA,IND246763AAA,12,1.9230769230769231,0.08333333333333333,1.0,25.500000000000007,25.500000000000007,49.0,25.0,34.26045,1.0,0.007683482908788242,1,0,0,Bijnor_NaginaRd_D (Uttar Pradesh),Najibabad_KotdwrRD_D (Uttar Pradesh),Bijnor_NaginaRd_D (Uttar Pradesh) -> Najibabad_KotdwrRD_D (Uttar Pradesh)
IND400016AAB,IND400072AAB,1,5.0,1.0,1.0,25.5,25.5,60.0,12.0,11.184,0.0,0.007683482908788239,1,0,0,Mumbai_MhimWest_C (Maharashtra),Mumbai Hub (Maharashtra),Mumbai_MhimWest_C (Maharashtra) -> Mumbai Hub (Maharashtra)
IND843301AAA,IND843320AAA,20,2.6,0.25,1.0,25.39244444444448,25.39244444444448,64.5,25.0,28.1768,1.0,0.00765107501573506,1,0,0,Sitamari_Durma_D (Bihar),Pupri_SngihiRD_D (Bihar),Sitamari_Durma_D (Bihar) -> Pupri_SngihiRD_D (Bihar)
IND144401AAB,IND144001AAB,17,1.9166666666666667,0.29411764705882354,1.0,25.300000000000008,25.300000000000008,21.0,11.0,13.179,0.0,0.007623220297738923,1,0,0,Phagwara_Lovely_D (Punjab),Jalandhar_DPC (Punjab),Phagwara_Lovely_D (Punjab) -> Jalandhar_DPC (Punjab)
IND768216AAA,IND770001AAA,5,2.2058823529411766,0.4,1.0,25.29873349339738,25.29873349339738,75.0,35.0,39.775,1.0,0.007622838682764994,1,0,0,Brajrajnagar_LamtiDPP_D (Orissa),Sundargarh_DiyoDPP_D (Orissa),Brajrajnagar_LamtiDPP_D (Orissa) -> Sundargarh_DiyoDPP_D (Orissa)
IND145001AAA,IND176201AAA,7,1.7916666666666667,0.42857142857142855,1.0,25.284334415584404,25.284334415584404,43.0,22.0,17.6282,1.0,0.007618500052636433,1,0,0,Pathankot_DC (Punjab),Jassur_AadiDPP_D (Himachal Pradesh),Pathankot_DC (Punjab) -> Jassur_AadiDPP_D (Himachal Pradesh)
IND470117AAA,IND470227AAB,6,1.7526315789473683,0.16666666666666666,1.0,25.12500000000003,25.12500000000003,166.5,95.0,122.6775,1.0,0.007570490513070773,1,0,0,Khurai_Talaiya_D (Madhya Pradesh),Rehli_Ward7DPP_D (Madhya Pradesh),Khurai_Talaiya_D (Madhya Pradesh) -> Rehli_Ward7DPP_D (Madhya Pradesh)
IND625008AAA,IND626123AAA,17,1.8125,0.058823529411764705,1.0,25.10984393757505,25.10984393757505,88.0,49.0,60.207,1.0,0.007565923793595996,1,0,0,Madurai_Kappalur_H (Tamil Nadu),Sivakasi_Msstreet_DC (Tamil Nadu),Madurai_Kappalur_H (Tamil Nadu) -> Sivakasi_Msstreet_DC (Tamil Nadu)
IND384265AAB,IND385340AAB,1,3.0434782608695654,1.0,1.0,24.999999999999986,24.999999999999986,140.0,46.0,62.0344,1.0,0.007532826381164937,1,0,0,Patan_Central_D_2 (Gujarat),Radhanpur_Santalpr_D (Gujarat),Patan_Central_D_2 (Gujarat) -> Radhanpur_Santalpr_D (Gujarat)
IND275101AAA,IND275503AAA,2,4.136363636363637,1.0,1.0,24.957142857142856,24.957142857142856,45.5,11.0,15.9229,1.0,0.007519912964511514,1,0,0,Mau_BaliaMod_D (Uttar Pradesh),Ghosi_Jamalpur_D (Uttar Pradesh),Mau_BaliaMod_D (Uttar Pradesh) -> Ghosi_Jamalpur_D (Uttar Pradesh)
IND574227AAA,IND574104AAA,9,1.7857142857142858,0.2222222222222222,1.0,24.894132653061227,24.894132653061227,25.0,14.0,18.3005,0.0,0.007500927167407968,1,0,0,Moodbidri_MrdiVlge_D (Karnataka),Karkala_MarketRd_D (Karnataka),Moodbidri_MrdiVlge_D (Karnataka) -> Karkala_MarketRd_D (Karnataka)
IND282002AAD,IND204101AAA,4,2.0125,0.25,1.0,24.791666666666657,24.791666666666657,79.5,40.5,48.160650000000004,1.0,0.007470052827988563,1,0,0,IND282002AAD,Hathras (Uttar Pradesh),IND282002AAD -> Hathras (Uttar Pradesh)
IND160002AAC,IND131028AAB,12,1.9154387833599622,0.08333333333333333,1.0,24.69233926128595,24.69233926128595,249.0,129.5,182.03404999999998,1.0,0.007440124184003586,1,0,0,Chandigarh_Mehmdpur_H (Punjab),Sonipat_Kundli_H (Haryana),Chandigarh_Mehmdpur_H (Punjab) -> Sonipat_Kundli_H (Haryana)
IND641062AAD,IND638401AAA,12,1.8112320633349825,0.16666666666666666,1.0,24.51594684385381,24.51594684385381,77.0,43.0,53.81155,0.0,0.007386974845784775,1,0,0,Coimbatore_Karayam_H (Tamil Nadu),Sathyamangalam_Mlydpthr_D (Tamil Nadu),Coimbatore_Karayam_H (Tamil Nadu) -> Sathyamangalam_Mlydpthr_D (Tamil Nadu)
IND751015AAA,IND752056AAA,6,1.9572192513368982,0.3333333333333333,1.0,24.426250812215727,24.426250812215727,40.0,17.5,25.29655,0.0,0.0073599482604484075,1,0,0,Bhubaneshwar_Nayapalli (Orissa),Khurdha_MdhsnDPP_D (Orissa),Bhubaneshwar_Nayapalli (Orissa) -> Khurdha_MdhsnDPP_D (Orissa)
IND313001AAB,IND311001AAA,1,2.6454545454545455,1.0,1.0,24.39166666666671,24.39166666666671,291.0,110.0,152.546,1.0,0.007349527605889939,1,0,0,Udaipur_Mangri_I (Rajasthan),Bhilwara_DC (Rajasthan),Udaipur_Mangri_I (Rajasthan) -> Bhilwara_DC (Rajasthan)
IND563101AAB,IND563131AAA,14,1.565217391304348,0.21428571428571427,1.0,24.28125,24.28125,36.5,24.0,31.27705,0.0,0.0073162576227064485,1,0,0,Kolar_Ambedkar_D (Karnataka),Mulbagal_Sunku_D (Karnataka),Kolar_Ambedkar_D (Karnataka) -> Mulbagal_Sunku_D (Karnataka)
IND415709AAA,IND416012AAA,5,2.496969696969697,0.4,1.0,24.242581916728284,24.242581916728284,412.0,164.0,198.082,1.0,0.007304606424395318,1,0,0,Khed_Mahad_D (Maharashtra),Kolhapur_Shivaji_I (Maharashtra),Khed_Mahad_D (Maharashtra) -> Kolhapur_Shivaji_I (Maharashtra)
IND530012AAA,IND531036AAA,1,2.9722222222222223,1.0,1.0,24.200000000000003,24.200000000000003,107.0,36.0,38.9425,0.0,0.007291775936967664,1,0,0,Visakhapatnam_Gajuwaka_IP (Andhra Pradesh),Chodavaram_BaljiDPP_D (Andhra Pradesh),Visakhapatnam_Gajuwaka_IP (Andhra Pradesh) -> Chodavaram_BaljiDPP_D (Andhra Pradesh)
IND742102AAB,IND713130AAA,13,2.010752688172043,0.15384615384615385,1.0,24.19000305405683,24.19000305405683,187.0,93.0,96.5407,0.0,0.007288763726642392,1,0,0,Berhampore_Central_I_2 (West Bengal),Katwa_BSarani_D (West Bengal),Berhampore_Central_I_2 (West Bengal) -> Katwa_BSarani_D (West Bengal)
IND203001AAA,IND203131AAA,5,3.6153846153846154,0.8,1.0,24.157905982905994,24.157905982905994,45.0,12.0,17.2807,1.0,0.007279092460069465,1,1,0,Bulndshahr_Ymunpurm_D (Uttar Pradesh),Khurja_Pnjbiyon_D (Uttar Pradesh),Bulndshahr_Ymunpurm_D (Uttar Pradesh) -> Khurja_Pnjbiyon_D (Uttar Pradesh)
IND523002AAA,IND523230AAA,21,1.608695652173913,0.047619047619047616,1.0,24.00919250180246,24.00919250180246,111.0,69.0,77.9876,1.0,0.007234283146721802,1,0,0,Ongole_SubhVRTL_I (Andhra Pradesh),Kanigiri_Tiglgndi_D (Andhra Pradesh),Ongole_SubhVRTL_I (Andhra Pradesh) -> Kanigiri_Tiglgndi_D (Andhra Pradesh)
IND501359AAE,IND500039AAC,10,2.1545977011494255,0.4,1.0,23.987370129870143,23.987370129870143,63.5,29.0,36.2155,0.0,0.007227707781162148,1,0,0,Hyderabad_Shamshbd_H (Telangana),Hyderabad_Uppal_I (Telangana),Hyderabad_Shamshbd_H (Telangana) -> Hyderabad_Uppal_I (Telangana)
IND388320AAA,IND390022AAA,6,2.091578947368421,0.16666666666666666,1.0,23.919205741626797,23.919205741626797,61.0,31.0,38.718,1.0,0.00720716896108153,1,0,0,Anand_Vaghasi_IP (Gujarat),Vadodara_Karelibaug_DPC (Gujarat),Anand_Vaghasi_IP (Gujarat) -> Vadodara_Karelibaug_DPC (Gujarat)
IND174307AAA,IND176041AAA,17,1.0769230769230769,0.11764705882352941,0.29411764705882354,23.809375000000017,23.809375000000017,57.0,54.0,35.9815,1.0,0.007174075524761966,0,0,0,Bangana_Bhaleti_D (Himachal Pradesh),Bhota_BpassDPP_D (Himachal Pradesh),Bangana_Bhaleti_D (Himachal Pradesh) -> Bhota_BpassDPP_D (Himachal Pradesh)
IND413307AAC,IND413002AAA,1,2.828125,1.0,1.0,23.64166666666668,23.64166666666668,181.0,64.0,88.20819999999999,0.0,0.007123542814454983,1,0,0,Sangola_Central_DPP_3 (Maharashtra),Solapur_Central_I_2 (Maharashtra),Sangola_Central_DPP_3 (Maharashtra) -> Solapur_Central_I_2 (Maharashtra)
IND486886AAA,IND486889AAA,7,2.4,0.14285714285714285,1.0,23.633333333333333,23.633333333333333,48.0,20.0,24.7239,1.0,0.007121031872327924,1,0,0,Singrauli_Waidhan_D (Madhya Pradesh),Singrauli_Ward8DPP_D (Madhya Pradesh),Singrauli_Waidhan_D (Madhya Pradesh) -> Singrauli_Ward8DPP_D (Madhya Pradesh)
IND620020AAA,IND621112AAA,25,1.7692307692307692,0.28,1.0,23.590185676392597,23.590185676392597,22.0,13.0,15.6176,0.0,0.007108030919988379,1,0,0,Tiruchi (Tamil Nadu),Tiruchi_Samyaprm_D (Tamil Nadu),Tiruchi (Tamil Nadu) -> Tiruchi_Samyaprm_D (Tamil Nadu)
IND760003AAB,IND754022AAA,1,2.76,1.0,1.0,23.575000000000017,23.575000000000017,207.0,75.0,104.374,1.0,0.007103455277438544,1,0,0,Berhampur_Khajuria_I (Orissa),Tangi_SriDPP_D (Orissa),Berhampur_Khajuria_I (Orissa) -> Tangi_SriDPP_D (Orissa)
IND600032AAB,IND600008AAC,1,6.0,1.0,1.0,23.46666666666667,23.46666666666667,48.0,8.0,10.0476,0.0,0.007070813029786825,1,0,0,Chennai_Hub (Tamil Nadu),Chennai_Egmore_DPC (Tamil Nadu),Chennai_Hub (Tamil Nadu) -> Chennai_Egmore_DPC (Tamil Nadu)
IND641062AAD,IND641008AAA,2,2.585714285714286,0.5,1.0,23.450000000000017,23.450000000000017,90.5,35.0,37.6824,0.0,0.00706579114553272,1,0,0,Coimbatore_Karayam_H (Tamil Nadu),Cjb_Kovaipudur_Dc (Tamil Nadu),Coimbatore_Karayam_H (Tamil Nadu) -> Cjb_Kovaipudur_Dc (Tamil Nadu)
IND721134AAB,IND712310AAE,1,2.9074074074074074,1.0,1.0,23.40833333333333,23.40833333333333,157.0,54.0,68.92110000000001,0.0,0.007053236434897438,1,0,0,Kolaghat_Central_DPP_2 (West Bengal),Kolkata_North_I_4 (West Bengal),Kolaghat_Central_DPP_2 (West Bengal) -> Kolkata_North_I_4 (West Bengal)
IND757024AAA,IND756019AAA,1,2.6774193548387095,1.0,1.0,23.400000000000006,23.400000000000006,166.0,62.0,82.7979,1.0,0.007050725492770386,1,0,0,Sankerko_AmbkaDPP_D (Orissa),Balasore_Ganeshwr_D (Orissa),Sankerko_AmbkaDPP_D (Orissa) -> Balasore_Ganeshwr_D (Orissa)
IND502286AAB,IND502220AAC,22,2.1002747252747254,0.045454545454545456,1.0,23.375781250000003,23.375781250000003,102.0,49.0,57.435900000000004,1.0,0.007043428067213632,1,0,0,Narayankhed_Datatrya_D (Telangana),Zahirabad_Mohim_D (Telangana),Narayankhed_Datatrya_D (Telangana) -> Zahirabad_Mohim_D (Telangana)
IND641062AAD,IND643217AAA,2,2.602311643835616,0.5,1.0,23.366666666666703,23.366666666666703,179.0,68.5,70.01915,0.0,0.007040681724262175,1,0,0,Coimbatore_Karayam_H (Tamil Nadu),Kotagiri_CroslySRT_D (Tamil Nadu),Coimbatore_Karayam_H (Tamil Nadu) -> Kotagiri_CroslySRT_D (Tamil Nadu)
IND683511AAA,IND000000ADM,13,1.4615384615384615,0.07692307692307693,0.9230769230769231,23.337301775147935,23.337301775147935,36.0,25.0,22.2497,0.0,0.0070318336990816705,1,0,0,Aluva_Peedika_H (Kerala),Cochin_Kdvantra_D (Kerala),Aluva_Peedika_H (Kerala) -> Cochin_Kdvantra_D (Kerala)
IND274402AAA,IND274301AAB,1,3.3333333333333335,1.0,1.0,23.33333333333333,23.33333333333333,100.0,30.0,43.1058,1.0,0.007030637955753944,1,0,0,Kushinagar_JiswlDPP_D (Uttar Pradesh),Kaptanganj_Subshngr_D (Uttar Pradesh),Kushinagar_JiswlDPP_D (Uttar Pradesh) -> Kaptanganj_Subshngr_D (Uttar Pradesh)
IND483770AAA,IND842003AAB,2,2.485253709470599,0.5,1.0,23.299306518724052,23.299306518724052,260.0,104.5,131.93885,1.0,0.007020385232283713,1,0,0,Barhi_Central_DPP_1 (Madhya Pradesh),Jabalpur_Adhartal_IP (Madhya Pradesh),Barhi_Central_DPP_1 (Madhya Pradesh) -> Jabalpur_Adhartal_IP (Madhya Pradesh)
IND600056AAA,IND602105AAB,7,3.0,0.7142857142857143,1.0,23.22222222222223,23.22222222222223,39.0,12.0,16.0988,0.0,0.006997158727393213,1,1,0,Chennai_Poonamallee (Tamil Nadu),Chennai_Sriperumbudur_Dc (Tamil Nadu),Chennai_Poonamallee (Tamil Nadu) -> Chennai_Sriperumbudur_Dc (Tamil Nadu)
IND533106AAA,IND533201AAA,1,2.7011494252873565,1.0,1.0,23.20833333333337,23.20833333333337,235.0,87.0,100.5016,1.0,0.006992973823848132,1,0,0,Rajamundry_AtoNgrRd_I (Andhra Pradesh),Amalapuram_Vijdurg_D (Andhra Pradesh),Rajamundry_AtoNgrRd_I (Andhra Pradesh) -> Amalapuram_Vijdurg_D (Andhra Pradesh)
IND474003AAA,IND475661AAB,1,2.8253968253968256,1.0,1.0,23.133333333333326,23.133333333333326,178.0,63.0,81.44810000000001,1.0,0.0069703753447046225,1,0,0,Gwalior_HrihrNgr_I (Madhya Pradesh),Datia_TownDPP_D (Madhya Pradesh),Gwalior_HrihrNgr_I (Madhya Pradesh) -> Datia_TownDPP_D (Madhya Pradesh)
IND600044AAD,IND600032AAB,7,2.5833333333333335,0.42857142857142855,1.0,23.112499999999994,23.112499999999994,31.0,11.0,10.5967,0.0,0.006964097989386986,1,0,0,Chennai_Chrompet_DPC (Tamil Nadu),Chennai_Hub (Tamil Nadu),Chennai_Chrompet_DPC (Tamil Nadu) -> Chennai_Hub (Tamil Nadu)
IND124507AAA,IND131028AAE,3,2.511627906976744,0.6666666666666666,1.0,23.10814814814816,23.10814814814816,108.0,44.0,42.099,1.0,0.006962786719609529,1,0,0,Bahadurgarh_DC (Haryana),Sonipat_Central_D_2 (Haryana),Bahadurgarh_DC (Haryana) -> Sonipat_Central_D_2 (Haryana)
IND247667AAB,IND249407AAA,2,2.618993993993994,1.0,1.0,23.10000000000001,23.10000000000001,95.5,36.5,30.3938,1.0,0.006960331576196408,1,0,0,Roorkee_IOTCEncl_L (Uttarakhand),Haridwar (Uttarakhand),Roorkee_IOTCEncl_L (Uttarakhand) -> Haridwar (Uttarakhand)
IND614809AAA,IND610001AAA,17,2.159090909090909,0.11764705882352941,1.0,23.07614413630148,23.07614413630148,95.0,44.0,55.0751,0.0,0.006953143493019859,1,0,0,Pushpavanam_Thmpulam_D (Tamil Nadu),Thiruvarur_Bypasrd_D (Tamil Nadu),Pushpavanam_Thmpulam_D (Tamil Nadu) -> Thiruvarur_Bypasrd_D (Tamil Nadu)
IND396191AAC,IND396232AAA,17,2.6923076923076925,0.4117647058823529,1.0,23.03125,23.03125,36.0,13.0,15.536,0.0,0.006939616303648202,1,0,0,Vapi_IndEstat_I (Gujarat),Silvassa_Samrvrni_D (Dadra and Nagar Haveli),Vapi_IndEstat_I (Gujarat) -> Silvassa_Samrvrni_D (Dadra and Nagar Haveli)
IND607106AAA,IND607801AAA,14,2.16025641025641,0.2857142857142857,1.0,22.92556561085976,22.92556561085976,25.5,12.0,17.6402,0.0,0.006907772217464485,1,0,0,Panruti_GandhiRd_D (Tamil Nadu),Neyveli_NJVNgr_D (Tamil Nadu),Panruti_GandhiRd_D (Tamil Nadu) -> Neyveli_NJVNgr_D (Tamil Nadu)
IND246763AAA,IND246761AAA,11,2.5161290322580645,0.2727272727272727,1.0,22.85806451612909,22.85806451612909,77.0,31.0,43.7156,1.0,0.006887433256378697,1,0,0,Najibabad_KotdwrRD_D (Uttar Pradesh),Dhampur_NaginaRD_D (Uttar Pradesh),Najibabad_KotdwrRD_D (Uttar Pradesh) -> Dhampur_NaginaRD_D (Uttar Pradesh)
IND507002AAA,IND507167AAA,9,2.727272727272727,0.4444444444444444,1.0,22.802370370370397,22.802370370370397,64.0,22.0,30.7754,1.0,0.006870651883160797,1,0,0,Khammam_NSTRoad_I (Telangana),Tallada_PtrlBunk_D (Telangana),Khammam_NSTRoad_I (Telangana) -> Tallada_PtrlBunk_D (Telangana)
IND768004AAD,IND768028AAA,2,2.8137931034482757,1.0,1.0,22.648275862069,22.648275862069,90.0,32.0,43.97515,1.0,0.00682422119606778,1,0,0,Sambalpur_Central_H_2 (Orissa),Bargarh_JJCpxDPP_D (Orissa),Sambalpur_Central_H_2 (Orissa) -> Bargarh_JJCpxDPP_D (Orissa)
IND360575AAA,IND360510AAB,10,1.7375,0.2,1.0,22.633076923076942,22.633076923076942,69.5,40.5,45.6103,0.0,0.006819641557323577,1,0,0,Porbandar_DC (Gujarat),Bhanvad_Mainroad_D (Gujarat),Porbandar_DC (Gujarat) -> Bhanvad_Mainroad_D (Gujarat)
IND125005AAA,IND335523AAB,1,2.6050420168067228,1.0,1.0,22.5,22.5,310.0,119.0,127.9463,1.0,0.006779543743048446,1,0,0,Hisar_IndstlAr_I (Haryana),Nohar_Central_DPP_2 (Rajasthan),Hisar_IndstlAr_I (Haryana) -> Nohar_Central_DPP_2 (Rajasthan)
IND500010AAA,IND501401AAC,1,3.8,1.0,1.0,22.5,22.5,57.0,15.0,20.0311,0.0,0.006779543743048446,1,0,0,Hyderabad_Alwal_I (Telangana),Medchal_MROoffce_D (Telangana),Hyderabad_Alwal_I (Telangana) -> Medchal_MROoffce_D (Telangana)
IND284403AAA,IND474003AAA,1,2.5048076923076925,1.0,1.0,22.475000000000023,22.475000000000023,521.0,208.0,223.2655,1.0,0.006772010916667288,1,0,0,Lalitpur_RjghatRd_D (Uttar Pradesh),Gwalior_HrihrNgr_I (Madhya Pradesh),Lalitpur_RjghatRd_D (Uttar Pradesh) -> Gwalior_HrihrNgr_I (Madhya Pradesh)
IND627117AAA,IND629001AAA,11,1.9375,0.2727272727272727,1.0,22.440234375000017,22.440234375000017,62.0,32.0,35.1044,1.0,0.00676153557998098,1,0,0,Vallior_Radhaprm_D (Tamil Nadu),Nagarcoil_AsrplmRd_DC (Tamil Nadu),Vallior_Radhaprm_D (Tamil Nadu) -> Nagarcoil_AsrplmRd_DC (Tamil Nadu)
IND784110AAA,IND784001AAA,2,2.8600000000000003,0.5,1.0,22.435714285714283,22.435714285714283,71.5,25.0,35.439499999999995,1.0,0.006760173618068308,1,0,0,Dhekiajuli_Wardno5_D (Assam),Tezpur_Mhbhirab_D (Assam),Dhekiajuli_Wardno5_D (Assam) -> Tezpur_Mhbhirab_D (Assam)
IND221010AAA,IND221005A1A,1,4.166666666666667,1.0,1.0,22.400000000000002,22.400000000000002,50.0,12.0,13.1201,0.0,0.006749412437523787,1,0,0,Varanasi (Uttar Pradesh),IND221005A1A,Varanasi (Uttar Pradesh) -> IND221005A1A
IND174021AAA,IND176048AAA,12,2.086666666666667,0.16666666666666666,1.0,22.296666666666667,22.296666666666667,55.5,26.5,28.26305,1.0,0.006718276755148305,1,0,0,Ghumarwin_Gndhichk_D (Himachal Pradesh),Jahu_Sulgwan_D (Himachal Pradesh),Ghumarwin_Gndhichk_D (Himachal Pradesh) -> Jahu_Sulgwan_D (Himachal Pradesh)
IND231205AAA,IND231216AAA,3,3.3,0.6666666666666666,1.0,22.271875000000016,22.271875000000016,66.0,21.0,22.9972,1.0,0.0067108067023203205,1,0,0,Chopan_PreetDPP_D (Uttar Pradesh),Robertsganj_ArtoDPP_D (Uttar Pradesh),Chopan_PreetDPP_D (Uttar Pradesh) -> Robertsganj_ArtoDPP_D (Uttar Pradesh)
IND462011AAA,IND462022AAA,11,2.3636363636363638,0.36363636363636365,1.0,22.238636363636395,22.238636363636395,27.0,12.0,12.6942,0.0,0.0067007914672453685,1,0,0,Bhopal MP Nagar (Madhya Pradesh),Bhopal_Trnsport_H (Madhya Pradesh),Bhopal MP Nagar (Madhya Pradesh) -> Bhopal_Trnsport_H (Madhya Pradesh)
IND574117AAA,IND576201AAA,1,3.0238095238095237,1.0,1.0,22.158333333333346,22.158333333333346,127.0,42.0,53.204800000000006,1.0,0.0066765951158391955,1,0,0,Uchila_Busstand_D (Karnataka),Kundapura_DC (Karnataka),Uchila_Busstand_D (Karnataka) -> Kundapura_DC (Karnataka)
IND632006AAA,IND600056AAB,17,1.783132530120482,0.058823529411764705,1.0,22.095454545454544,22.095454545454544,148.0,83.0,105.9961,1.0,0.006657648916153232,1,0,0,Vellore_GndhiNgr_IP (Tamil Nadu),MAA_Poonamallee_HB (Tamil Nadu),Vellore_GndhiNgr_IP (Tamil Nadu) -> MAA_Poonamallee_HB (Tamil Nadu)
IND160102AAD,IND160002AAD,3,2.1176470588235294,0.3333333333333333,1.0,22.075000000000003,22.075000000000003,72.0,34.0,44.446,0.0,0.006651485694568644,1,0,0,Chandigarh_Raiprkln_C (Chandigarh),Chandigarh_Mehmdpur_P (Punjab),Chandigarh_Raiprkln_C (Chandigarh) -> Chandigarh_Mehmdpur_P (Punjab)
IND575004AAB,IND574117AAA,5,2.3448275862068964,0.2,1.0,22.055172413793102,22.055172413793102,69.0,30.0,33.8991,1.0,0.006645511383990477,1,0,0,Mangalore_Kuntikna_H (Karnataka),Uchila_Busstand_D (Karnataka),Mangalore_Kuntikna_H (Karnataka) -> Uchila_Busstand_D (Karnataka)
IND518206AAA,IND518002AAA,1,2.74,1.0,1.0,22.000000000000014,22.000000000000014,137.0,50.0,62.962900000000005,1.0,0.006628887215425152,1,0,0,Betamcherla_CmtNgRod_D (Andhra Pradesh),Kurnool_AbbasNgr_I (Andhra Pradesh),Betamcherla_CmtNgRod_D (Andhra Pradesh) -> Kurnool_AbbasNgr_I (Andhra Pradesh)
IND533401AAA,IND533308AAB,1,2.6987951807228914,1.0,1.0,21.98333333333332,21.98333333333332,224.0,83.0,96.2851,1.0,0.006623865331171035,1,0,0,Tuni_Eaglvari_D (Andhra Pradesh),Mandapeta_Mainrd_D (Andhra Pradesh),Tuni_Eaglvari_D (Andhra Pradesh) -> Mandapeta_Mainrd_D (Andhra Pradesh)
IND364004AAB,IND365560AAA,7,1.9473684210526316,0.14285714285714285,1.0,21.96052631578948,21.96052631578948,148.0,78.0,109.5179,1.0,0.006616993279033837,1,0,0,Bhavnagar_ChtrGIDC_IP (Gujarat),Amreli_MrktYrd_DC (Gujarat),Bhavnagar_ChtrGIDC_IP (Gujarat) -> Amreli_MrktYrd_DC (Gujarat)
IND506002AAA,IND506132AAA,20,1.1265873015873016,0.15,0.35,21.917669753086436,21.917669753086436,41.5,36.0,34.435300000000005,1.0,0.006604080037188415,0,0,0,Warangal_HunterRd_I (Telangana),Khanpur_Nrsampt_D (Telangana),Warangal_HunterRd_I (Telangana) -> Khanpur_Nrsampt_D (Telangana)
IND302006AAC,IND302014AAB,1,3.5,1.0,1.0,21.6,21.6,63.0,18.0,18.8164,0.0,0.0065083619933265086,1,0,0,Jaipur_Central_D_10 (Rajasthan),Jaipur_Central_I_7 (Rajasthan),Jaipur_Central_D_10 (Rajasthan) -> Jaipur_Central_I_7 (Rajasthan)
IND852113AAA,IND852201AAA,1,3.9411764705882355,1.0,1.0,21.575000000000003,21.575000000000003,67.0,17.0,22.5405,1.0,0.006500829166945345,1,0,0,Madhepura_Krishnpr_D (Bihar),Saharsa_Gangjala_D (Bihar),Madhepura_Krishnpr_D (Bihar) -> Saharsa_Gangjala_D (Bihar)
IND462022AAA,IND462001AAA,3,2.3076923076923075,0.3333333333333333,1.0,21.517307692307696,21.517307692307696,30.0,13.0,14.5169,0.0,0.006483445721450348,1,0,0,Bhopal_Trnsport_H (Madhya Pradesh),Bhopal_Old City (Madhya Pradesh),Bhopal_Trnsport_H (Madhya Pradesh) -> Bhopal_Old City (Madhya Pradesh)
IND733140AAA,IND732103AAA,1,2.8545454545454545,1.0,1.0,21.491666666666674,21.491666666666674,157.0,55.0,77.8815,1.0,0.006475719745674797,1,0,0,Gangarampr_FulbaDPP_D (West Bengal),Malda_krshnPly_DC (West Bengal),Gangarampr_FulbaDPP_D (West Bengal) -> Malda_krshnPly_DC (West Bengal)
IND804452AAA,IND804420AAA,6,2.962121212121212,0.5,1.0,21.473553719008272,21.473553719008272,34.0,11.5,16.881999999999998,1.0,0.0064702620780763215,1,0,0,Masaurhi_Blockrd_D (Bihar),Jehanabad_Madarpur_D (Bihar),Masaurhi_Blockrd_D (Bihar) -> Jehanabad_Madarpur_D (Bihar)
IND563131AAB,IND560300AAA,3,1.5625,0.3333333333333333,1.0,21.427734375,21.427734375,125.0,79.0,78.8571,0.0,0.006456456111543794,1,0,0,Bangarapet_KolarRd_D (Karnataka),Bengaluru_KGAirprt_HB (Karnataka),Bangarapet_KolarRd_D (Karnataka) -> Bengaluru_KGAirprt_HB (Karnataka)
IND123401AAB,IND000000ACB,3,2.0,0.3333333333333333,1.0,21.400000000000006,21.400000000000006,124.0,62.0,66.0395,1.0,0.0064480993822771905,1,0,0,Rewari_YuktiDPP_D (Haryana),Gurgaon_Bilaspur_HB (Haryana),Rewari_YuktiDPP_D (Haryana) -> Gurgaon_Bilaspur_HB (Haryana)
IND784125AAA,IND784110AAA,3,2.5833333333333335,0.6666666666666666,1.0,21.395312500000017,21.395312500000017,124.0,49.0,62.4792,1.0,0.006446686977330726,1,0,0,Mangaldoi_LNBRoad_D (Assam),Dhekiajuli_Wardno5_D (Assam),Mangaldoi_LNBRoad_D (Assam) -> Dhekiajuli_Wardno5_D (Assam)
IND132001AAA,IND132103AAA,1,3.1470588235294117,1.0,1.0,21.325000000000017,21.325000000000017,107.0,34.0,38.0852,1.0,0.0064255009031336996,1,0,0,Karnal (Haryana),Panipat (Haryana),Karnal (Haryana) -> Panipat (Haryana)
IND786184AAA,IND786125AAA,5,2.7333333333333334,0.4,1.0,21.19703703703705,21.19703703703705,41.0,15.0,21.1488,0.0,0.00638694399180492,1,0,0,Chabua_CollgeRD_D (Assam),Tinusukia_Chrwpaty_D (Assam),Chabua_CollgeRD_D (Assam) -> Tinusukia_Chrwpaty_D (Assam)
IND585330AAE,IND585401AAA,21,1.7941176470588236,0.047619047619047616,1.0,21.051470588235304,21.051470588235304,62.0,34.0,48.5049,1.0,0.00634308292037507,1,0,0,Humnabad_EBroad_D (Karnataka),Bidar (Karnataka),Humnabad_EBroad_D (Karnataka) -> Bidar (Karnataka)
IND403002AAA,IND403726AAB,1,3.1666666666666665,1.0,1.0,20.800000000000004,20.800000000000004,76.0,24.0,20.7813,0.0,0.006267311549129232,1,0,0,Central Goa (Goa),Goa_ZuariNgr_IP (Goa),Central Goa (Goa) -> Goa_ZuariNgr_IP (Goa)
IND110037AAM,IND201007AAA,6,2.492016806722689,0.3333333333333333,1.0,20.7873605805959,20.7873605805959,88.0,34.5,30.137050000000002,0.0,0.006263503127052038,1,0,0,Delhi_Airport_H (Delhi),GZB_Mohan_Nagar_DPC (Uttar Pradesh),Delhi_Airport_H (Delhi) -> GZB_Mohan_Nagar_DPC (Uttar Pradesh)
IND402107AAA,IND402109AAA,18,2.283333333333333,0.16666666666666666,1.0,20.717708333333306,20.717708333333306,68.5,30.0,40.207,0.0,0.006242515995624555,1,0,0,Pen_BljiMrkt_D (Maharashtra),Roha_DataSagr_D (Maharashtra),Pen_BljiMrkt_D (Maharashtra) -> Roha_DataSagr_D (Maharashtra)
IND826004AAA,IND814112AAA,4,1.674721046556368,0.25,1.0,20.600000000000023,20.600000000000023,191.0,115.0,130.34235,1.0,0.006207048938079918,1,0,0,Dhanbad_Kalynpur_I (Jharkhand),Deoghar_Barmasia_D (Jharkhand),Dhanbad_Kalynpur_I (Jharkhand) -> Deoghar_Barmasia_D (Jharkhand)
IND642001AAA,IND641062AAD,17,1.5789473684210527,0.058823529411764705,1.0,20.531733746130058,20.531733746130058,90.0,57.0,64.7177,0.0,0.006186479424556119,1,0,0,Pollachi_Venkatsa_DC (Tamil Nadu),Coimbatore_Karayam_H (Tamil Nadu),Pollachi_Venkatsa_DC (Tamil Nadu) -> Coimbatore_Karayam_H (Tamil Nadu)
IND400701AAA,IND400705AAA,1,3.6666666666666665,1.0,1.0,20.5,20.5,55.0,15.0,18.925,0.0,0.006176917632555252,1,0,0,Mumbai_Ghansoli_DC (Maharashtra),Mumbai_Sanpada_CP (Maharashtra),Mumbai_Ghansoli_DC (Maharashtra) -> Mumbai_Sanpada_CP (Maharashtra)
IND263153AAB,IND131028AAB,17,2.017543859649123,0.11764705882352941,1.0,20.440058479532127,20.440058479532127,460.0,227.0,273.4533,1.0,0.0061588564698869495,1,0,0,Rudrapur_UdhamNgr_H (Uttarakhand),Sonipat_Kundli_H (Haryana),Rudrapur_UdhamNgr_H (Uttarakhand) -> Sonipat_Kundli_H (Haryana)
IND784001AAA,IND790114AAA,1,2.8627450980392157,1.0,1.0,20.26666666666668,20.26666666666668,146.0,51.0,59.5592,0.0,0.006106611252997715,1,0,0,Tezpur_Mhbhirab_D (Assam),Bhalukpong_Khenewa_D (Arunachal Pradesh),Tezpur_Mhbhirab_D (Assam) -> Bhalukpong_Khenewa_D (Arunachal Pradesh)
IND722143AAB,IND723133AAA,10,1.3997599039615847,0.1,1.0,20.1483193277311,20.1483193277311,73.0,52.0,45.16095,1.0,0.006070951654722732,1,0,0,Mejia_Central_D_1 (West Bengal),Rghunthpur_barkarRd_D (West Bengal),Mejia_Central_D_1 (West Bengal) -> Rghunthpur_barkarRd_D (West Bengal)
IND424006AAA,IND424304AAC,8,2.062226391494684,0.25,1.0,20.123827392120077,20.123827392120077,83.5,40.5,54.4818,1.0,0.0060635719147748715,1,0,0,Dhule_MIDCAvdn_I (Maharashtra),Sakri_DhuleRoad_D (Maharashtra),Dhule_MIDCAvdn_I (Maharashtra) -> Sakri_DhuleRoad_D (Maharashtra)
IND262001AAA,IND262122AAB,6,2.382056451612903,0.6666666666666666,1.0,20.11612903225813,20.11612903225813,75.0,32.0,42.7471,0.0,0.0060612522984444805,1,1,0,Pilibhit_ViksClny_D (Uttar Pradesh),Puranpur_MdothdRD_D (Uttar Pradesh),Pilibhit_ViksClny_D (Uttar Pradesh) -> Puranpur_MdothdRD_D (Uttar Pradesh)
IND732103AAA,IND732138AAA,2,2.8513513513513513,1.0,1.0,20.10000000000005,20.10000000000005,105.5,37.0,40.13805000000001,1.0,0.006056392410456628,1,0,0,Malda_krshnPly_DC (West Bengal),Bamangola_Central_D_1 (West Bengal),Malda_krshnPly_DC (West Bengal) -> Bamangola_Central_D_1 (West Bengal)
IND678683AAA,IND000000ABD,13,1.2121212121212122,0.07692307692307693,0.5384615384615384,20.04882154882155,20.04882154882155,41.0,34.0,32.2254,1.0,0.006040971674969245,1,0,0,Vadakkencherry_Robinson_D (Kerala),Pallakad_ChndrNgr_D (Kerala),Vadakkencherry_Robinson_D (Kerala) -> Pallakad_ChndrNgr_D (Kerala)
IND852111AAA,IND854311AAA,1,2.8461538461538463,1.0,1.0,19.96666666666667,19.96666666666667,148.0,52.0,74.12110000000001,1.0,0.006016217336423733,1,0,0,Simrahi_Bazar_D (Bihar),Araria_Wardn13_D (Bihar),Simrahi_Bazar_D (Bihar) -> Araria_Wardn13_D (Bihar)
IND787059AAB,IND791102AAA,1,2.7183098591549295,1.0,1.0,19.92500000000001,19.92500000000001,193.0,71.0,98.5959,1.0,0.006003662625788461,1,0,0,Silapathar_Hejunagr_D (Assam),Pasighat_MissonRd_D (Arunachal Pradesh),Silapathar_Hejunagr_D (Assam) -> Pasighat_MissonRd_D (Arunachal Pradesh)
IND423601AAA,IND413709AAA,3,1.7837837837837838,0.3333333333333333,1.0,19.921235521235516,19.921235521235516,66.0,38.0,43.7242,0.0,0.00600252833919052,1,0,0,Kopargaon_NkshtrPz_D (Maharashtra),Shrirampur_DavkharRd_D (Maharashtra),Kopargaon_NkshtrPz_D (Maharashtra) -> Shrirampur_DavkharRd_D (Maharashtra)
IND500039AAC,IND500035AAA,2,3.2153846153846155,0.5,1.0,19.908571428571435,19.908571428571435,38.5,11.5,13.6078,0.0,0.0059987124827379805,1,0,0,Hyderabad_Uppal_I (Telangana),Hyd_LB-Nagar_Dc (Telangana),Hyderabad_Uppal_I (Telangana) -> Hyd_LB-Nagar_Dc (Telangana)
IND421302AAF,IND421302AAR,12,2.9444444444444446,0.5833333333333334,1.0,19.875000000000025,19.875000000000025,26.5,9.0,11.6787,0.0,0.005988596973026135,1,1,0,Mumbai_Kalyan (Maharashtra),Mumbai_East_I_21 (Maharashtra),Mumbai_Kalyan (Maharashtra) -> Mumbai_East_I_21 (Maharashtra)
IND501359AAE,IND500039AAD,6,2.7270114942528734,0.5,1.0,19.737068965517295,19.737068965517295,75.5,30.0,36.22695,0.0,0.005947036551612821,1,0,0,Hyderabad_Shamshbd_H (Telangana),Hyderabad_Uppal_L (Telangana),Hyderabad_Shamshbd_H (Telangana) -> Hyderabad_Uppal_L (Telangana)
IND521225AAB,IND521001AAA,1,2.830188679245283,1.0,1.0,19.666666666666686,19.666666666666686,150.0,53.0,72.8774,1.0,0.005925823419849759,1,0,0,Vijayawada_Rynapadu_H (Andhra Pradesh),Machilipatnam_DC (Andhra Pradesh),Vijayawada_Rynapadu_H (Andhra Pradesh) -> Machilipatnam_DC (Andhra Pradesh)
IND140901AAA,IND160055AAA,20,1.7857142857142858,0.1,1.0,19.6527777777778,19.6527777777778,25.0,14.0,13.593599999999999,0.0,0.005921638516304669,1,0,0,Chandigarh_Mullanpr_DC (Chandigarh),Chandigarh_Mohali (Chandigarh),Chandigarh_Mullanpr_DC (Chandigarh) -> Chandigarh_Mohali (Chandigarh)
IND380005AAA,IND382721AAA,2,3.2,1.0,1.0,19.61714285714288,19.61714285714288,61.0,19.0,18.5494,0.0,0.005910901249494691,1,0,0,Amd_Chandkheda_Dc (Gujarat),Gandhinagar_Kalol_DC (Gujarat),Amd_Chandkheda_Dc (Gujarat) -> Gandhinagar_Kalol_DC (Gujarat)
IND341505AAA,IND341503AAB,12,1.8970588235294117,0.16666666666666666,1.0,19.56363636363642,19.56363636363642,129.0,68.0,80.50874999999999,1.0,0.005894779044460727,1,0,0,Makrana_Mwalibad_D (Rajasthan),Degana_BhukrdPP_D (Rajasthan),Makrana_Mwalibad_D (Rajasthan) -> Degana_BhukrdPP_D (Rajasthan)
IND788806AAA,IND788713AAA,1,4.230769230769231,1.0,1.0,19.54166666666667,19.54166666666667,55.0,13.0,19.7019,1.0,0.00588815928794393,1,0,0,Badarpur_Konapara_D (Assam),Karimganj_Alngjuri_D (Assam),Badarpur_Konapara_D (Assam) -> Karimganj_Alngjuri_D (Assam)
IND811105AAA,IND803212AAB,2,2.7136479591836737,0.5,1.0,19.34475218658895,19.34475218658895,131.5,48.5,66.1587,1.0,0.005828826384329416,1,0,0,Sheikhpura_Bgwtichk_D (Bihar),Bakhtiarpur_BypassRD_D (Bihar),Sheikhpura_Bgwtichk_D (Bihar) -> Bakhtiarpur_BypassRD_D (Bihar)
IND679531AAA,IND680587AAA,15,1.36,0.13333333333333333,0.9333333333333333,19.310857142857145,19.310857142857145,33.0,24.0,21.198,0.0,0.0058186133651448695,1,0,0,Shoranur_KdrShrRd_D (Kerala),Pazhayannur_AlathurRD_D (Kerala),Shoranur_KdrShrRd_D (Kerala) -> Pazhayannur_AlathurRD_D (Kerala)
IND110024AAA,IND110014AAA,9,2.0,0.4444444444444444,1.0,19.300000000000008,19.300000000000008,14.0,7.0,9.7226,0.0,0.005815341966259336,1,0,0,Delhi_Lajpat_IP (Delhi),Delhi_Bhogal (Delhi),Delhi_Lajpat_IP (Delhi) -> Delhi_Bhogal (Delhi)
IND431517AAB,IND411033AAA,12,2.768272113943029,0.25,1.0,19.21163793103449,19.21163793103449,639.5,230.5,318.56444999999997,1.0,0.005788717321291425,1,0,0,Ambajogai_BnsllNgr_D (Maharashtra),Pune_Tathawde_H (Maharashtra),Ambajogai_BnsllNgr_D (Maharashtra) -> Pune_Tathawde_H (Maharashtra)
IND123001AAA,IND123401AAB,13,1.911764705882353,0.15384615384615385,1.0,19.166176470588212,19.166176470588212,65.0,34.0,44.1692,1.0,0.0057750191897483856,1,0,0,Narnaul_DC (Haryana),Rewari_YuktiDPP_D (Haryana),Narnaul_DC (Haryana) -> Rewari_YuktiDPP_D (Haryana)
IND110037AAM,IND110024AAA,14,2.68,0.14285714285714285,1.0,19.145250000000004,19.145250000000004,63.5,23.5,24.7372,0.0,0.005768713770959925,1,0,0,Delhi_Airport_H (Delhi),Delhi_Lajpat_IP (Delhi),Delhi_Airport_H (Delhi) -> Delhi_Lajpat_IP (Delhi)
IND125104AAA,IND125005AAA,1,2.5871559633027523,1.0,1.0,19.03333333333336,19.03333333333336,282.0,109.0,152.1319,1.0,0.005734991818193583,1,0,0,Sirsa_AnprnDPP_D (Haryana),Hisar_IndstlAr_I (Haryana),Sirsa_AnprnDPP_D (Haryana) -> Hisar_IndstlAr_I (Haryana)
IND842003AAB,IND487001AAB,5,1.8181818181818181,0.4,1.0,18.98863636363643,18.98863636363643,140.0,79.0,93.7912,1.0,0.005721524037693937,1,0,0,Jabalpur_Adhartal_IP (Madhya Pradesh),Narsinghpur_KndliDPP_D (Madhya Pradesh),Jabalpur_Adhartal_IP (Madhya Pradesh) -> Narsinghpur_KndliDPP_D (Madhya Pradesh)
IND396445AAA,IND396321AAA,7,2.2,0.14285714285714285,1.0,18.9809090909091,18.9809090909091,54.0,25.0,27.1495,0.0,0.005719195709539741,1,0,0,Navsari_DC (Gujarat),Bilimora_DC (Gujarat),Navsari_DC (Gujarat) -> Bilimora_DC (Gujarat)
IND321001AAB,IND321001AAA,6,1.3003337041156842,0.16666666666666666,0.8333333333333334,18.9198275862069,18.9198275862069,39.0,31.0,32.7987,1.0,0.005700791054738861,1,0,0,Bharatpur_NraynDPP_D (Rajasthan),Bharatpur_DC (Rajasthan),Bharatpur_NraynDPP_D (Rajasthan) -> Bharatpur_DC (Rajasthan)
IND516227AAA,IND515004AAA,2,2.159491193737769,0.5,1.0,18.900000000000034,18.900000000000034,316.5,146.5,194.69715000000002,1.0,0.005694816744160705,1,0,0,Badvel_Sidrd_D (Andhra Pradesh),Anantapur_KamaStrt_I (Andhra Pradesh),Badvel_Sidrd_D (Andhra Pradesh) -> Anantapur_KamaStrt_I (Andhra Pradesh)
IND821115AAB,IND821109AAA,6,2.3,0.16666666666666666,1.0,18.866666666666674,18.866666666666674,92.0,40.0,52.990750000000006,1.0,0.0056847729756524775,1,0,0,Sasaram_Central_I_2 (Bihar),Mohania_Bhabua_D (Bihar),Sasaram_Central_I_2 (Bihar) -> Mohania_Bhabua_D (Bihar)
IND560027AAA,IND560099AAA,4,2.2055555555555557,0.5,0.75,18.840000000000018,18.840000000000018,46.0,21.5,18.9537,0.0,0.005676737960845905,1,0,0,Blr_Domlur (Karnataka),Bengaluru_Bomsndra_PC (Karnataka),Blr_Domlur (Karnataka) -> Bengaluru_Bomsndra_PC (Karnataka)
IND505001AAA,IND505302AAB,9,1.3823529411764706,0.2222222222222222,1.0,18.805147058823536,18.805147058823536,47.0,34.0,34.6662,1.0,0.005666236314655689,1,0,0,Karimnagar_DC (Telangana),Vemulawada_Central_DPP_2 (Telangana),Karimnagar_DC (Telangana) -> Vemulawada_Central_DPP_2 (Telangana)
IND425508AAB,IND450331AAA,16,2.7529411764705882,0.3125,1.0,18.792156862745095,18.792156862745095,51.0,17.5,24.0006,0.0,0.005662322198987042,1,0,0,Raver_Truptingr_D (Maharashtra),Burhanpur_StRoad_D (Madhya Pradesh),Raver_Truptingr_D (Maharashtra) -> Burhanpur_StRoad_D (Madhya Pradesh)
IND384205AAA,IND385001AAA,1,2.7419354838709675,1.0,1.0,18.583333333333343,18.583333333333343,170.0,62.0,66.1726,1.0,0.005599400943332609,1,0,0,Mehsana_Panchot_IP (Gujarat),Palanpur_DC (Gujarat),Mehsana_Panchot_IP (Gujarat) -> Palanpur_DC (Gujarat)
IND201301AAF,IND203205AAA,19,2.0,0.15789473684210525,1.0,18.566666666666663,18.566666666666663,91.0,45.0,45.0309,1.0,0.005594379059078495,1,0,0,Noida_Sec 02_DPC (Uttar Pradesh),Sikandrabd_GTRoad_D (Uttar Pradesh),Noida_Sec 02_DPC (Uttar Pradesh) -> Sikandrabd_GTRoad_D (Uttar Pradesh)
IND688524AAA,IND683511AAA,7,2.269230769230769,0.42857142857142855,1.0,18.54439102564109,18.54439102564109,118.0,51.0,54.2155,1.0,0.005587667117623503,1,0,0,Cherthala_Mulapali_D (Kerala),Aluva_Peedika_H (Kerala),Cherthala_Mulapali_D (Kerala) -> Aluva_Peedika_H (Kerala)
IND732202AAA,IND732204AAB,11,2.933333333333333,0.5454545454545454,1.0,18.47272727272729,18.47272727272729,43.0,15.0,20.4319,0.0,0.005566073893282609,1,1,0,Manikchak_Enayetpr_D (West Bengal),Paranpur_Nijgan_D (West Bengal),Manikchak_Enayetpr_D (West Bengal) -> Paranpur_Nijgan_D (West Bengal)
IND312605AAB,IND458001AAB,12,1.7878787878787878,0.16666666666666666,1.0,18.466666666666697,18.466666666666697,57.5,32.0,33.56765,1.0,0.005564247753553846,1,0,0,Pratapgarh_Nimachrd_D (Rajasthan),Mandsaur_YashDPP_D (Madhya Pradesh),Pratapgarh_Nimachrd_D (Rajasthan) -> Mandsaur_YashDPP_D (Madhya Pradesh)
IND515301AAA,IND561202AAB,16,1.7573529411764706,0.3125,1.0,18.242647058823565,18.242647058823565,29.5,17.0,17.39235,0.0,0.005496747721079486,1,0,0,Madakasira_RTCStand_D (Andhra Pradesh),Pavagada_PnukndRD_D (Karnataka),Madakasira_RTCStand_D (Andhra Pradesh) -> Pavagada_PnukndRD_D (Karnataka)
IND388320AAA,IND388121AAA,1,4.25,1.0,1.0,18.225,18.225,51.0,12.0,10.2572,0.0,0.005491430431869243,1,0,0,Anand_Vaghasi_IP (Gujarat),Anand_VUNagar_DC (Gujarat),Anand_Vaghasi_IP (Gujarat) -> Anand_VUNagar_DC (Gujarat)
IND122001AAA,IND110037AAM,1,3.8666666666666667,1.0,1.0,18.133333333333333,18.133333333333333,58.0,15.0,13.2356,0.0,0.005463810068471637,1,0,0,GGN_DPC (Haryana),Delhi_Airport_H (Delhi),GGN_DPC (Haryana) -> Delhi_Airport_H (Delhi)
IND152101AAA,IND152026AAA,2,2.2272727272727275,0.5,1.0,18.10000000000001,18.10000000000001,73.5,33.0,46.7525,1.0,0.00545376629996342,1,0,0,Giddarbaha_DC (Punjab),Muktsar_DPC (Punjab),Giddarbaha_DC (Punjab) -> Muktsar_DPC (Punjab)
IND416012AAA,IND415409AAB,4,1.8285984848484849,0.25,1.0,18.094196428571436,18.094196428571436,59.5,33.0,44.77955,1.0,0.005452017608124935,1,0,0,Kolhapur_Shivaji_I (Maharashtra),Islampur_Shantanu_D (Maharashtra),Kolhapur_Shivaji_I (Maharashtra) -> Islampur_Shantanu_D (Maharashtra)
IND521301AAA,IND521001AAA,19,1.8461538461538463,0.21052631578947367,1.0,18.009555555555565,18.009555555555565,47.0,25.0,36.2957,1.0,0.005426514208077783,1,0,0,Gudivada_GvrCompx_D (Andhra Pradesh),Machilipatnam_DC (Andhra Pradesh),Gudivada_GvrCompx_D (Andhra Pradesh) -> Machilipatnam_DC (Andhra Pradesh)
IND713205AAB,IND722122AAA,1,2.557142857142857,1.0,1.0,18.0,18.0,179.0,70.0,80.4067,0.0,0.005423634994438757,1,0,0,Durgapur_Central_I_1 (West Bengal),Bishnupur_StnRdDPP_D (West Bengal),Durgapur_Central_I_1 (West Bengal) -> Bishnupur_StnRdDPP_D (West Bengal)
IND560300AAA,IND563101AAB,5,1.9661016949152543,0.2,1.0,17.974576271186464,17.974576271186464,110.0,55.0,64.2559,0.0,0.00541597449303419,1,0,0,Bengaluru_KGAirprt_HB (Karnataka),Kolar_Ambedkar_D (Karnataka),Bengaluru_KGAirprt_HB (Karnataka) -> Kolar_Ambedkar_D (Karnataka)
IND563130AAA,IND563131AAB,10,1.4090909090909092,0.2,0.8,17.782692307692322,17.782692307692322,46.0,33.0,33.60645,0.0,0.005358157349740943,1,0,0,Malur_NharuExt_D (Karnataka),Bangarapet_KolarRd_D (Karnataka),Malur_NharuExt_D (Karnataka) -> Bangarapet_KolarRd_D (Karnataka)
IND274304AAB,IND274301AAB,13,2.2941176470588234,0.15384615384615385,1.0,17.757918552036223,17.757918552036223,40.0,17.0,25.0769,1.0,0.005350692693734272,1,0,0,Padrauna_BawliDPPP_D (Uttar Pradesh),Kaptanganj_Subshngr_D (Uttar Pradesh),Padrauna_BawliDPPP_D (Uttar Pradesh) -> Kaptanganj_Subshngr_D (Uttar Pradesh)
IND826004AAA,IND815301AAA,5,1.9636363636363636,0.2,1.0,17.741803278688536,17.741803278688536,110.0,55.0,63.5423,1.0,0.005345836951485746,1,0,0,Dhanbad_Kalynpur_I (Jharkhand),Giridih_Shivalya_D (Jharkhand),Dhanbad_Kalynpur_I (Jharkhand) -> Giridih_Shivalya_D (Jharkhand)
IND396191AAC,IND396210AAA,1,3.909090909090909,1.0,1.0,17.700000000000003,17.700000000000003,43.0,11.0,10.2921,0.0,0.005333241077864779,1,0,0,Vapi_IndEstat_I (Gujarat),Daman_DC (Daman & Diu),Vapi_IndEstat_I (Gujarat) -> Daman_DC (Daman & Diu)
IND577126AAA,IND577201AAA,1,2.707692307692308,1.0,1.0,17.683333333333366,17.683333333333366,176.0,65.0,68.85130000000001,1.0,0.005328219193610678,1,0,0,Koppa_Sangetha_D (Karnataka),Shimoga_DC (Karnataka),Koppa_Sangetha_D (Karnataka) -> Shimoga_DC (Karnataka)
IND742303AAB,IND741165AAB,18,3.187055476529161,0.2777777777777778,1.0,17.679491255961878,17.679491255961878,119.5,37.0,53.0193,0.0,0.005327061525539381,1,0,0,Domkal_Central_D_2 (West Bengal),Nazirpur_Central_D_1 (West Bengal),Domkal_Central_D_2 (West Bengal) -> Nazirpur_Central_D_1 (West Bengal)
IND246174AAA,IND246444AAB,16,1.2083524027459953,0.0625,0.5,17.60156250000003,17.60156250000003,113.0,92.5,62.1105,1.0,0.00530358057398895,1,0,0,SrinagarUK_Srikot_D (Uttarakhand),Karnaprayag_Umalodge_D (Uttarakhand),SrinagarUK_Srikot_D (Uttarakhand) -> Karnaprayag_Umalodge_D (Uttarakhand)
IND400072AAB,IND401104AAB,1,3.466666666666667,1.0,1.0,17.5,17.5,52.0,15.0,19.5201,0.0,0.005272978466815459,1,0,0,Mumbai Hub (Maharashtra),Mumbai_MiraRoad_M (Maharashtra),Mumbai Hub (Maharashtra) -> Mumbai_MiraRoad_M (Maharashtra)
IND421302AAG,IND413002AAA,7,2.064935064935065,0.14285714285714285,1.0,17.496212121212352,17.496212121212352,636.0,310.0,411.7283,1.0,0.005271837129485048,1,0,0,Bhiwandi_Mankoli_HB (Maharashtra),Solapur_Central_I_2 (Maharashtra),Bhiwandi_Mankoli_HB (Maharashtra) -> Solapur_Central_I_2 (Maharashtra)
IND680307AAA,IND683511AAA,5,1.6666666666666667,0.2,1.0,17.47478991596639,17.47478991596639,30.0,18.0,21.4975,0.0,0.005265382339372268,1,0,0,Chalakudy_SurbhiTh_D (Kerala),Aluva_Peedika_H (Kerala),Chalakudy_SurbhiTh_D (Kerala) -> Aluva_Peedika_H (Kerala)
IND285001AAD,IND285205AAB,21,1.4242424242424243,0.09523809523809523,0.9047619047619048,17.40458034290271,17.40458034290271,45.0,32.0,29.4027,1.0,0.005244227278404892,1,0,0,Orai_Ajnari_D (Uttar Pradesh),Konch_Central_D_2 (Uttar Pradesh),Orai_Ajnari_D (Uttar Pradesh) -> Konch_Central_D_2 (Uttar Pradesh)
IND122001AAA,IND122001AAD,3,3.2,1.0,1.0,17.387500000000003,17.387500000000003,41.0,12.0,12.6033,0.0,0.005239080748100217,1,0,0,GGN_DPC (Haryana),Gurgaon_Kadipur (Haryana),GGN_DPC (Haryana) -> Gurgaon_Kadipur (Haryana)
IND382430AAB,IND313001AAB,14,1.9821166928309786,0.07142857142857142,1.0,17.373141025641075,17.373141025641075,387.5,195.0,273.405,1.0,0.005234754201665921,1,0,0,Ahmedabad_East_H_1 (Gujarat),Udaipur_Mangri_I (Rajasthan),Ahmedabad_East_H_1 (Gujarat) -> Udaipur_Mangri_I (Rajasthan)
IND160003AAA,IND160002AAC,1,3.0,1.0,1.0,17.283333333333346,17.283333333333346,102.0,34.0,44.446,0.0,0.0052076939715120325,1,0,0,Chandigarh (Chandigarh),Chandigarh_Mehmdpur_H (Punjab),Chandigarh (Chandigarh) -> Chandigarh_Mehmdpur_H (Punjab)
IND606201AAC,IND605601AAA,15,2.276315789473684,0.2,1.0,17.28047862103594,17.28047862103594,168.0,73.0,98.1184,0.0,0.005206833809427851,1,0,0,Chinnasalem_VkotRoad_D (Tamil Nadu),Villupuram_Thirumtr_IP (Tamil Nadu),Chinnasalem_VkotRoad_D (Tamil Nadu) -> Villupuram_Thirumtr_IP (Tamil Nadu)
IND341303AAA,IND341306AAA,14,1.6733333333333333,0.07142857142857142,1.0,17.21066666666667,17.21066666666667,42.0,24.0,34.11815,1.0,0.00518579855616411,1,0,0,Didwana_KatlaDPP_D (Rajasthan),Sujangarh_LdnunDPP_D (Rajasthan),Didwana_KatlaDPP_D (Rajasthan) -> Sujangarh_LdnunDPP_D (Rajasthan)
IND000000AFG,IND673632AAA,3,2.3541666666666665,0.6666666666666666,1.0,17.200000000000017,17.200000000000017,113.0,48.0,42.6643,1.0,0.005182584550241485,1,0,0,Tirur_PmthuKlm_D (Kerala),Kozhikode_Central_H_4 (Kerala),Tirur_PmthuKlm_D (Kerala) -> Kozhikode_Central_H_4 (Kerala)
IND581320AAA,IND581334AAA,4,1.5584795321637426,0.25,1.0,17.17530864197532,17.17530864197532,57.5,38.0,40.4765,1.0,0.005175144721716876,1,0,0,Bhatkal_KmkshBul_D (Karnataka),Honnavar_Prbhtngr_D (Karnataka),Bhatkal_KmkshBul_D (Karnataka) -> Honnavar_Prbhtngr_D (Karnataka)
IND852131AAA,IND852139AAB,1,3.380952380952381,1.0,1.0,17.141666666666666,17.141666666666666,71.0,21.0,29.7371,1.0,0.0051650079553520935,1,0,0,Supaul_SadrHsptl_D (Bihar),Triveninganj_Central_D_1 (Bihar),Supaul_SadrHsptl_D (Bihar) -> Triveninganj_Central_D_1 (Bihar)
IND523002AAA,IND523226AAA,5,1.6842105263157894,0.4,1.0,17.11929824561404,17.11929824561404,35.0,19.0,20.5219,1.0,0.0051582680580636855,1,0,0,Ongole_SubhVRTL_I (Andhra Pradesh),Chimkurthy_MSRClgRd_D (Andhra Pradesh),Ongole_SubhVRTL_I (Andhra Pradesh) -> Chimkurthy_MSRClgRd_D (Andhra Pradesh)
IND501359AAE,IND518002AAA,16,1.7789855072463767,0.0625,1.0,17.117647058823593,17.117647058823593,245.5,138.0,194.0363,1.0,0.005157770533927073,1,0,0,Hyderabad_Shamshbd_H (Telangana),Kurnool_AbbasNgr_I (Andhra Pradesh),Hyderabad_Shamshbd_H (Telangana) -> Kurnool_AbbasNgr_I (Andhra Pradesh)
IND602001AAB,IND609001AAA,11,2.2962962962962963,0.09090909090909091,1.0,17.10925925925926,17.10925925925926,62.0,27.0,36.5822,1.0,0.005155243180413548,1,0,0,Kumbakonam_Mettu_DC (Tamil Nadu),Mylduthuri_Thiruviz_D (Tamil Nadu),Kumbakonam_Mettu_DC (Tamil Nadu) -> Mylduthuri_Thiruviz_D (Tamil Nadu)
IND515801AAA,IND515865AAB,18,1.565700104493208,0.05555555555555555,1.0,16.985268414481908,16.985268414481908,137.0,87.0,103.73349999999999,1.0,0.005117883120151077,1,0,0,Guntakal_Verpatem_D (Andhra Pradesh),Rayadurgam_RailGate_D (Andhra Pradesh),Guntakal_Verpatem_D (Andhra Pradesh) -> Rayadurgam_RailGate_D (Andhra Pradesh)
IND484661AAE,IND484001AAA,2,2.5488394584139265,0.5,1.0,16.86534954407297,16.86534954407297,115.5,45.5,65.60575,1.0,0.005081749998926439,1,0,0,Umaria_Central_DPP_3 (Madhya Pradesh),Shahdol_Sohagpur_D (Madhya Pradesh),Umaria_Central_DPP_3 (Madhya Pradesh) -> Shahdol_Sohagpur_D (Madhya Pradesh)
IND600056AAB,IND600076AAB,16,1.930930930930931,0.125,1.0,16.734467666046612,16.734467666046612,71.5,36.0,46.066599999999994,0.0,0.0050423135803819045,1,0,0,MAA_Poonamallee_HB (Tamil Nadu),Chennai_Madhavaram_DPC (Tamil Nadu),MAA_Poonamallee_HB (Tamil Nadu) -> Chennai_Madhavaram_DPC (Tamil Nadu)
IND781018AAB,IND785001AAA,2,2.2180984933510186,0.5,1.0,16.686393152302344,16.686393152302344,538.0,242.5,331.44264999999996,1.0,0.005027828101766125,1,0,0,Guwahati_Hub (Assam),Jorhat_RicMilRd_D (Assam),Guwahati_Hub (Assam) -> Jorhat_RicMilRd_D (Assam)
IND201001AAA,IND201007AAA,5,3.076923076923077,0.6,1.0,16.658119658119674,16.658119658119674,40.0,13.0,10.5612,0.0,0.005019308928851447,1,1,0,Ghaziabad_Patel Nagar (Uttar Pradesh),GZB_Mohan_Nagar_DPC (Uttar Pradesh),Ghaziabad_Patel Nagar (Uttar Pradesh) -> GZB_Mohan_Nagar_DPC (Uttar Pradesh)
IND691305AAA,IND689645AAA,15,2.269230769230769,0.2,1.0,16.601851851851883,16.601851851851883,60.0,27.0,29.1326,0.0,0.005002354704232876,1,0,0,Punalur_PostofJN_D (Kerala),Pthnmthitt_Klskhrpt_D (Kerala),Punalur_PostofJN_D (Kerala) -> Pthnmthitt_Klskhrpt_D (Kerala)
IND641664AAA,IND638657AAA,15,1.5,0.13333333333333333,1.0,16.543174342105274,16.543174342105274,55.0,37.0,40.5711,0.0,0.004984674404496863,1,0,0,Tirpur_Palladam_DC (Tamil Nadu),Dharapuram_Techrcly_D (Tamil Nadu),Tirpur_Palladam_DC (Tamil Nadu) -> Dharapuram_Techrcly_D (Tamil Nadu)
IND627005AAA,IND627811AAA,10,1.3936294564582115,0.2,0.9,16.5090909090909,16.5090909090909,81.5,59.0,62.8549,1.0,0.004974404621162009,1,0,0,Tirunelveli_VdkkuSrt_I (Tamil Nadu),Tenkasi_RailwyRd_D (Tamil Nadu),Tirunelveli_VdkkuSrt_I (Tamil Nadu) -> Tenkasi_RailwyRd_D (Tamil Nadu)
IND605010AAB,IND604303AAA,4,1.400462962962963,0.25,0.5,16.334362139917715,16.334362139917715,72.5,50.5,34.0346,1.0,0.00492175656188296,1,0,0,Pondicherry_Vasanthm_I (Pondicherry),Marakkanam_MJRDPP_D (Tamil Nadu),Pondicherry_Vasanthm_I (Pondicherry) -> Marakkanam_MJRDPP_D (Tamil Nadu)
IND484661AAE,IND484551AAA,1,3.3333333333333335,1.0,1.0,16.33333333333333,16.33333333333333,70.0,21.0,30.4302,1.0,0.004921446569027759,1,0,0,Umaria_Central_DPP_3 (Madhya Pradesh),PaliBirsighpr_CtyLgDPP_D (Madhya Pradesh),Umaria_Central_DPP_3 (Madhya Pradesh) -> PaliBirsighpr_CtyLgDPP_D (Madhya Pradesh)
IND680104AAA,IND679576AAA,17,1.4705882352941178,0.17647058823529413,0.8823529411764706,16.326989619377173,16.326989619377173,50.0,33.0,30.2562,1.0,0.00491953512519402,1,0,0,Guruvayoor_ManhrBld_D (Kerala),Edappal_PonaniRD_D (Kerala),Guruvayoor_ManhrBld_D (Kerala) -> Edappal_PonaniRD_D (Kerala)
IND834002AAB,IND829122AAA,14,2.390625,0.14285714285714285,1.0,16.287096774193557,16.287096774193557,76.5,32.0,43.87755,1.0,0.004907514890129265,1,0,0,Ranchi_Hub (Jharkhand),Ramgarh_HotelPrk_D (Jharkhand),Ranchi_Hub (Jharkhand) -> Ramgarh_HotelPrk_D (Jharkhand)
IND572101AAA,IND562101AAA,1,2.5454545454545454,1.0,1.0,16.200000000000017,16.200000000000017,168.0,66.0,84.3502,0.0,0.0048812714949948875,1,0,0,Tumkur_Veersagr_I (Karnataka),Chikblapur_ShntiSgr_D (Karnataka),Tumkur_Veersagr_I (Karnataka) -> Chikblapur_ShntiSgr_D (Karnataka)
IND201007AAB,IND110044AAB,10,1.7543103448275863,0.2,0.9,16.18534482758622,16.18534482758622,54.0,33.5,28.59585,0.0,0.00487685570021972,1,0,0,Ghaziabad_MohanNgr_C (Uttar Pradesh),Del_Okhla_PC (Delhi),Ghaziabad_MohanNgr_C (Uttar Pradesh) -> Del_Okhla_PC (Delhi)
IND602024AAA,IND602001AAA,9,2.5,0.4444444444444444,1.0,16.00991735537191,16.00991735537191,29.0,11.0,16.4017,0.0,0.004823997112592638,1,0,0,Chennai_Vepmpttu_DC (Tamil Nadu),Chennai_Thiruvlr_DC (Tamil Nadu),Chennai_Vepmpttu_DC (Tamil Nadu) -> Chennai_Thiruvlr_DC (Tamil Nadu)
IND781354AAA,IND781335AAA,2,3.1333333333333333,0.5,1.0,15.914285714285718,15.914285714285718,47.0,15.0,19.553350000000002,1.0,0.004795182050638712,1,0,0,Rangia_HosptlRd_D (Assam),Nalbari_Bhgtpura_D (Assam),Rangia_HosptlRd_D (Assam) -> Nalbari_Bhgtpura_D (Assam)
IND142401AAA,IND000000ACA,6,1.875,0.3333333333333333,1.0,15.90625,15.90625,38.5,20.0,28.5001,1.0,0.004792760785016194,1,0,0,Khanna_DC (Punjab),Ludhiana_MilrGanj_HB (Punjab),Khanna_DC (Punjab) -> Ludhiana_MilrGanj_HB (Punjab)
IND209101AAA,IND209111AAA,17,0.8863636363636364,0.11764705882352941,0.29411764705882354,15.860370370370386,15.860370370370386,35.0,45.0,63.698800000000006,1.0,0.004778936653638912,0,0,0,Akbarpur_NehruNGR_D (Uttar Pradesh),Pukhrayan_Arulimod_D (Uttar Pradesh),Akbarpur_NehruNGR_D (Uttar Pradesh) -> Pukhrayan_Arulimod_D (Uttar Pradesh)
IND757025AAA,IND757001AAA,6,2.088888888888889,0.3333333333333333,1.0,15.857142857142861,15.857142857142861,37.0,17.0,25.09635,1.0,0.004777964161767478,1,0,0,Betnoti_MhliaDPP_D (Orissa),Baripada_KalikDPP_D (Orissa),Betnoti_MhliaDPP_D (Orissa) -> Baripada_KalikDPP_D (Orissa)
IND842003AAB,IND483225AAA,3,2.8636363636363638,1.0,1.0,15.839015151515184,15.839015151515184,63.0,24.0,34.909699999999994,1.0,0.004772502047400192,1,0,0,Jabalpur_Adhartal_IP (Madhya Pradesh),Sihora_KtnRdDPP_D (Madhya Pradesh),Jabalpur_Adhartal_IP (Madhya Pradesh) -> Sihora_KtnRdDPP_D (Madhya Pradesh)
IND504215AAA,IND505326AAB,1,2.706896551724138,1.0,1.0,15.741666666666674,15.741666666666674,157.0,58.0,64.6296,1.0,0.00474316967800686,1,0,0,Luxettipet_ShivaDPP_D (Telangana),IND505326AAB,Luxettipet_ShivaDPP_D (Telangana) -> IND505326AAB
IND802101AAA,IND802158AAB,1,2.76,1.0,1.0,15.716666666666683,15.716666666666683,138.0,50.0,70.8523,1.0,0.004735636851625698,1,0,0,Buxar_Sarswati_D (Bihar),Jagdishpur_Wardno13_D (Bihar),Buxar_Sarswati_D (Bihar) -> Jagdishpur_Wardno13_D (Bihar)
IND501359AAE,IND751002AAB,8,2.026566757493188,0.125,1.0,15.681198910081775,15.681198910081775,1487.5,735.0,1037.9544,1.0,0.004724949953526357,1,0,0,Hyderabad_Shamshbd_H (Telangana),Bhubaneshwar_Hub (Orissa),Hyderabad_Shamshbd_H (Telangana) -> Bhubaneshwar_Hub (Orissa)
IND486771AAA,IND486661AAA,6,1.6875,0.3333333333333333,1.0,15.632954545454552,15.632954545454552,37.0,20.5,25.976300000000002,1.0,0.004710413296622097,1,0,0,Churhat_Central_DPP_1 (Madhya Pradesh),Sidhi_Padra_D (Madhya Pradesh),Churhat_Central_DPP_1 (Madhya Pradesh) -> Sidhi_Padra_D (Madhya Pradesh)
IND796081AAA,IND788026AAC,1,2.638888888888889,1.0,1.0,15.583333333333371,15.583333333333371,190.0,72.0,102.1034,1.0,0.004695461777592824,1,0,0,Kolasib_Diakkawn_D (Mizoram),Silchar_Sirikona_H (Assam),Kolasib_Diakkawn_D (Mizoram) -> Silchar_Sirikona_H (Assam)
IND608001AAA,IND609110AAA,7,2.7333333333333334,0.42857142857142855,1.0,15.570555555555572,15.570555555555572,41.0,16.0,21.1767,1.0,0.004691611666331334,1,0,0,Chidambaram_ARBNorth_DC (Tamil Nadu),Sirkazhi_Pngktgudi_D (Tamil Nadu),Chidambaram_ARBNorth_DC (Tamil Nadu) -> Sirkazhi_Pngktgudi_D (Tamil Nadu)
IND413709AAA,IND423109AAA,13,1.8846153846153846,0.15384615384615385,1.0,15.51190476190476,15.51190476190476,51.0,27.0,29.5612,0.0,0.004673939416503769,1,0,0,Shrirampur_DavkharRd_D (Maharashtra),Shirdi_SaiBansi_D (Maharashtra),Shrirampur_DavkharRd_D (Maharashtra) -> Shirdi_SaiBansi_D (Maharashtra)
IND305802AAA,IND341512AAA,6,2.0165912518853695,0.16666666666666666,1.0,15.505644682115289,15.505644682115289,70.0,35.0,38.39445,1.0,0.004672053172736317,1,0,0,Kishangarh_Central_D_2 (Rajasthan),Parbatsar_AjmhwDPP_D (Rajasthan),Kishangarh_Central_D_2 (Rajasthan) -> Parbatsar_AjmhwDPP_D (Rajasthan)
IND209304AAA,IND209206AAB,18,0.7982456140350878,0.05555555555555555,0.05555555555555555,15.478493291388716,15.478493291388716,45.5,58.0,57.5607,0.0,0.004663872104242299,0,0,0,Kanpur_Central_H_6 (Uttar Pradesh),Ghatampur_StatinRD_D (Uttar Pradesh),Kanpur_Central_H_6 (Uttar Pradesh) -> Ghatampur_StatinRD_D (Uttar Pradesh)
IND571430AAA,IND571124AAA,10,1.621505376344086,0.1,1.0,15.462500000000006,15.462500000000006,48.0,31.0,33.03275,1.0,0.004659053116750517,1,0,0,Malavalli_SulthnRd_D (Karnataka),Tirumakudalu_Narasipr_D (Karnataka),Malavalli_SulthnRd_D (Karnataka) -> Tirumakudalu_Narasipr_D (Karnataka)
IND303303AAA,IND322230AAA,16,1.344155844155844,0.0625,0.8125,15.427777777777806,15.427777777777806,103.5,77.0,96.97059999999999,0.0,0.004648590857887795,1,0,0,Dausa_IndraCln_D (Rajasthan),Hindaun_MndwrRod_D (Rajasthan),Dausa_IndraCln_D (Rajasthan) -> Hindaun_MndwrRod_D (Rajasthan)
IND803116AAA,IND803108AAB,13,2.2285714285714286,0.3076923076923077,1.0,15.340952380952388,15.340952380952388,78.0,33.0,40.590900000000005,1.0,0.004622429232297331,1,0,0,Rajgir_PnditNGR_D (Bihar),Chandi_SH78_D (Bihar),Rajgir_PnditNGR_D (Bihar) -> Chandi_SH78_D (Bihar)
IND712311AAA,IND721306AAA,14,2.089108910891089,0.07142857142857142,1.0,15.330769230769192,15.330769230769192,211.0,101.0,130.64339999999999,1.0,0.004619360916203597,1,0,0,Kolkata_Dankuni_HB (West Bengal),Kharagpur_DC (West Bengal),Kolkata_Dankuni_HB (West Bengal) -> Kharagpur_DC (West Bengal)
IND244713AAA,IND263401AAA,16,2.0217391304347827,0.25,1.0,15.300000000000011,15.300000000000011,45.5,22.0,24.23255,1.0,0.004610089745272947,1,0,0,Kashipur_Vaishali_D (Uttarakhand),Kashipur_BajprDPP_D (Uttarakhand),Kashipur_Vaishali_D (Uttarakhand) -> Kashipur_BajprDPP_D (Uttarakhand)
IND462022AAA,IND465669AAB,10,2.125,0.1,1.0,15.291666666666657,15.291666666666657,144.5,68.0,97.11585,1.0,0.004607578803145886,1,0,0,Bhopal_Trnsport_H (Madhya Pradesh),Narsinghgarh_Central_D_1 (Madhya Pradesh),Bhopal_Trnsport_H (Madhya Pradesh) -> Narsinghgarh_Central_D_1 (Madhya Pradesh)
IND134203AAA,IND140501AAA,14,1.575,0.14285714285714285,1.0,15.283749999999998,15.283749999999998,63.0,40.0,48.934200000000004,0.0,0.004605193408125186,1,0,0,Naraingarh_Ward2DPP_D (Haryana),Lalru_OnkarDPP_D (Punjab),Naraingarh_Ward2DPP_D (Haryana) -> Lalru_OnkarDPP_D (Punjab)
IND202001AAC,IND204215AAA,4,2.8001672240802673,0.75,1.0,15.244871794871827,15.244871794871827,68.5,24.0,34.220699999999994,0.0,0.004593478897355513,1,0,0,Aligarh_Central_D_2 (Uttar Pradesh),SikandraRao_JydevNGR_D (Uttar Pradesh),Aligarh_Central_D_2 (Uttar Pradesh) -> SikandraRao_JydevNGR_D (Uttar Pradesh)
IND486001AAA,IND486771AAA,2,2.6642619311875695,1.0,1.0,15.10122086570479,15.10122086570479,138.5,52.0,72.82249999999999,1.0,0.004550194996999181,1,0,0,Rewa_Dc (Madhya Pradesh),Churhat_Central_DPP_1 (Madhya Pradesh),Rewa_Dc (Madhya Pradesh) -> Churhat_Central_DPP_1 (Madhya Pradesh)
IND609602AAA,IND611001AAA,11,3.111111111111111,0.45454545454545453,1.0,15.093518518518522,15.093518518518522,51.0,16.0,21.607,1.0,0.0045478741792359155,1,0,0,Karaikal_Thalthru_DC (Pondicherry),Nagapttinm_Sttyapar_D (Tamil Nadu),Karaikal_Thalthru_DC (Pondicherry) -> Nagapttinm_Sttyapar_D (Tamil Nadu)
IND643231AAA,IND643217AAA,11,1.0689655172413792,0.18181818181818182,0.45454545454545453,15.042857142857159,15.042857142857159,36.0,34.0,22.3329,0.0,0.004532609245352395,0,0,0,Coonoor_Fairybnk_D (Tamil Nadu),Kotagiri_CroslySRT_D (Tamil Nadu),Coonoor_Fairybnk_D (Tamil Nadu) -> Kotagiri_CroslySRT_D (Tamil Nadu)
IND121004AAB,IND121001AAA,24,1.809090909090909,0.125,1.0,15.024621212121215,15.024621212121215,19.5,11.0,11.52635,0.0,0.004527114521347082,1,0,0,FBD_Balabhgarh_DPC (Haryana),Faridabad (Haryana),FBD_Balabhgarh_DPC (Haryana) -> Faridabad (Haryana)
IND411017AAA,IND412105AAC,2,2.8529411764705883,1.0,1.0,14.966666666666669,14.966666666666669,48.5,17.0,17.191950000000002,0.0,0.004509652060190745,1,0,0,PNQ Rahatani DPC (Maharashtra),Pune_North_D_3 (Maharashtra),PNQ Rahatani DPC (Maharashtra) -> Pune_North_D_3 (Maharashtra)
IND142001AAB,IND151001AAA,1,2.6515151515151514,1.0,1.0,14.958333333333343,14.958333333333343,175.0,66.0,85.58139999999999,1.0,0.004507141118063693,1,0,0,Moga_DPC (Punjab),Bhatinda_DPC (Punjab),Moga_DPC (Punjab) -> Bhatinda_DPC (Punjab)
IND732138AAA,IND733102AAA,2,2.0600358422939067,0.5,1.0,14.857258064516117,14.857258064516117,129.0,62.5,60.16355,1.0,0.004476685820006503,1,0,0,Bamangola_Central_D_1 (West Bengal),Balurghat_AkhirDPP_D (West Bengal),Bamangola_Central_D_1 (West Bengal) -> Balurghat_AkhirDPP_D (West Bengal)
IND395023AAD,IND396445AAA,7,1.875,0.2857142857142857,1.0,14.829044117647072,14.829044117647072,30.0,17.0,22.5559,0.0,0.004468184589474826,1,0,0,Surat_Central_I_4 (Gujarat),Navsari_DC (Gujarat),Surat_Central_I_4 (Gujarat) -> Navsari_DC (Gujarat)
IND335001AAA,IND125104AAA,10,1.824264705882353,0.1,1.0,14.81871657754013,14.81871657754013,149.5,80.0,109.451,1.0,0.0044650727668120215,1,0,0,Ganga Nagar_DC (Rajasthan),Sirsa_AnprnDPP_D (Haryana),Ganga Nagar_DC (Rajasthan) -> Sirsa_AnprnDPP_D (Haryana)
IND205001AAB,IND209625AAA,1,2.6779661016949152,1.0,1.0,14.633333333333354,14.633333333333354,158.0,59.0,65.611,1.0,0.004409214375108551,1,0,0,Mainpuri_Agraroad_I (Uttar Pradesh),Farrukhbad_Pnchlght_D (Uttar Pradesh),Mainpuri_Agraroad_I (Uttar Pradesh) -> Farrukhbad_Pnchlght_D (Uttar Pradesh)
IND305624AAA,IND305404AAA,8,1.8263611519865461,0.25,1.0,14.566510172144035,14.566510172144035,126.0,70.0,81.0336,1.0,0.004389079684249362,1,0,0,Bijainagar_Central_DPP_1 (Rajasthan),Kekri_LxmntDPP_D (Rajasthan),Bijainagar_Central_DPP_1 (Rajasthan) -> Kekri_LxmntDPP_D (Rajasthan)
IND506002AAA,IND506143AAA,17,2.0,0.11764705882352941,1.0,14.533333333333339,14.533333333333339,42.0,21.0,29.544,1.0,0.004379083069583887,1,0,0,Warangal_HunterRd_I (Telangana),Ghanpur_Palakrty_D (Telangana),Warangal_HunterRd_I (Telangana) -> Ghanpur_Palakrty_D (Telangana)
IND761200AAA,IND532001AAB,12,2.144230769230769,0.3333333333333333,1.0,14.519230769230887,14.519230769230887,111.0,50.0,71.6129,1.0,0.004374833782907366,1,0,0,Paralakhemundi_Ward14_D (Orissa),Srikakulam_Kuslpram_I (Andhra Pradesh),Paralakhemundi_Ward14_D (Orissa) -> Srikakulam_Kuslpram_I (Andhra Pradesh)
IND201001AAC,IND000000ACB,1,2.4705882352941178,1.0,1.0,14.500000000000028,14.500000000000028,210.0,85.0,85.1514,0.0,0.004369039301075674,1,0,0,Ghaziabad_Central_L_8 (Uttar Pradesh),Gurgaon_Bilaspur_HB (Haryana),Ghaziabad_Central_L_8 (Uttar Pradesh) -> Gurgaon_Bilaspur_HB (Haryana)
IND400064AAB,IND400072AAB,4,3.083916083916084,0.75,1.0,14.480769230769223,14.480769230769223,37.5,12.5,12.6353,0.0,0.004363244819243998,1,0,0,Mumbai_MaladWest_CP (Maharashtra),Mumbai Hub (Maharashtra),Mumbai_MaladWest_CP (Maharashtra) -> Mumbai Hub (Maharashtra)
IND273155AAA,IND273014AAB,1,2.75,1.0,1.0,14.400000000000006,14.400000000000006,88.0,32.0,45.4745,0.0,0.0043389079955510074,1,0,0,Anandnagar_LohiaDPP_D (Uttar Pradesh),Gorakhpur_Matriprm_IP (Uttar Pradesh),Anandnagar_LohiaDPP_D (Uttar Pradesh) -> Gorakhpur_Matriprm_IP (Uttar Pradesh)
IND209304AAA,IND206122AAA,20,1.6274509803921569,0.1,1.0,14.388235294117635,14.388235294117635,80.0,49.0,70.2799,1.0,0.004335363136077513,1,0,0,Kanpur_Central_H_6 (Uttar Pradesh),Auraiya_AryaNagr_D (Uttar Pradesh),Kanpur_Central_H_6 (Uttar Pradesh) -> Auraiya_AryaNagr_D (Uttar Pradesh)
IND173220AAA,IND174103AAA,2,2.628571428571429,0.5,1.0,14.362857142857145,14.362857142857145,49.0,18.0,21.279449999999997,1.0,0.004327716367784704,1,0,0,Parwanoo_Central_D_1 (Himachal Pradesh),Baddi_ByePass_D (Himachal Pradesh),Parwanoo_Central_D_1 (Himachal Pradesh) -> Baddi_ByePass_D (Himachal Pradesh)
IND335703AAA,IND335701AAA,9,1.15625,0.1111111111111111,0.4444444444444444,14.295910493827165,14.295910493827165,37.0,31.0,34.0433,0.0,0.004307544468426959,0,0,0,Srivijaynagar_BhwanDPP_D (Rajasthan),Anupgarh_PrmNrDPP_D (Rajasthan),Srivijaynagar_BhwanDPP_D (Rajasthan) -> Anupgarh_PrmNrDPP_D (Rajasthan)
IND691574AAA,IND695614AAA,21,1.55,0.14285714285714285,1.0,14.252500000000012,14.252500000000012,30.0,20.0,21.6803,0.0,0.0042944643199021365,1,0,0,Kalluvathukal_Pariplly_D (Kerala),Kilimanoor_Krvnkuzy_D (Kerala),Kalluvathukal_Pariplly_D (Kerala) -> Kilimanoor_Krvnkuzy_D (Kerala)
IND562132AAA,IND000000ACS,6,1.777217741935484,0.16666666666666666,1.0,14.192357038123163,14.192357038123163,55.5,30.5,32.16785,0.0,0.004276342460307444,1,0,0,Bangalore_Nelmngla_H (Karnataka),BLR_HSR_Layout_PC (Karnataka),Bangalore_Nelmngla_H (Karnataka) -> BLR_HSR_Layout_PC (Karnataka)
IND272207AAB,IND272153AAC,3,3.0588235294117645,1.0,1.0,14.169117647058833,14.169117647058833,52.0,17.0,22.9428,0.0,0.00426934012838378,1,0,0,Naugarh_Central_D_1 (Uttar Pradesh),Bansi_GangDPP_D (Uttar Pradesh),Naugarh_Central_D_1 (Uttar Pradesh) -> Bansi_GangDPP_D (Uttar Pradesh)
IND382430AAB,IND395023AAA,30,1.851115708585784,0.03333333333333333,1.0,14.150000000000034,14.150000000000034,372.5,201.0,272.69685000000004,1.0,0.004263579731739367,1,0,1,Ahmedabad_East_H_1 (Gujarat),Surat_HUB (Gujarat),Ahmedabad_East_H_1 (Gujarat) -> Surat_HUB (Gujarat)
IND627005AAA,IND627117AAA,11,1.6341463414634145,0.18181818181818182,1.0,14.129496951219522,14.129496951219522,67.0,41.0,49.8261,1.0,0.00425740189546944,1,0,0,Tirunelveli_VdkkuSrt_I (Tamil Nadu),Vallior_Radhaprm_D (Tamil Nadu),Tirunelveli_VdkkuSrt_I (Tamil Nadu) -> Vallior_Radhaprm_D (Tamil Nadu)
IND110085AAB,IND110087AAA,3,2.0,0.3333333333333333,0.6666666666666666,14.100000000000001,14.100000000000001,26.0,13.0,11.7553,0.0,0.004248514078977027,1,0,0,Delhi_Rohini_DPC (Delhi),Delhi_Paschim_DC (Delhi),Delhi_Rohini_DPC (Delhi) -> Delhi_Paschim_DC (Delhi)
IND784001AAA,IND791111AAC,3,2.3949579831932772,0.3333333333333333,1.0,14.03125,14.03125,285.0,119.0,167.8739,1.0,0.004227798806428823,1,0,0,Tezpur_Mhbhirab_D (Assam),Itanagar_WageDPP_D (Arunachal Pradesh),Tezpur_Mhbhirab_D (Assam) -> Itanagar_WageDPP_D (Arunachal Pradesh)
IND591307AAC,IND580002AAA,2,2.5224719101123596,0.5,1.0,14.021428571428572,14.021428571428572,224.5,89.0,95.9118,1.0,0.00422483948177908,1,0,0,Gokak_Bsavangr_D (Karnataka),Dharwad_Dc (Karnataka),Gokak_Bsavangr_D (Karnataka) -> Dharwad_Dc (Karnataka)
IND384170AAA,IND384265AAB,12,1.2864583333333335,0.08333333333333333,0.6666666666666666,13.918359375000001,13.918359375000001,30.0,24.0,26.787150000000004,1.0,0.004193783387301375,1,0,0,Unjha_DC (Gujarat),Patan_Central_D_2 (Gujarat),Unjha_DC (Gujarat) -> Patan_Central_D_2 (Gujarat)
IND322201AAA,IND302014AAB,2,2.1960480433940335,0.5,1.0,13.83679775280902,13.83679775280902,193.0,88.0,123.02584999999999,0.0,0.0041692078057281425,1,0,0,Gangapur_Ward6DPP_D (Rajasthan),Jaipur_Central_I_7 (Rajasthan),Gangapur_Ward6DPP_D (Rajasthan) -> Jaipur_Central_I_7 (Rajasthan)
IND628613AAA,IND627005AAA,14,1.7553191489361701,0.14285714285714285,1.0,13.82553191489363,13.82553191489363,83.0,47.0,40.1597,0.0,0.004165813261685944,1,0,0,Peikulam_SriVnktpm_D (Tamil Nadu),Tirunelveli_VdkkuSrt_I (Tamil Nadu),Peikulam_SriVnktpm_D (Tamil Nadu) -> Tirunelveli_VdkkuSrt_I (Tamil Nadu)
IND302014AAA,IND301001AAB,21,1.9137931034482758,0.047619047619047616,1.0,13.767888103570556,13.767888103570556,221.0,116.0,144.5915,1.0,0.004148444428780129,1,0,0,Jaipur_Hub (Rajasthan),Alwar_Central_I_1 (Rajasthan),Jaipur_Hub (Rajasthan) -> Alwar_Central_I_1 (Rajasthan)
IND721139AAC,IND721636AAB,1,2.857142857142857,1.0,1.0,13.75,13.75,100.0,35.0,43.314800000000005,0.0,0.004143054509640718,1,0,0,Panskura_Central_D_3 (West Bengal),Tamluk_Central_DPP_2 (West Bengal),Panskura_Central_D_3 (West Bengal) -> Tamluk_Central_DPP_2 (West Bengal)
IND562159AAA,IND562117AAA,11,1.9259259259259258,0.18181818181818182,1.0,13.72106481481483,13.72106481481483,52.0,27.0,28.5816,1.0,0.0041343359605884485,1,0,0,Ramanagara_BMRd_DC (Karnataka),Kanakapura_VaniThtr_D (Karnataka),Ramanagara_BMRd_DC (Karnataka) -> Kanakapura_VaniThtr_D (Karnataka)
IND573116AAA,IND571432AAB,12,1.6704545454545454,0.08333333333333333,1.0,13.687500000000028,13.687500000000028,73.0,44.0,59.20195,1.0,0.004124222443687813,1,0,0,Channaraya_patna_D (Karnataka),Nagamangala_MandyaRD_D (Karnataka),Channaraya_patna_D (Karnataka) -> Nagamangala_MandyaRD_D (Karnataka)
IND303108AAB,IND303106AAA,9,1.5483870967741935,0.1111111111111111,1.0,13.64017595307918,13.64017595307918,48.0,31.0,43.8546,1.0,0.004109963090523459,1,0,0,Kotputli_LXngrDPP_D (Rajasthan),Paota_SmClyDPP_D (Rajasthan),Kotputli_LXngrDPP_D (Rajasthan) -> Paota_SmClyDPP_D (Rajasthan)
IND403726AAB,IND403401AAA,6,2.128623188405797,0.16666666666666666,1.0,13.606249999999996,13.606249999999996,51.5,25.5,23.542299999999997,0.0,0.004099740757949018,1,0,0,Goa_ZuariNgr_IP (Goa),Goa_Ponda_Dc (Goa),Goa_ZuariNgr_IP (Goa) -> Goa_Ponda_Dc (Goa)
IND322230AAA,IND322241AAA,14,1.6071428571428572,0.14285714285714285,1.0,13.52480158730161,13.52480158730161,45.0,28.0,32.2526,0.0,0.004075199287873882,1,0,0,Hindaun_MndwrRod_D (Rajasthan),Karauli_HnsChowk_D (Rajasthan),Hindaun_MndwrRod_D (Rajasthan) -> Karauli_HnsChowk_D (Rajasthan)
IND581400AAB,IND581325AAA,12,1.1727272727272728,0.25,0.5,13.480000000000032,13.480000000000032,114.0,108.0,120.85589999999999,1.0,0.004061699984724145,0,0,0,Mallapur_ShtDRDPP_D (Karnataka),Dandeli_RKComplx_D (Karnataka),Mallapur_ShtDRDPP_D (Karnataka) -> Dandeli_RKComplx_D (Karnataka)
IND803101AAA,IND805110AAD,9,2.260869565217391,0.3333333333333333,1.0,13.47142857142859,13.47142857142859,52.0,23.0,32.2741,1.0,0.004059117301393456,1,0,0,BiharSarif_Soghra_D (Bihar),Nawada_Central_DPP_2 (Bihar),BiharSarif_Soghra_D (Bihar) -> Nawada_Central_DPP_2 (Bihar)
IND505425AAA,IND504215AAA,1,3.4166666666666665,1.0,1.0,13.400000000000002,13.400000000000002,41.0,12.0,18.1203,1.0,0.004037594940304409,1,0,0,DhrmpuriTS_HanumDPP_D (Telangana),Luxettipet_ShivaDPP_D (Telangana),DhrmpuriTS_HanumDPP_D (Telangana) -> Luxettipet_ShivaDPP_D (Telangana)
IND140901AAA,IND160002AAC,20,1.8390379278445885,0.05,1.0,13.375000000000014,13.375000000000014,86.0,47.0,57.18415,0.0,0.004030062113923248,1,0,0,Chandigarh_Mullanpr_DC (Chandigarh),Chandigarh_Mehmdpur_H (Punjab),Chandigarh_Mullanpr_DC (Chandigarh) -> Chandigarh_Mehmdpur_H (Punjab)
IND591307AAC,IND580030AAA,1,2.4343434343434343,1.0,1.0,13.300000000000011,13.300000000000011,241.0,99.0,112.3366,1.0,0.0040074636347797515,1,0,0,Gokak_Bsavangr_D (Karnataka),Hubli_Dc (Karnataka),Gokak_Bsavangr_D (Karnataka) -> Hubli_Dc (Karnataka)
IND421302AAR,IND400612AAA,14,2.3636363636363638,0.21428571428571427,1.0,13.233585858585851,13.233585858585851,27.0,12.0,14.2547,0.0,0.003987452186918671,1,0,0,Mumbai_East_I_21 (Maharashtra),Mumbai_Mumbra_DC (Maharashtra),Mumbai_East_I_21 (Maharashtra) -> Mumbai_Mumbra_DC (Maharashtra)
IND635601AAB,IND635207AAA,1,3.125,1.0,1.0,13.200000000000003,13.200000000000003,50.0,16.0,23.8404,0.0,0.003977332329255089,1,0,0,Tiruppattur_KoilStrt_D (Tamil Nadu),Uthangarai_RgstrOFC_D (Tamil Nadu),Tiruppattur_KoilStrt_D (Tamil Nadu) -> Uthangarai_RgstrOFC_D (Tamil Nadu)
IND250221AAA,IND251201AAA,1,3.125,1.0,1.0,13.200000000000003,13.200000000000003,50.0,16.0,19.9858,1.0,0.003977332329255089,1,0,0,Daurala_Sardhnrd_D (Uttar Pradesh),Khatauli_TilakNgr_D (Uttar Pradesh),Daurala_Sardhnrd_D (Uttar Pradesh) -> Khatauli_TilakNgr_D (Uttar Pradesh)
IND641607AAA,IND641654AAA,11,2.0,0.09090909090909091,1.0,13.200000000000003,13.200000000000003,32.0,16.0,18.1842,0.0,0.003977332329255089,1,0,0,Tirupur_Koliplm_I (Tamil Nadu),Avinashi_Valluvar_D (Tamil Nadu),Tirupur_Koliplm_I (Tamil Nadu) -> Avinashi_Valluvar_D (Tamil Nadu)
IND244901AAB,IND244301AAA,10,0.8984230055658626,0.1,0.1,13.181818181818215,13.181818181818215,88.5,98.5,88.2498,1.0,0.003971853910068797,0,0,0,Rampur_RoshnBgh_I (Uttar Pradesh),Sambhal_Khwssrai_D (Uttar Pradesh),Rampur_RoshnBgh_I (Uttar Pradesh) -> Sambhal_Khwssrai_D (Uttar Pradesh)
IND160002AAC,IND134203AAA,1,2.810810810810811,1.0,1.0,13.150000000000006,13.150000000000006,104.0,37.0,44.8425,0.0,0.00396226667649276,1,0,0,Chandigarh_Mehmdpur_H (Punjab),Naraingarh_Ward2DPP_D (Haryana),Chandigarh_Mehmdpur_H (Punjab) -> Naraingarh_Ward2DPP_D (Haryana)
IND516269AAA,IND516390AAA,15,1.5921052631578947,0.06666666666666667,1.0,13.116306390977456,13.116306390977456,121.0,75.0,82.3948,1.0,0.0039521143522158915,1,0,0,Rayachoti_Madnpali_D (Andhra Pradesh),Pulivendula_RTCStand_D (Andhra Pradesh),Rayachoti_Madnpali_D (Andhra Pradesh) -> Pulivendula_RTCStand_D (Andhra Pradesh)
IND712124AAA,IND712103AAA,25,2.8333333333333335,0.2,1.0,13.001777777777793,13.001777777777793,30.0,11.0,11.6433,0.0,0.003917605385859545,1,0,0,Hooghly_DC (West Bengal),Hoogly_Bandel_D (West Bengal),Hooghly_DC (West Bengal) -> Hoogly_Bandel_D (West Bengal)
IND826004AAA,IND828205AAA,1,2.95,1.0,1.0,13.0,13.0,59.0,20.0,28.4319,0.0,0.003917069718205769,1,0,0,Dhanbad_Kalynpur_I (Jharkhand),Nirsa_ShantiDPP_D (Jharkhand),Dhanbad_Kalynpur_I (Jharkhand) -> Nirsa_ShantiDPP_D (Jharkhand)
IND515004AAA,IND515411AAA,2,2.419642857142857,0.5,1.0,13.0,13.0,99.0,41.0,57.568,1.0,0.003917069718205769,1,0,0,Anantapur_KamaStrt_I (Andhra Pradesh),Tadipatri_CBRoad_D (Andhra Pradesh),Anantapur_KamaStrt_I (Andhra Pradesh) -> Tadipatri_CBRoad_D (Andhra Pradesh)
IND506132AAA,IND122001AAJ,19,1.8235294117647058,0.15789473684210525,1.0,12.960949085516575,12.960949085516575,65.0,34.0,48.4109,1.0,0.003905303167852595,1,0,0,Khanpur_Nrsampt_D (Telangana),Mahbubabad_Yellanda_D (Telangana),Khanpur_Nrsampt_D (Telangana) -> Mahbubabad_Yellanda_D (Telangana)
IND530018AAA,IND531162AAA,1,4.375,1.0,1.0,12.958333333333332,12.958333333333332,35.0,8.0,12.2135,0.0,0.003904515007570494,1,0,0,Vizag _NAD (Andhra Pradesh),Vishakhapatnam (Andhra Pradesh),Vizag _NAD (Andhra Pradesh) -> Vishakhapatnam (Andhra Pradesh)
IND505326AAA,IND505425AAA,1,2.8285714285714287,1.0,1.0,12.941666666666677,12.941666666666677,99.0,35.0,49.0874,1.0,0.0038994931233163875,1,0,0,Koratla_BhemuDPP_D (Telangana),DhrmpuriTS_HanumDPP_D (Telangana),Koratla_BhemuDPP_D (Telangana) -> DhrmpuriTS_HanumDPP_D (Telangana)
IND711303AAA,IND721134AAB,17,0.8333333333333334,0.058823529411764705,0.11764705882352941,12.876662562419469,12.876662562419469,30.0,37.0,44.986,0.0,0.003879906538062093,0,0,0,Bagnan_Harop_D (West Bengal),Kolaghat_Central_DPP_2 (West Bengal),Bagnan_Harop_D (West Bengal) -> Kolaghat_Central_DPP_2 (West Bengal)
IND110037AAM,IND201301AAF,5,2.1538461538461537,0.2,1.0,12.850000000000023,12.850000000000023,84.0,39.0,35.1773,0.0,0.0038718727599187865,1,0,0,Delhi_Airport_H (Delhi),Noida_Sec 02_DPC (Uttar Pradesh),Delhi_Airport_H (Delhi) -> Noida_Sec 02_DPC (Uttar Pradesh)
IND400072AAB,IND400701AAB,3,2.4210526315789473,0.3333333333333333,1.0,12.850000000000001,12.850000000000001,46.0,19.0,22.2049,0.0,0.0038718727599187804,1,0,0,Mumbai Hub (Maharashtra),Mumbai_Pawane_L (Maharashtra),Mumbai Hub (Maharashtra) -> Mumbai_Pawane_L (Maharashtra)
IND576201AAA,IND581320AAA,4,2.0412912912912913,0.25,1.0,12.798031364698048,12.798031364698048,74.5,36.5,49.532849999999996,1.0,0.003856213931638952,1,0,0,Kundapura_DC (Karnataka),Bhatkal_KmkshBul_D (Karnataka),Kundapura_DC (Karnataka) -> Bhatkal_KmkshBul_D (Karnataka)
IND328001AAA,IND474003AAA,6,1.5819696084161308,0.16666666666666666,1.0,12.77092476489031,12.77092476489031,92.5,58.5,60.5127,1.0,0.0038480463592335356,1,0,0,Dholpur_GtRoad_D (Rajasthan),Gwalior_HrihrNgr_I (Madhya Pradesh),Dholpur_GtRoad_D (Rajasthan) -> Gwalior_HrihrNgr_I (Madhya Pradesh)
IND533003AAA,IND533106AAA,3,2.12,0.3333333333333333,1.0,12.748285714285728,12.748285714285728,106.0,50.0,56.1647,1.0,0.0038412249177279868,1,0,0,Kakinada_DC (Andhra Pradesh),Rajamundry_AtoNgrRd_I (Andhra Pradesh),Kakinada_DC (Andhra Pradesh) -> Rajamundry_AtoNgrRd_I (Andhra Pradesh)
IND388620AAB,IND388320AAA,13,1.8043478260869565,0.15384615384615385,1.0,12.723076923076945,12.723076923076945,80.0,46.0,54.4807,0.0,0.0038336291798297954,1,0,0,Khambhat_MotvdDPP_D (Gujarat),Anand_Vaghasi_IP (Gujarat),Khambhat_MotvdDPP_D (Gujarat) -> Anand_Vaghasi_IP (Gujarat)
IND248122AAB,IND248001AAA,15,2.210526315789474,0.2,1.0,12.685698654119712,12.685698654119712,74.0,38.0,35.2443,1.0,0.003822366619410462,1,0,0,Mussoorie_BrlwgDPP_D (Uttarakhand),Dehradun (Uttarakhand),Mussoorie_BrlwgDPP_D (Uttarakhand) -> Dehradun (Uttarakhand)
IND713205AAB,IND723133AAA,1,2.591549295774648,1.0,1.0,12.650000000000006,12.650000000000006,184.0,71.0,82.39,1.0,0.0038116101488694615,1,0,0,Durgapur_Central_I_1 (West Bengal),Rghunthpur_barkarRd_D (West Bengal),Durgapur_Central_I_1 (West Bengal) -> Rghunthpur_barkarRd_D (West Bengal)
IND140301AAA,IND140901AAA,19,2.066666666666667,0.10526315789473684,1.0,12.555882352941182,12.555882352941182,31.0,14.0,15.2782,0.0,0.0037832512730815466,1,0,0,Chandigarh_Kharar_DC (Chandigarh),Chandigarh_Mullanpr_DC (Chandigarh),Chandigarh_Kharar_DC (Chandigarh) -> Chandigarh_Mullanpr_DC (Chandigarh)
IND712406AAA,IND712612AAA,1,2.577777777777778,1.0,1.0,12.500000000000014,12.500000000000014,116.0,45.0,43.541,1.0,0.0037664131905824744,1,0,0,Khanakul_Ramnagar_D (West Bengal),Kamarpukur_ChatiDPP_D (West Bengal),Khanakul_Ramnagar_D (West Bengal) -> Kamarpukur_ChatiDPP_D (West Bengal)
IND403726AAB,IND403507AAA,5,1.3333333333333333,0.2,0.8,12.416666666666679,12.416666666666679,40.0,29.0,25.0992,0.0,0.003741303769311924,1,0,0,Goa_ZuariNgr_IP (Goa),Panaji Goa (Goa),Goa_ZuariNgr_IP (Goa) -> Panaji Goa (Goa)
IND110093AAA,IND110092AAC,1,3.2222222222222223,1.0,1.0,12.38333333333334,12.38333333333334,58.0,18.0,15.547,0.0,0.0037312600008037023,1,0,0,Delhi_Shahdara (Delhi),Delhi_Patparganj_DPC (Delhi),Delhi_Shahdara (Delhi) -> Delhi_Patparganj_DPC (Delhi)
IND281401AAA,IND321022AAA,9,1.4848484848484849,0.1111111111111111,0.8888888888888888,12.354700413223156,12.354700413223156,49.0,33.0,34.5457,0.0,0.0037226325281646713,1,0,0,Chhata_GvrdnDPP_D (Uttar Pradesh),Kaman_BsstdDPP_D (Rajasthan),Chhata_GvrdnDPP_D (Uttar Pradesh) -> Kaman_BsstdDPP_D (Rajasthan)
IND302014AAA,IND313001AAB,12,1.9059233449477353,0.08333333333333333,1.0,12.345147921884745,12.345147921884745,547.0,287.0,404.9376,1.0,0.0037197542378142783,1,0,0,Jaipur_Hub (Rajasthan),Udaipur_Mangri_I (Rajasthan),Jaipur_Hub (Rajasthan) -> Udaipur_Mangri_I (Rajasthan)
IND414302AAB,IND411033AAA,2,2.3962994836488813,0.5,1.0,12.292346938775495,12.292346938775495,200.0,83.5,106.7019,1.0,0.003703844612273606,1,0,0,Parner_Hindcwk_D (Maharashtra),Pune_Tathawde_H (Maharashtra),Parner_Hindcwk_D (Maharashtra) -> Pune_Tathawde_H (Maharashtra)
IND142026AAA,IND000000ACA,1,2.75,1.0,1.0,12.250000000000014,12.250000000000014,110.0,40.0,54.4594,1.0,0.003691084926770825,1,0,0,Jagraon_DC (Punjab),Ludhiana_MilrGanj_HB (Punjab),Jagraon_DC (Punjab) -> Ludhiana_MilrGanj_HB (Punjab)
IND444303AAA,IND444203AAA,2,3.242424242424242,0.5,1.0,12.209523809523816,12.209523809523816,37.0,11.5,16.9471,1.0,0.003678888922153699,1,0,0,Khamgaon_WamanDPP_D (Maharashtra),Shegaon_SChwkDPP_D (Maharashtra),Khamgaon_WamanDPP_D (Maharashtra) -> Shegaon_SChwkDPP_D (Maharashtra)
IND561202AAB,IND515134AAA,14,1.8046875,0.21428571428571427,1.0,12.166015625000028,12.166015625000028,117.0,64.0,65.7316,0.0,0.0036657793381466033,1,0,0,Pavagada_PnukndRD_D (Karnataka),Puttaprthi_Gokulam_D (Andhra Pradesh),Pavagada_PnukndRD_D (Karnataka) -> Puttaprthi_Gokulam_D (Andhra Pradesh)
IND571301AAA,IND571111AAB,8,1.9130434782608696,0.25,1.0,12.163636363636364,12.163636363636364,45.0,23.0,33.89045,1.0,0.003665062435635888,1,0,0,Nanjangud_RPRoad_D (Karnataka),Gundlupet_Swamylyt_D (Karnataka),Nanjangud_RPRoad_D (Karnataka) -> Gundlupet_Swamylyt_D (Karnataka)
IND603001AAA,IND603301AAA,13,1.4285714285714286,0.3076923076923077,0.5384615384615384,12.098214285714278,12.098214285714278,49.0,35.0,37.4867,0.0,0.003645349909456603,1,0,0,Chennai_Chnglptu_DC (Tamil Nadu),Malemruvathur_Achipkam_D (Tamil Nadu),Chennai_Chnglptu_DC (Tamil Nadu) -> Malemruvathur_Achipkam_D (Tamil Nadu)
IND203396AAB,IND203390AAA,15,1.3333333333333333,0.06666666666666667,0.9333333333333333,12.065625000000011,12.065625000000011,52.0,39.0,43.1407,1.0,0.003635530332209733,1,0,0,Pahasu_Kanongyn_D (Uttar Pradesh),Anupshahar_DcntCLY_D (Uttar Pradesh),Pahasu_Kanongyn_D (Uttar Pradesh) -> Anupshahar_DcntCLY_D (Uttar Pradesh)
IND509324AAA,IND508248AAB,8,2.188655462184874,0.375,1.0,12.064950980392197,12.064950980392197,74.5,34.0,48.1832,1.0,0.0036353272413024067,1,0,0,Kalwakurthy_VidyaNGR_D (Telangana),Devarakonda_DindiRD_D (Telangana),Kalwakurthy_VidyaNGR_D (Telangana) -> Devarakonda_DindiRD_D (Telangana)
IND342601AAA,IND342902A1B,6,1.9504283965728275,0.16666666666666666,1.0,11.962500000000006,11.962500000000006,80.0,40.5,38.84875,1.0,0.0036044574233874255,1,0,0,Piparcity_BsstdDPP_D (Rajasthan),IND342902A1B,Piparcity_BsstdDPP_D (Rajasthan) -> IND342902A1B
IND221010AAB,IND222001AAA,1,2.731707317073171,1.0,1.0,11.950000000000003,11.950000000000003,112.0,41.0,57.9928,1.0,0.0036006910101968426,1,0,0,Varanasi_MahmurGj_IP (Uttar Pradesh),Jaunpur_Katghara_D (Uttar Pradesh),Varanasi_MahmurGj_IP (Uttar Pradesh) -> Jaunpur_Katghara_D (Uttar Pradesh)
IND783348AAA,IND783129AAA,10,1.8764044943820224,0.1,1.0,11.93857677902622,11.93857677902622,167.0,89.0,101.53845,1.0,0.0035972490445844753,1,0,0,Bilasipara_Wardno5_D (Assam),Lakhipur_WrdN4DPP_D (Assam),Bilasipara_Wardno5_D (Assam) -> Lakhipur_WrdN4DPP_D (Assam)
IND621802AAA,IND608301AAA,10,2.5555555555555554,0.2,1.0,11.835714285714303,11.835714285714303,44.0,17.0,24.29,1.0,0.0035662552324543786,1,0,0,Jayamkondan_Chithbrm_D (Tamil Nadu),Lalpet_PriyrNGR_D (Tamil Nadu),Jayamkondan_Chithbrm_D (Tamil Nadu) -> Lalpet_PriyrNGR_D (Tamil Nadu)
IND574211AAA,IND574216AAA,1,2.892857142857143,1.0,1.0,11.808333333333337,11.808333333333337,81.0,28.0,40.8913,1.0,0.003558004994036908,1,0,0,Bantwal_Trmltmpl_D (Karnataka),Dhrmsthala_Beltngdi_D (Karnataka),Bantwal_Trmltmpl_D (Karnataka) -> Dhrmsthala_Beltngdi_D (Karnataka)
IND395023AAD,IND395009AAA,4,2.877083333333333,0.5,1.0,11.803101851851864,11.803101851851864,44.5,15.5,15.74085,0.0,0.0035564286803682595,1,0,0,Surat_Central_I_4 (Gujarat),Surat_Central_D_12 (Gujarat),Surat_Central_I_4 (Gujarat) -> Surat_Central_D_12 (Gujarat)
IND141003AAB,IND000000ACA,7,1.8181818181818181,0.2857142857142857,0.7142857142857143,11.795454545454554,11.795454545454554,20.0,11.0,15.2594,0.0,0.003554124447113279,1,0,0,Ludhiana_GillChwk_DC (Punjab),Ludhiana_MilrGanj_HB (Punjab),Ludhiana_GillChwk_DC (Punjab) -> Ludhiana_MilrGanj_HB (Punjab)
IND572201AAB,IND573103AAA,3,1.4210526315789473,0.3333333333333333,1.0,11.700000000000003,11.700000000000003,27.0,19.0,27.564400000000003,1.0,0.003525362746385193,1,0,0,Tiptur_YTRd_D (Karnataka),Arsikere_HsnRdDPP_D (Karnataka),Tiptur_YTRd_D (Karnataka) -> Arsikere_HsnRdDPP_D (Karnataka)
IND390020AAA,IND390018AAB,1,3.3636363636363638,1.0,1.0,11.700000000000003,11.700000000000003,37.0,11.0,11.3636,0.0,0.003525362746385193,1,0,0,Vadodara (Gujarat),Vadodara_Karelibaug_DC (Gujarat),Vadodara (Gujarat) -> Vadodara_Karelibaug_DC (Gujarat)
IND380005AAA,IND382430AAB,1,3.0,1.0,1.0,11.691666666666677,11.691666666666677,69.0,23.0,27.034,0.0,0.00352285180425814,1,0,0,Amd_Chandkheda_Dc (Gujarat),Ahmedabad_East_H_1 (Gujarat),Amd_Chandkheda_Dc (Gujarat) -> Ahmedabad_East_H_1 (Gujarat)
IND815301AAA,IND814133AAB,4,2.3025112443778113,0.25,1.0,11.550915948275872,11.550915948275872,266.0,115.0,144.8447,1.0,0.003480441775271653,1,0,0,Giridih_Shivalya_D (Jharkhand),Godda_Central_D_2 (Jharkhand),Giridih_Shivalya_D (Jharkhand) -> Godda_Central_D_2 (Jharkhand)
IND127201AAA,IND124141AAA,3,2.4375,0.3333333333333333,1.0,11.522268907563031,11.522268907563031,79.0,34.0,48.4122,1.0,0.003471810047910694,1,0,0,Loharu_BstndDPP_D (Haryana),ChrkhiDdri_PuranDPP_D (Haryana),Loharu_BstndDPP_D (Haryana) -> ChrkhiDdri_PuranDPP_D (Haryana)
IND508207AAB,IND508206AAA,1,2.6285714285714286,1.0,1.0,11.5,11.5,92.0,35.0,49.8549,1.0,0.0034651001353358728,1,0,0,Miryalguda_Ragvendr_D (Telangana),Kodad_VidyaNgr_D (Telangana),Miryalguda_Ragvendr_D (Telangana) -> Kodad_VidyaNgr_D (Telangana)
IND000000ACB,IND390022AAA,11,1.7827338129496404,0.09090909090909091,1.0,11.479073376191536,11.479073376191536,1239.0,695.0,913.3769,1.0,0.0034587946703801484,1,0,0,Gurgaon_Bilaspur_HB (Haryana),Vadodara_Karelibaug_DPC (Gujarat),Gurgaon_Bilaspur_HB (Haryana) -> Vadodara_Karelibaug_DPC (Gujarat)
IND509001AAA,IND509203AAA,19,1.542857142857143,0.10526315789473684,1.0,11.451934984520143,11.451934984520143,52.0,34.0,38.028,1.0,0.0034506175186711625,1,0,0,Mahabubnagar_DC (Telangana),Bijnapally_nagar_D (Telangana),Mahabubnagar_DC (Telangana) -> Bijnapally_nagar_D (Telangana)
IND712311AAA,IND713145AAB,3,2.1666666666666665,0.3333333333333333,1.0,11.43194444444444,11.43194444444444,156.0,72.0,90.912,1.0,0.003444594107964922,1,0,0,Kolkata_Dankuni_HB (West Bengal),Manteswar_MemariRD_D (West Bengal),Kolkata_Dankuni_HB (West Bengal) -> Manteswar_MemariRD_D (West Bengal)
IND110092AAC,IND110093AAA,1,3.25,1.0,1.0,11.366666666666667,11.366666666666667,52.0,16.0,12.8317,0.0,0.003424925061302993,1,0,0,Delhi_Patparganj_DPC (Delhi),Delhi_Shahdara (Delhi),Delhi_Patparganj_DPC (Delhi) -> Delhi_Shahdara (Delhi)
IND500032AAA,IND502295AAA,4,1.9795454545454545,0.25,1.0,11.340454545454548,11.340454545454548,41.5,21.0,26.69585,0.0,0.003417027006976076,1,0,0,Hyd_Chandanagar_Dc (Telangana),Sangareddy_Pothredy_D (Telangana),Hyd_Chandanagar_Dc (Telangana) -> Sangareddy_Pothredy_D (Telangana)
IND560058AAB,IND562132AAA,14,1.6421052631578947,0.21428571428571427,0.9285714285714286,11.340225563909794,11.340225563909794,29.5,19.5,13.6003,0.0,0.0034169580118472305,1,0,0,Bengaluru_Peenya_IP (Karnataka),Bangalore_Nelmngla_H (Karnataka),Bengaluru_Peenya_IP (Karnataka) -> Bangalore_Nelmngla_H (Karnataka)
IND421302AAG,IND401104AAB,10,2.284900284900285,0.2,1.0,11.31101234567901,11.31101234567901,60.0,25.0,28.802,0.0,0.003408155687808527,1,0,0,Bhiwandi_Mankoli_HB (Maharashtra),Mumbai_MiraRoad_M (Maharashtra),Bhiwandi_Mankoli_HB (Maharashtra) -> Mumbai_MiraRoad_M (Maharashtra)
IND421302AAN,IND400072AAB,16,2.5454545454545454,0.25,1.0,11.250000000000028,11.250000000000028,53.0,22.0,27.908,0.0,0.0033897718715242314,1,0,0,GreaterThane_Anjur_C (Maharashtra),Mumbai Hub (Maharashtra),GreaterThane_Anjur_C (Maharashtra) -> Mumbai Hub (Maharashtra)
IND786171AAA,IND786181AAC,11,2.4444444444444446,0.2727272727272727,1.0,11.15909090909092,11.15909090909092,20.0,9.0,13.3468,0.0,0.003362379775592718,1,0,0,Digboi_JyotiNgr_D (Assam),Margherita_CivilHPL_D (Assam),Digboi_JyotiNgr_D (Assam) -> Margherita_CivilHPL_D (Assam)
IND515671AAA,IND515591AAA,1,2.6,1.0,1.0,11.100000000000023,11.100000000000023,156.0,60.0,79.4562,1.0,0.0033445749132372405,1,0,0,Dharmavram_SaiNgr_D (Andhra Pradesh),Kadiri_GVManu_D (Andhra Pradesh),Dharmavram_SaiNgr_D (Andhra Pradesh) -> Kadiri_GVManu_D (Andhra Pradesh)
IND683572AAA,IND680307AAA,13,1.3636363636363635,0.15384615384615385,0.6923076923076923,11.080128205128208,11.080128205128208,15.0,11.0,13.4205,0.0,0.00333858728201118,1,0,0,Angamaly_CivilStn_D (Kerala),Chalakudy_SurbhiTh_D (Kerala),Angamaly_CivilStn_D (Kerala) -> Chalakudy_SurbhiTh_D (Kerala)
IND000000ACB,IND110024AAA,6,2.07658371040724,0.16666666666666666,1.0,11.029434389140306,11.029434389140306,138.0,66.5,59.611999999999995,0.0,0.0033233125734337568,1,0,0,Gurgaon_Bilaspur_HB (Haryana),Delhi_Lajpat_IP (Delhi),Gurgaon_Bilaspur_HB (Haryana) -> Delhi_Lajpat_IP (Delhi)
IND302014AAB,IND304001AAA,1,2.4833333333333334,1.0,1.0,11.0,11.0,149.0,60.0,84.7665,0.0,0.003314443607712574,1,0,0,Jaipur_Central_I_7 (Rajasthan),Tonk_DC (Rajasthan),Jaipur_Central_I_7 (Rajasthan) -> Tonk_DC (Rajasthan)
IND342902A1B,IND302014AAA,9,2.342391304347826,0.2222222222222222,1.0,10.979967546545254,10.979967546545254,431.0,185.0,243.8358,1.0,0.003308407567958039,1,0,0,IND342902A1B,Jaipur_Hub (Rajasthan),IND342902A1B -> Jaipur_Hub (Rajasthan)
IND400072AAB,IND400015AAB,1,2.9411764705882355,1.0,1.0,10.900000000000006,10.900000000000006,50.0,17.0,19.3415,0.0,0.0032843123021879155,1,0,0,Mumbai Hub (Maharashtra),Mumbai_CotnGren_M (Maharashtra),Mumbai Hub (Maharashtra) -> Mumbai_CotnGren_M (Maharashtra)
IND535558AAA,IND535501AAB,20,1.565217391304348,0.2,1.0,10.805555555555564,10.805555555555564,36.0,23.0,25.7116,1.0,0.0032558549580812934,1,0,0,Bobbili_ColegRd_D (Andhra Pradesh),Parvathipuram_Central_D_2 (Andhra Pradesh),Bobbili_ColegRd_D (Andhra Pradesh) -> Parvathipuram_Central_D_2 (Andhra Pradesh)
IND641062AAD,IND641607AAA,12,1.7000000000000002,0.16666666666666666,1.0,10.78117647058825,10.78117647058825,49.5,30.0,29.886200000000002,1.0,0.003248509221505676,1,0,0,Coimbatore_Karayam_H (Tamil Nadu),Tirupur_Koliplm_I (Tamil Nadu),Coimbatore_Karayam_H (Tamil Nadu) -> Tirupur_Koliplm_I (Tamil Nadu)
IND000000AFT,IND400701AAA,1,3.111111111111111,1.0,1.0,10.766666666666673,10.766666666666673,56.0,18.0,25.0439,0.0,0.003244137228155036,1,0,0,Mumbai_Sanpada_I (Maharashtra),Mumbai_Ghansoli_DC (Maharashtra),Mumbai_Sanpada_I (Maharashtra) -> Mumbai_Ghansoli_DC (Maharashtra)
IND494334AAB,IND493445AAB,11,1.7692307692307692,0.18181818181818182,1.0,10.75681570338071,10.75681570338071,230.0,131.0,173.8199,1.0,0.003241169004310221,1,0,0,Kanker_KrisnKunj_D (Chhattisgarh),Mahasamund_RajpurRD_D (Chhattisgarh),Kanker_KrisnKunj_D (Chhattisgarh) -> Mahasamund_RajpurRD_D (Chhattisgarh)
IND160102AAD,IND160002AAC,12,1.5900735294117647,0.08333333333333333,1.0,10.750133689839586,10.750133689839586,52.5,34.0,43.6608,0.0,0.0032391556263949455,1,0,0,Chandigarh_Raiprkln_C (Chandigarh),Chandigarh_Mehmdpur_H (Punjab),Chandigarh_Raiprkln_C (Chandigarh) -> Chandigarh_Mehmdpur_H (Punjab)
IND201204AAA,IND250002AAA,6,1.6428571428571428,0.16666666666666666,0.8333333333333334,10.73809523809524,10.73809523809524,34.5,21.0,23.08345,1.0,0.0032355282837194183,1,0,0,Modinagar_SikriKla_DC (Uttar Pradesh),Meerut (Uttar Pradesh),Modinagar_SikriKla_DC (Uttar Pradesh) -> Meerut (Uttar Pradesh)
IND415409AAB,IND415124AAA,13,1.6666666666666667,0.23076923076923078,0.8461538461538461,10.71428571428573,10.71428571428573,40.0,23.0,29.9273,1.0,0.0032283541633564075,1,0,0,Islampur_Shantanu_D (Maharashtra),Karad_Mundhe_D (Maharashtra),Islampur_Shantanu_D (Maharashtra) -> Karad_Mundhe_D (Maharashtra)
IND362720AAA,IND362560AAA,17,2.0,0.17647058823529413,1.0,10.693697478991623,10.693697478991623,54.0,28.0,39.1055,0.0,0.0032221506592778047,1,0,0,Kodinar_NCplxDPP_D (Gujarat),Una_Mamlatdr_DC (Gujarat),Kodinar_NCplxDPP_D (Gujarat) -> Una_Mamlatdr_DC (Gujarat)
IND206001AAA,IND000000ACB,20,1.9594093910491561,0.1,1.0,10.61066193853435,10.61066193853435,457.5,233.0,310.43625,1.0,0.0031971309668885712,1,0,0,Etawah_MhraChng_D (Uttar Pradesh),Gurgaon_Bilaspur_HB (Haryana),Etawah_MhraChng_D (Uttar Pradesh) -> Gurgaon_Bilaspur_HB (Haryana)
IND627756AAA,IND626117AAA,17,1.6551724137931034,0.058823529411764705,1.0,10.562605042016813,10.562605042016813,48.0,29.0,31.2303,1.0,0.0031826507965732023,1,0,0,Sankaran_Kovil_D (Tamil Nadu),Rajpalayam_AshkTalk_D (Tamil Nadu),Sankaran_Kovil_D (Tamil Nadu) -> Rajpalayam_AshkTalk_D (Tamil Nadu)
IND175101AAA,IND160002AAC,4,2.2825844205408004,0.25,1.0,10.525000000000205,10.525000000000205,607.0,264.5,284.94085,1.0,0.0031713199064705017,1,0,0,Kullu_AkhraBzr_D (Himachal Pradesh),Chandigarh_Mehmdpur_H (Punjab),Kullu_AkhraBzr_D (Himachal Pradesh) -> Chandigarh_Mehmdpur_H (Punjab)
IND509358AAA,IND508248AAB,8,2.2000907441016335,0.375,1.0,10.415948275862064,10.415948275862064,126.5,58.0,82.47475,1.0,0.0031384611982905298,1,0,0,Kadthal_GndhiDPP_D (Telangana),Devarakonda_DindiRD_D (Telangana),Kadthal_GndhiDPP_D (Telangana) -> Devarakonda_DindiRD_D (Telangana)
IND413531AAA,IND413517AAA,4,2.578557312252965,0.5,1.0,10.386363636363669,10.386363636363669,116.0,46.0,65.23055,0.0,0.0031295469601748988,1,0,0,Latur_Srnwsngr_D (Maharashtra),Udgir_NlgaonRd_D (Maharashtra),Latur_Srnwsngr_D (Maharashtra) -> Udgir_NlgaonRd_D (Maharashtra)
IND000000ACB,IND122015AAC,2,2.4449579831932775,0.5,1.0,10.382983193277326,10.382983193277326,84.5,34.5,35.485749999999996,0.0,0.0031285283885404656,1,0,0,Gurgaon_Bilaspur_HB (Haryana),IND122015AAC,Gurgaon_Bilaspur_HB (Haryana) -> IND122015AAC
IND131028AAB,IND250609AAA,1,2.9545454545454546,1.0,1.0,10.375000000000007,10.375000000000007,65.0,22.0,24.9115,1.0,0.0031261229481834526,1,0,0,Sonipat_Kundli_H (Haryana),Baghpat_Barout_D (Uttar Pradesh),Sonipat_Kundli_H (Haryana) -> Baghpat_Barout_D (Uttar Pradesh)
IND201005AAA,IND201007AAA,1,3.2857142857142856,1.0,1.0,10.350000000000009,10.350000000000009,46.0,14.0,10.9884,0.0,0.0031185901218022884,1,0,0,Ghaziabad_RjndrNgr_DC (Uttar Pradesh),GZB_Mohan_Nagar_DPC (Uttar Pradesh),Ghaziabad_RjndrNgr_DC (Uttar Pradesh) -> GZB_Mohan_Nagar_DPC (Uttar Pradesh)
IND577501AAA,IND577002AAA,10,1.692764857881137,0.1,1.0,10.292971576227387,10.292971576227387,74.0,44.0,61.3275,1.0,0.003101406713199462,1,0,0,Chitradurga_DC (Karnataka),Davangere_Central_I_1 (Karnataka),Chitradurga_DC (Karnataka) -> Davangere_Central_I_1 (Karnataka)
IND000000AFT,IND410206AAB,1,3.1176470588235294,1.0,1.0,10.25833333333334,10.25833333333334,53.0,17.0,20.5299,0.0,0.0030909697584046826,1,0,0,Mumbai_Sanpada_I (Maharashtra),Mumbai_Panvel_D (Maharashtra),Mumbai_Sanpada_I (Maharashtra) -> Mumbai_Panvel_D (Maharashtra)
IND732138AAA,IND733140AAA,2,2.500598086124402,0.5,1.0,10.241666666666674,10.241666666666674,103.0,41.0,48.24595,0.0,0.003085947874150573,1,0,0,Bamangola_Central_D_1 (West Bengal),Gangarampr_FulbaDPP_D (West Bengal),Bamangola_Central_D_1 (West Bengal) -> Gangarampr_FulbaDPP_D (West Bengal)
IND388121AAA,IND388620AAB,11,1.558139534883721,0.09090909090909091,1.0,10.226965212377479,10.226965212377479,68.0,44.0,54.1935,0.0,0.0030815181340421273,1,0,0,Anand_VUNagar_DC (Gujarat),Khambhat_MotvdDPP_D (Gujarat),Anand_VUNagar_DC (Gujarat) -> Khambhat_MotvdDPP_D (Gujarat)
IND232104AAB,IND232327AAA,1,2.5714285714285716,1.0,1.0,10.200000000000017,10.200000000000017,162.0,63.0,67.4706,0.0,0.003073393163515301,1,0,0,Chandauli_ShubsNGR_D (Uttar Pradesh),Gahmar_Wardnor4_D (Uttar Pradesh),Chandauli_ShubsNGR_D (Uttar Pradesh) -> Gahmar_Wardnor4_D (Uttar Pradesh)
IND211010AAB,IND211002AAB,1,4.0,1.0,1.0,10.200000000000001,10.200000000000001,24.0,6.0,9.8043,0.0,0.003073393163515296,1,0,0,Allahabad_Mirapati_L (Uttar Pradesh),Allahabad_Central_H_1 (Uttar Pradesh),Allahabad_Mirapati_L (Uttar Pradesh) -> Allahabad_Central_H_1 (Uttar Pradesh)
IND370201AAA,IND363330AAB,8,1.4142857142857141,0.125,1.0,10.166666666666686,10.166666666666686,189.5,134.0,137.74325,1.0,0.0030633493950070817,1,0,0,Gandhidham_Sector1A_IP (Gujarat),Halvad_CrossRD_D (Gujarat),Gandhidham_Sector1A_IP (Gujarat) -> Halvad_CrossRD_D (Gujarat)
IND503185AAA,IND503187AAA,19,1.5,0.10526315789473684,1.0,10.13815789473685,10.13815789473685,42.0,28.0,32.2086,1.0,0.0030547593298355744,1,0,0,Bodhan_SuryaDPP_D (Telangana),Banswada_Menagrdn_D (Telangana),Bodhan_SuryaDPP_D (Telangana) -> Banswada_Menagrdn_D (Telangana)
IND642126AAA,IND642001AAA,17,1.3870967741935485,0.058823529411764705,0.8823529411764706,10.108159392789375,10.108159392789375,42.0,30.0,30.2969,0.0,0.00304572038956096,1,0,0,Udumalpet_Artclgrd_D (Tamil Nadu),Pollachi_Venkatsa_DC (Tamil Nadu),Udumalpet_Artclgrd_D (Tamil Nadu) -> Pollachi_Venkatsa_DC (Tamil Nadu)
IND754211AAA,IND754202AAA,1,2.606060606060606,1.0,1.0,10.100000000000009,10.100000000000009,86.0,33.0,36.1261,1.0,0.003043261857990639,1,0,0,Kendrpara_Kapleswr_D (Orissa),Cuttack_SliprDPP_DC (Orissa),Kendrpara_Kapleswr_D (Orissa) -> Cuttack_SliprDPP_DC (Orissa)
IND781018AAB,IND781022AAA,9,1.0555555555555556,0.1111111111111111,0.3333333333333333,10.0864864864865,10.0864864864865,38.0,37.0,38.74,0.0,0.0030391900599467674,0,0,0,Guwahati_Hub (Assam),Guwahati_Sixmile (Assam),Guwahati_Hub (Assam) -> Guwahati_Sixmile (Assam)
IND141115AAA,IND000000ACA,14,1.4488095238095238,0.14285714285714285,0.8571428571428571,10.023684210526326,10.023684210526326,42.0,30.0,29.4784,1.0,0.0030202669143007672,1,0,0,Machhiwara_MnBzrDPP_D (Punjab),Ludhiana_MilrGanj_HB (Punjab),Machhiwara_MnBzrDPP_D (Punjab) -> Ludhiana_MilrGanj_HB (Punjab)
IND443301AAA,IND443201AAA,2,2.680947580645161,1.0,1.0,10.004385080645179,10.004385080645179,84.5,31.5,44.5664,1.0,0.003014451834512678,1,0,0,Mehkar_SagarDPP_D (Maharashtra),Chikhli_KKndrDPP_D (Maharashtra),Mehkar_SagarDPP_D (Maharashtra) -> Chikhli_KKndrDPP_D (Maharashtra)
IND303106AAA,IND302014AAA,2,2.287280701754386,0.5,1.0,9.989583333333343,9.989583333333343,133.5,58.5,78.13045,1.0,0.0030099918748071604,1,0,0,Paota_SmClyDPP_D (Rajasthan),Jaipur_Hub (Rajasthan),Paota_SmClyDPP_D (Rajasthan) -> Jaipur_Hub (Rajasthan)
IND563131AAA,IND563125AAB,14,1.8163319238900635,0.07142857142857142,1.0,9.976962209302343,9.976962209302343,79.0,43.0,51.47735,0.0,0.0030061889653647334,1,0,0,Mulbagal_Sunku_D (Karnataka),Chintamani_Central_D_2 (Karnataka),Mulbagal_Sunku_D (Karnataka) -> Chintamani_Central_D_2 (Karnataka)
IND275303AAA,IND276140AAA,4,2.1525735294117645,0.25,1.0,9.952287581699352,9.952287581699352,35.5,16.0,23.16285,1.0,0.0029987541779346043,1,0,0,Dohrighat_AzmrdDPP_D (Uttar Pradesh),Jiyanpur_Central_DPP_1 (Uttar Pradesh),Dohrighat_AzmrdDPP_D (Uttar Pradesh) -> Jiyanpur_Central_DPP_1 (Uttar Pradesh)
IND207247AAB,IND205001AAB,10,2.2685185185185186,0.2,1.0,9.899999999999977,9.899999999999977,122.5,54.0,51.43945,1.0,0.0029829992469413095,1,0,0,Aliganj_KaimgnjRD_D (Uttar Pradesh),Mainpuri_Agraroad_I (Uttar Pradesh),Aliganj_KaimgnjRD_D (Uttar Pradesh) -> Mainpuri_Agraroad_I (Uttar Pradesh)
IND382721AAA,IND382430AAB,15,2.731707317073171,0.2,1.0,9.840225563909897,9.840225563909897,109.0,41.0,43.8054,0.0,0.002964988428977365,1,0,0,Gandhinagar_Kalol_DC (Gujarat),Ahmedabad_East_H_1 (Gujarat),Gandhinagar_Kalol_DC (Gujarat) -> Ahmedabad_East_H_1 (Gujarat)
IND736146AAA,IND736135AAA,8,1.631578947368421,0.25,1.0,9.837246963562762,9.837246963562762,93.0,57.0,52.1802,1.0,0.0029640909378064115,1,0,0,Mathabhang_Pshimpra_D (West Bengal),Dinhata_WrdN4DPP_D (West Bengal),Mathabhang_Pshimpra_D (West Bengal) -> Dinhata_WrdN4DPP_D (West Bengal)
IND562117AAA,IND562132AAA,10,1.1562812187812188,0.1,0.4,9.829191641691665,9.829191641691665,104.5,90.0,85.4873,1.0,0.0029616637641624362,0,0,0,Kanakapura_VaniThtr_D (Karnataka),Bangalore_Nelmngla_H (Karnataka),Kanakapura_VaniThtr_D (Karnataka) -> Bangalore_Nelmngla_H (Karnataka)
IND302014AAA,IND305001AAC,14,2.514150943396227,0.14285714285714285,1.0,9.822429906542084,9.822429906542084,269.5,107.0,144.8116,1.0,0.0029596263650857476,1,0,0,Jaipur_Hub (Rajasthan),Ajmer_FoySGRRD_I (Rajasthan),Jaipur_Hub (Rajasthan) -> Ajmer_FoySGRRD_I (Rajasthan)
IND574211AAA,IND574202AAA,5,2.473684210526316,0.4,1.0,9.822368421052644,9.822368421052644,47.0,19.0,26.3832,1.0,0.0029596078387050715,1,0,0,Bantwal_Trmltmpl_D (Karnataka),Puttur_Darbe_DC (Karnataka),Bantwal_Trmltmpl_D (Karnataka) -> Puttur_Darbe_DC (Karnataka)
IND125047AAB,IND125050AAA,1,2.7142857142857144,1.0,1.0,9.708333333333329,9.708333333333329,95.0,35.0,44.6977,1.0,0.0029252475780190503,1,0,0,Hisar_AgrohDPP_D (Haryana),Fatehabad_SirsaDPP_D (Haryana),Hisar_AgrohDPP_D (Haryana) -> Fatehabad_SirsaDPP_D (Haryana)
IND231208AAA,IND231217AAA,6,1.8070652173913042,0.16666666666666666,1.0,9.704545454545467,9.704545454545467,42.5,23.5,33.65495,1.0,0.0029241062406885764,1,0,0,Duddhi_MChwkDPP_D (Uttar Pradesh),Renukoot_Govind_D (Uttar Pradesh),Duddhi_MChwkDPP_D (Uttar Pradesh) -> Renukoot_Govind_D (Uttar Pradesh)
IND341306AAA,IND302014AAA,4,2.3205882352941174,0.25,1.0,9.672794117647072,9.672794117647072,394.5,170.5,216.50555000000003,1.0,0.0029145391483595567,1,0,0,Sujangarh_LdnunDPP_D (Rajasthan),Jaipur_Hub (Rajasthan),Sujangarh_LdnunDPP_D (Rajasthan) -> Jaipur_Hub (Rajasthan)
IND384205AAA,IND384170AAA,6,1.25,0.16666666666666666,0.6666666666666666,9.63650793650794,9.63650793650794,35.0,28.0,28.23955,1.0,0.0029036056482572934,1,0,0,Mehsana_Panchot_IP (Gujarat),Unjha_DC (Gujarat),Mehsana_Panchot_IP (Gujarat) -> Unjha_DC (Gujarat)
IND331022A1B,IND331001A1C,1,2.6122448979591835,1.0,1.0,9.550000000000011,9.550000000000011,128.0,49.0,60.9205,1.0,0.002877539677605011,1,0,0,IND331022A1B,IND331001A1C,IND331022A1B -> IND331001A1C
IND607001AAA,IND608001AAA,11,1.8571428571428572,0.2727272727272727,1.0,9.500000000000014,9.500000000000014,53.0,28.0,39.5553,1.0,0.0028624740248426816,1,0,0,Cuddalore_KtsiGrsm_D (Tamil Nadu),Chidambaram_ARBNorth_DC (Tamil Nadu),Cuddalore_KtsiGrsm_D (Tamil Nadu) -> Chidambaram_ARBNorth_DC (Tamil Nadu)
IND742101AAC,IND742202AAA,1,2.566666666666667,1.0,1.0,9.483333333333348,9.483333333333348,154.0,60.0,83.81660000000001,1.0,0.002857452140588572,1,0,0,Baharampur_Chuanpur_I (West Bengal),Dhulian_RatanDPP_D (West Bengal),Baharampur_Chuanpur_I (West Bengal) -> Dhulian_RatanDPP_D (West Bengal)
IND152123AAA,IND152026AAA,1,2.480769230769231,1.0,1.0,9.400000000000006,9.400000000000006,129.0,52.0,62.9841,1.0,0.0028323427193180195,1,0,0,Fazilka_GndhiChk_D (Punjab),Muktsar_DPC (Punjab),Fazilka_GndhiChk_D (Punjab) -> Muktsar_DPC (Punjab)
IND333042AAA,IND333031AAA,13,1.605263157894737,0.07692307692307693,1.0,9.341655420602791,9.341655420602791,118.0,73.0,82.6429,1.0,0.002814762735842767,1,0,0,Nawalgarh_NavldiDPP_D (Rajasthan),Pilani (Rajasthan),Nawalgarh_NavldiDPP_D (Rajasthan) -> Pilani (Rajasthan)
IND583201AAA,IND583227AAA,16,2.0,0.125,1.0,9.300000000000011,9.300000000000011,61.0,30.0,27.62415,0.0,0.0028022114137933613,1,0,0,Hospet (Karnataka),Gangavathi_PhrmPlza_D (Karnataka),Hospet (Karnataka) -> Gangavathi_PhrmPlza_D (Karnataka)
IND741121AAA,IND741201AAC,1,2.789473684210526,1.0,1.0,9.300000000000004,9.300000000000004,53.0,19.0,20.7476,1.0,0.002802211413793359,1,0,0,Badkulla_Central_DPP_1 (West Bengal),Ranaghat_ArickDPP_D (West Bengal),Badkulla_Central_DPP_1 (West Bengal) -> Ranaghat_ArickDPP_D (West Bengal)
IND412210AAC,IND411033AAA,2,2.4761904761904763,0.5,1.0,9.242857142857133,9.242857142857133,156.0,63.0,82.65045,1.0,0.002784993524922121,1,0,0,Shirur_Central_DPP_3 (Maharashtra),Pune_Tathawde_H (Maharashtra),Shirur_Central_DPP_3 (Maharashtra) -> Pune_Tathawde_H (Maharashtra)
IND695541AAA,IND695012AAA,1,3.1333333333333333,1.0,1.0,9.241666666666674,9.241666666666674,47.0,15.0,14.8704,0.0,0.0027846348189039753,1,0,0,Nedumangad_Arsprmbu_D (Kerala),Trivandrum_Mnanthla_H (Kerala),Nedumangad_Arsprmbu_D (Kerala) -> Trivandrum_Mnanthla_H (Kerala)
IND442101AAB,IND445001AAB,12,2.1998577524893315,0.25,1.0,9.224342105263162,9.224342105263162,82.5,37.0,52.046800000000005,1.0,0.002779414702376676,1,0,0,Deoli_Central_DPP_2 (Maharashtra),Yavatmal_JajuDPP_D (Maharashtra),Deoli_Central_DPP_2 (Maharashtra) -> Yavatmal_JajuDPP_D (Maharashtra)
IND414001AAA,IND411033AAA,1,2.480769230769231,1.0,1.0,9.216666666666697,9.216666666666697,258.0,104.0,140.2953,1.0,0.002777101992522817,1,0,0,AhmedNagar_DC (Maharashtra),Pune_Tathawde_H (Maharashtra),AhmedNagar_DC (Maharashtra) -> Pune_Tathawde_H (Maharashtra)
IND631102AAA,IND600056AAB,12,2.0707196029776673,0.08333333333333333,1.0,9.19813165961179,9.19813165961179,128.5,62.0,76.02340000000001,1.0,0.002771517152918086,1,0,0,Sholinghur_ArkonmRD_D (Tamil Nadu),MAA_Poonamallee_HB (Tamil Nadu),Sholinghur_ArkonmRD_D (Tamil Nadu) -> MAA_Poonamallee_HB (Tamil Nadu)
IND515761AAA,IND515004AAA,19,1.7735849056603774,0.10526315789473684,1.0,9.183912611718014,9.183912611718014,94.0,53.0,57.668,1.0,0.002767232768154515,1,0,0,Kalyandurg_Shankrpa_D (Andhra Pradesh),Anantapur_KamaStrt_I (Andhra Pradesh),Kalyandurg_Shankrpa_D (Andhra Pradesh) -> Anantapur_KamaStrt_I (Andhra Pradesh)
IND680012AAA,IND679303AAA,11,1.4385964912280702,0.09090909090909091,1.0,9.132748538011697,9.132748538011697,81.0,56.0,54.9834,0.0,0.002751816364787202,1,0,0,Arimbur_Veluthur_D (Kerala),Sankaramangalam_Central_D_1 (Kerala),Arimbur_Veluthur_D (Kerala) -> Sankaramangalam_Central_D_1 (Kerala)
IND301705AAA,IND123001AAA,1,2.7586206896551726,1.0,1.0,9.083333333333329,9.083333333333329,80.0,29.0,41.584,1.0,0.0027369269184899267,1,0,0,Neemrana_Rcocmplx_D (Rajasthan),Narnaul_DC (Haryana),Neemrana_Rcocmplx_D (Rajasthan) -> Narnaul_DC (Haryana)
IND396321AAA,IND396001AAA,8,1.455026455026455,0.125,1.0,8.996103896103897,8.996103896103897,40.0,26.5,25.732750000000003,0.0,0.0027106435502508856,1,0,0,Bilimora_DC (Gujarat),Valsad_DC (Gujarat),Bilimora_DC (Gujarat) -> Valsad_DC (Gujarat)
IND562132AAA,IND683511AAA,2,2.2917642466822796,0.5,1.0,8.965476190476238,8.965476190476238,977.5,426.5,483.7976,1.0,0.0027014150226930224,1,0,0,Bangalore_Nelmngla_H (Karnataka),Aluva_Peedika_H (Kerala),Bangalore_Nelmngla_H (Karnataka) -> Aluva_Peedika_H (Kerala)
IND331507AAA,IND302014AAA,3,2.4011976047904193,0.3333333333333333,1.0,8.952282934131745,8.952282934131745,401.0,166.0,215.9508,1.0,0.0026974397223152114,1,0,0,Sujangarh_JngidDPP_D (Rajasthan),Jaipur_Hub (Rajasthan),Sujangarh_JngidDPP_D (Rajasthan) -> Jaipur_Hub (Rajasthan)
IND533308AAB,IND533003AAA,15,1.6097560975609757,0.13333333333333333,1.0,8.921611721611725,8.921611721611725,66.0,41.0,43.552800000000005,1.0,0.002688198085562687,1,0,0,Mandapeta_Mainrd_D (Andhra Pradesh),Kakinada_DC (Andhra Pradesh),Mandapeta_Mainrd_D (Andhra Pradesh) -> Kakinada_DC (Andhra Pradesh)
IND573201AAB,IND573134AAB,3,1.6774193548387097,0.3333333333333333,1.0,8.851612903225814,8.851612903225814,52.0,32.0,43.0938,1.0,0.0026671065277311763,1,0,0,Hassan_Pandrnga_I (Karnataka),Sakleshpur_RgvdrDPP_D (Karnataka),Hassan_Pandrnga_I (Karnataka) -> Sakleshpur_RgvdrDPP_D (Karnataka)
IND756019AAA,IND757001AAA,1,2.608695652173913,1.0,1.0,8.833333333333343,8.833333333333343,120.0,46.0,65.5301,1.0,0.002661598654678282,1,0,0,Balasore_Ganeshwr_D (Orissa),Baripada_KalikDPP_D (Orissa),Balasore_Ganeshwr_D (Orissa) -> Baripada_KalikDPP_D (Orissa)
IND680712AAA,IND683511AAA,9,1.6578947368421053,0.1111111111111111,1.0,8.82153110047848,8.82153110047848,63.0,38.0,41.6721,0.0,0.0026580424878380514,1,0,0,Irinjlkuda_Greens_D (Kerala),Aluva_Peedika_H (Kerala),Irinjlkuda_Greens_D (Kerala) -> Aluva_Peedika_H (Kerala)
IND785682AAA,IND786001AAB,10,2.1179315476190474,0.1,1.0,8.794320436507945,8.794320436507945,135.5,63.0,88.27799999999999,1.0,0.002649843559541801,1,0,0,Sivasagar_Babupaty_D (Assam),Dibrugarh_Bokule_H (Assam),Sivasagar_Babupaty_D (Assam) -> Dibrugarh_Bokule_H (Assam)
IND621212AAA,IND621704AAA,16,1.5553359683794468,0.125,1.0,8.790625000000006,8.790625000000006,35.5,23.0,30.62555,1.0,0.002648730076277124,1,0,0,Perambalur_goplpurm_D (Tamil Nadu),Ariyalur_Kmrajngr_D (Tamil Nadu),Perambalur_goplpurm_D (Tamil Nadu) -> Ariyalur_Kmrajngr_D (Tamil Nadu)
IND209304AAA,IND211002AAB,21,1.5755395683453237,0.047619047619047616,0.9047619047619048,8.78684210526319,8.78684210526319,240.0,139.0,196.4566,1.0,0.002647590240706298,1,0,0,Kanpur_Central_H_6 (Uttar Pradesh),Allahabad_Central_H_1 (Uttar Pradesh),Kanpur_Central_H_6 (Uttar Pradesh) -> Allahabad_Central_H_1 (Uttar Pradesh)
IND416510AAA,IND416606AAA,14,2.0842198581560285,0.14285714285714285,1.0,8.721112929623615,8.721112929623615,96.5,45.0,47.32905,0.0,0.0026277851819754973,1,0,0,Sawantwadi_LaxmiNgr_D (Maharashtra),Malvan_BllvMarg_D (Maharashtra),Sawantwadi_LaxmiNgr_D (Maharashtra) -> Malvan_BllvMarg_D (Maharashtra)
IND600116AAB,IND600056AAB,3,2.111111111111111,0.3333333333333333,1.0,8.631527093596063,8.631527093596063,57.0,28.0,32.2173,0.0,0.0026007918000152145,1,0,0,Chennai_Porur_DPC (Tamil Nadu),MAA_Poonamallee_HB (Tamil Nadu),Chennai_Porur_DPC (Tamil Nadu) -> MAA_Poonamallee_HB (Tamil Nadu)
IND731204AAB,IND731301AAA,13,2.4285714285714284,0.3076923076923077,1.0,8.615178571428615,8.615178571428615,51.0,21.0,19.0581,1.0,0.002595865776852174,1,0,0,Bolpur_WebelDPP_D (West Bengal),Nanoor_Central_DPP_1 (West Bengal),Bolpur_WebelDPP_D (West Bengal) -> Nanoor_Central_DPP_1 (West Bengal)
IND222125AAB,IND222001AAA,1,2.7777777777777777,1.0,1.0,8.600000000000001,8.600000000000001,50.0,18.0,26.3353,1.0,0.00259129227512074,1,0,0,Badlapur_Bhaluahi_D (Uttar Pradesh),Jaunpur_Katghara_D (Uttar Pradesh),Badlapur_Bhaluahi_D (Uttar Pradesh) -> Jaunpur_Katghara_D (Uttar Pradesh)
IND643001AAA,IND643212AAA,6,2.5,0.5,1.0,8.381107862248285,8.381107862248285,86.0,36.0,49.01245,0.0,0.0025253372163253113,1,0,0,Ooty_Davisdle_D (Tamil Nadu),Gudalur_kalmpuza_D (Tamil Nadu),Ooty_Davisdle_D (Tamil Nadu) -> Gudalur_kalmpuza_D (Tamil Nadu)
IND743235AAA,IND743270AAA,6,2.1,0.3333333333333333,1.0,8.355555555555547,8.355555555555547,35.5,17.5,18.13735,1.0,0.0025176379727271246,1,0,0,Bongaon_SukntDPP_D (West Bengal),Helencha_ColnyDPP_D (West Bengal),Bongaon_SukntDPP_D (West Bengal) -> Helencha_ColnyDPP_D (West Bengal)
IND360410AAA,IND360490AAA,2,2.8241758241758244,1.0,1.0,8.326923076923087,8.326923076923087,38.0,13.5,17.15215,1.0,0.002509010633111095,1,0,0,Dhoraji_JmnvadRd_DC (Gujarat),Upleta_AdrshSt_DC (Gujarat),Dhoraji_JmnvadRd_DC (Gujarat) -> Upleta_AdrshSt_DC (Gujarat)
IND273014AAB,IND274301AAB,1,2.6486486486486487,1.0,1.0,8.299999999999997,8.299999999999997,98.0,37.0,52.5431,1.0,0.0025008983585467597,1,0,0,Gorakhpur_Matriprm_IP (Uttar Pradesh),Kaptanganj_Subshngr_D (Uttar Pradesh),Gorakhpur_Matriprm_IP (Uttar Pradesh) -> Kaptanganj_Subshngr_D (Uttar Pradesh)
IND712311AAA,IND713103AAA,6,2.1633547632963177,0.16666666666666666,1.0,8.25438871473358,8.25438871473358,126.5,59.0,82.56360000000001,1.0,0.002487155082829411,1,0,0,Kolkata_Dankuni_HB (West Bengal),Bardhaman_Bankura_D (West Bengal),Kolkata_Dankuni_HB (West Bengal) -> Bardhaman_Bankura_D (West Bengal)
IND423109AAA,IND423701AAB,1,2.6153846153846154,1.0,1.0,8.200000000000003,8.200000000000003,68.0,26.0,37.5551,0.0,0.002470767053022101,1,0,0,Shirdi_SaiBansi_D (Maharashtra),Vaijiapur_YeolaRD_D (Maharashtra),Shirdi_SaiBansi_D (Maharashtra) -> Vaijiapur_YeolaRD_D (Maharashtra)
IND630561AAA,IND623407AAA,15,1.78125,0.06666666666666667,1.0,8.176660156250009,8.176660156250009,57.0,32.0,46.7015,0.0,0.0024637344533928124,1,0,0,Sivaganga_Wardno3_D (Tamil Nadu),Thiruvadanai_RamnadRD_D (Tamil Nadu),Sivaganga_Wardno3_D (Tamil Nadu) -> Thiruvadanai_RamnadRD_D (Tamil Nadu)
IND221401AAA,IND221303AAA,2,2.71875,0.5,1.0,8.13333333333334,8.13333333333334,43.5,16.0,17.918,1.0,0.0024506795160056626,1,0,0,Bhadohi_Rajpura_D (Uttar Pradesh),Gopiganj_Wardno13_D (Uttar Pradesh),Bhadohi_Rajpura_D (Uttar Pradesh) -> Gopiganj_Wardno13_D (Uttar Pradesh)
IND632006AAA,IND632301AAA,14,1.935483870967742,0.14285714285714285,1.0,8.11875000000002,8.11875000000002,61.0,32.0,39.94695,1.0,0.002446285367283321,1,0,0,Vellore_GndhiNgr_IP (Tamil Nadu),Arani_KrthiKyn_D (Tamil Nadu),Vellore_GndhiNgr_IP (Tamil Nadu) -> Arani_KrthiKyn_D (Tamil Nadu)
IND515134AAA,IND515201AAA,15,1.631578947368421,0.13333333333333333,1.0,8.116890707188773,8.116890707188773,96.0,58.0,62.645900000000005,0.0,0.0024457251380857656,1,0,0,Puttaprthi_Gokulam_D (Andhra Pradesh),Hindupur_Parigi_D (Andhra Pradesh),Puttaprthi_Gokulam_D (Andhra Pradesh) -> Hindupur_Parigi_D (Andhra Pradesh)
IND854105AAA,IND853204AAA,2,2.4876923076923076,0.5,1.0,8.067428571428565,8.067428571428565,127.0,51.0,72.029,1.0,0.0024308215508408353,1,0,0,Katihar_Shyndco_D (Bihar),Naugchia_Vijayght_D (Bihar),Katihar_Shyndco_D (Bihar) -> Naugchia_Vijayght_D (Bihar)
IND572201AAB,IND577101AAA,1,2.4025974025974026,1.0,1.0,7.900000000000006,7.900000000000006,185.0,77.0,92.4324,1.0,0.002380373136448123,1,0,0,Tiptur_YTRd_D (Karnataka),Chikmagalur_DC (Karnataka),Tiptur_YTRd_D (Karnataka) -> Chikmagalur_DC (Karnataka)
IND843109AAB,IND842001AAA,2,2.65,0.5,1.0,7.86428571428571,7.86428571428571,26.5,10.0,14.592749999999999,0.0,0.0023696119559035987,1,0,0,Kanti_Central_DPP_2 (Bihar),Muzaffrpur_Bbganj_I (Bihar),Kanti_Central_DPP_2 (Bihar) -> Muzaffrpur_Bbganj_I (Bihar)
IND781014AAA,IND781102AAA,4,2.3153594771241828,0.25,1.0,7.860294117647065,7.860294117647065,40.5,17.5,22.766849999999998,0.0,0.0023684092357250967,1,0,0,Guwahati_Jalukbari (Assam),Hajo_Sardala_D (Assam),Guwahati_Jalukbari (Assam) -> Hajo_Sardala_D (Assam)
IND501359AAE,IND500008AAC,19,1.8571428571428572,0.10526315789473684,1.0,7.843181818181826,7.843181818181826,39.0,21.0,26.9101,0.0,0.0023632530764909304,1,0,0,Hyderabad_Shamshbd_H (Telangana),Hyderabad_Tolichwk_I (Telangana),Hyderabad_Shamshbd_H (Telangana) -> Hyderabad_Tolichwk_I (Telangana)
IND110083AAA,IND110085AAB,1,2.9411764705882355,1.0,1.0,7.833333333333343,7.833333333333343,50.0,17.0,14.7983,0.0,0.002360285599431684,1,0,0,Delhi_Mangol_DC (Delhi),Delhi_Rohini_DPC (Delhi),Delhi_Mangol_DC (Delhi) -> Delhi_Rohini_DPC (Delhi)
IND503187AAA,IND503122AAA,20,1.5384615384615385,0.05,1.0,7.746153846153845,7.746153846153845,40.0,26.0,28.482799999999997,1.0,0.0023340172817947983,1,0,0,Banswada_Menagrdn_D (Telangana),Yellareddy_JKRoad_D (Telangana),Banswada_Menagrdn_D (Telangana) -> Yellareddy_JKRoad_D (Telangana)
IND732103AAB,IND733128AAA,6,2.282608695652174,0.5,1.0,7.67333333333336,7.67333333333336,105.0,46.0,62.049350000000004,0.0,0.0023120755105922337,1,0,0,Malda_Central_I_3 (West Bengal),Itahar_NatunDPP_D (West Bengal),Malda_Central_I_3 (West Bengal) -> Itahar_NatunDPP_D (West Bengal)
IND362150AAA,IND362001AAA,11,1.626865671641791,0.09090909090909091,1.0,7.634328358208961,7.634328358208961,109.0,67.0,67.7088,0.0,0.0023003228023676836,1,0,0,Talala_SsnRdDPP_D (Gujarat),Junagadh_DPC (Gujarat),Talala_SsnRdDPP_D (Gujarat) -> Junagadh_DPC (Gujarat)
IND110064AAA,IND110046AAA,1,3.0,1.0,1.0,7.625,7.625,45.0,15.0,13.586200000000002,0.0,0.002297512046255307,1,0,0,Delhi_Mayapuri_PC (Delhi),Delhi_Lajwanti (Delhi),Delhi_Mayapuri_PC (Delhi) -> Delhi_Lajwanti (Delhi)
IND581325AAA,IND580028AAA,14,1.9196504688832055,0.07142857142857142,1.0,7.621310629514966,7.621310629514966,132.5,68.0,77.76525000000001,1.0,0.0022964003907625244,1,0,0,Dandeli_RKComplx_D (Karnataka),Hubli_Adargchi_IP (Karnataka),Dandeli_RKComplx_D (Karnataka) -> Hubli_Adargchi_IP (Karnataka)
IND736135AAA,IND736165AAA,5,2.5526315789473686,0.4,1.0,7.521052631578968,7.521052631578968,96.0,37.0,38.8109,1.0,0.002266191347091522,1,0,0,Dinhata_WrdN4DPP_D (West Bengal),Pundibari_StatonRD_D (West Bengal),Dinhata_WrdN4DPP_D (West Bengal) -> Pundibari_StatonRD_D (West Bengal)
IND363421AAB,IND364710AAA,13,1.8974358974358974,0.15384615384615385,1.0,7.514285714285734,7.514285714285734,74.0,38.0,54.457800000000006,1.0,0.0022641523865672966,1,0,0,Limbdi_Busstand_D (Gujarat),Botad_DC (Gujarat),Limbdi_Busstand_D (Gujarat) -> Botad_DC (Gujarat)
IND768004AAD,IND768028AAB,1,2.53125,1.0,1.0,7.400000000000006,7.400000000000006,81.0,32.0,44.0923,1.0,0.002229716608824824,1,0,0,Sambalpur_Central_H_2 (Orissa),Bargarh_GurpdDPP_D (Orissa),Sambalpur_Central_H_2 (Orissa) -> Bargarh_GurpdDPP_D (Orissa)
IND628204AAA,IND627657AAA,17,1.2439024390243902,0.058823529411764705,0.8235294117647058,7.376470588235293,7.376470588235293,51.0,41.0,42.590300000000006,0.0,0.0022226268898778434,1,0,0,Tirchchndr_Shnmgprm_D (Tamil Nadu),Thisayanvilai_UdnkdiRD_D (Tamil Nadu),Tirchchndr_Shnmgprm_D (Tamil Nadu) -> Thisayanvilai_UdnkdiRD_D (Tamil Nadu)
IND110085AAB,IND110039AAA,4,1.7380952380952381,0.5,0.5,7.351322751322755,7.351322751322755,28.5,16.0,13.5774,0.0,0.002215049518304883,1,0,0,Delhi_Rohini_DPC (Delhi),Delhi_Barwala (Delhi),Delhi_Rohini_DPC (Delhi) -> Delhi_Barwala (Delhi)
IND413002AAA,IND413501AAA,21,1.553191489361702,0.047619047619047616,1.0,7.271052631578954,7.271052631578954,74.0,48.0,64.6965,1.0,0.002190863083279868,1,0,0,Solapur_Central_I_2 (Maharashtra),Osmanabad_Kakdepot_D (Maharashtra),Solapur_Central_I_2 (Maharashtra) -> Osmanabad_Kakdepot_D (Maharashtra)
IND277211AAA,IND277201AAA,5,2.5238095238095237,0.4,1.0,7.220105820105829,7.220105820105829,53.0,21.0,23.5575,1.0,0.0021755121438598287,1,0,0,Sahatwar_PnchmDPP_D (Uttar Pradesh),Bariya_BgnprDPP_D (Uttar Pradesh),Sahatwar_PnchmDPP_D (Uttar Pradesh) -> Bariya_BgnprDPP_D (Uttar Pradesh)
IND679303AAA,IND679531AAA,14,2.564705882352941,0.2857142857142857,1.0,7.158482142857181,7.158482142857181,44.5,16.0,16.738100000000003,0.0,0.0021569441253925085,1,0,0,Sankaramangalam_Central_D_1 (Kerala),Shoranur_KdrShrRd_D (Kerala),Sankaramangalam_Central_D_1 (Kerala) -> Shoranur_KdrShrRd_D (Kerala)
IND532127AAA,IND535591AAA,21,1.6744186046511629,0.047619047619047616,1.0,7.104385964912282,7.104385964912282,71.0,43.0,48.597,1.0,0.0021406442407387676,1,0,0,Rajam_SamathBv_D (Andhra Pradesh),Salur_ward9_D (Andhra Pradesh),Rajam_SamathBv_D (Andhra Pradesh) -> Salur_ward9_D (Andhra Pradesh)
IND792001AAA,IND786001AAB,1,2.4473684210526314,1.0,1.0,7.025000000000034,7.025000000000034,279.0,114.0,152.7519,0.0,0.0021167242131073585,1,0,0,Tezu_Farmnala_D (Arunachal Pradesh),Dibrugarh_Bokule_H (Assam),Tezu_Farmnala_D (Arunachal Pradesh) -> Dibrugarh_Bokule_H (Assam)
IND223101AAB,IND222125AAB,7,2.074074074074074,0.14285714285714285,1.0,6.998660714285734,6.998660714285734,56.0,26.0,29.0356,1.0,0.0021087878424557696,1,0,0,Shahganj_KcharaRD_D (Uttar Pradesh),Badlapur_Bhaluahi_D (Uttar Pradesh),Shahganj_KcharaRD_D (Uttar Pradesh) -> Badlapur_Bhaluahi_D (Uttar Pradesh)
IND733128AAA,IND733129AAB,2,2.479432624113475,1.0,1.0,6.995555555555569,6.995555555555569,114.0,46.0,53.3454,0.0,0.0021078522175917583,1,0,0,Itahar_NatunDPP_D (West Bengal),Kaliyaganj_Central_DPP_1 (West Bengal),Itahar_NatunDPP_D (West Bengal) -> Kaliyaganj_Central_DPP_1 (West Bengal)
IND441614AAA,IND481001AAA,9,2.2962962962962963,0.1111111111111111,1.0,6.98571428571428,6.98571428571428,62.0,27.0,38.9986,1.0,0.002104886914508373,1,0,0,Gondia_RamNgr_D (Maharashtra),Balaghat_Kosmi_D (Madhya Pradesh),Gondia_RamNgr_D (Maharashtra) -> Balaghat_Kosmi_D (Madhya Pradesh)
IND363330AAB,IND363310AAB,8,1.6156156156156156,0.25,0.875,6.862962962962968,6.862962962962968,59.5,37.0,29.61915,1.0,0.002067900338414614,1,0,0,Halvad_CrossRD_D (Gujarat),Dhrangadhra_NvygRDPP_D (Gujarat),Halvad_CrossRD_D (Gujarat) -> Dhrangadhra_NvygRDPP_D (Gujarat)
IND854335AAA,IND852111AAA,17,2.15,0.17647058823529413,1.0,6.817647058823553,6.817647058823553,44.0,20.0,28.4464,1.0,0.0020542460648871053,1,0,0,Narpatganj_Central_DPP_1 (Bihar),Simrahi_Bazar_D (Bihar),Narpatganj_Central_DPP_1 (Bihar) -> Simrahi_Bazar_D (Bihar)
IND500055AAA,IND500010AAA,1,2.933333333333333,1.0,1.0,6.816666666666677,6.816666666666677,44.0,15.0,12.4969,0.0,0.0020539506599309768,1,0,0,Hyd_Trimulgherry_Dc (Telangana),Hyderabad_Alwal_I (Telangana),Hyd_Trimulgherry_Dc (Telangana) -> Hyderabad_Alwal_I (Telangana)
IND517644AAA,IND524132AAA,15,2.1142857142857143,0.2,1.0,6.793214285714356,6.793214285714356,74.0,35.0,45.097,1.0,0.002046884151373426,1,0,0,Sriklahsti_SDKNgr_D (Andhra Pradesh),Venktagiri_TirupthiRd_D (Andhra Pradesh),Sriklahsti_SDKNgr_D (Andhra Pradesh) -> Venktagiri_TirupthiRd_D (Andhra Pradesh)
IND585104AAA,IND586128AAA,15,1.9324324324324325,0.06666666666666667,1.0,6.746476833976857,6.746476833976857,142.0,73.0,92.5224,0.0,0.0020328015469959597,1,0,0,Gulbarga_Nehrugnj_I (Karnataka),Sindagi_KalyanNg_D (Karnataka),Gulbarga_Nehrugnj_I (Karnataka) -> Sindagi_KalyanNg_D (Karnataka)
IND751021AAA,IND751002AAB,1,3.2,1.0,1.0,6.700000000000006,6.700000000000006,32.0,10.0,14.1166,0.0,0.0020187974701522064,1,0,0,Bhubaneswar_Patia (Orissa),Bhubaneshwar_Hub (Orissa),Bhubaneswar_Patia (Orissa) -> Bhubaneshwar_Hub (Orissa)
IND121004AAB,IND121002AAA,1,2.909090909090909,1.0,1.0,6.700000000000003,6.700000000000003,32.0,11.0,10.3547,0.0,0.0020187974701522046,1,0,0,FBD_Balabhgarh_DPC (Haryana),Faridabad_Old (Haryana),FBD_Balabhgarh_DPC (Haryana) -> Faridabad_Old (Haryana)
IND244921AAB,IND243201AAA,2,2.1373626373626373,0.5,1.0,6.638461538461527,6.638461538461527,87.0,40.5,45.5527,0.0,0.0020002551282908717,1,0,0,Bilaspur_GrmNgriya_D (Uttar Pradesh),Baheri_HoliCDPP_D (Uttar Pradesh),Bilaspur_GrmNgriya_D (Uttar Pradesh) -> Baheri_HoliCDPP_D (Uttar Pradesh)
IND401104AAA,IND401209AAA,1,2.761904761904762,1.0,1.0,6.63333333333334,6.63333333333334,58.0,21.0,25.3485,0.0,0.001998709933135766,1,0,0,Mumbai_MiraRd_IP (Maharashtra),Mumbai_Virar_DC (Maharashtra),Mumbai_MiraRd_IP (Maharashtra) -> Mumbai_Virar_DC (Maharashtra)
IND507002AAA,IND508001AAA,1,2.4698795180722892,1.0,1.0,6.625000000000028,6.625000000000028,205.0,83.0,115.3405,1.0,0.001996198991008718,1,0,0,Khammam_NSTRoad_I (Telangana),Nalgonda_HydRoad_DC (Telangana),Khammam_NSTRoad_I (Telangana) -> Nalgonda_HydRoad_DC (Telangana)
IND732204AAB,IND732123AAC,2,1.9086509376890501,0.5,1.0,6.600000000000023,6.600000000000023,110.0,57.5,50.2299,0.0,0.0019886661646275512,1,0,0,Paranpur_Nijgan_D (West Bengal),Chanchal_BargaDPP_D (West Bengal),Paranpur_Nijgan_D (West Bengal) -> Chanchal_BargaDPP_D (West Bengal)
IND302014AAA,IND332404AAA,1,2.413793103448276,1.0,1.0,6.600000000000023,6.600000000000023,140.0,58.0,81.1182,1.0,0.0019886661646275512,1,0,0,Jaipur_Hub (Rajasthan),Reengus_Shop2DPP_D (Rajasthan),Jaipur_Hub (Rajasthan) -> Reengus_Shop2DPP_D (Rajasthan)
IND690548AAA,IND688009AAA,15,1.21875,0.13333333333333333,0.5333333333333333,6.596986607142867,6.596986607142867,38.0,32.0,28.1353,0.0,0.0019877581900191034,1,0,0,Haripad_Kumrpurm_D (Kerala),Alappuzha_Pazhvedu_D (Kerala),Haripad_Kumrpurm_D (Kerala) -> Alappuzha_Pazhvedu_D (Kerala)
IND577002AAA,IND580028AAA,11,1.613861386138614,0.09090909090909091,1.0,6.539665841584167,6.539665841584167,163.0,101.0,140.7195,1.0,0.0019704866950195376,1,0,0,Davangere_Central_I_1 (Karnataka),Hubli_Adargchi_IP (Karnataka),Davangere_Central_I_1 (Karnataka) -> Hubli_Adargchi_IP (Karnataka)
IND495004AAA,IND495671AAA,1,2.558139534883721,1.0,1.0,6.500000000000014,6.500000000000014,110.0,43.0,61.5664,1.0,0.0019585348591028887,1,0,0,Bilaspur_Torwa_DC (Chhattisgarh),Champa_Brplicwk_D (Chhattisgarh),Bilaspur_Torwa_DC (Chhattisgarh) -> Champa_Brplicwk_D (Chhattisgarh)
IND854105AAB,IND851204AAA,4,2.3917693169092944,0.25,1.0,6.477423167848713,6.477423167848713,226.0,95.0,135.0675,1.0,0.0019517321648295906,1,0,0,Katihar_Central_D_2 (Bihar),Khagaria_GodamDPP_D (Bihar),Katihar_Central_D_2 (Bihar) -> Khagaria_GodamDPP_D (Bihar)
IND000000AEM,IND110064AAB,11,2.0925925925925926,0.09090909090909091,1.0,6.473668981481495,6.473668981481495,113.0,55.0,53.1621,0.0,0.0019506009794653192,1,0,0,Gurgaon_Bilaspur_RP (Haryana),KN_RPC (Delhi),Gurgaon_Bilaspur_RP (Haryana) -> KN_RPC (Delhi)
IND517501AAB,IND517583AAA,19,2.1538461538461537,0.10526315789473684,1.0,6.466666666666669,6.466666666666669,56.0,26.0,34.6674,0.0,0.0019484910905946653,1,0,0,Tirupati_Balajicly_I (Andhra Pradesh),Puttur_Artmclny_D (Andhra Pradesh),Tirupati_Balajicly_I (Andhra Pradesh) -> Puttur_Artmclny_D (Andhra Pradesh)
IND533262AAA,IND533201AAA,5,2.0526315789473686,0.2,1.0,6.43553571428572,6.43553571428572,78.0,39.0,46.9324,1.0,0.0019391109282200253,1,0,0,Draksharamam_Anaipeta_D (Andhra Pradesh),Amalapuram_Vijdurg_D (Andhra Pradesh),Draksharamam_Anaipeta_D (Andhra Pradesh) -> Amalapuram_Vijdurg_D (Andhra Pradesh)
IND841226AAB,IND841428AAA,2,2.553030303030303,0.5,1.0,6.402380952380959,6.402380952380959,58.5,23.0,32.21025,0.5,0.001929120965614528,1,0,0,Siwan_HnmntNgr_D (Bihar),Gopalganj_GopalDPP_D (Bihar),Siwan_HnmntNgr_D (Bihar) -> Gopalganj_GopalDPP_D (Bihar)
IND335513AAA,IND335001AAA,6,1.790516206482593,0.16666666666666666,1.0,6.401576994434151,6.401576994434151,89.5,50.0,62.9906,1.0,0.001928878722589286,1,0,0,Hanumangarh_DC (Rajasthan),Ganga Nagar_DC (Rajasthan),Hanumangarh_DC (Rajasthan) -> Ganga Nagar_DC (Rajasthan)
IND583227AAA,IND583231AAA,15,1.6666666666666667,0.06666666666666667,1.0,6.394583333333358,6.394583333333358,65.0,39.0,44.9778,0.0,0.0019267714411956465,1,0,0,Gangavathi_PhrmPlza_D (Karnataka),Koppal_Banikatt_D (Karnataka),Gangavathi_PhrmPlza_D (Karnataka) -> Koppal_Banikatt_D (Karnataka)
IND396321AAA,IND396580AAB,17,1.8666666666666667,0.058823529411764705,1.0,6.295507812500006,6.295507812500006,58.0,32.0,42.9025,0.0,0.0018969186933132012,1,0,0,Bilimora_DC (Gujarat),Vansda_CikhliRD_D (Gujarat),Bilimora_DC (Gujarat) -> Vansda_CikhliRD_D (Gujarat)
IND532001AAB,IND532201AAA,1,2.5609756097560976,1.0,1.0,6.291666666666686,6.291666666666686,105.0,41.0,57.6639,1.0,0.0018957613059265158,1,0,0,Srikakulam_Kuslpram_I (Andhra Pradesh),Tekkali_AmvdiDPP_D (Andhra Pradesh),Srikakulam_Kuslpram_I (Andhra Pradesh) -> Tekkali_AmvdiDPP_D (Andhra Pradesh)
IND396105AAA,IND396191AAC,2,2.1587301587301586,0.5,1.0,6.285714285714288,6.285714285714288,23.0,11.5,14.5899,0.0,0.001893967775835757,1,0,0,Bhilad_Umargaon_DC (Gujarat),Vapi_IndEstat_I (Gujarat),Bhilad_Umargaon_DC (Gujarat) -> Vapi_IndEstat_I (Gujarat)
IND410505AAB,IND411033AAA,2,2.189230769230769,0.5,1.0,6.200000000000003,6.200000000000003,56.0,25.5,24.3627,0.0,0.001868140942528906,1,0,0,Rajgurunagar_Chakan_D (Maharashtra),Pune_Tathawde_H (Maharashtra),Rajgurunagar_Chakan_D (Maharashtra) -> Pune_Tathawde_H (Maharashtra)
IND641008AAA,IND641001AAA,3,2.0588235294117645,0.3333333333333333,1.0,6.0955882352941195,6.0955882352941195,34.0,12.0,12.6194,0.0,0.0018366803147016875,1,0,0,Cjb_Kovaipudur_Dc (Tamil Nadu),Coimbatore_Ukkadam_D (Tamil Nadu),Cjb_Kovaipudur_Dc (Tamil Nadu) -> Coimbatore_Ukkadam_D (Tamil Nadu)
IND140118AAA,IND160002AAC,17,1.6,0.058823529411764705,1.0,6.077777777777811,6.077777777777811,172.0,104.0,108.2867,1.0,0.001831313791332109,1,0,0,AnandprShb_PnjPiara_D (Punjab),Chandigarh_Mehmdpur_H (Punjab),AnandprShb_PnjPiara_D (Punjab) -> Chandigarh_Mehmdpur_H (Punjab)
IND110037AAM,IND000000ACB,12,1.5424418604651162,0.08333333333333333,1.0,6.0714705882353,6.0714705882353,66.5,43.0,44.05995,1.0,0.0018294133527810355,1,0,0,Delhi_Airport_H (Delhi),Gurgaon_Bilaspur_HB (Haryana),Delhi_Airport_H (Delhi) -> Gurgaon_Bilaspur_HB (Haryana)
IND302004AAA,IND302033AAB,1,2.9,1.0,1.0,6.0,6.0,29.0,10.0,12.4162,0.0,0.0018078783314795857,1,0,0,Jaipur_NgrNigam_DC (Rajasthan),Jaipur_Central_D_1 (Rajasthan),Jaipur_NgrNigam_DC (Rajasthan) -> Jaipur_Central_D_1 (Rajasthan)
IND530012AAA,IND531162AAA,7,1.75,0.14285714285714285,1.0,5.99545454545455,5.99545454545455,28.0,16.0,16.0947,0.0,0.0018065087266830116,1,0,0,Visakhapatnam_Gajuwaka_IP (Andhra Pradesh),Vishakhapatnam (Andhra Pradesh),Visakhapatnam_Gajuwaka_IP (Andhra Pradesh) -> Vishakhapatnam (Andhra Pradesh)
IND733140AAA,IND733102AAA,9,1.7826086956521738,0.2222222222222222,1.0,5.926886363636342,5.926886363636342,44.0,24.0,33.376,0.1111111111111111,0.0017858482383266633,1,0,0,Gangarampr_FulbaDPP_D (West Bengal),Balurghat_AkhirDPP_D (West Bengal),Gangarampr_FulbaDPP_D (West Bengal) -> Balurghat_AkhirDPP_D (West Bengal)
IND517501AAB,IND517644AAA,16,2.447619047619048,0.125,1.0,5.871596638655461,5.871596638655461,77.5,32.0,39.90905,1.0,0.00176918872236893,1,0,0,Tirupati_Balajicly_I (Andhra Pradesh),Sriklahsti_SDKNgr_D (Andhra Pradesh),Tirupati_Balajicly_I (Andhra Pradesh) -> Sriklahsti_SDKNgr_D (Andhra Pradesh)
IND574216AAA,IND575004AAB,5,2.4,0.2,1.0,5.859101654846356,5.859101654846356,109.0,47.0,66.5351,0.2,0.0017654238206221517,1,0,0,Dhrmsthala_Beltngdi_D (Karnataka),Mangalore_Kuntikna_H (Karnataka),Dhrmsthala_Beltngdi_D (Karnataka) -> Mangalore_Kuntikna_H (Karnataka)
IND272001AAA,IND273014AAB,5,1.6756756756756757,0.2,0.8,5.845310245310287,5.845310245310287,124.0,77.0,109.1028,1.0,0.0017612682888786817,1,0,0,Basti_GndhiNgr_D (Uttar Pradesh),Gorakhpur_Matriprm_IP (Uttar Pradesh),Basti_GndhiNgr_D (Uttar Pradesh) -> Gorakhpur_Matriprm_IP (Uttar Pradesh)
IND421802AAA,IND411033AAA,7,1.6933333333333334,0.14285714285714285,1.0,5.834888888888912,5.834888888888912,127.0,75.0,80.0409,1.0,0.0017581281981355434,1,0,0,Khandala_Satara_D (Maharashtra),Pune_Tathawde_H (Maharashtra),Khandala_Satara_D (Maharashtra) -> Pune_Tathawde_H (Maharashtra)
IND638401AAA,IND638452AAA,12,1.02,0.08333333333333333,0.3333333333333333,5.832000000000001,5.832000000000001,26.0,25.0,26.667749999999998,0.0,0.0017572577381981575,0,0,0,Sathyamangalam_Mlydpthr_D (Tamil Nadu),Gobicheti_Ward25_D (Tamil Nadu),Sathyamangalam_Mlydpthr_D (Tamil Nadu) -> Gobicheti_Ward25_D (Tamil Nadu)
IND363001AAA,IND363421AAB,14,1.1515151515151516,0.07142857142857142,0.2857142857142857,5.799999999999997,5.799999999999997,38.0,33.0,27.15195,1.0,0.0017476157204302655,0,0,0,Surendranagar_DC (Gujarat),Limbdi_Busstand_D (Gujarat),Surendranagar_DC (Gujarat) -> Limbdi_Busstand_D (Gujarat)
IND583227AAA,IND583201AAA,1,2.4838709677419355,1.0,1.0,5.700000000000003,5.700000000000003,77.0,31.0,28.583,0.0,0.001717484414905607,1,0,0,Gangavathi_PhrmPlza_D (Karnataka),Hospet (Karnataka),Gangavathi_PhrmPlza_D (Karnataka) -> Hospet (Karnataka)
IND638657AAA,IND638701AAA,16,1.457471264367816,0.0625,1.0,5.665882352941175,5.665882352941175,43.5,29.5,31.94735,0.0,0.0017072043224324867,1,0,0,Dharapuram_Techrcly_D (Tamil Nadu),Kangayam_Thvlrsrt_D (Tamil Nadu),Dharapuram_Techrcly_D (Tamil Nadu) -> Kangayam_Thvlrsrt_D (Tamil Nadu)
IND500008AAC,IND500084AAB,1,2.736842105263158,1.0,1.0,5.616666666666674,5.616666666666674,52.0,19.0,12.0553,0.0,0.001692374993635059,1,0,0,Hyderabad_Tolichwk_I (Telangana),Hyderabad_Kondapur_D (Telangana),Hyderabad_Tolichwk_I (Telangana) -> Hyderabad_Kondapur_D (Telangana)
IND274509AAB,IND274304AAA,2,2.208333333333333,0.5,1.0,5.6000000000000085,5.6000000000000085,105.0,47.5,57.75075,1.0,0.0016873531093809496,1,0,0,Salempur_Banjaria_D (Uttar Pradesh),Kushinagar_KasyaDPP_D (Uttar Pradesh),Salempur_Banjaria_D (Uttar Pradesh) -> Kushinagar_KasyaDPP_D (Uttar Pradesh)
IND322241AAA,IND322201AAA,15,2.347826086956522,0.2,1.0,5.459679144385007,5.459679144385007,54.0,23.0,32.3053,0.0,0.0016450726036607763,1,0,0,Karauli_HnsChowk_D (Rajasthan),Gangapur_Ward6DPP_D (Rajasthan),Karauli_HnsChowk_D (Rajasthan) -> Gangapur_Ward6DPP_D (Rajasthan)
IND508207AAB,IND521225AAB,10,2.1695652173913045,0.1,1.0,5.410000000000025,5.410000000000025,249.5,113.5,154.89954999999998,1.0,0.0016301036288841008,1,0,0,Miryalguda_Ragvendr_D (Telangana),Vijayawada_Rynapadu_H (Andhra Pradesh),Miryalguda_Ragvendr_D (Telangana) -> Vijayawada_Rynapadu_H (Andhra Pradesh)
IND610001AAA,IND614715AAA,17,1.6923076923076923,0.058823529411764705,1.0,5.401882352941186,5.401882352941186,43.0,25.0,27.3911,0.0,0.0016276576758473885,1,0,0,Thiruvarur_Bypasrd_D (Tamil Nadu),Thirthurpondi_Madaprum_D (Tamil Nadu),Thiruvarur_Bypasrd_D (Tamil Nadu) -> Thirthurpondi_Madaprum_D (Tamil Nadu)
IND686028AAB,IND689101AAA,16,1.3675000000000002,0.1875,0.875,5.38241025641026,5.38241025641026,34.0,24.5,26.97595,0.0,0.0016217904789495984,1,0,0,Kottayam_Central_H_1 (Kerala),Tiruvalla_TKRoad_D (Kerala),Kottayam_Central_H_1 (Kerala) -> Tiruvalla_TKRoad_D (Kerala)
IND621306AAA,IND625106AAA,12,1.3373538011695907,0.08333333333333333,0.8333333333333334,5.367634158926734,5.367634158926734,96.0,73.0,72.35735,1.0,0.0016173382478722154,1,0,0,Manapparai_BypassRd_D (Tamil Nadu),Melur_MduraiRD_D (Tamil Nadu),Manapparai_BypassRd_D (Tamil Nadu) -> Melur_MduraiRD_D (Tamil Nadu)
IND245304AAA,IND245101AAA,14,1.7104166666666667,0.14285714285714285,1.0,5.361513157894741,5.361513157894741,26.5,16.0,15.96575,0.0,0.0016154939103500982,1,0,0,Pilkhuwa_HapurRD_D (Uttar Pradesh),Hapur_Swargash_D (Uttar Pradesh),Pilkhuwa_HapurRD_D (Uttar Pradesh) -> Hapur_Swargash_D (Uttar Pradesh)
IND110064AAA,IND110005AAA,2,2.6538461538461537,0.5,1.0,5.336813186813192,5.336813186813192,31.5,12.0,11.3041,0.0,0.0016080514865990142,1,0,0,Delhi_Mayapuri_PC (Delhi),Delhi_Todapur_DC (Delhi),Delhi_Mayapuri_PC (Delhi) -> Delhi_Todapur_DC (Delhi)
IND222001AAA,IND222136AAA,1,2.9166666666666665,1.0,1.0,5.291666666666671,5.291666666666671,35.0,12.0,17.665200000000002,1.0,0.0015944482506799142,1,0,0,Jaunpur_Katghara_D (Uttar Pradesh),Jalalpur_Mhimapur_D (Uttar Pradesh),Jaunpur_Katghara_D (Uttar Pradesh) -> Jalalpur_Mhimapur_D (Uttar Pradesh)
IND841405AAA,IND841301AAC,1,2.4594594594594597,1.0,1.0,5.28333333333336,5.28333333333336,182.0,74.0,101.5664,0.0,0.0015919373085528654,1,0,0,Barauli_SiwanRd_D (Bihar),IND841301AAC,Barauli_SiwanRd_D (Bihar) -> IND841301AAC
IND263153AAB,IND263401AAA,1,2.5384615384615383,1.0,1.0,5.275000000000006,5.275000000000006,99.0,39.0,40.8,1.0,0.0015894263664258043,1,0,0,Rudrapur_UdhamNgr_H (Uttarakhand),Kashipur_BajprDPP_D (Uttarakhand),Rudrapur_UdhamNgr_H (Uttarakhand) -> Kashipur_BajprDPP_D (Uttarakhand)
IND303301AAB,IND303303AAA,12,1.525,0.25,1.0,5.235119047619065,5.235119047619065,32.0,22.5,30.59585,0.0,0.001577409714817759,1,0,0,Bassi_DmodrNGR_D (Rajasthan),Dausa_IndraCln_D (Rajasthan),Bassi_DmodrNGR_D (Rajasthan) -> Dausa_IndraCln_D (Rajasthan)
IND811213AAA,IND811201AAB,1,2.5,1.0,1.0,5.200000000000003,5.200000000000003,65.0,26.0,34.1936,1.0,0.0015668278872823084,1,0,0,KharagpurBR_Central_DPP_1 (Bihar),Munger_Kaura_D (Bihar),KharagpurBR_Central_DPP_1 (Bihar) -> Munger_Kaura_D (Bihar)
IND515671AAA,IND515134AAA,13,1.5185185185185186,0.07692307692307693,1.0,5.10486111111112,5.10486111111112,51.0,35.0,37.1088,1.0,0.0015381612979984327,1,0,0,Dharmavram_SaiNgr_D (Andhra Pradesh),Puttaprthi_Gokulam_D (Andhra Pradesh),Dharmavram_SaiNgr_D (Andhra Pradesh) -> Puttaprthi_Gokulam_D (Andhra Pradesh)
IND531036AAA,IND530012AAA,4,2.360597439544808,0.25,1.0,5.080701754385956,5.080701754385956,88.5,37.0,40.00965,0.0,0.001530881768410781,1,0,0,Chodavaram_BaljiDPP_D (Andhra Pradesh),Visakhapatnam_Gajuwaka_IP (Andhra Pradesh),Chodavaram_BaljiDPP_D (Andhra Pradesh) -> Visakhapatnam_Gajuwaka_IP (Andhra Pradesh)
IND508277AAB,IND508223AAA,11,1.3846153846153846,0.09090909090909091,1.0,5.046153846153842,5.046153846153842,34.0,25.0,25.7175,1.0,0.0015204720326289839,1,0,0,Mothkur_Mainroad_D (Telangana),Thirumalagiri_Xroad_D (Telangana),Mothkur_Mainroad_D (Telangana) -> Thirumalagiri_Xroad_D (Telangana)
IND174101AAB,IND134102AAA,1,2.6666666666666665,1.0,1.0,5.016666666666666,5.016666666666666,56.0,21.0,30.2666,1.0,0.0015115871604870978,1,0,0,Nalagarh_Central_DPP_2 (Himachal Pradesh),Kalka_Pinjore_DC (Haryana),Nalagarh_Central_DPP_2 (Himachal Pradesh) -> Kalka_Pinjore_DC (Haryana)
IND627401AAA,IND627005AAA,13,2.2222222222222223,0.23076923076923078,1.0,4.916716716716721,4.916716716716721,80.0,36.0,38.1062,1.0,0.0014814709356959354,1,0,0,Ambasamdrm_Solaiprm_D (Tamil Nadu),Tirunelveli_VdkkuSrt_I (Tamil Nadu),Ambasamdrm_Solaiprm_D (Tamil Nadu) -> Tirunelveli_VdkkuSrt_I (Tamil Nadu)
IND151001AAA,IND151302AAA,17,0.7804878048780488,0.058823529411764705,0.058823529411764705,4.797898840206187,4.797898840206187,32.0,41.0,54.9972,1.0,0.0014456695583066337,0,0,0,Bhatinda_DPC (Punjab),TalwandiSabo_Wardno3_D (Punjab),Bhatinda_DPC (Punjab) -> TalwandiSabo_Wardno3_D (Punjab)
IND274304AAB,IND274304AAA,1,2.909090909090909,1.0,1.0,4.783333333333331,4.783333333333331,32.0,11.0,15.9321,1.0,0.001441280780929558,1,0,0,Padrauna_BawliDPPP_D (Uttar Pradesh),Kushinagar_KasyaDPP_D (Uttar Pradesh),Padrauna_BawliDPPP_D (Uttar Pradesh) -> Kushinagar_KasyaDPP_D (Uttar Pradesh)
IND209625AAA,IND241124AAB,11,1.3636363636363635,0.09090909090909091,0.8181818181818182,4.748111888111879,4.748111888111879,90.0,65.0,52.5103,1.0,0.0014306680996596815,1,0,0,Farrukhbad_Pnchlght_D (Uttar Pradesh),Shahabad_KDRoad_D (Uttar Pradesh),Farrukhbad_Pnchlght_D (Uttar Pradesh) -> Shahabad_KDRoad_D (Uttar Pradesh)
IND721501AAC,IND721253AAC,6,1.8853917821309127,0.16666666666666666,1.0,4.65625,4.65625,172.5,92.5,100.69075000000001,1.0,0.0014029889134919702,1,0,0,AmaDubi_Bulabeda_D (West Bengal),ChandroknaRD_Central_DPP_3 (West Bengal),AmaDubi_Bulabeda_D (West Bengal) -> ChandroknaRD_Central_DPP_3 (West Bengal)
IND722202AAA,IND713205AAB,1,2.7058823529411766,1.0,1.0,4.600000000000001,4.600000000000001,46.0,17.0,20.1729,0.0,0.0013860400541343494,1,0,0,Barjora_Central_DPP_1 (West Bengal),Durgapur_Central_I_1 (West Bengal),Barjora_Central_DPP_1 (West Bengal) -> Durgapur_Central_I_1 (West Bengal)
IND591102AAA,IND591307AAC,18,1.976467331118494,0.1111111111111111,1.0,4.590735294117636,4.590735294117636,83.0,42.0,45.7631,1.0,0.0013832484772989728,1,0,0,Bailhongal_NamoNagr_D (Karnataka),Gokak_Bsavangr_D (Karnataka),Bailhongal_NamoNagr_D (Karnataka) -> Gokak_Bsavangr_D (Karnataka)
IND695012AAA,IND695101AAB,2,2.4230769230769234,0.5,1.0,4.585714285714289,4.585714285714289,63.0,26.0,28.2589,0.0,0.0013817355819165415,1,0,0,Trivandrum_Mnanthla_H (Kerala),Attingal_Central_D_2 (Kerala),Trivandrum_Mnanthla_H (Kerala) -> Attingal_Central_D_2 (Kerala)
IND505325AAA,IND505327AAA,6,1.4219367588932808,0.16666666666666666,1.0,4.578571428571436,4.578571428571436,27.5,20.0,28.3826,1.0,0.0013795833458076386,1,0,0,Metpally_GunjRDPP_D (Telangana),Jagtial_Aravind_D (Telangana),Metpally_GunjRDPP_D (Telangana) -> Jagtial_Aravind_D (Telangana)
IND396191AAB,IND421302AAG,2,2.1443809523809523,0.5,1.0,4.570068027210823,4.570068027210823,269.0,125.5,163.3236,1.0,0.0013770211599636842,1,0,0,Vapi_IndEstat_L (Gujarat),Bhiwandi_Mankoli_HB (Maharashtra),Vapi_IndEstat_L (Gujarat) -> Bhiwandi_Mankoli_HB (Maharashtra)
IND413709AAA,IND423701AAB,3,2.230769230769231,0.3333333333333333,1.0,4.549450549450555,4.549450549450555,87.0,39.0,42.5732,0.0,0.0013708088447482588,1,0,0,Shrirampur_DavkharRd_D (Maharashtra),Vaijiapur_YeolaRD_D (Maharashtra),Shrirampur_DavkharRd_D (Maharashtra) -> Vaijiapur_YeolaRD_D (Maharashtra)
IND508248AAB,IND508377AAB,15,1.7647058823529411,0.06666666666666667,1.0,4.536718750000006,4.536718750000006,58.0,34.0,48.5311,1.0,0.001366972587357027,1,0,0,Devarakonda_DindiRD_D (Telangana),Haliya_PeroorRD_D (Telangana),Devarakonda_DindiRD_D (Telangana) -> Haliya_PeroorRD_D (Telangana)
IND506001AAC,IND505122AAA,2,2.0588235294117645,0.5,1.0,4.525000000000006,4.525000000000006,70.0,34.0,41.804249999999996,1.0,0.0013634415749908559,1,0,0,Warangal_Central_D_2 (Telangana),Jammikunta_ConduDPP_D (Telangana),Warangal_Central_D_2 (Telangana) -> Jammikunta_ConduDPP_D (Telangana)
IND176048AAA,IND175015AAA,11,2.021505376344086,0.09090909090909091,1.0,4.518750000000011,4.518750000000011,188.0,95.0,78.5847,1.0,0.0013615583683955666,1,0,0,Jahu_Sulgwan_D (Himachal Pradesh),JognderNgr_Dhelu_D (Himachal Pradesh),Jahu_Sulgwan_D (Himachal Pradesh) -> JognderNgr_Dhelu_D (Himachal Pradesh)
IND431708AAA,IND431514AAA,16,2.0689655172413794,0.125,1.0,4.509482758620692,4.509482758620692,59.0,29.0,41.4229,1.0,0.001358766027581856,1,0,0,Loha_SivjiCWK_D (Maharashtra),Gangakher_Busstand_D (Maharashtra),Loha_SivjiCWK_D (Maharashtra) -> Gangakher_Busstand_D (Maharashtra)
IND581314AAA,IND403726AAA,9,1.8018018018018018,0.1111111111111111,1.0,4.503861003861033,4.503861003861033,202.0,113.0,120.1324,1.0,0.001357072119479376,1,0,0,Ankola_Kakrmath_D (Karnataka),Goa_Hub (Goa),Ankola_Kakrmath_D (Karnataka) -> Goa_Hub (Goa)
IND767017AAA,IND767001AAA,1,2.4285714285714284,1.0,1.0,4.5,4.5,85.0,35.0,49.4966,0.0,0.0013559087486096893,1,0,0,Sonepur_BrezeDPP_D (Orissa),Balangir_Rjndpara_D (Orissa),Sonepur_BrezeDPP_D (Orissa) -> Balangir_Rjndpara_D (Orissa)
IND577598AAC,IND577501AAA,11,1.8387096774193548,0.09090909090909091,1.0,4.480645161290326,4.480645161290326,59.0,32.0,43.3243,1.0,0.0013500768830242724,1,0,0,Hiriyur_TahurDPP_D (Karnataka),Chitradurga_DC (Karnataka),Hiriyur_TahurDPP_D (Karnataka) -> Chitradurga_DC (Karnataka)
IND621010AAA,IND621212AAA,16,1.4642857142857144,0.0625,1.0,4.450000000000017,4.450000000000017,51.0,35.0,37.38365,1.0,0.0013408430958473645,1,0,0,Thuraiyur_Mthrapuri_D (Tamil Nadu),Perambalur_goplpurm_D (Tamil Nadu),Thuraiyur_Mthrapuri_D (Tamil Nadu) -> Perambalur_goplpurm_D (Tamil Nadu)
IND741101AAB,IND741502AAB,1,2.6666666666666665,1.0,1.0,4.400000000000002,4.400000000000002,32.0,12.0,16.773400000000002,1.0,0.0013257774430850302,1,0,0,Krishnanagar_AnadiDPP_D (West Bengal),Hanskhali_Central_D_1 (West Bengal),Krishnanagar_AnadiDPP_D (West Bengal) -> Hanskhali_Central_D_1 (West Bengal)
IND201301AAL,IND201301AAF,11,1.68,0.18181818181818182,1.0,4.358333333333334,4.358333333333334,42.0,26.0,23.3817,0.0,0.0013132227324497549,1,0,0,Dadri_ICDCant_D (Uttar Pradesh),Noida_Sec 02_DPC (Uttar Pradesh),Dadri_ICDCant_D (Uttar Pradesh) -> Noida_Sec 02_DPC (Uttar Pradesh)
IND584101AAA,IND509124AAA,14,1.4465709728867624,0.07142857142857142,1.0,4.352727272727279,4.352727272727279,81.0,55.5,51.055400000000006,1.0,0.0013115335532006467,1,0,0,Raichur_LSRoad_DC (Karnataka),JoguGadwal_ColctrOf_D (Telangana),Raichur_LSRoad_DC (Karnataka) -> JoguGadwal_ColctrOf_D (Telangana)
IND535591AAA,IND535558AAA,3,2.1333333333333333,0.3333333333333333,1.0,4.280000000000008,4.280000000000008,33.0,16.0,19.0487,1.0,0.0012896198764554402,1,0,0,Salur_ward9_D (Andhra Pradesh),Bobbili_ColegRd_D (Andhra Pradesh),Salur_ward9_D (Andhra Pradesh) -> Bobbili_ColegRd_D (Andhra Pradesh)
IND147201AAA,IND148023AAA,7,1.0909090909090908,0.14285714285714285,0.14285714285714285,4.225000000000001,4.225000000000001,36.0,33.0,30.3811,1.0,0.0012730476584168753,0,0,0,Nabha_Sahni_D (Punjab),Malerkotla_DC (Punjab),Nabha_Sahni_D (Punjab) -> Malerkotla_DC (Punjab)
IND628801AAA,IND628204AAA,17,1.4375,0.058823529411764705,1.0,4.192647058823532,4.192647058823532,24.0,16.0,17.8417,0.0,0.0012632992948647798,1,0,0,Eral_Busstand_D (Tamil Nadu),Tirchchndr_Shnmgprm_D (Tamil Nadu),Eral_Busstand_D (Tamil Nadu) -> Tirchchndr_Shnmgprm_D (Tamil Nadu)
IND695572AAB,IND695541AAA,13,1.4761904761904763,0.07692307692307693,0.8461538461538461,4.168181818181814,4.168181818181814,32.0,22.0,20.2082,0.0,0.0012559275984596807,1,0,0,Kallikkad_Mutyvila_D (Kerala),Nedumangad_Arsprmbu_D (Kerala),Kallikkad_Mutyvila_D (Kerala) -> Nedumangad_Arsprmbu_D (Kerala)
IND852118AAA,IND854326AAB,1,2.4705882352941178,1.0,1.0,4.099999999999994,4.099999999999994,126.0,51.0,72.32,1.0,0.0012353835265110486,1,0,0,Forbesganj_JhumanCk_D (Bihar),Purnia_Central_H_2 (Bihar),Forbesganj_JhumanCk_D (Bihar) -> Purnia_Central_H_2 (Bihar)
IND686507AAA,IND686513AAA,15,2.375,0.2,1.0,4.032870370370382,4.032870370370382,21.0,9.0,13.0191,0.0,0.0012151564927097775,1,0,0,Parakkdavu_KeRoad_D (Kerala),Mundakayam_Central_D_1 (Kerala),Parakkdavu_KeRoad_D (Kerala) -> Mundakayam_Central_D_1 (Kerala)
IND781018AAB,IND781354AAA,8,1.7037037037037037,0.125,1.0,4.032763532763553,4.032763532763553,92.0,54.0,64.85095,1.0,0.0012151243011440489,1,0,0,Guwahati_Hub (Assam),Rangia_HosptlRd_D (Assam),Guwahati_Hub (Assam) -> Rangia_HosptlRd_D (Assam)
IND632402AAA,IND631102AAA,11,1.52,0.18181818181818182,1.0,3.9750000000000085,3.9750000000000085,38.0,25.0,26.6491,1.0,0.0011977193946052281,1,0,0,Ranipet_MBTRd_DC (Tamil Nadu),Sholinghur_ArkonmRD_D (Tamil Nadu),Ranipet_MBTRd_DC (Tamil Nadu) -> Sholinghur_ArkonmRD_D (Tamil Nadu)
IND400072AAB,IND411033AAA,8,1.98,0.25,1.0,3.973230769230838,3.973230769230838,198.5,100.0,132.78965,1.0,0.0011971863022767332,1,0,0,Mumbai Hub (Maharashtra),Pune_Tathawde_H (Maharashtra),Mumbai Hub (Maharashtra) -> Pune_Tathawde_H (Maharashtra)
IND244001AAA,IND263153AAB,16,1.9661686627978763,0.0625,1.0,3.9607142857143174,3.9607142857143174,177.0,89.5,92.33619999999999,1.0,0.0011934149223874265,1,0,0,Moradabad_DC (Uttar Pradesh),Rudrapur_UdhamNgr_H (Uttarakhand),Moradabad_DC (Uttar Pradesh) -> Rudrapur_UdhamNgr_H (Uttarakhand)
IND751015AAA,IND751002AAB,4,2.0,0.25,1.0,3.900000000000002,3.900000000000002,14.0,7.0,10.178149999999999,0.0,0.0011751209154617314,1,0,0,Bhubaneshwar_Nayapalli (Orissa),Bhubaneshwar_Hub (Orissa),Bhubaneshwar_Nayapalli (Orissa) -> Bhubaneshwar_Hub (Orissa)
IND731224AAA,IND742147AAA,11,2.25,0.2727272727272727,1.0,3.867741935483892,3.867741935483892,68.0,31.0,29.1167,0.0,0.0011654011394860403,1,0,0,Rampurhat_SrifoDPP_D (West Bengal),Khargram_BoiDPP_D (West Bengal),Rampurhat_SrifoDPP_D (West Bengal) -> Khargram_BoiDPP_D (West Bengal)
IND321408AAB,IND321606AAA,4,2.015625,0.25,1.0,3.8312500000000114,3.8312500000000114,64.5,32.0,37.7524,1.0,0.0011544056429135306,1,0,0,Weir_BsstdDPP_D (Rajasthan),Kherli_GodamDPP_D (Rajasthan),Weir_BsstdDPP_D (Rajasthan) -> Kherli_GodamDPP_D (Rajasthan)
IND691506AAA,IND691305AAA,20,1.5278637770897832,0.05,1.0,3.7799322868574947,3.7799322868574947,28.5,19.0,17.80335,0.0,0.0011389429459782905,1,0,0,Kottarakkara_Amankovl_D (Kerala),Punalur_PostofJN_D (Kerala),Kottarakkara_Amankovl_D (Kerala) -> Punalur_PostofJN_D (Kerala)
IND742226AAA,IND742101AAC,6,2.0945945945945947,0.3333333333333333,1.0,3.7684275184275293,3.7684275184275293,77.5,36.5,33.30995,0.0,0.0011354764090527529,1,0,0,Sagardighi_UtBzrDPP_D (West Bengal),Baharampur_Chuanpur_I (West Bengal),Sagardighi_UtBzrDPP_D (West Bengal) -> Baharampur_Chuanpur_I (West Bengal)
IND621704AAA,IND621802AAA,17,2.033333333333333,0.11764705882352941,1.0,3.7292789373814372,3.7292789373814372,61.0,30.0,38.5318,1.0,0.001123680430489186,1,0,0,Ariyalur_Kmrajngr_D (Tamil Nadu),Jayamkondan_Chithbrm_D (Tamil Nadu),Ariyalur_Kmrajngr_D (Tamil Nadu) -> Jayamkondan_Chithbrm_D (Tamil Nadu)
IND209304AAA,IND208012AAA,21,1.75,0.09523809523809523,0.5238095238095238,3.700000000000003,3.700000000000003,34.0,16.0,18.8281,0.0,0.001114858304412412,1,0,0,Kanpur_Central_H_6 (Uttar Pradesh),Kanpur_Central_D_7 (Uttar Pradesh),Kanpur_Central_H_6 (Uttar Pradesh) -> Kanpur_Central_D_7 (Uttar Pradesh)
IND152116AAA,IND152026AAA,1,2.3902439024390243,1.0,1.0,3.700000000000003,3.700000000000003,98.0,41.0,58.2905,1.0,0.001114858304412412,1,0,0,Abohar_DC (Punjab),Muktsar_DPC (Punjab),Abohar_DC (Punjab) -> Muktsar_DPC (Punjab)
IND500035AAA,IND500039AAC,1,2.75,1.0,1.0,3.6750000000000007,3.6750000000000007,33.0,12.0,15.0909,0.0,0.0011073254780312465,1,0,0,Hyd_LB-Nagar_Dc (Telangana),Hyderabad_Uppal_I (Telangana),Hyd_LB-Nagar_Dc (Telangana) -> Hyderabad_Uppal_I (Telangana)
IND581334AAA,IND581343AAC,2,2.2656641604010024,0.5,1.0,3.6414965986394705,3.6414965986394705,45.0,20.0,21.346899999999998,1.0,0.0010972304658061522,1,0,0,Honnavar_Prbhtngr_D (Karnataka),Kumta_Central_DPP_2 (Karnataka),Honnavar_Prbhtngr_D (Karnataka) -> Kumta_Central_DPP_2 (Karnataka)
IND509124AAA,IND509103AAB,9,1.8205128205128205,0.2222222222222222,1.0,3.6300493096647273,3.6300493096647273,71.0,39.0,45.4648,1.0,0.0010937812481908815,1,0,0,JoguGadwal_ColctrOf_D (Telangana),Wanaparthy_VallaDPP_D (Telangana),JoguGadwal_ColctrOf_D (Telangana) -> Wanaparthy_VallaDPP_D (Telangana)
IND686513AAA,IND686540AAA,8,2.2285714285714286,0.25,1.0,3.6233068783068774,3.6233068783068774,78.0,35.0,39.8562,0.0,0.0010917496655986573,1,0,0,Mundakayam_Central_D_1 (Kerala),Karukachal_MnimlaRd_D (Kerala),Mundakayam_Central_D_1 (Kerala) -> Karukachal_MnimlaRd_D (Kerala)
IND305404AAA,IND305001AAC,1,2.340909090909091,1.0,1.0,3.6000000000000227,3.6000000000000227,206.0,88.0,97.3513,1.0,0.0010847269988877584,1,0,0,Kekri_LxmntDPP_D (Rajasthan),Ajmer_FoySGRRD_I (Rajasthan),Kekri_LxmntDPP_D (Rajasthan) -> Ajmer_FoySGRRD_I (Rajasthan)
IND683565AAA,IND683511AAA,13,1.894736842105263,0.07692307692307693,1.0,3.5563909774436127,3.5563909774436127,36.0,20.0,15.8113,0.0,0.0010715870310649687,1,0,0,Kunnathund_Pringla_D (Kerala),Aluva_Peedika_H (Kerala),Kunnathund_Pringla_D (Kerala) -> Aluva_Peedika_H (Kerala)
IND575004AAB,IND575014AAA,2,2.5175438596491224,0.5,1.0,3.539097744360909,3.539097744360909,46.5,18.5,19.896349999999998,1.0,0.0010663763541697276,1,0,0,Mangalore_Kuntikna_H (Karnataka),Surathkal_DC (Karnataka),Mangalore_Kuntikna_H (Karnataka) -> Surathkal_DC (Karnataka)
IND140406AAA,IND140401AAA,7,1.5833333333333333,0.14285714285714285,0.7142857142857143,3.50833333333334,3.50833333333334,38.0,24.0,30.5845,1.0,0.0010571066354901487,1,0,0,SirhindFatehgarh_DC (Punjab),Rajpura_DC (Punjab),SirhindFatehgarh_DC (Punjab) -> Rajpura_DC (Punjab)
IND788151AAA,IND788806AAA,1,2.611111111111111,1.0,1.0,3.4916666666666742,3.4916666666666742,47.0,18.0,25.9829,1.0,0.001052084751236039,1,0,0,Hailakandi_kalibari_D (Assam),Badarpur_Konapara_D (Assam),Hailakandi_kalibari_D (Assam) -> Badarpur_Konapara_D (Assam)
IND844101AAB,IND841207AAB,1,2.611111111111111,1.0,1.0,3.4916666666666742,3.4916666666666742,47.0,18.0,23.8946,1.0,0.001052084751236039,1,0,0,Hajipur_ThaneDPP_D (Bihar),Dighwara_SadarHPL_D (Bihar),Hajipur_ThaneDPP_D (Bihar) -> Dighwara_SadarHPL_D (Bihar)
IND686513AAA,IND686507AAA,1,2.8,1.0,1.0,3.4666666666666686,3.4666666666666686,28.0,10.0,14.0458,0.0,0.0010445519248548723,1,0,0,Mundakayam_Central_D_1 (Kerala),Parakkdavu_KeRoad_D (Kerala),Mundakayam_Central_D_1 (Kerala) -> Parakkdavu_KeRoad_D (Kerala)
IND521105AAA,IND521333AAA,4,2.4154040404040407,0.25,1.0,3.4580246913580197,3.4580246913580197,107.5,44.0,43.65745,1.0,0.0010419479848712578,1,0,0,HanumanJNC_VijywdRD_D (Andhra Pradesh),Kaikaluru_Atapaka_D (Andhra Pradesh),HanumanJNC_VijywdRD_D (Andhra Pradesh) -> Kaikaluru_Atapaka_D (Andhra Pradesh)
IND814133AAA,IND816109AAA,1,2.4375,1.0,1.0,3.4333333333333655,3.4333333333333655,156.0,64.0,89.8315,1.0,0.0010345081563466615,1,0,0,Godda_PushPlza_D (Jharkhand),Sahebganj_BaraLoha_D (Jharkhand),Godda_PushPlza_D (Jharkhand) -> Sahebganj_BaraLoha_D (Jharkhand)
IND425409AAA,IND425406AAA,9,2.2777777777777777,0.2222222222222222,1.0,3.414531680440774,3.414531680440774,78.0,36.0,50.2143,1.0,0.0010288429728699088,1,0,0,Shahada_Nandrbar_D (Maharashtra),Shindkheda_KakaCplx_D (Maharashtra),Shahada_Nandrbar_D (Maharashtra) -> Shindkheda_KakaCplx_D (Maharashtra)
IND226004AAA,IND226024AAA,1,2.6923076923076925,1.0,1.0,3.3750000000000036,3.3750000000000036,35.0,13.0,19.077,0.0,0.001016931561457268,1,0,0,Lucknow_Hub (Uttar Pradesh),Lucknow_Aliganj (Uttar Pradesh),Lucknow_Hub (Uttar Pradesh) -> Lucknow_Aliganj (Uttar Pradesh)
IND636005AAA,IND636016AAA,4,1.85,0.25,0.75,3.3000000000000007,3.3000000000000007,17.5,9.5,10.3606,0.0,0.0009943330823137724,1,0,0,Salem_Kadtmpty_H (Tamil Nadu),Salem (Tamil Nadu),Salem_Kadtmpty_H (Tamil Nadu) -> Salem (Tamil Nadu)
IND845418AAB,IND845438AAA,12,2.1228070175438596,0.08333333333333333,1.0,3.294258373205764,3.294258373205764,121.0,57.0,72.46015,1.0,0.0009926030552023153,1,0,0,Dhaka_PchpkrRD_D (Bihar),Bettiah_BypassRd_D (Bihar),Dhaka_PchpkrRD_D (Bihar) -> Bettiah_BypassRd_D (Bihar)
IND160002AAC,IND147001AAD,7,2.0526315789473686,0.14285714285714285,1.0,3.270175438596482,3.270175438596482,71.0,38.0,52.5001,1.0,0.0009853465525958883,1,0,0,Chandigarh_Mehmdpur_H (Punjab),Patiala_GainMrkt_L (Punjab),Chandigarh_Mehmdpur_H (Punjab) -> Patiala_GainMrkt_L (Punjab)
IND333028AAA,IND333504AAA,1,2.388888888888889,1.0,1.0,3.200000000000003,3.200000000000003,86.0,36.0,37.0051,1.0,0.0009642017767891133,1,0,0,Sultana_Central_DPP_1 (Rajasthan),Khetri_NagarDPP_D (Rajasthan),Sultana_Central_DPP_1 (Rajasthan) -> Khetri_NagarDPP_D (Rajasthan)
IND508206AAA,IND508207AAB,4,2.0857142857142854,0.25,1.0,3.200000000000003,3.200000000000003,73.0,35.0,49.835,1.0,0.0009642017767891133,1,0,0,Kodad_VidyaNgr_D (Telangana),Miryalguda_Ragvendr_D (Telangana),Kodad_VidyaNgr_D (Telangana) -> Miryalguda_Ragvendr_D (Telangana)
IND600056AAB,IND631501AAA,9,2.3636363636363638,0.1111111111111111,1.0,2.9041322314049722,2.9041322314049722,78.0,34.0,44.463,0.0,0.0008750529554847513,1,0,0,MAA_Poonamallee_HB (Tamil Nadu),Kanchipuram_DC (Tamil Nadu),MAA_Poonamallee_HB (Tamil Nadu) -> Kanchipuram_DC (Tamil Nadu)
IND126102AAA,IND126116AAA,5,2.260869565217391,0.4,1.0,2.9000000000000057,2.9000000000000057,52.0,23.0,32.845,1.0,0.0008738078602151348,1,0,0,Jind_DC (Haryana),IND126116AAA,Jind_DC (Haryana) -> IND126116AAA
IND560099AAG,IND560099AAB,2,1.8035714285714286,0.5,1.0,2.8125000000000036,2.8125000000000036,21.5,11.0,10.892,0.0,0.0008474429678810569,1,0,0,Bengaluru_Bomsndra_L (Karnataka),Bengaluru_Bomsndra_HB (Karnataka),Bengaluru_Bomsndra_L (Karnataka) -> Bengaluru_Bomsndra_HB (Karnataka)
IND786190AAA,IND786001AAB,1,2.4523809523809526,1.0,1.0,2.75833333333334,2.75833333333334,103.0,42.0,59.6186,0.0,0.0008311218440552005,1,0,0,DoomDooma_Pthrgoan_D (Assam),Dibrugarh_Bokule_H (Assam),DoomDooma_Pthrgoan_D (Assam) -> Dibrugarh_Bokule_H (Assam)
IND144001AAB,IND143001AAA,17,1.5,0.058823529411764705,1.0,2.717225070095438,2.717225070095438,97.0,63.0,85.1994,1.0,0.0008187353876631068,1,0,0,Jalandhar_DPC (Punjab),Amritsar_DPC (Punjab),Jalandhar_DPC (Punjab) -> Amritsar_DPC (Punjab)
IND416012AAA,IND415003AAA,8,1.9114583333333335,0.125,1.0,2.6900641025640937,2.6900641025640937,183.5,96.0,121.39605,1.0,0.0008105514335527838,1,0,0,Kolhapur_Shivaji_I (Maharashtra),Satara_DC (Maharashtra),Kolhapur_Shivaji_I (Maharashtra) -> Satara_DC (Maharashtra)
IND695614AAA,IND695609AAA,3,1.3157894736842106,0.3333333333333333,1.0,2.669172932330831,2.669172932330831,25.0,19.0,15.3016,0.0,0.0008042566512221227,1,0,0,Kilimanoor_Krvnkuzy_D (Kerala),Pangodu_Central_D_1 (Kerala),Kilimanoor_Krvnkuzy_D (Kerala) -> Pangodu_Central_D_1 (Kerala)
IND212501AAA,IND212402AAA,13,1.72,0.07692307692307693,1.0,2.657538461538472,2.657538461538472,43.0,25.0,23.4775,0.0,0.0008007510332814998,1,0,0,Soraon_BypassRD_D (Uttar Pradesh),Phulpur_Shekhpur_D (Uttar Pradesh),Soraon_BypassRD_D (Uttar Pradesh) -> Phulpur_Shekhpur_D (Uttar Pradesh)
IND431203AAA,IND431112AAB,10,1.9795918367346939,0.1,1.0,2.64791666666666,2.64791666666666,96.0,48.0,66.99465,0.0,0.000797851860871718,1,0,0,Jalna_BhgyaNgr_D (Maharashtra),Sillod_ZebaTWR_D (Maharashtra),Jalna_BhgyaNgr_D (Maharashtra) -> Sillod_ZebaTWR_D (Maharashtra)
IND637301AAA,IND638001AAA,10,1.8529411764705883,0.1,1.0,2.6294117647058854,2.6294117647058854,32.0,18.0,21.73915,1.0,0.0007922760923248782,1,0,0,Sankari_Trchngrd_D (Tamil Nadu),Erode (Tamil Nadu),Sankari_Trchngrd_D (Tamil Nadu) -> Erode (Tamil Nadu)
IND531163AAA,IND535001AAA,13,2.1818181818181817,0.07692307692307693,1.0,2.564285714285724,2.564285714285724,47.0,21.0,26.788400000000003,0.0,0.0007726527630966353,1,0,0,Bheemunipatnam_SaiTempl_D (Andhra Pradesh),Vizianagaram_NcsRd_DC (Andhra Pradesh),Bheemunipatnam_SaiTempl_D (Andhra Pradesh) -> Vizianagaram_NcsRd_DC (Andhra Pradesh)
IND507002AAA,IND507159AAA,3,1.9411764705882353,0.3333333333333333,1.0,2.5407407407407376,2.5407407407407376,34.0,17.0,23.1748,1.0,0.0007655583551820953,1,0,0,Khammam_NSTRoad_I (Telangana),Kusumnchi_SKRoad_D (Telangana),Khammam_NSTRoad_I (Telangana) -> Kusumnchi_SKRoad_D (Telangana)
IND341001AAC,IND341030AAA,2,1.8787248787248787,0.5,1.0,2.536752136752142,2.536752136752142,71.0,38.0,41.841,1.0,0.0007643565367281228,1,0,0,Nagaur_KisanCo_D (Rajasthan),Tarnau_BsstdDPP_D (Rajasthan),Nagaur_KisanCo_D (Rajasthan) -> Tarnau_BsstdDPP_D (Rajasthan)
IND560099AAB,IND635001AAA,4,2.1180266031367876,0.25,1.0,2.4979198376458953,2.4979198376458953,150.5,68.5,71.2072,1.0,0.0007526558580421698,1,0,0,Bengaluru_Bomsndra_HB (Karnataka),Krishnagiri_BnglorRd_D (Tamil Nadu),Bengaluru_Bomsndra_HB (Karnataka) -> Krishnagiri_BnglorRd_D (Tamil Nadu)
IND151505AAA,IND151506AAA,5,1.7692307692307692,0.2,0.6,2.482692307692311,2.482692307692311,46.0,27.0,33.994699999999995,1.0,0.0007480676044679962,1,0,0,Mansa_GreenVly_D (Punjab),Jhunir_BhaRDDPP_D (Punjab),Mansa_GreenVly_D (Punjab) -> Jhunir_BhaRDDPP_D (Punjab)
IND401209AAB,IND421302AAG,1,2.4571428571428573,1.0,1.0,2.433333333333337,2.433333333333337,86.0,35.0,36.4639,0.0,0.0007331951011000554,1,0,0,Mumbai_Vasai_CP (Maharashtra),Bhiwandi_Mankoli_HB (Maharashtra),Mumbai_Vasai_CP (Maharashtra) -> Bhiwandi_Mankoli_HB (Maharashtra)
IND793001AAA,IND793150AAA,2,2.3171497584541063,0.5,1.0,2.4065079365079356,2.4065079365079356,105.5,45.5,64.71585,1.0,0.0007251122588243913,1,0,0,Shillong (Meghalaya),Jowai_Ldthlabh_D (Meghalaya),Shillong (Meghalaya) -> Jowai_Ldthlabh_D (Meghalaya)
IND826004AAA,IND828111AAA,2,2.409090909090909,1.0,1.0,2.4000000000000057,2.4000000000000057,26.5,11.0,12.9474,0.0,0.000723151332591836,1,0,0,Dhanbad_Kalynpur_I (Jharkhand),Dhanbad_Jharia_DC (Jharkhand),Dhanbad_Kalynpur_I (Jharkhand) -> Dhanbad_Jharia_DC (Jharkhand)
IND332001AAB,IND334001AAB,10,1.62012987012987,0.1,1.0,2.38368736383444,2.38368736383444,249.5,153.5,213.51,1.0,0.0007182361223496633,1,0,0,Sikar_FatehpRd_I (Rajasthan),Bikaner_DC (Rajasthan),Sikar_FatehpRd_I (Rajasthan) -> Bikaner_DC (Rajasthan)
IND785001AAA,IND785112AAC,3,2.111111111111111,0.3333333333333333,1.0,2.328571428571429,2.328571428571429,40.0,19.0,27.002,0.0,0.0007016289715027918,1,0,0,Jorhat_RicMilRd_D (Assam),Teok_Wardno3_D (Assam),Jorhat_RicMilRd_D (Assam) -> Teok_Wardno3_D (Assam)
IND382430AAB,IND389001AAA,21,1.6938775510204083,0.047619047619047616,1.0,2.2183673469387486,2.2183673469387486,166.0,98.0,136.6409,1.0,0.0006684230429654034,1,0,0,Ahmedabad_East_H_1 (Gujarat),Godhra_DC (Gujarat),Ahmedabad_East_H_1 (Gujarat) -> Godhra_DC (Gujarat)
IND851127AAA,IND851112AAB,4,2.269230769230769,0.25,1.0,2.184615384615384,2.184615384615384,59.0,26.0,32.1446,1.0,0.0006582531360771823,1,0,0,Manjhaul_Purbari_D (Bihar),Barauni_Wardno10_D (Bihar),Manjhaul_Purbari_D (Bihar) -> Barauni_Wardno10_D (Bihar)
IND577002AAA,IND581110AAE,1,2.423076923076923,1.0,1.0,2.183333333333337,2.183333333333337,126.0,52.0,72.43780000000001,0.0,0.0006578668372884059,1,0,0,Davangere_Central_I_1 (Karnataka),Haveri_GuttalRD_D (Karnataka),Davangere_Central_I_1 (Karnataka) -> Haveri_GuttalRD_D (Karnataka)
IND752050AAA,IND751002AAB,2,2.176190476190476,0.5,1.0,2.1825396825396837,2.1825396825396837,44.5,20.5,29.30995,0.0,0.0006576276999429714,1,0,0,Khurdha_JatniDPP_D (Orissa),Bhubaneshwar_Hub (Orissa),Khurdha_JatniDPP_D (Orissa) -> Bhubaneshwar_Hub (Orissa)
IND560300AAA,IND000000ACS,1,2.4318181818181817,1.0,1.0,2.1583333333333456,2.1583333333333456,107.0,44.0,41.2743,0.0,0.0006503340109072436,1,0,0,Bengaluru_KGAirprt_HB (Karnataka),BLR_HSR_Layout_PC (Karnataka),Bengaluru_KGAirprt_HB (Karnataka) -> BLR_HSR_Layout_PC (Karnataka)
IND403726AAB,IND403002AAA,4,1.2916666666666667,0.25,0.75,2.125781250000003,2.125781250000003,31.0,24.0,16.11715,0.0,0.0006405256432234322,1,0,0,Goa_ZuariNgr_IP (Goa),Central Goa (Goa),Goa_ZuariNgr_IP (Goa) -> Central Goa (Goa)
IND241124AAB,IND242001AAA,4,2.1856617647058822,0.25,1.0,2.119485294117652,2.119485294117652,36.0,16.5,23.759149999999998,1.0,0.0006386285895208234,1,0,0,Shahabad_KDRoad_D (Uttar Pradesh),Shahjhnpur_NavdaCln_D (Uttar Pradesh),Shahabad_KDRoad_D (Uttar Pradesh) -> Shahjhnpur_NavdaCln_D (Uttar Pradesh)
IND572101AAA,IND561203AAB,12,1.951219512195122,0.08333333333333333,1.0,2.1000000000000085,2.1000000000000085,80.0,42.0,56.97095,0.0,0.0006327574160178576,1,0,0,Tumkur_Veersagr_I (Karnataka),Doddablpur_ChikaDPP_D (Karnataka),Tumkur_Veersagr_I (Karnataka) -> Doddablpur_ChikaDPP_D (Karnataka)
IND421302AAG,IND400078AAB,1,2.4615384615384617,1.0,1.0,2.1000000000000014,2.1000000000000014,32.0,13.0,16.2015,0.0,0.0006327574160178554,1,0,0,Bhiwandi_Mankoli_HB (Maharashtra),Mumbai_Bhandup West_Dc (Maharashtra),Bhiwandi_Mankoli_HB (Maharashtra) -> Mumbai_Bhandup West_Dc (Maharashtra)
IND686632AAA,IND686141AAA,1,2.5,1.0,1.0,2.0833333333333286,2.0833333333333286,50.0,20.0,21.8507,1.0,0.0006277355317637436,1,0,0,Kothanalloor_Majoor_D (Kerala),Vaikom_KotyamRD_D (Kerala),Kothanalloor_Majoor_D (Kerala) -> Vaikom_KotyamRD_D (Kerala)
IND673305AAA,IND673104AAA,14,1.2792207792207793,0.07142857142857142,0.7142857142857143,2.028787878787881,2.028787878787881,27.5,22.0,20.81545,0.0,0.0006113002742048404,1,0,0,Koyilandy_Pshrikvu_D (Kerala),Vadakara_Mandodi_D (Kerala),Koyilandy_Pshrikvu_D (Kerala) -> Vadakara_Mandodi_D (Kerala)
IND242307AAB,IND207247AAB,5,2.210526315789474,0.2,1.0,2.0166666666666515,2.0166666666666515,293.0,132.0,139.6498,1.0,0.0006076479947473007,1,0,0,Tilhar_SingCLNY_D (Uttar Pradesh),Aliganj_KaimgnjRD_D (Uttar Pradesh),Tilhar_SingCLNY_D (Uttar Pradesh) -> Aliganj_KaimgnjRD_D (Uttar Pradesh)
IND365560AAA,IND365560AAB,7,1.7142857142857142,0.14285714285714285,1.0,1.9928571428571757,1.9928571428571757,100.0,59.0,71.8793,1.0,0.0006004738743843009,1,0,0,Amreli_MrktYrd_DC (Gujarat),Amreli_Rajula_DC (Gujarat),Amreli_MrktYrd_DC (Gujarat) -> Amreli_Rajula_DC (Gujarat)
IND470113AAA,IND470117AAA,2,2.5142857142857142,0.5,1.0,1.965306122448986,1.965306122448986,36.5,14.5,20.7331,1.0,0.0005921723922499479,1,0,0,Bina_Srvdycwk_D (Madhya Pradesh),Khurai_Talaiya_D (Madhya Pradesh),Bina_Srvdycwk_D (Madhya Pradesh) -> Khurai_Talaiya_D (Madhya Pradesh)
IND425412AAA,IND425409AAA,10,2.268075639599555,0.3,1.0,1.9154569892473745,1.9154569892473745,68.0,30.0,39.068650000000005,1.0,0.0005771521976235758,1,0,0,Nandurbar_DhuleRd_D (Maharashtra),Shahada_Nandrbar_D (Maharashtra),Nandurbar_DhuleRd_D (Maharashtra) -> Shahada_Nandrbar_D (Maharashtra)
IND676306AAA,IND676509AAA,7,1.7,0.14285714285714285,1.0,1.9031250000000028,1.9031250000000028,30.0,20.0,20.5067,0.0,0.000573436408266182,1,0,0,Tirurangadi_Kooriyad_D (Kerala),Malappuram_Munduprm_D (Kerala),Tirurangadi_Kooriyad_D (Kerala) -> Malappuram_Munduprm_D (Kerala)
IND271201AAA,IND271210AAA,6,2.3666666666666667,0.16666666666666666,1.0,1.8700000000000117,1.8700000000000117,48.5,21.0,29.749250000000004,0.0,0.0005634554133111411,1,0,0,Balrampur_PBRDDPP_D (Uttar Pradesh),Tulsipur_Central_DPP_1 (Uttar Pradesh),Balrampur_PBRDDPP_D (Uttar Pradesh) -> Tulsipur_Central_DPP_1 (Uttar Pradesh)
IND332404AAA,IND332001AAB,12,1.4189189189189189,0.08333333333333333,1.0,1.8560810810810864,1.8560810810810864,52.5,37.0,50.62095,1.0,0.00055926146132595,1,0,0,Reengus_Shop2DPP_D (Rajasthan),Sikar_FatehpRd_I (Rajasthan),Reengus_Shop2DPP_D (Rajasthan) -> Sikar_FatehpRd_I (Rajasthan)
IND723131AAA,IND722140AAA,12,1.333165322580645,0.08333333333333333,0.8333333333333334,1.6669034090909065,1.6669034090909065,42.0,31.0,33.69365,1.0,0.0005022597589941502,1,0,0,Manbazar_Central_DPP_1 (West Bengal),Khatra_KoralDPP_D (West Bengal),Manbazar_Central_DPP_1 (West Bengal) -> Khatra_KoralDPP_D (West Bengal)
IND533201AAA,IND533242AAA,2,2.373809523809524,0.5,1.0,1.6576530612244937,1.6576530612244937,34.5,14.5,21.0756,1.0,0.0004994725084164276,1,0,0,Amalapuram_Vijdurg_D (Andhra Pradesh),Razole_Shanthi_D (Andhra Pradesh),Amalapuram_Vijdurg_D (Andhra Pradesh) -> Razole_Shanthi_D (Andhra Pradesh)
IND826001AAC,IND828111AAA,2,2.5555555555555554,0.5,1.0,1.657142857142862,1.657142857142862,23.0,9.0,10.5381,0.0,0.0004993187772657918,1,0,0,Dhanbad_Central_D_4 (Jharkhand),Dhanbad_Jharia_DC (Jharkhand),Dhanbad_Central_D_4 (Jharkhand) -> Dhanbad_Jharia_DC (Jharkhand)
IND465669AAB,IND465683AAA,11,1.5277777777777777,0.09090909090909091,1.0,1.6406250000000142,1.6406250000000142,55.0,35.0,39.0004,1.0,0.0004943417312639535,1,0,0,Narsinghgarh_Central_D_1 (Madhya Pradesh),Pachore_Shop3DPP_D (Madhya Pradesh),Narsinghgarh_Central_D_1 (Madhya Pradesh) -> Pachore_Shop3DPP_D (Madhya Pradesh)
IND466001AAA,IND466116AAA,15,1.7666666666666666,0.13333333333333333,1.0,1.6324675324675297,1.6324675324675297,60.0,32.0,43.0466,1.0,0.0004918837797986657,1,0,0,Sehore_Mangalam_D (Madhya Pradesh),Ashta_ShantiNg_D (Madhya Pradesh),Sehore_Mangalam_D (Madhya Pradesh) -> Ashta_ShantiNg_D (Madhya Pradesh)
IND614018AAA,IND613104AAA,10,2.0083333333333333,0.1,1.0,1.6166666666666742,1.6166666666666742,121.5,60.0,64.76665,1.0,0.00048712277264866845,1,0,0,Mannargudi_Vadasari_D (Tamil Nadu),Thirukkatupli_Poondi_D (Tamil Nadu),Mannargudi_Vadasari_D (Tamil Nadu) -> Thirukkatupli_Poondi_D (Tamil Nadu)
IND791125AAB,IND791102AAA,4,1.9503858024691358,0.25,1.0,1.5779526748971477,1.5779526748971477,157.0,80.5,109.68465,1.0,0.0004754577415078008,1,0,0,Likabali_ZoomCDPP_D (Arunachal Pradesh),Pasighat_MissonRd_D (Arunachal Pradesh),Likabali_ZoomCDPP_D (Arunachal Pradesh) -> Pasighat_MissonRd_D (Arunachal Pradesh)
IND721434AAB,IND721401AAA,2,2.4699999999999998,1.0,1.0,1.5571428571428498,1.5571428571428498,123.5,50.0,49.69545,1.0,0.0004691874717411284,1,0,0,Manglamaro_Bypassrd_D (West Bengal),Contai_Kanakpur_D (West Bengal),Manglamaro_Bypassrd_D (West Bengal) -> Contai_Kanakpur_D (West Bengal)
IND382421AAA,IND382721AAA,14,1.3137254901960784,0.07142857142857142,0.5714285714285714,1.5495798319327747,1.5495798319327747,20.0,16.0,15.994149999999998,0.0,0.00046690863350817364,1,0,0,Gandhinagar_DC (Gujarat),Gandhinagar_Kalol_DC (Gujarat),Gandhinagar_DC (Gujarat) -> Gandhinagar_Kalol_DC (Gujarat)
IND630561AAA,IND623701AAA,5,1.411764705882353,0.2,1.0,1.4911764705882433,1.4911764705882433,54.0,39.0,42.6597,1.0,0.0004493109382647818,1,0,0,Sivaganga_Wardno3_D (Tamil Nadu),Paramakudi_VagaiNgr_D (Tamil Nadu),Sivaganga_Wardno3_D (Tamil Nadu) -> Paramakudi_VagaiNgr_D (Tamil Nadu)
IND760003AAB,IND761020AAA,1,2.5,1.0,1.0,1.4583333333333357,1.4583333333333357,35.0,14.0,20.2236,1.0,0.00043941487223462226,1,0,0,Berhampur_Khajuria_I (Orissa),Berhampur_Chatrpr_DC (Orissa),Berhampur_Khajuria_I (Orissa) -> Berhampur_Chatrpr_DC (Orissa)
IND509203AAA,IND509301AAA,19,1.5,0.05263157894736842,1.0,1.4361052631578985,1.4361052631578985,39.0,26.0,28.6229,1.0,0.0004327172644978255,1,0,0,Bijnapally_nagar_D (Telangana),Jadcherla_Badeplly_D (Telangana),Bijnapally_nagar_D (Telangana) -> Jadcherla_Badeplly_D (Telangana)
IND623407AAA,IND623315AAB,15,1.0416666666666667,0.06666666666666667,0.06666666666666667,1.426470588235297,1.426470588235297,26.0,25.0,18.1756,0.0,0.0004298142111605887,0,0,0,Thiruvadanai_RamnadRD_D (Tamil Nadu),Oriyur_Vllyaprm_D (Tamil Nadu),Thiruvadanai_RamnadRD_D (Tamil Nadu) -> Oriyur_Vllyaprm_D (Tamil Nadu)
IND341512AAA,IND341505AAA,5,1.75,0.2,1.0,1.375000000000007,1.375000000000007,42.0,23.0,24.384,1.0,0.0004143054509640739,1,0,0,Parbatsar_AjmhwDPP_D (Rajasthan),Makrana_Mwalibad_D (Rajasthan),Parbatsar_AjmhwDPP_D (Rajasthan) -> Makrana_Mwalibad_D (Rajasthan)
IND523316AAB,IND522647AAA,14,1.6513468013468013,0.07142857142857142,1.0,1.3140909090909076,1.3140909090909076,90.0,54.0,77.51745,1.0,0.0003959527466899604,1,0,0,Markapur_VidyaNgr_D (Andhra Pradesh),Vinukonda_Kothapet_D (Andhra Pradesh),Markapur_VidyaNgr_D (Andhra Pradesh) -> Vinukonda_Kothapet_D (Andhra Pradesh)
IND122002AAD,IND122503AAA,2,2.285,0.5,1.0,1.1271428571428643,1.1271428571428643,51.0,22.5,29.54775,0.0,0.00033962285798509577,1,0,0,Gurgaon_Central_D_15 (Haryana),Pataudi_DC (Haryana),Gurgaon_Central_D_15 (Haryana) -> Pataudi_DC (Haryana)
IND600048AAA,IND600044AAD,1,2.5,1.0,1.0,1.0416666666666643,1.0416666666666643,25.0,10.0,11.5396,0.0,0.0003138677658818718,1,0,0,Chennai_Vandalur_Dc (Tamil Nadu),Chennai_Chrompet_DPC (Tamil Nadu),Chennai_Vandalur_Dc (Tamil Nadu) -> Chennai_Chrompet_DPC (Tamil Nadu)
IND160002AAC,IND000000ACA,28,1.9841269841269842,0.03571428571428571,1.0,1.01666666666668,1.01666666666668,126.5,63.0,89.61054999999999,1.0,0.00030633493950071156,1,0,0,Chandigarh_Mehmdpur_H (Punjab),Ludhiana_MilrGanj_HB (Punjab),Chandigarh_Mehmdpur_H (Punjab) -> Ludhiana_MilrGanj_HB (Punjab)
IND842001AAA,IND845412AAB,15,2.264705882352941,0.06666666666666667,1.0,1.0125000000000028,1.0125000000000028,77.0,34.0,49.3673,1.0,0.00030507946843718096,1,0,0,Muzaffrpur_Bbganj_I (Bihar),Chakia_Wardno10_D (Bihar),Muzaffrpur_Bbganj_I (Bihar) -> Chakia_Wardno10_D (Bihar)
IND786190AAA,IND792103AAB,9,2.1052631578947367,0.1111111111111111,1.0,0.9787878787878981,0.9787878787878981,80.0,36.0,49.073,0.0,0.000294921566195918,1,0,0,DoomDooma_Pthrgoan_D (Assam),Namsai_HelipadRD_D (Arunachal Pradesh),DoomDooma_Pthrgoan_D (Assam) -> Namsai_HelipadRD_D (Arunachal Pradesh)
IND360370AAA,IND360410AAA,1,2.4615384615384617,1.0,1.0,0.9499999999999993,0.9499999999999993,32.0,13.0,16.2596,1.0,0.00028624740248426754,1,0,0,Jetpur_DC (Gujarat),Dhoraji_JmnvadRd_DC (Gujarat),Jetpur_DC (Gujarat) -> Dhoraji_JmnvadRd_DC (Gujarat)
IND586101AAB,IND416404AAA,5,2.0697674418604652,0.2,1.0,0.9394480519480481,0.9394480519480481,89.0,43.0,60.6525,1.0,0.00028306796277793075,1,0,0,Bijapur_Central_D_2 (Karnataka),Jath_Shivprsad_D (Maharashtra),Bijapur_Central_D_2 (Karnataka) -> Jath_Shivprsad_D (Maharashtra)
IND562132AAA,IND577598AAC,10,1.6425467188179053,0.1,1.0,0.937606837606836,0.937606837606836,194.0,117.5,145.95639999999997,1.0,0.0002825131808594163,1,0,0,Bangalore_Nelmngla_H (Karnataka),Hiriyur_TahurDPP_D (Karnataka),Bangalore_Nelmngla_H (Karnataka) -> Hiriyur_TahurDPP_D (Karnataka)
IND577101AAA,IND577116AAA,2,1.6480978260869565,0.5,0.5,0.93333333333333,0.93333333333333,43.0,31.0,35.97675,1.0,0.0002812255182301568,1,0,0,Chikmagalur_DC (Karnataka),IND577116AAA,Chikmagalur_DC (Karnataka) -> IND577116AAA
IND821115AAB,IND802101AAA,6,2.2156756756756755,0.16666666666666666,1.0,0.918152334152353,0.918152334152353,165.0,76.0,84.54055,1.0,0.0002766512849852405,1,0,0,Sasaram_Central_I_2 (Bihar),Buxar_Sarswati_D (Bihar),Sasaram_Central_I_2 (Bihar) -> Buxar_Sarswati_D (Bihar)
IND124103AAA,IND127021AAA,9,1.8846153846153846,0.1111111111111111,1.0,0.9090909090909065,0.9090909090909065,98.0,52.0,74.3035,1.0,0.00027392095931508796,1,0,0,Jhajjar_DC (Haryana),Bhiwani_DC (Haryana),Jhajjar_DC (Haryana) -> Bhiwani_DC (Haryana)
IND505001AAB,IND505302AAB,4,1.7121212121212122,0.25,0.75,0.9077922077922125,0.9077922077922125,56.5,33.5,34.788700000000006,1.0,0.00027352964365892575,1,0,0,Karimnagar_KamnHbRD_I (Telangana),Vemulawada_Central_DPP_2 (Telangana),Karimnagar_KamnHbRD_I (Telangana) -> Vemulawada_Central_DPP_2 (Telangana)
IND243201AAA,IND262001AAA,4,2.0204545454545455,0.25,1.0,0.9018181818181858,0.9018181818181858,89.0,44.0,45.21255,0.0,0.00027172959164056923,1,0,0,Baheri_HoliCDPP_D (Uttar Pradesh),Pilibhit_ViksClny_D (Uttar Pradesh),Baheri_HoliCDPP_D (Uttar Pradesh) -> Pilibhit_ViksClny_D (Uttar Pradesh)
IND515411AAA,IND516360AAB,2,2.073148974130241,0.5,1.0,0.9000000000000057,0.9000000000000057,120.0,58.0,78.65844999999999,1.0,0.0002711817497219396,1,0,0,Tadipatri_CBRoad_D (Andhra Pradesh),Proddatur_Central_D_2 (Andhra Pradesh),Tadipatri_CBRoad_D (Andhra Pradesh) -> Proddatur_Central_D_2 (Andhra Pradesh)
IND125033AAA,IND125001AAA,3,2.0,0.3333333333333333,1.0,0.9000000000000057,0.9000000000000057,34.0,17.0,21.2745,1.0,0.0002711817497219396,1,0,0,Hansi_DelRdDPP_D (Haryana),Hisar_ModelTwn_P (Haryana),Hansi_DelRdDPP_D (Haryana) -> Hisar_ModelTwn_P (Haryana)
IND124112AAA,IND125005AAA,2,2.4507246376811596,0.5,1.0,0.835714285714289,0.835714285714289,111.5,45.5,56.3482,1.0,0.00025181162474180045,1,0,0,Meham_GModDPP_D (Haryana),Hisar_IndstlAr_I (Haryana),Meham_GModDPP_D (Haryana) -> Hisar_IndstlAr_I (Haryana)
IND415605AAA,IND415709AAA,16,2.42,0.125,1.0,0.803750000000008,0.803750000000008,59.5,24.0,33.86665000000001,1.0,0.00024218036815445523,1,0,0,Chiplun_LxmiNiws_D (Maharashtra),Khed_Mahad_D (Maharashtra),Chiplun_LxmiNiws_D (Maharashtra) -> Khed_Mahad_D (Maharashtra)
IND231217AAA,IND231225AAB,7,2.4,0.14285714285714285,1.0,0.7916666666666714,0.7916666666666714,61.0,26.0,36.3769,1.0,0.00023853950207022455,1,0,0,Renukoot_Govind_D (Uttar Pradesh),Anpara_Parasi_D (Uttar Pradesh),Renukoot_Govind_D (Uttar Pradesh) -> Anpara_Parasi_D (Uttar Pradesh)
IND335513AAA,IND335803AAA,9,1.3103448275862069,0.1111111111111111,1.0,0.7777777777777857,0.7777777777777857,38.0,29.0,31.757,0.0,0.00023435459852513387,1,0,0,Hanumangarh_DC (Rajasthan),Pilibanga_BsstdDPP_D (Rajasthan),Hanumangarh_DC (Rajasthan) -> Pilibanga_BsstdDPP_D (Rajasthan)
IND206122AAA,IND206001AAA,19,1.4893617021276595,0.05263157894736842,0.8421052631578947,0.7712765957446948,0.7712765957446948,72.0,47.0,66.91369999999999,1.0,0.00023239570750402896,1,0,0,Auraiya_AryaNagr_D (Uttar Pradesh),Etawah_MhraChng_D (Uttar Pradesh),Auraiya_AryaNagr_D (Uttar Pradesh) -> Etawah_MhraChng_D (Uttar Pradesh)
IND571111AAB,IND571313AAB,10,1.7169076751946606,0.1,1.0,0.7374999999999972,0.7374999999999972,52.5,31.0,33.75485,1.0,0.00022221837824436489,1,0,0,Gundlupet_Swamylyt_D (Karnataka),Chamarjngr_BrDbleRd_D (Karnataka),Gundlupet_Swamylyt_D (Karnataka) -> Chamarjngr_BrDbleRd_D (Karnataka)
IND712103AAA,IND712124AAA,1,2.3636363636363638,1.0,1.0,0.7000000000000028,0.7000000000000028,26.0,11.0,11.4154,0.0,0.0002109191386726192,1,0,0,Hoogly_Bandel_D (West Bengal),Hooghly_DC (West Bengal),Hoogly_Bandel_D (West Bengal) -> Hooghly_DC (West Bengal)
IND232104AAB,IND221010AAB,1,2.4,1.0,1.0,0.7000000000000028,0.7000000000000028,72.0,30.0,36.537,0.0,0.0002109191386726192,1,0,0,Chandauli_ShubsNGR_D (Uttar Pradesh),Varanasi_MahmurGj_IP (Uttar Pradesh),Chandauli_ShubsNGR_D (Uttar Pradesh) -> Varanasi_MahmurGj_IP (Uttar Pradesh)
IND263401AAA,IND244713AAA,1,2.409090909090909,1.0,1.0,0.6750000000000043,0.6750000000000043,53.0,22.0,24.3682,1.0,0.0002033863122914547,1,0,0,Kashipur_BajprDPP_D (Uttarakhand),Kashipur_Vaishali_D (Uttarakhand),Kashipur_BajprDPP_D (Uttarakhand) -> Kashipur_Vaishali_D (Uttarakhand)
IND533242AAA,IND533201AAA,2,2.2476190476190476,0.5,1.0,0.6609523809523878,0.6609523809523878,32.5,14.5,21.0233,1.0,0.00019915358127727708,1,0,0,Razole_Shanthi_D (Andhra Pradesh),Amalapuram_Vijdurg_D (Andhra Pradesh),Razole_Shanthi_D (Andhra Pradesh) -> Amalapuram_Vijdurg_D (Andhra Pradesh)
IND582209AAA,IND582101AAB,16,1.840682788051209,0.0625,1.0,0.6496527777777885,0.6496527777777885,69.0,37.0,40.262249999999995,1.0,0.0001957488633216644,1,0,0,Rona_GadagRD_D (Karnataka),Gadag_Cdosclrd_D (Karnataka),Rona_GadagRD_D (Karnataka) -> Gadag_Cdosclrd_D (Karnataka)
IND176201AAA,IND176303AAA,9,1.6027397260273972,0.1111111111111111,1.0,0.6087084148727939,0.6087084148727939,117.0,74.0,65.2679,1.0,0.00018341179223963503,1,0,0,Jassur_AadiDPP_D (Himachal Pradesh),Dalhousie_Banikhet_D (Himachal Pradesh),Jassur_AadiDPP_D (Himachal Pradesh) -> Dalhousie_Banikhet_D (Himachal Pradesh)
IND203131AAA,IND203135AAA,16,1.5,0.0625,1.0,0.5918918918919047,0.5918918918919047,57.0,38.0,34.75995,1.0,0.00017834475432163867,1,0,0,Khurja_Pnjbiyon_D (Uttar Pradesh),Jewar_SJRoad_D (Uttar Pradesh),Khurja_Pnjbiyon_D (Uttar Pradesh) -> Jewar_SJRoad_D (Uttar Pradesh)
IND581343AAC,IND581314AAA,6,1.7288306451612905,0.16666666666666666,0.8333333333333334,0.583302785923749,0.583302785923749,54.5,32.5,34.6189,1.0,0.00017575674456053687,1,0,0,Kumta_Central_DPP_2 (Karnataka),Ankola_Kakrmath_D (Karnataka),Kumta_Central_DPP_2 (Karnataka) -> Ankola_Kakrmath_D (Karnataka)
IND425412AAA,IND425406AAA,2,2.157285803627267,0.5,1.0,0.5811355311355442,0.5811355311355442,86.5,40.0,55.9246,1.0,0.00017510372239880508,1,0,0,Nandurbar_DhuleRd_D (Maharashtra),Shindkheda_KakaCplx_D (Maharashtra),Nandurbar_DhuleRd_D (Maharashtra) -> Shindkheda_KakaCplx_D (Maharashtra)
IND517583AAA,IND516101AAA,19,2.1458333333333335,0.05263157894736842,1.0,0.5333333333333314,0.5333333333333314,102.0,48.0,68.0067,0.0,0.00016070029613151815,1,0,0,Puttur_Artmclny_D (Andhra Pradesh),Koduru_MGRoad_D (Andhra Pradesh),Puttur_Artmclny_D (Andhra Pradesh) -> Koduru_MGRoad_D (Andhra Pradesh)
IND533262AAA,IND533106AAA,7,1.8297872340425532,0.14285714285714285,1.0,0.5000000000000142,0.5000000000000142,85.0,47.0,53.5628,1.0,0.0001506565276233031,1,0,0,Draksharamam_Anaipeta_D (Andhra Pradesh),Rajamundry_AtoNgrRd_I (Andhra Pradesh),Draksharamam_Anaipeta_D (Andhra Pradesh) -> Rajamundry_AtoNgrRd_I (Andhra Pradesh)
IND518401AAA,IND518422AAB,12,1.9416666666666669,0.08333333333333333,1.0,0.49458041958043,0.49458041958043,46.5,24.5,35.06115,1.0,0.00014902353728892353,1,0,0,Nandikotkr_UmarDPP_D (Andhra Pradesh),Atmakur_IndraNgr_D (Andhra Pradesh),Nandikotkr_UmarDPP_D (Andhra Pradesh) -> Atmakur_IndraNgr_D (Andhra Pradesh)
IND827013AAA,IND829121AAA,5,2.0,0.2,1.0,0.4928571428571473,0.4928571428571473,48.0,25.0,35.7677,0.6,0.0001485042915143959,1,0,0,Bokaro_KSClny_DC (Jharkhand),Peterbar_GagiDPP_D (Jharkhand),Bokaro_KSClny_DC (Jharkhand) -> Peterbar_GagiDPP_D (Jharkhand)
IND781018AAB,IND781005AAA,6,1.439939024390244,0.16666666666666666,0.5,0.4878048780487916,0.4878048780487916,59.0,40.5,39.575450000000004,0.0,0.00014698197816907536,1,0,0,Guwahati_Hub (Assam),Guwahati_North (Assam),Guwahati_Hub (Assam) -> Guwahati_North (Assam)
IND389001AAA,IND389151AAA,21,1.7254901960784315,0.047619047619047616,1.0,0.48749999999999716,0.48749999999999716,88.0,50.0,68.0501,1.0,0.0001468901144327155,1,0,0,Godhra_DC (Gujarat),Dahod_DC (Gujarat),Godhra_DC (Gujarat) -> Dahod_DC (Gujarat)
IND531001AAA,IND531116AAA,5,2.0,0.2,1.0,0.46087962962963047,0.46087962962963047,74.0,37.0,42.7166,0.0,0.0001388690493046243,1,0,0,Anakapalle_Kothuru_D (Andhra Pradesh),Narsiptnm_Wardno8_D (Andhra Pradesh),Anakapalle_Kothuru_D (Andhra Pradesh) -> Narsiptnm_Wardno8_D (Andhra Pradesh)
IND518002AAA,IND501359AAE,12,1.84375,0.08333333333333333,1.0,0.41102941176472996,0.41102941176472996,265.0,143.5,199.60555,1.0,0.0001238485278550426,1,0,0,Kurnool_AbbasNgr_I (Andhra Pradesh),Hyderabad_Shamshbd_H (Telangana),Kurnool_AbbasNgr_I (Andhra Pradesh) -> Hyderabad_Shamshbd_H (Telangana)
IND385001AAA,IND385535AAA,14,1.5277777777777777,0.07142857142857142,1.0,0.4074074074074119,0.4074074074074119,26.0,16.0,23.7831,1.0,0.0001227571706560226,1,0,0,Palanpur_DC (Gujarat),Deesa_HawaiPlr_DC (Gujarat),Palanpur_DC (Gujarat) -> Deesa_HawaiPlr_DC (Gujarat)
IND614616AAA,IND630002AAA,16,1.6985887096774195,0.0625,1.0,0.3062500000000057,0.3062500000000057,54.0,32.0,31.28555,1.0,9.227712316927224e-05,1,0,0,Aranthangi_HsptlRod_D (Tamil Nadu),Karaikudi_Sbrmnprm_D (Tamil Nadu),Aranthangi_HsptlRod_D (Tamil Nadu) -> Karaikudi_Sbrmnprm_D (Tamil Nadu)
IND700065AAA,IND700026AAC,2,2.1873065015479876,0.5,1.0,0.30000000000000426,0.30000000000000426,39.5,18.0,12.34675,0.0,9.039391657398057e-05,1,0,0,CCU_Beliaghata_DPC (West Bengal),CCU_Lake Avenue_DPC (West Bengal),CCU_Beliaghata_DPC (West Bengal) -> CCU_Lake Avenue_DPC (West Bengal)
IND334803AAA,IND341001AAC,3,1.975,0.3333333333333333,1.0,0.2989062500000017,0.2989062500000017,79.0,37.0,53.403400000000005,1.0,9.006435541980384e-05,1,0,0,Nokha_DeVDPP_D (Rajasthan),Nagaur_KisanCo_D (Rajasthan),Nokha_DeVDPP_D (Rajasthan) -> Nagaur_KisanCo_D (Rajasthan)
IND754022AAA,IND751002AAB,2,2.2413273001508296,0.5,1.0,0.27675070028010396,0.27675070028010396,115.5,51.5,69.20005,1.0,8.338859904303354e-05,1,0,0,Tangi_SriDPP_D (Orissa),Bhubaneshwar_Hub (Orissa),Tangi_SriDPP_D (Orissa) -> Bhubaneshwar_Hub (Orissa)
IND136128AAA,IND136027AAA,22,2.0954545454545457,0.045454545454545456,1.0,0.2750000000000057,0.2750000000000057,42.0,20.0,28.820050000000002,1.0,8.286109019281606e-05,1,0,0,Pehowa_WdN14DPP_D (Haryana),Kaithal_DC (Haryana),Pehowa_WdN14DPP_D (Haryana) -> Kaithal_DC (Haryana)
IND735224AAA,IND736146AAA,8,1.5091185410334347,0.125,1.0,0.27486555997194273,0.27486555997194273,72.5,48.5,57.6228,1.0,8.282058165721298e-05,1,0,0,Mainaguri_MilpaDPP_D (West Bengal),Mathabhang_Pshimpra_D (West Bengal),Mainaguri_MilpaDPP_D (West Bengal) -> Mathabhang_Pshimpra_D (West Bengal)
IND500039AAB,IND501301AAC,2,2.325,0.5,1.0,0.23333333333333428,0.23333333333333428,21.0,9.0,13.078050000000001,0.0,7.030637955753974e-05,1,0,0,Hyd_Uppal_Dc (Telangana),Ghatkesar_Central_D_1 (Telangana),Hyd_Uppal_Dc (Telangana) -> Ghatkesar_Central_D_1 (Telangana)
IND276140AAA,IND276129AAA,1,2.3783783783783785,1.0,1.0,0.21666666666666856,0.21666666666666856,88.0,37.0,40.740300000000005,1.0,6.528449530343006e-05,1,0,0,Jiyanpur_Central_DPP_1 (Uttar Pradesh),Chiraiyakot_KamalDPP_D (Uttar Pradesh),Jiyanpur_Central_DPP_1 (Uttar Pradesh) -> Chiraiyakot_KamalDPP_D (Uttar Pradesh)
IND625106AAA,IND625008AAA,13,1.7173913043478262,0.07692307692307693,1.0,0.19305555555554577,0.19305555555554577,77.0,43.0,44.142300000000006,1.0,5.817015927677076e-05,1,0,0,Melur_MduraiRD_D (Tamil Nadu),Madurai_Kappalur_H (Tamil Nadu),Melur_MduraiRD_D (Tamil Nadu) -> Madurai_Kappalur_H (Tamil Nadu)
IND632301AAA,IND606803AAA,11,2.1578947368421053,0.09090909090909091,1.0,0.19303571428572752,0.19303571428572752,43.0,19.0,22.8137,1.0,5.8164180843141854e-05,1,0,0,Arani_KrthiKyn_D (Tamil Nadu),Polur_StationRD_D (Tamil Nadu),Arani_KrthiKyn_D (Tamil Nadu) -> Polur_StationRD_D (Tamil Nadu)
IND515134AAA,IND515591AAA,8,1.587797619047619,0.125,1.0,0.1890827922077989,0.1890827922077989,77.0,48.0,44.93195,1.0,5.697311381468945e-05,1,0,0,Puttaprthi_Gokulam_D (Andhra Pradesh),Kadiri_GVManu_D (Andhra Pradesh),Puttaprthi_Gokulam_D (Andhra Pradesh) -> Kadiri_GVManu_D (Andhra Pradesh)
IND841424AAA,IND841226AAB,3,2.3488372093023258,0.3333333333333333,1.0,0.18081395348838214,0.18081395348838214,101.0,44.0,62.9374,1.0,5.448160475680062e-05,1,0,0,Chhapra_Prbhunth_D (Bihar),Siwan_HnmntNgr_D (Bihar),Chhapra_Prbhunth_D (Bihar) -> Siwan_HnmntNgr_D (Bihar)
IND176110AAB,IND177033AAA,9,2.1,0.1111111111111111,1.0,0.15607142857142264,0.15607142857142264,63.0,30.0,27.3424,1.0,4.702635897955649e-05,1,0,0,Sujanpur_SainkSCL_D (Himachal Pradesh),Nadaun_Ward6_D (Himachal Pradesh),Sujanpur_SainkSCL_D (Himachal Pradesh) -> Nadaun_Ward6_D (Himachal Pradesh)
IND852201AAA,IND852131AAA,1,2.375,1.0,1.0,0.10000000000000853,0.10000000000000853,76.0,32.0,34.7827,1.0,3.0131305524662332e-05,1,0,0,Saharsa_Gangjala_D (Bihar),Supaul_SadrHsptl_D (Bihar),Saharsa_Gangjala_D (Bihar) -> Supaul_SadrHsptl_D (Bihar)
IND518002AAA,IND518401AAA,13,1.7586206896551724,0.07692307692307693,1.0,0.041666666666671404,0.041666666666671404,51.0,31.0,31.7487,1.0,1.255471063527633e-05,1,0,0,Kurnool_AbbasNgr_I (Andhra Pradesh),Nandikotkr_UmarDPP_D (Andhra Pradesh),Kurnool_AbbasNgr_I (Andhra Pradesh) -> Nandikotkr_UmarDPP_D (Andhra Pradesh)
IND834002AAB,IND832109AAB,14,2.339080459770115,0.07142857142857142,1.0,0.025000000000062528,0.025000000000062528,202.0,87.0,119.87020000000001,1.0,7.5328263811837816e-06,1,0,0,Ranchi_Hub (Jharkhand),Jamshedpur_Central_I_3 (Jharkhand),Ranchi_Hub (Jharkhand) -> Jamshedpur_Central_I_3 (Jharkhand)
IND508001AAA,IND501359AAE,14,1.7543103448275863,0.07142857142857142,1.0,0.012500000000017053,0.012500000000017053,153.5,87.0,116.5094,1.0,3.7664131905876086e-06,1,0,0,Nalgonda_HydRoad_DC (Telangana),Hyderabad_Shamshbd_H (Telangana),Nalgonda_HydRoad_DC (Telangana) -> Hyderabad_Shamshbd_H (Telangana)
IND521001AAA,IND521165AAA,3,1.8076923076923077,0.0,1.0,0.0,0.0,47.0,26.0,36.5649,1.0,0.0,1,0,0,Machilipatnam_DC (Andhra Pradesh),Vuyyuru_BhogdDPP_D (Andhra Pradesh),Machilipatnam_DC (Andhra Pradesh) -> Vuyyuru_BhogdDPP_D (Andhra Pradesh)
IND574202AAA,IND574239AAA,6,1.5620723362658846,0.0,1.0,0.0,0.0,50.0,31.0,33.981049999999996,1.0,0.0,1,0,0,Puttur_Darbe_DC (Karnataka),Sullia_Srirampt_D (Karnataka),Puttur_Darbe_DC (Karnataka) -> Sullia_Srirampt_D (Karnataka)
IND518422AAB,IND518102AAA,14,2.0455465587044532,0.0,1.0,0.0,0.0,157.5,76.0,108.5009,1.0,0.0,1,0,0,Atmakur_IndraNgr_D (Andhra Pradesh),Srisailam_Sishumdr_D (Andhra Pradesh),Atmakur_IndraNgr_D (Andhra Pradesh) -> Srisailam_Sishumdr_D (Andhra Pradesh)
IND574216AAA,IND562132AAA,1,1.9681818181818183,0.0,1.0,0.0,0.0,433.0,220.0,290.45340000000004,1.0,0.0,1,0,0,Dhrmsthala_Beltngdi_D (Karnataka),Bangalore_Nelmngla_H (Karnataka),Dhrmsthala_Beltngdi_D (Karnataka) -> Bangalore_Nelmngla_H (Karnataka)
IND518222AAA,IND518002AAA,5,1.5135135135135136,0.0,0.8,0.0,0.0,56.0,41.0,54.0689,1.0,0.0,1,0,0,Dhone_RmNyrDPP_D (Andhra Pradesh),Kurnool_AbbasNgr_I (Andhra Pradesh),Dhone_RmNyrDPP_D (Andhra Pradesh) -> Kurnool_AbbasNgr_I (Andhra Pradesh)
IND574221AAA,IND562132AAA,6,2.5903247038174637,0.0,1.0,0.0,0.0,553.0,215.0,275.259,1.0,0.0,1,0,0,Kadaba_AnugrDPP_D (Karnataka),Bangalore_Nelmngla_H (Karnataka),Kadaba_AnugrDPP_D (Karnataka) -> Bangalore_Nelmngla_H (Karnataka)
IND518206AAA,IND518222AAA,4,1.2666666666666666,0.0,0.75,0.0,0.0,57.0,44.5,35.9696,1.0,0.0,1,0,0,Betamcherla_CmtNgRod_D (Andhra Pradesh),Dhone_RmNyrDPP_D (Andhra Pradesh),Betamcherla_CmtNgRod_D (Andhra Pradesh) -> Dhone_RmNyrDPP_D (Andhra Pradesh)
IND574239AAA,IND574221AAA,7,1.5128205128205128,0.0,1.0,0.0,0.0,53.0,35.0,33.2592,1.0,0.0,1,0,0,Sullia_Srirampt_D (Karnataka),Kadaba_AnugrDPP_D (Karnataka),Sullia_Srirampt_D (Karnataka) -> Kadaba_AnugrDPP_D (Karnataka)
IND575004AAB,IND562132AAA,4,2.238,0.0,1.0,0.0,0.0,559.5,250.0,334.09995000000004,1.0,0.0,1,0,0,Mangalore_Kuntikna_H (Karnataka),Bangalore_Nelmngla_H (Karnataka),Mangalore_Kuntikna_H (Karnataka) -> Bangalore_Nelmngla_H (Karnataka)
IND518124AAA,IND518206AAA,6,1.65,0.0,1.0,0.0,0.0,33.0,21.0,19.491799999999998,1.0,0.0,1,0,0,Bngnpalle_Enkndla_D (Andhra Pradesh),Betamcherla_CmtNgRod_D (Andhra Pradesh),Bngnpalle_Enkndla_D (Andhra Pradesh) -> Betamcherla_CmtNgRod_D (Andhra Pradesh)
IND575004AAB,IND574227AAA,2,2.130787037037037,0.0,1.0,0.0,0.0,63.0,29.5,38.8024,0.0,0.0,1,0,0,Mangalore_Kuntikna_H (Karnataka),Moodbidri_MrdiVlge_D (Karnataka),Mangalore_Kuntikna_H (Karnataka) -> Moodbidri_MrdiVlge_D (Karnataka)
IND575004AAB,IND576101AAA,1,2.08,0.0,1.0,0.0,0.0,104.0,50.0,56.354,1.0,0.0,1,0,0,Mangalore_Kuntikna_H (Karnataka),Udupi (Karnataka),Mangalore_Kuntikna_H (Karnataka) -> Udupi (Karnataka)
IND575004AAB,IND671323AAD,3,1.7407407407407407,0.0,1.0,0.0,0.0,47.0,26.0,24.3258,1.0,0.0,1,0,0,Mangalore_Kuntikna_H (Karnataka),Manjeshwar_Central_D_1 (Kerala),Mangalore_Kuntikna_H (Karnataka) -> Manjeshwar_Central_D_1 (Kerala)
IND575014AAA,IND403726AAA,1,1.7508532423208192,0.0,1.0,0.0,0.0,513.0,293.0,331.5916,1.0,0.0,1,0,0,Surathkal_DC (Karnataka),Goa_Hub (Goa),Surathkal_DC (Karnataka) -> Goa_Hub (Goa)
IND576101AAA,IND576201AAA,3,1.5666666666666667,0.0,1.0,0.0,0.0,47.0,30.0,39.6332,1.0,0.0,1,0,0,Udupi (Karnataka),Kundapura_DC (Karnataka),Udupi (Karnataka) -> Kundapura_DC (Karnataka)
IND518124AAA,IND518002AAA,1,1.4788732394366197,0.0,1.0,0.0,0.0,105.0,71.0,80.2581,1.0,0.0,1,0,0,Bngnpalle_Enkndla_D (Andhra Pradesh),Kurnool_AbbasNgr_I (Andhra Pradesh),Bngnpalle_Enkndla_D (Andhra Pradesh) -> Kurnool_AbbasNgr_I (Andhra Pradesh)
IND518102AAA,IND518002AAA,14,1.9694656488549618,0.0,1.0,0.0,0.0,258.0,131.5,175.91154999999998,1.0,0.0,1,0,0,Srisailam_Sishumdr_D (Andhra Pradesh),Kurnool_AbbasNgr_I (Andhra Pradesh),Srisailam_Sishumdr_D (Andhra Pradesh) -> Kurnool_AbbasNgr_I (Andhra Pradesh)
IND518002AAA,IND584101AAA,14,1.7765957446808511,0.0,0.9285714285714286,0.0,0.0,166.5,91.5,100.68424999999999,1.0,0.0,1,0,0,Kurnool_AbbasNgr_I (Andhra Pradesh),Raichur_LSRoad_DC (Karnataka),Kurnool_AbbasNgr_I (Andhra Pradesh) -> Raichur_LSRoad_DC (Karnataka)
IND577101AAA,IND577132AAD,7,2.142857142857143,0.0,1.0,0.0,0.0,47.0,21.0,30.1342,1.0,0.0,1,0,0,Chikmagalur_DC (Karnataka),Mudigere_HesglDPP_D (Karnataka),Chikmagalur_DC (Karnataka) -> Mudigere_HesglDPP_D (Karnataka)
IND577116AAA,IND577101AAA,8,0.9506097560975609,0.0,0.125,0.0,0.0,38.5,40.0,44.165800000000004,1.0,0.0,0,0,0,IND577116AAA,Chikmagalur_DC (Karnataka),IND577116AAA -> Chikmagalur_DC (Karnataka)
IND518002AAA,IND562132AAA,11,1.5211267605633803,0.0,1.0,0.0,0.0,432.0,285.0,346.6438,1.0,0.0,1,0,0,Kurnool_AbbasNgr_I (Andhra Pradesh),Bangalore_Nelmngla_H (Karnataka),Kurnool_AbbasNgr_I (Andhra Pradesh) -> Bangalore_Nelmngla_H (Karnataka)
IND577132AAD,IND573134AAB,11,1.84,0.0,0.9090909090909091,0.0,0.0,53.0,31.0,37.1751,1.0,0.0,1,0,0,Mudigere_HesglDPP_D (Karnataka),Sakleshpur_RgvdrDPP_D (Karnataka),Mudigere_HesglDPP_D (Karnataka) -> Sakleshpur_RgvdrDPP_D (Karnataka)
IND577201AAA,IND562132AAA,10,1.7943925233644862,0.0,1.0,0.0,0.0,384.0,214.5,288.7749,1.0,0.0,1,0,0,Shimoga_DC (Karnataka),Bangalore_Nelmngla_H (Karnataka),Shimoga_DC (Karnataka) -> Bangalore_Nelmngla_H (Karnataka)
IND577201AAA,IND577432AAA,1,2.3555555555555556,0.0,1.0,0.0,0.0,106.0,45.0,62.0251,1.0,0.0,1,0,0,Shimoga_DC (Karnataka),Thirthahalli_NadthiCx_D (Karnataka),Shimoga_DC (Karnataka) -> Thirthahalli_NadthiCx_D (Karnataka)
IND577401AAA,IND562132AAA,1,2.261744966442953,0.0,1.0,0.0,0.0,674.0,298.0,371.1157,1.0,0.0,1,0,0,Sagara_Vardhard_D (Karnataka),Bangalore_Nelmngla_H (Karnataka),Sagara_Vardhard_D (Karnataka) -> Bangalore_Nelmngla_H (Karnataka)
IND577401AAA,IND577201AAA,7,1.125,0.0,0.14285714285714285,0.0,0.0,99.0,88.0,84.8653,1.0,0.0,0,0,0,Sagara_Vardhard_D (Karnataka),Shimoga_DC (Karnataka),Sagara_Vardhard_D (Karnataka) -> Shimoga_DC (Karnataka)
IND577432AAA,IND577126AAA,1,2.1,0.0,1.0,0.0,0.0,42.0,20.0,27.2213,1.0,0.0,1,0,0,Thirthahalli_NadthiCx_D (Karnataka),Koppa_Sangetha_D (Karnataka),Thirthahalli_NadthiCx_D (Karnataka) -> Koppa_Sangetha_D (Karnataka)
IND518002AAA,IND518501AAA,18,1.5259216589861753,0.0,1.0,0.0,0.0,87.0,56.5,71.3009,1.0,0.0,1,0,0,Kurnool_AbbasNgr_I (Andhra Pradesh),Nandyal_SrnvsNgr_D (Andhra Pradesh),Kurnool_AbbasNgr_I (Andhra Pradesh) -> Nandyal_SrnvsNgr_D (Andhra Pradesh)
IND577522AAA,IND562132AAA,10,1.4928571428571429,0.0,1.0,0.0,0.0,209.0,140.0,183.659,1.0,0.0,1,0,0,Challakere_Shivangr_D (Karnataka),Bangalore_Nelmngla_H (Karnataka),Challakere_Shivangr_D (Karnataka) -> Bangalore_Nelmngla_H (Karnataka)
IND533308AAB,IND533106AAA,1,1.962962962962963,0.0,1.0,0.0,0.0,53.0,27.0,33.3582,1.0,0.0,1,0,0,Mandapeta_Mainrd_D (Andhra Pradesh),Rajamundry_AtoNgrRd_I (Andhra Pradesh),Mandapeta_Mainrd_D (Andhra Pradesh) -> Rajamundry_AtoNgrRd_I (Andhra Pradesh)
IND131028AAB,IND124001AAB,4,1.7788461538461537,0.0,1.0,0.0,0.0,96.0,54.5,65.80325,1.0,0.0,1,0,0,Sonipat_Kundli_H (Haryana),Rohtak (Haryana),Sonipat_Kundli_H (Haryana) -> Rohtak (Haryana)
IND517325AAA,IND517408AAA,1,2.15625,0.0,1.0,0.0,0.0,69.0,32.0,46.6587,1.0,0.0,1,0,0,Madnapalle_PngnrRd_D (Andhra Pradesh),Palamaner_Lakshmi_D (Andhra Pradesh),Madnapalle_PngnrRd_D (Andhra Pradesh) -> Palamaner_Lakshmi_D (Andhra Pradesh)
IND131028AAB,IND247667AAA,5,1.9640287769784173,0.0,1.0,0.0,0.0,273.0,139.0,163.0853,1.0,0.0,1,0,0,Sonipat_Kundli_H (Haryana),Roorkee_Dc (Uttarakhand),Sonipat_Kundli_H (Haryana) -> Roorkee_Dc (Uttarakhand)
IND516390AAA,IND515004AAA,15,1.9404761904761905,0.0,1.0,0.0,0.0,165.0,86.0,99.5907,1.0,0.0,1,0,0,Pulivendula_RTCStand_D (Andhra Pradesh),Anantapur_KamaStrt_I (Andhra Pradesh),Pulivendula_RTCStand_D (Andhra Pradesh) -> Anantapur_KamaStrt_I (Andhra Pradesh)
IND516360AAB,IND516001AAA,2,1.6129568106312293,0.0,1.0,0.0,0.0,68.5,42.5,53.0375,1.0,0.0,1,0,0,Proddatur_Central_D_2 (Andhra Pradesh),Cuddapah_DC (Andhra Pradesh),Proddatur_Central_D_2 (Andhra Pradesh) -> Cuddapah_DC (Andhra Pradesh)
IND516001AAA,IND516227AAA,2,1.7319611470860314,0.0,1.0,0.0,0.0,80.5,46.5,53.609899999999996,1.0,0.0,1,0,0,Cuddapah_DC (Andhra Pradesh),Badvel_Sidrd_D (Andhra Pradesh),Cuddapah_DC (Andhra Pradesh) -> Badvel_Sidrd_D (Andhra Pradesh)
IND221303AAA,IND231001AAA,3,1.625,0.0,1.0,0.0,0.0,39.0,23.0,29.2527,1.0,0.0,1,0,0,Gopiganj_Wardno13_D (Uttar Pradesh),Mirzapur_JangiRd_D (Uttar Pradesh),Gopiganj_Wardno13_D (Uttar Pradesh) -> Mirzapur_JangiRd_D (Uttar Pradesh)
IND515865AAB,IND515761AAA,18,1.696969696969697,0.0,1.0,0.0,0.0,55.0,32.0,39.9959,1.0,0.0,1,0,0,Rayadurgam_RailGate_D (Andhra Pradesh),Kalyandurg_Shankrpa_D (Andhra Pradesh),Rayadurgam_RailGate_D (Andhra Pradesh) -> Kalyandurg_Shankrpa_D (Andhra Pradesh)
IND249201AAA,IND246174AAA,4,1.6880330689809966,0.0,1.0,0.0,0.0,276.0,163.0,110.6677,1.0,0.0,1,0,0,Rishikesh_DC (Uttarakhand),SrinagarUK_Srikot_D (Uttarakhand),Rishikesh_DC (Uttarakhand) -> SrinagarUK_Srikot_D (Uttarakhand)
IND515801AAA,IND515761AAA,1,2.0833333333333335,0.0,1.0,0.0,0.0,200.0,96.0,94.8697,1.0,0.0,1,0,0,Guntakal_Verpatem_D (Andhra Pradesh),Kalyandurg_Shankrpa_D (Andhra Pradesh),Guntakal_Verpatem_D (Andhra Pradesh) -> Kalyandurg_Shankrpa_D (Andhra Pradesh)
IND250611AAA,IND247776AAA,11,1.9090909090909092,0.0,1.0,0.0,0.0,63.0,33.0,39.5746,1.0,0.0,1,0,0,Baraut_SrnprHwy_D (Uttar Pradesh),Shamli_KarnalRd_D (Uttar Pradesh),Baraut_SrnprHwy_D (Uttar Pradesh) -> Shamli_KarnalRd_D (Uttar Pradesh)
IND515591AAA,IND516269AAA,10,1.6769230769230767,0.0,1.0,0.0,0.0,109.0,65.0,71.29515,1.0,0.0,1,0,0,Kadiri_GVManu_D (Andhra Pradesh),Rayachoti_Madnpali_D (Andhra Pradesh),Kadiri_GVManu_D (Andhra Pradesh) -> Rayachoti_Madnpali_D (Andhra Pradesh)
IND251201AAA,IND250002AAA,1,1.9024390243902438,0.0,1.0,0.0,0.0,78.0,41.0,39.5339,1.0,0.0,1,0,0,Khatauli_TilakNgr_D (Uttar Pradesh),Meerut (Uttar Pradesh),Khatauli_TilakNgr_D (Uttar Pradesh) -> Meerut (Uttar Pradesh)
IND251309AAB,IND131028AAB,10,1.9787581699346406,0.0,1.0,0.0,0.0,139.5,69.5,69.26165,1.0,0.0,1,0,0,Budhana_Busstand_D (Uttar Pradesh),Sonipat_Kundli_H (Haryana),Budhana_Busstand_D (Uttar Pradesh) -> Sonipat_Kundli_H (Haryana)
IND262001AAA,IND244901AAB,1,1.8271604938271604,0.0,1.0,0.0,0.0,148.0,81.0,111.7625,0.0,0.0,1,0,0,Pilibhit_ViksClny_D (Uttar Pradesh),Rampur_RoshnBgh_I (Uttar Pradesh),Pilibhit_ViksClny_D (Uttar Pradesh) -> Rampur_RoshnBgh_I (Uttar Pradesh)
IND131028AAB,IND247667AAB,15,1.9285714285714286,0.0,1.0,0.0,0.0,270.0,140.0,163.7663,1.0,0.0,1,0,0,Sonipat_Kundli_H (Haryana),Roorkee_IOTCEncl_L (Uttarakhand),Sonipat_Kundli_H (Haryana) -> Roorkee_IOTCEncl_L (Uttarakhand)
IND131028AAB,IND248001AAA,2,1.7934272300469485,0.0,1.0,0.0,0.0,382.0,213.0,245.63925,1.0,0.0,1,0,0,Sonipat_Kundli_H (Haryana),Dehradun (Uttarakhand),Sonipat_Kundli_H (Haryana) -> Dehradun (Uttarakhand)
IND131028AAB,IND248001AAD,1,1.8726415094339623,0.0,1.0,0.0,0.0,397.0,212.0,245.6096,1.0,0.0,1,0,0,Sonipat_Kundli_H (Haryana),Dehradun_Nirjanpur_L (Uttarakhand),Sonipat_Kundli_H (Haryana) -> Dehradun_Nirjanpur_L (Uttarakhand)
IND131028AAB,IND249407AAA,1,1.8666666666666667,0.0,1.0,0.0,0.0,336.0,180.0,196.1742,1.0,0.0,1,0,0,Sonipat_Kundli_H (Haryana),Haridwar (Uttarakhand),Sonipat_Kundli_H (Haryana) -> Haridwar (Uttarakhand)
IND131028AAB,IND250002AAA,1,1.8082191780821917,0.0,1.0,0.0,0.0,132.0,73.0,89.5733,1.0,0.0,1,0,0,Sonipat_Kundli_H (Haryana),Meerut (Uttar Pradesh),Sonipat_Kundli_H (Haryana) -> Meerut (Uttar Pradesh)
IND577535AAC,IND577522AAA,10,1.5823717948717948,0.0,1.0,0.0,0.0,62.0,39.0,56.0231,1.0,0.0,1,0,0,Molakalmuru_KnsgraRD_D (Karnataka),Challakere_Shivangr_D (Karnataka),Molakalmuru_KnsgraRD_D (Karnataka) -> Challakere_Shivangr_D (Karnataka)
IND515004AAA,IND562132AAA,8,1.7251207729468598,0.0,1.0,0.0,0.0,314.0,184.0,205.1086,1.0,0.0,1,0,0,Anantapur_KamaStrt_I (Andhra Pradesh),Bangalore_Nelmngla_H (Karnataka),Anantapur_KamaStrt_I (Andhra Pradesh) -> Bangalore_Nelmngla_H (Karnataka)
IND580028AAA,IND562132AAA,4,1.7810820758189179,0.0,1.0,0.0,0.0,508.5,285.5,383.14845,1.0,0.0,1,0,0,Hubli_Adargchi_IP (Karnataka),Bangalore_Nelmngla_H (Karnataka),Hubli_Adargchi_IP (Karnataka) -> Bangalore_Nelmngla_H (Karnataka)
IND580028AAA,IND581402AAA,15,1.4216867469879517,0.0,1.0,0.0,0.0,120.0,83.0,93.0582,1.0,0.0,1,0,0,Hubli_Adargchi_IP (Karnataka),Sirsi_Vidygiri_D (Karnataka),Hubli_Adargchi_IP (Karnataka) -> Sirsi_Vidygiri_D (Karnataka)
IND580028AAA,IND591115AAB,4,1.7906976744186047,0.0,1.0,0.0,0.0,77.0,43.5,59.267849999999996,1.0,0.0,1,0,0,Hubli_Adargchi_IP (Karnataka),Kittur_ColageRD_D (Karnataka),Hubli_Adargchi_IP (Karnataka) -> Kittur_ColageRD_D (Karnataka)
IND581110AAE,IND581119AAB,16,1.8636363636363635,0.0,1.0,0.0,0.0,82.0,43.0,54.0105,0.0,0.0,1,0,0,Haveri_GuttalRD_D (Karnataka),Ukkadagatri_Tuminkte_D (Karnataka),Haveri_GuttalRD_D (Karnataka) -> Ukkadagatri_Tuminkte_D (Karnataka)
IND515004AAA,IND501359AAE,17,1.7407407407407407,0.0,1.0,0.0,0.0,424.0,243.0,338.8175,1.0,0.0,1,0,0,Anantapur_KamaStrt_I (Andhra Pradesh),Hyderabad_Shamshbd_H (Telangana),Anantapur_KamaStrt_I (Andhra Pradesh) -> Hyderabad_Shamshbd_H (Telangana)
IND581303AAA,IND581325AAA,2,1.4893617021276595,0.0,1.0,0.0,0.0,140.0,94.0,101.2739,1.0,0.0,1,0,0,Karwar_Central_D_1 (Karnataka),Dandeli_RKComplx_D (Karnataka),Karwar_Central_D_1 (Karnataka) -> Dandeli_RKComplx_D (Karnataka)
IND581303AAA,IND581400AAB,12,1.3982469512195121,0.0,0.75,0.0,0.0,52.5,41.0,44.258300000000006,1.0,0.0,1,0,0,Karwar_Central_D_1 (Karnataka),Mallapur_ShtDRDPP_D (Karnataka),Karwar_Central_D_1 (Karnataka) -> Mallapur_ShtDRDPP_D (Karnataka)
IND581314AAA,IND581334AAA,1,1.5178571428571428,0.0,1.0,0.0,0.0,85.0,56.0,59.4354,1.0,0.0,1,0,0,Ankola_Kakrmath_D (Karnataka),Honnavar_Prbhtngr_D (Karnataka),Ankola_Kakrmath_D (Karnataka) -> Honnavar_Prbhtngr_D (Karnataka)
IND581320AAA,IND575004AAB,1,2.3333333333333335,0.0,1.0,0.0,0.0,259.0,111.0,137.9959,1.0,0.0,1,0,0,Bhatkal_KmkshBul_D (Karnataka),Mangalore_Kuntikna_H (Karnataka),Bhatkal_KmkshBul_D (Karnataka) -> Mangalore_Kuntikna_H (Karnataka)
IND509124AAA,IND584101AAA,2,1.5,0.0,1.0,0.0,0.0,84.0,56.0,51.77565,1.0,0.0,1,0,0,JoguGadwal_ColctrOf_D (Telangana),Raichur_LSRoad_DC (Karnataka),JoguGadwal_ColctrOf_D (Telangana) -> Raichur_LSRoad_DC (Karnataka)
IND581334AAA,IND581314AAA,3,1.9038461538461537,0.0,1.0,0.0,0.0,96.0,51.0,55.1553,1.0,0.0,1,0,0,Honnavar_Prbhtngr_D (Karnataka),Ankola_Kakrmath_D (Karnataka),Honnavar_Prbhtngr_D (Karnataka) -> Ankola_Kakrmath_D (Karnataka)
IND581334AAA,IND581320AAA,1,1.5161290322580645,0.0,1.0,0.0,0.0,47.0,31.0,34.0561,1.0,0.0,1,0,0,Honnavar_Prbhtngr_D (Karnataka),Bhatkal_KmkshBul_D (Karnataka),Honnavar_Prbhtngr_D (Karnataka) -> Bhatkal_KmkshBul_D (Karnataka)
IND509103AAB,IND509103AAC,1,1.9411764705882353,0.0,1.0,0.0,0.0,33.0,17.0,18.9512,1.0,0.0,1,0,0,Wanaparthy_VallaDPP_D (Telangana),IND509103AAC,Wanaparthy_VallaDPP_D (Telangana) -> IND509103AAC
IND581402AAA,IND577201AAA,1,1.75,0.0,1.0,0.0,0.0,224.0,128.0,137.2396,1.0,0.0,1,0,0,Sirsi_Vidygiri_D (Karnataka),Shimoga_DC (Karnataka),Sirsi_Vidygiri_D (Karnataka) -> Shimoga_DC (Karnataka)
IND581402AAA,IND577401AAA,9,1.625,0.0,1.0,0.0,0.0,114.0,72.0,76.6258,1.0,0.0,1,0,0,Sirsi_Vidygiri_D (Karnataka),Sagara_Vardhard_D (Karnataka),Sirsi_Vidygiri_D (Karnataka) -> Sagara_Vardhard_D (Karnataka)
IND508252AAB,IND508207AAB,6,1.3634293270643552,0.0,1.0,0.0,0.0,112.0,82.0,109.42665,1.0,0.0,1,0,0,Choutuppal_Nagaram_D (Telangana),Miryalguda_Ragvendr_D (Telangana),Choutuppal_Nagaram_D (Telangana) -> Miryalguda_Ragvendr_D (Telangana)
IND508206AAA,IND507159AAA,12,1.3513513513513513,0.0,0.8333333333333334,0.0,0.0,50.0,37.0,50.973,1.0,0.0,1,0,0,Kodad_VidyaNgr_D (Telangana),Kusumnchi_SKRoad_D (Telangana),Kodad_VidyaNgr_D (Telangana) -> Kusumnchi_SKRoad_D (Telangana)
IND508206AAA,IND507002AAA,2,1.9464285714285714,0.0,1.0,0.0,0.0,54.5,28.0,36.44285000000001,1.0,0.0,1,0,0,Kodad_VidyaNgr_D (Telangana),Khammam_NSTRoad_I (Telangana),Kodad_VidyaNgr_D (Telangana) -> Khammam_NSTRoad_I (Telangana)
IND508116AAA,IND508277AAB,14,1.0674242424242424,0.0,0.0,0.0,0.0,47.5,44.0,43.6049,1.0,0.0,0,0,0,Bhuvanagiri_HBColny_D (Telangana),Mothkur_Mainroad_D (Telangana),Bhuvanagiri_HBColny_D (Telangana) -> Mothkur_Mainroad_D (Telangana)
IND508116AAA,IND508223AAA,1,1.5254237288135593,0.0,1.0,0.0,0.0,90.0,59.0,83.4561,1.0,0.0,1,0,0,Bhuvanagiri_HBColny_D (Telangana),Thirumalagiri_Xroad_D (Telangana),Bhuvanagiri_HBColny_D (Telangana) -> Thirumalagiri_Xroad_D (Telangana)
IND584101AAA,IND584123AAA,2,1.5465116279069768,0.0,1.0,0.0,0.0,66.5,43.0,47.1756,0.0,0.0,1,0,0,Raichur_LSRoad_DC (Karnataka),Manvi_APMCYard_D (Karnataka),Raichur_LSRoad_DC (Karnataka) -> Manvi_APMCYard_D (Karnataka)
IND584123AAA,IND584128AAA,1,1.4444444444444444,0.0,1.0,0.0,0.0,52.0,36.0,39.7207,0.0,0.0,1,0,0,Manvi_APMCYard_D (Karnataka),Sindhanur_VasaviNg_D (Karnataka),Manvi_APMCYard_D (Karnataka) -> Sindhanur_VasaviNg_D (Karnataka)
IND584128AAA,IND583121AAA,2,2.224308300395257,0.0,1.0,0.0,0.0,50.0,22.5,32.5108,0.0,0.0,1,0,0,Sindhanur_VasaviNg_D (Karnataka),Siruguppa_Wrd12DPP_D (Karnataka),Sindhanur_VasaviNg_D (Karnataka) -> Siruguppa_Wrd12DPP_D (Karnataka)
IND585104AAA,IND585211AAA,17,1.945945945945946,0.0,1.0,0.0,0.0,73.0,38.0,47.4594,0.0,0.0,1,0,0,Gulbarga_Nehrugnj_I (Karnataka),Chittapur_GlbrgaRD_D (Karnataka),Gulbarga_Nehrugnj_I (Karnataka) -> Chittapur_GlbrgaRD_D (Karnataka)
IND585104AAA,IND585307AAB,4,1.5151515151515151,0.0,1.0,0.0,0.0,100.0,66.0,71.89869999999999,0.0,0.0,1,0,0,Gulbarga_Nehrugnj_I (Karnataka),Chincholi_Mainroad_D (Karnataka),Gulbarga_Nehrugnj_I (Karnataka) -> Chincholi_Mainroad_D (Karnataka)
IND585104AAA,IND585330AAE,20,1.8372093023255813,0.0,1.0,0.0,0.0,77.5,43.0,59.76635,1.0,0.0,1,0,0,Gulbarga_Nehrugnj_I (Karnataka),Humnabad_EBroad_D (Karnataka),Gulbarga_Nehrugnj_I (Karnataka) -> Humnabad_EBroad_D (Karnataka)
IND507159AAA,IND508206AAA,5,1.135135135135135,0.0,0.2,0.0,0.0,42.0,38.0,51.6448,1.0,0.0,0,0,0,Kusumnchi_SKRoad_D (Telangana),Kodad_VidyaNgr_D (Telangana),Kusumnchi_SKRoad_D (Telangana) -> Kodad_VidyaNgr_D (Telangana)
IND147001AAD,IND147201AAA,1,1.5,0.0,1.0,0.0,0.0,42.0,28.0,26.912,1.0,0.0,1,0,0,Patiala_GainMrkt_L (Punjab),Nabha_Sahni_D (Punjab),Patiala_GainMrkt_L (Punjab) -> Nabha_Sahni_D (Punjab)
IND585222AAA,IND585211AAA,4,1.4123076923076923,0.0,0.75,0.0,0.0,36.0,26.0,26.2468,0.0,0.0,1,0,0,Sedam_DBRCmplx_D (Karnataka),Chittapur_GlbrgaRD_D (Karnataka),Sedam_DBRCmplx_D (Karnataka) -> Chittapur_GlbrgaRD_D (Karnataka)
IND585222AAA,IND585307AAB,18,1.5270270270270272,0.0,1.0,0.0,0.0,56.5,36.5,39.6913,0.0,0.0,1,0,0,Sedam_DBRCmplx_D (Karnataka),Chincholi_Mainroad_D (Karnataka),Sedam_DBRCmplx_D (Karnataka) -> Chincholi_Mainroad_D (Karnataka)
IND585307AAB,IND585222AAA,4,1.4106606606606606,0.0,1.0,0.0,0.0,51.5,37.0,39.698949999999996,0.0,0.0,1,0,0,Chincholi_Mainroad_D (Karnataka),Sedam_DBRCmplx_D (Karnataka),Chincholi_Mainroad_D (Karnataka) -> Sedam_DBRCmplx_D (Karnataka)
IND585314AAA,IND586211AAA,3,1.9381443298969072,0.0,1.0,0.0,0.0,188.0,97.0,104.968,0.0,0.0,1,0,0,Aland_RazaviRd_D (Karnataka),Indi_SindgiRD_D (Karnataka),Aland_RazaviRd_D (Karnataka) -> Indi_SindgiRD_D (Karnataka)
IND147001AAB,IND147201AAA,6,1.3205619412515963,0.0,0.8333333333333334,0.0,0.0,36.0,28.0,27.10445,1.0,0.0,1,0,0,Patiala (Punjab),Nabha_Sahni_D (Punjab),Patiala (Punjab) -> Nabha_Sahni_D (Punjab)
IND145001AAA,IND176303AAA,1,1.1844660194174756,0.0,0.0,0.0,0.0,122.0,103.0,78.1911,1.0,0.0,0,0,0,Pathankot_DC (Punjab),Dalhousie_Banikhet_D (Himachal Pradesh),Pathankot_DC (Punjab) -> Dalhousie_Banikhet_D (Himachal Pradesh)
IND144601AAA,IND144040AAA,1,1.7586206896551724,0.0,1.0,0.0,0.0,51.0,29.0,41.5967,1.0,0.0,1,0,0,Kapurthala_DC (Punjab),Nakodar_ChowkDPP_D (Punjab),Kapurthala_DC (Punjab) -> Nakodar_ChowkDPP_D (Punjab)
IND144601AAA,IND144001AAA,2,2.0018382352941178,0.0,1.0,0.0,0.0,33.0,16.5,21.46695,1.0,0.0,1,0,0,Kapurthala_DC (Punjab),Jalandhar_DC (Punjab),Kapurthala_DC (Punjab) -> Jalandhar_DC (Punjab)
IND586128AAA,IND586211AAA,15,1.6382978723404256,0.0,1.0,0.0,0.0,77.0,47.0,48.0951,0.0,0.0,1,0,0,Sindagi_KalyanNg_D (Karnataka),Indi_SindgiRD_D (Karnataka),Sindagi_KalyanNg_D (Karnataka) -> Indi_SindgiRD_D (Karnataka)
IND144527AAA,IND141115AAA,4,1.8676470588235294,0.0,1.0,0.0,0.0,63.5,34.0,34.76015,1.0,0.0,1,0,0,Garhshnker_Jagrata_D (Punjab),Machhiwara_MnBzrDPP_D (Punjab),Garhshnker_Jagrata_D (Punjab) -> Machhiwara_MnBzrDPP_D (Punjab)
IND586211AAA,IND586128AAA,3,1.7916666666666667,0.0,1.0,0.0,0.0,86.0,47.0,48.5216,0.0,0.0,1,0,0,Indi_SindgiRD_D (Karnataka),Sindagi_KalyanNg_D (Karnataka),Indi_SindgiRD_D (Karnataka) -> Sindagi_KalyanNg_D (Karnataka)
IND587103AAB,IND582101AAB,2,2.1630434782608696,0.0,1.0,0.0,0.0,199.0,92.0,109.555,1.0,0.0,1,0,0,Bagalkot_Sector4_D (Karnataka),Gadag_Cdosclrd_D (Karnataka),Bagalkot_Sector4_D (Karnataka) -> Gadag_Cdosclrd_D (Karnataka)
IND587103AAB,IND582209AAA,17,1.901639344262295,0.0,1.0,0.0,0.0,114.0,61.0,66.4212,1.0,0.0,1,0,0,Bagalkot_Sector4_D (Karnataka),Rona_GadagRD_D (Karnataka),Bagalkot_Sector4_D (Karnataka) -> Rona_GadagRD_D (Karnataka)
IND590016AAA,IND591302AAB,5,1.4516129032258065,0.0,1.0,0.0,0.0,45.0,31.0,35.9801,1.0,0.0,1,0,0,Belgaum_Dc (Karnataka),Khanapur_StatinRD_D (Karnataka),Belgaum_Dc (Karnataka) -> Khanapur_StatinRD_D (Karnataka)
IND144514AAA,IND141115AAA,5,1.75,0.0,1.0,0.0,0.0,49.0,28.0,26.1322,1.0,0.0,1,0,0,Nawanshahr_DC (Punjab),Machhiwara_MnBzrDPP_D (Punjab),Nawanshahr_DC (Punjab) -> Machhiwara_MnBzrDPP_D (Punjab)
IND591115AAB,IND580028AAA,2,1.9166666666666667,0.0,1.0,0.0,0.0,80.5,42.0,58.072199999999995,1.0,0.0,1,0,0,Kittur_ColageRD_D (Karnataka),Hubli_Adargchi_IP (Karnataka),Kittur_ColageRD_D (Karnataka) -> Hubli_Adargchi_IP (Karnataka)
IND591115AAB,IND590016AAA,4,1.8333333333333335,0.0,1.0,0.0,0.0,55.5,30.5,43.001549999999995,1.0,0.0,1,0,0,Kittur_ColageRD_D (Karnataka),Belgaum_Dc (Karnataka),Kittur_ColageRD_D (Karnataka) -> Belgaum_Dc (Karnataka)
IND591123AAC,IND587103AAB,19,1.7058823529411764,0.0,1.0,0.0,0.0,87.0,52.0,60.9414,1.0,0.0,1,0,0,Ramdurg_GndhiNGR_D (Karnataka),Bagalkot_Sector4_D (Karnataka),Ramdurg_GndhiNGR_D (Karnataka) -> Bagalkot_Sector4_D (Karnataka)
IND591126AAA,IND591102AAA,2,1.522549019607843,0.0,1.0,0.0,0.0,48.5,32.0,35.09055,1.0,0.0,1,0,0,Saundatti_ShanthiS_D (Karnataka),Bailhongal_NamoNagr_D (Karnataka),Saundatti_ShanthiS_D (Karnataka) -> Bailhongal_NamoNagr_D (Karnataka)
IND591201AAA,IND586101AAB,1,1.7301587301587302,0.0,1.0,0.0,0.0,218.0,126.0,147.7175,1.0,0.0,1,0,0,Chikodi_IndraNgr_D (Karnataka),Bijapur_Central_D_2 (Karnataka),Chikodi_IndraNgr_D (Karnataka) -> Bijapur_Central_D_2 (Karnataka)
IND591201AAA,IND591304AAA,10,1.4344262295081966,0.0,1.0,0.0,0.0,87.5,60.0,73.90514999999999,1.0,0.0,1,0,0,Chikodi_IndraNgr_D (Karnataka),Athani_VikrmMah_D (Karnataka),Chikodi_IndraNgr_D (Karnataka) -> Athani_VikrmMah_D (Karnataka)
IND591237AAB,IND591201AAA,4,1.5681818181818183,0.0,0.75,0.0,0.0,34.5,22.0,24.0228,1.0,0.0,1,0,0,Nipani_AkkolRD_D (Karnataka),Chikodi_IndraNgr_D (Karnataka),Nipani_AkkolRD_D (Karnataka) -> Chikodi_IndraNgr_D (Karnataka)
IND591302AAB,IND591115AAB,2,1.6973684210526316,0.0,1.0,0.0,0.0,64.5,38.0,41.165350000000004,1.0,0.0,1,0,0,Khanapur_StatinRD_D (Karnataka),Kittur_ColageRD_D (Karnataka),Khanapur_StatinRD_D (Karnataka) -> Kittur_ColageRD_D (Karnataka)
IND591304AAA,IND586101AAA,8,1.5010332950631458,0.0,1.0,0.0,0.0,99.5,67.0,76.62555,1.0,0.0,1,0,0,Athani_VikrmMah_D (Karnataka),Bijapur_KirtiNgr_D (Karnataka),Athani_VikrmMah_D (Karnataka) -> Bijapur_KirtiNgr_D (Karnataka)
IND591304AAA,IND586101AAB,4,1.446969696969697,0.0,1.0,0.0,0.0,95.5,66.0,75.21465,1.0,0.0,1,0,0,Athani_VikrmMah_D (Karnataka),Bijapur_Central_D_2 (Karnataka),Athani_VikrmMah_D (Karnataka) -> Bijapur_Central_D_2 (Karnataka)
IND144514AAA,IND000000ACA,1,1.7241379310344827,0.0,1.0,0.0,0.0,100.0,58.0,55.3215,1.0,0.0,1,0,0,Nawanshahr_DC (Punjab),Ludhiana_MilrGanj_HB (Punjab),Nawanshahr_DC (Punjab) -> Ludhiana_MilrGanj_HB (Punjab)
IND246725AAB,IND246701AAA,10,1.4844155844155844,0.0,1.0,0.0,0.0,49.0,34.0,37.17675,1.0,0.0,1,0,0,Chandpur_NorprRD_D (Uttar Pradesh),Bijnor_NaginaRd_D (Uttar Pradesh),Chandpur_NorprRD_D (Uttar Pradesh) -> Bijnor_NaginaRd_D (Uttar Pradesh)
IND246761AAA,IND244501AAA,10,0.462113558294605,0.0,0.0,0.0,0.0,46.0,99.0,59.060249999999996,1.0,0.0,0,0,0,Dhampur_NaginaRD_D (Uttar Pradesh),Kanth_Dayanand_D (Uttar Pradesh),Dhampur_NaginaRD_D (Uttar Pradesh) -> Kanth_Dayanand_D (Uttar Pradesh)
IND246761AAA,IND244601AAB,1,1.2291666666666667,0.0,1.0,0.0,0.0,59.0,48.0,46.8614,1.0,0.0,1,0,0,Dhampur_NaginaRD_D (Uttar Pradesh),Thakurdwara_Fathuluh_D (Uttar Pradesh),Dhampur_NaginaRD_D (Uttar Pradesh) -> Thakurdwara_Fathuluh_D (Uttar Pradesh)
IND246761AAA,IND244901AAB,1,1.221311475409836,0.0,1.0,0.0,0.0,149.0,122.0,121.4712,1.0,0.0,1,0,0,Dhampur_NaginaRD_D (Uttar Pradesh),Rampur_RoshnBgh_I (Uttar Pradesh),Dhampur_NaginaRD_D (Uttar Pradesh) -> Rampur_RoshnBgh_I (Uttar Pradesh)
IND246763AAA,IND244901AAB,3,1.4610389610389611,0.0,1.0,0.0,0.0,227.0,154.0,166.1058,1.0,0.0,1,0,0,Najibabad_KotdwrRD_D (Uttar Pradesh),Rampur_RoshnBgh_I (Uttar Pradesh),Najibabad_KotdwrRD_D (Uttar Pradesh) -> Rampur_RoshnBgh_I (Uttar Pradesh)
IND144040AAA,IND144001AAB,10,2.13125,0.0,1.0,0.0,0.0,41.5,19.0,27.092750000000002,1.0,0.0,1,0,0,Nakodar_ChowkDPP_D (Punjab),Jalandhar_DPC (Punjab),Nakodar_ChowkDPP_D (Punjab) -> Jalandhar_DPC (Punjab)
IND247554AAA,IND248001AAA,12,1.193798449612403,0.0,0.3333333333333333,0.0,0.0,153.0,129.0,91.68485,1.0,0.0,0,0,0,Deoband_Ramvlg_D (Uttar Pradesh),Dehradun (Uttarakhand),Deoband_Ramvlg_D (Uttar Pradesh) -> Dehradun (Uttarakhand)
IND247554AAA,IND248001AAD,2,1.408258560703168,0.0,0.5,0.0,0.0,180.5,128.0,91.3592,1.0,0.0,1,0,0,Deoband_Ramvlg_D (Uttar Pradesh),Dehradun_Nirjanpur_L (Uttarakhand),Deoband_Ramvlg_D (Uttar Pradesh) -> Dehradun_Nirjanpur_L (Uttarakhand)
IND507123AAA,IND506314AAA,12,1.424142031940197,0.0,0.9166666666666666,0.0,0.0,153.5,108.5,130.59375,1.0,0.0,1,0,0,Yellandu_Sudimala_D (Telangana),Rayaparthi_Perkadrd_D (Telangana),Yellandu_Sudimala_D (Telangana) -> Rayaparthi_Perkadrd_D (Telangana)
IND247776AAA,IND251309AAB,9,1.7777777777777777,0.0,1.0,0.0,0.0,32.0,18.0,24.5242,1.0,0.0,1,0,0,Shamli_KarnalRd_D (Uttar Pradesh),Budhana_Busstand_D (Uttar Pradesh),Shamli_KarnalRd_D (Uttar Pradesh) -> Budhana_Busstand_D (Uttar Pradesh)
IND507111AAA,IND507303AAA,1,1.88,0.0,1.0,0.0,0.0,141.0,75.0,105.4585,1.0,0.0,1,0,0,Bhadrachalam_ITDARd_D (Telangana),Sathupally_VidyaNGR_D (Telangana),Bhadrachalam_ITDARd_D (Telangana) -> Sathupally_VidyaNGR_D (Telangana)
IND507002AAA,IND508213AAB,14,1.8181818181818181,0.0,1.0,0.0,0.0,80.0,45.0,63.823949999999996,1.0,0.0,1,0,0,Khammam_NSTRoad_I (Telangana),Suryapet_Krishna_D (Telangana),Khammam_NSTRoad_I (Telangana) -> Suryapet_Krishna_D (Telangana)
IND507002AAA,IND508207AAB,2,1.9253731343283582,0.0,1.0,0.0,0.0,129.0,67.0,92.23044999999999,1.0,0.0,1,0,0,Khammam_NSTRoad_I (Telangana),Miryalguda_Ragvendr_D (Telangana),Khammam_NSTRoad_I (Telangana) -> Miryalguda_Ragvendr_D (Telangana)
IND507002AAA,IND507117AAB,1,1.4594594594594594,0.0,1.0,0.0,0.0,162.0,111.0,135.5658,1.0,0.0,1,0,0,Khammam_NSTRoad_I (Telangana),Manuguru_AskNagar_D (Telangana),Khammam_NSTRoad_I (Telangana) -> Manuguru_AskNagar_D (Telangana)
IND506343AAA,IND506169AAB,2,1.3475609756097562,0.0,0.5,0.0,0.0,56.0,41.5,49.64275000000001,1.0,0.0,1,0,0,Mulugu_LaxmiNGR_D (Telangana),Bhupalpally_JwahrNGR_D (Telangana),Mulugu_LaxmiNGR_D (Telangana) -> Bhupalpally_JwahrNGR_D (Telangana)
IND600008AAC,IND600004AAA,1,2.357142857142857,0.0,1.0,0.0,0.0,33.0,14.0,13.2347,0.0,0.0,1,0,0,Chennai_Egmore_DPC (Tamil Nadu),Chennai_Mylapore (Tamil Nadu),Chennai_Egmore_DPC (Tamil Nadu) -> Chennai_Mylapore (Tamil Nadu)
IND506169AAB,IND505503AAA,1,2.125,0.0,1.0,0.0,0.0,34.0,16.0,23.4994,1.0,0.0,1,0,0,Bhupalpally_JwahrNGR_D (Telangana),Mahadevpur_Kataram_D (Telangana),Bhupalpally_JwahrNGR_D (Telangana) -> Mahadevpur_Kataram_D (Telangana)
IND600016AAC,IND600056AAB,1,2.242424242424242,0.0,1.0,0.0,0.0,74.0,33.0,36.8879,0.0,0.0,1,0,0,Chennai_Perungudi_DPC (Tamil Nadu),MAA_Poonamallee_HB (Tamil Nadu),Chennai_Perungudi_DPC (Tamil Nadu) -> MAA_Poonamallee_HB (Tamil Nadu)
IND504251AAA,IND504293AAA,2,2.305263157894737,0.0,1.0,0.0,0.0,84.0,36.5,40.2221,1.0,0.0,1,0,0,Bellmpalli_BasthDPP_D (Telangana),Asifabad_PaikjNGR_D (Telangana),Bellmpalli_BasthDPP_D (Telangana) -> Asifabad_PaikjNGR_D (Telangana)
IND506143AAA,IND506167AAB,16,1.7295321637426901,0.0,1.0,0.0,0.0,31.0,17.0,25.2461,1.0,0.0,1,0,0,Ghanpur_Palakrty_D (Telangana),Jangaon_Hanmkond_D (Telangana),Ghanpur_Palakrty_D (Telangana) -> Jangaon_Hanmkond_D (Telangana)
IND506002AAA,IND506343AAA,2,1.5896825396825398,0.0,1.0,0.0,0.0,56.5,35.5,49.3209,1.0,0.0,1,0,0,Warangal_HunterRd_I (Telangana),Mulugu_LaxmiNGR_D (Telangana),Warangal_HunterRd_I (Telangana) -> Mulugu_LaxmiNGR_D (Telangana)
IND506001AAC,IND505467AAA,13,1.588235294117647,0.0,1.0,0.0,0.0,55.0,35.0,41.8916,1.0,0.0,1,0,0,Warangal_Central_D_2 (Telangana),Husnabad_Greenmkt_D (Telangana),Warangal_Central_D_2 (Telangana) -> Husnabad_Greenmkt_D (Telangana)
IND505503AAA,IND506164AAA,1,2.282051282051282,0.0,1.0,0.0,0.0,89.0,39.0,55.3318,1.0,0.0,1,0,0,Mahadevpur_Kataram_D (Telangana),Parkal_AmbedDPP_D (Telangana),Mahadevpur_Kataram_D (Telangana) -> Parkal_AmbedDPP_D (Telangana)
IND505467AAA,IND505122AAA,13,1.7333333333333334,0.0,1.0,0.0,0.0,78.0,46.0,51.0574,1.0,0.0,1,0,0,Husnabad_Greenmkt_D (Telangana),Jammikunta_ConduDPP_D (Telangana),Husnabad_Greenmkt_D (Telangana) -> Jammikunta_ConduDPP_D (Telangana)
IND505425AAA,IND505001AAB,1,1.8571428571428572,0.0,1.0,0.0,0.0,117.0,63.0,70.7628,1.0,0.0,1,0,0,DhrmpuriTS_HanumDPP_D (Telangana),Karimnagar_KamnHbRD_I (Telangana),DhrmpuriTS_HanumDPP_D (Telangana) -> Karimnagar_KamnHbRD_I (Telangana)
IND600056AAB,IND501359AAE,7,1.8024691358024691,0.0,1.0,0.0,0.0,876.0,486.0,678.099,1.0,0.0,1,0,0,MAA_Poonamallee_HB (Tamil Nadu),Hyderabad_Shamshbd_H (Telangana),MAA_Poonamallee_HB (Tamil Nadu) -> Hyderabad_Shamshbd_H (Telangana)
IND600056AAB,IND524003AAA,14,1.6099999999999999,0.0,1.0,0.0,0.0,241.5,150.5,186.65370000000001,1.0,0.0,1,0,0,MAA_Poonamallee_HB (Tamil Nadu),Nellore_DC (Andhra Pradesh),MAA_Poonamallee_HB (Tamil Nadu) -> Nellore_DC (Andhra Pradesh)
IND600056AAB,IND530012AAA,2,1.7159715242881073,0.0,1.0,0.0,0.0,1027.0,598.5,814.08745,1.0,0.0,1,0,0,MAA_Poonamallee_HB (Tamil Nadu),Visakhapatnam_Gajuwaka_IP (Andhra Pradesh),MAA_Poonamallee_HB (Tamil Nadu) -> Visakhapatnam_Gajuwaka_IP (Andhra Pradesh)
IND505326AAB,IND505425AAA,1,1.8235294117647058,0.0,1.0,0.0,0.0,31.0,17.0,24.6623,1.0,0.0,1,0,0,IND505326AAB,DhrmpuriTS_HanumDPP_D (Telangana),IND505326AAB -> DhrmpuriTS_HanumDPP_D (Telangana)
IND600056AAB,IND562132AAA,16,1.845694779116466,0.0,1.0,0.0,0.0,460.5,249.0,321.84765000000004,1.0,0.0,1,0,0,MAA_Poonamallee_HB (Tamil Nadu),Bangalore_Nelmngla_H (Karnataka),MAA_Poonamallee_HB (Tamil Nadu) -> Bangalore_Nelmngla_H (Karnataka)
IND505326AAB,IND505327AAA,1,2.0434782608695654,0.0,1.0,0.0,0.0,47.0,23.0,32.9725,1.0,0.0,1,0,0,IND505326AAB,Jagtial_Aravind_D (Telangana),IND505326AAB -> Jagtial_Aravind_D (Telangana)
IND600056AAB,IND600044AAD,7,1.7352941176470589,0.0,1.0,0.0,0.0,60.0,34.0,35.658,0.0,0.0,1,0,0,MAA_Poonamallee_HB (Tamil Nadu),Chennai_Chrompet_DPC (Tamil Nadu),MAA_Poonamallee_HB (Tamil Nadu) -> Chennai_Chrompet_DPC (Tamil Nadu)
IND505302AAB,IND505327AAA,1,2.0,0.0,1.0,0.0,0.0,84.0,42.0,38.234300000000005,1.0,0.0,1,0,0,Vemulawada_Central_DPP_2 (Telangana),Jagtial_Aravind_D (Telangana),Vemulawada_Central_DPP_2 (Telangana) -> Jagtial_Aravind_D (Telangana)
IND505302AAB,IND505326AAB,4,1.2116161616161616,0.0,0.5,0.0,0.0,66.0,54.5,50.4236,1.0,0.0,1,0,0,Vemulawada_Central_DPP_2 (Telangana),IND505326AAB,Vemulawada_Central_DPP_2 (Telangana) -> IND505326AAB
IND505302AAB,IND505325AAA,5,1.1290322580645162,0.0,0.2,0.0,0.0,70.0,62.0,60.1525,1.0,0.0,0,0,0,Vemulawada_Central_DPP_2 (Telangana),Metpally_GunjRDPP_D (Telangana),Vemulawada_Central_DPP_2 (Telangana) -> Metpally_GunjRDPP_D (Telangana)
IND505184AAC,IND505209AAA,2,0.8941375968992248,0.0,0.0,0.0,0.0,41.0,45.5,22.036949999999997,1.0,0.0,0,0,0,Manthani_Chaitnya_D (Telangana),Ramagundam_Pdmavati_D (Telangana),Manthani_Chaitnya_D (Telangana) -> Ramagundam_Pdmavati_D (Telangana)
IND600056AAB,IND635802AAB,3,1.3174603174603174,0.0,1.0,0.0,0.0,166.0,127.0,153.35670000000002,1.0,0.0,1,0,0,MAA_Poonamallee_HB (Tamil Nadu),Ambur_Central_D_2 (Tamil Nadu),MAA_Poonamallee_HB (Tamil Nadu) -> Ambur_Central_D_2 (Tamil Nadu)
IND600073AAA,IND603203AAA,1,1.9166666666666667,0.0,1.0,0.0,0.0,23.0,12.0,15.6886,0.0,0.0,1,0,0,Chennai_Selaiyur_DC (Tamil Nadu),Chennai_Potheri (Tamil Nadu),Chennai_Selaiyur_DC (Tamil Nadu) -> Chennai_Potheri (Tamil Nadu)
IND600076AAB,IND600056AAB,2,2.075537075537076,0.0,1.0,0.0,0.0,79.0,38.0,48.61005,0.0,0.0,1,0,0,Chennai_Madhavaram_DPC (Tamil Nadu),MAA_Poonamallee_HB (Tamil Nadu),Chennai_Madhavaram_DPC (Tamil Nadu) -> MAA_Poonamallee_HB (Tamil Nadu)
IND600083AAA,IND600116AAB,2,2.0357142857142856,0.0,1.0,0.0,0.0,26.5,13.0,13.6142,0.0,0.0,1,0,0,Chennai_AshokNagar_DC (Tamil Nadu),Chennai_Porur_DPC (Tamil Nadu),Chennai_AshokNagar_DC (Tamil Nadu) -> Chennai_Porur_DPC (Tamil Nadu)
IND125033AAA,IND125005AAA,2,2.0620915032679736,0.0,1.0,0.0,0.0,36.0,17.5,21.5574,1.0,0.0,1,0,0,Hansi_DelRdDPP_D (Haryana),Hisar_IndstlAr_I (Haryana),Hansi_DelRdDPP_D (Haryana) -> Hisar_IndstlAr_I (Haryana)
IND505001AAB,IND505172AAA,1,1.7083333333333333,0.0,1.0,0.0,0.0,41.0,24.0,34.1481,1.0,0.0,1,0,0,Karimnagar_KamnHbRD_I (Telangana),Peddapalli_UdaynDPP_D (Telangana),Karimnagar_KamnHbRD_I (Telangana) -> Peddapalli_UdaynDPP_D (Telangana)
IND125047AAB,IND125051AAA,10,2.1842105263157894,0.0,1.0,0.0,0.0,125.0,57.0,68.73435,1.0,0.0,1,0,0,Hisar_AgrohDPP_D (Haryana),Ratia_SchdvDPP_D (Haryana),Hisar_AgrohDPP_D (Haryana) -> Ratia_SchdvDPP_D (Haryana)
IND125050AAA,IND125051AAA,2,1.7186147186147185,0.0,1.0,0.0,0.0,37.0,21.5,23.45665,1.0,0.0,1,0,0,Fatehabad_SirsaDPP_D (Haryana),Ratia_SchdvDPP_D (Haryana),Fatehabad_SirsaDPP_D (Haryana) -> Ratia_SchdvDPP_D (Haryana)
IND125051AAA,IND125111AAA,4,1.0489583333333332,0.0,0.0,0.0,0.0,32.0,31.0,21.792,1.0,0.0,0,0,0,Ratia_SchdvDPP_D (Haryana),Fatehabad_BhunaDPP_D (Haryana),Ratia_SchdvDPP_D (Haryana) -> Fatehabad_BhunaDPP_D (Haryana)
IND505001AAB,IND504251AAA,1,2.216867469879518,0.0,1.0,0.0,0.0,184.0,83.0,109.7287,1.0,0.0,1,0,0,Karimnagar_KamnHbRD_I (Telangana),Bellmpalli_BasthDPP_D (Telangana),Karimnagar_KamnHbRD_I (Telangana) -> Bellmpalli_BasthDPP_D (Telangana)
IND505001AAB,IND503111AAC,2,1.388034188034188,0.0,0.5,0.0,0.0,125.5,90.5,98.4647,1.0,0.0,1,0,0,Karimnagar_KamnHbRD_I (Telangana),Kamareddy_Devenply_I (Telangana),Karimnagar_KamnHbRD_I (Telangana) -> Kamareddy_Devenply_I (Telangana)
IND505001AAB,IND501359AAE,1,2.0481927710843375,0.0,1.0,0.0,0.0,340.0,166.0,185.6649,1.0,0.0,1,0,0,Karimnagar_KamnHbRD_I (Telangana),Hyderabad_Shamshbd_H (Telangana),Karimnagar_KamnHbRD_I (Telangana) -> Hyderabad_Shamshbd_H (Telangana)
IND126102AAA,IND131301AAA,2,2.1571428571428575,0.0,1.0,0.0,0.0,75.5,35.0,46.69845,1.0,0.0,1,0,0,Jind_DC (Haryana),Gohana_DvlalDPP_D (Haryana),Jind_DC (Haryana) -> Gohana_DvlalDPP_D (Haryana)
IND505001AAA,IND505327AAA,1,1.6046511627906976,0.0,1.0,0.0,0.0,69.0,43.0,46.6178,1.0,0.0,1,0,0,Karimnagar_DC (Telangana),Jagtial_Aravind_D (Telangana),Karimnagar_DC (Telangana) -> Jagtial_Aravind_D (Telangana)
IND504296AAA,IND505001AAB,1,1.6,0.0,1.0,0.0,0.0,200.0,125.0,145.8669,1.0,0.0,1,0,0,Kaghaznagar_Central_DPP_1 (Telangana),Karimnagar_KamnHbRD_I (Telangana),Kaghaznagar_Central_DPP_1 (Telangana) -> Karimnagar_KamnHbRD_I (Telangana)
IND504296AAA,IND504293AAA,2,1.1,0.0,0.0,0.0,0.0,33.0,30.0,25.6401,1.0,0.0,0,0,0,Kaghaznagar_Central_DPP_1 (Telangana),Asifabad_PaikjNGR_D (Telangana),Kaghaznagar_Central_DPP_1 (Telangana) -> Asifabad_PaikjNGR_D (Telangana)
IND504296AAA,IND504208AAB,1,1.2459016393442623,0.0,1.0,0.0,0.0,76.0,61.0,59.8443,1.0,0.0,1,0,0,Kaghaznagar_Central_DPP_1 (Telangana),Mancherial_Hitech_D (Telangana),Kaghaznagar_Central_DPP_1 (Telangana) -> Mancherial_Hitech_D (Telangana)
IND600110AAA,IND600056AAD,1,2.263157894736842,0.0,1.0,0.0,0.0,86.0,38.0,48.5266,0.0,0.0,1,0,0,Chennai_Madhavaram_L (Tamil Nadu),Chennai_Poonamallee_L (Tamil Nadu),Chennai_Madhavaram_L (Tamil Nadu) -> Chennai_Poonamallee_L (Tamil Nadu)
IND504293AAA,IND504208AAB,2,1.3621753246753248,0.0,0.5,0.0,0.0,75.5,55.5,60.62925,1.0,0.0,1,0,0,Asifabad_PaikjNGR_D (Telangana),Mancherial_Hitech_D (Telangana),Asifabad_PaikjNGR_D (Telangana) -> Mancherial_Hitech_D (Telangana)
IND504251AAA,IND504296AAA,3,1.186046511627907,0.0,0.3333333333333333,0.0,0.0,51.0,43.0,39.631,1.0,0.0,0,0,0,Bellmpalli_BasthDPP_D (Telangana),Kaghaznagar_Central_DPP_1 (Telangana),Bellmpalli_BasthDPP_D (Telangana) -> Kaghaznagar_Central_DPP_1 (Telangana)
IND504208AAB,IND504251AAA,1,1.7894736842105263,0.0,1.0,0.0,0.0,34.0,19.0,21.5952,1.0,0.0,1,0,0,Mancherial_Hitech_D (Telangana),Bellmpalli_BasthDPP_D (Telangana),Mancherial_Hitech_D (Telangana) -> Bellmpalli_BasthDPP_D (Telangana)
IND504201AAA,IND505184AAC,5,1.1578947368421053,0.0,0.4,0.0,0.0,88.0,75.0,59.6035,1.0,0.0,0,0,0,Chinnur_AsnsdhRD_D (Telangana),Manthani_Chaitnya_D (Telangana),Chinnur_AsnsdhRD_D (Telangana) -> Manthani_Chaitnya_D (Telangana)
IND504201AAA,IND505001AAB,1,2.136986301369863,0.0,1.0,0.0,0.0,156.0,73.0,100.4252,1.0,0.0,1,0,0,Chinnur_AsnsdhRD_D (Telangana),Karimnagar_KamnHbRD_I (Telangana),Chinnur_AsnsdhRD_D (Telangana) -> Karimnagar_KamnHbRD_I (Telangana)
IND503111AAC,IND505001AAB,1,1.404494382022472,0.0,1.0,0.0,0.0,125.0,89.0,97.1468,1.0,0.0,1,0,0,Kamareddy_Devenply_I (Telangana),Karimnagar_KamnHbRD_I (Telangana),Kamareddy_Devenply_I (Telangana) -> Karimnagar_KamnHbRD_I (Telangana)
IND502313AAA,IND503111AAC,6,1.695852534562212,0.0,1.0,0.0,0.0,106.5,62.0,85.2439,1.0,0.0,1,0,0,Narsapur_Xroad_D (Telangana),Kamareddy_Devenply_I (Telangana),Narsapur_Xroad_D (Telangana) -> Kamareddy_Devenply_I (Telangana)
IND502295AAA,IND500050AAA,2,2.0,0.0,1.0,0.0,0.0,50.0,25.0,29.533900000000003,0.0,0.0,1,0,0,Sangareddy_Pothredy_D (Telangana),Patancheru_Ameenpur_I (Telangana),Sangareddy_Pothredy_D (Telangana) -> Patancheru_Ameenpur_I (Telangana)
IND603203AAA,IND600048AAA,1,1.6666666666666667,0.0,1.0,0.0,0.0,20.0,12.0,14.162,0.0,0.0,1,0,0,Chennai_Potheri (Tamil Nadu),Chennai_Vandalur_Dc (Tamil Nadu),Chennai_Potheri (Tamil Nadu) -> Chennai_Vandalur_Dc (Tamil Nadu)
IND502220AAC,IND501359AAE,22,1.320453190220632,0.0,0.8181818181818182,0.0,0.0,169.5,128.0,147.02459999999996,1.0,0.0,1,0,0,Zahirabad_Mohim_D (Telangana),Hyderabad_Shamshbd_H (Telangana),Zahirabad_Mohim_D (Telangana) -> Hyderabad_Shamshbd_H (Telangana)
IND604303AAA,IND603102AAA,4,1.9483805668016194,0.0,1.0,0.0,0.0,75.0,39.0,53.4901,1.0,0.0,1,0,0,Marakkanam_MJRDPP_D (Tamil Nadu),Kalpakkam_Sadras_D (Tamil Nadu),Marakkanam_MJRDPP_D (Tamil Nadu) -> Kalpakkam_Sadras_D (Tamil Nadu)
IND605010AAB,IND600056AAB,3,1.6923076923076923,0.0,1.0,0.0,0.0,220.0,130.0,152.2299,1.0,0.0,1,0,0,Pondicherry_Vasanthm_I (Pondicherry),MAA_Poonamallee_HB (Tamil Nadu),Pondicherry_Vasanthm_I (Pondicherry) -> MAA_Poonamallee_HB (Tamil Nadu)
IND502110AAA,IND502313AAA,19,1.3714285714285714,0.0,0.8947368421052632,0.0,0.0,48.0,36.0,39.7813,1.0,0.0,1,0,0,Medak_Dwaraka_D (Telangana),Narsapur_Xroad_D (Telangana),Medak_Dwaraka_D (Telangana) -> Narsapur_Xroad_D (Telangana)
IND605010AAB,IND607001AAA,12,1.7413793103448276,0.0,1.0,0.0,0.0,50.5,29.0,25.6858,1.0,0.0,1,0,0,Pondicherry_Vasanthm_I (Pondicherry),Cuddalore_KtsiGrsm_D (Tamil Nadu),Pondicherry_Vasanthm_I (Pondicherry) -> Cuddalore_KtsiGrsm_D (Tamil Nadu)
IND605601AAA,IND600056AAB,6,1.72,0.0,1.0,0.0,0.0,215.0,125.0,151.9599,1.0,0.0,1,0,0,Villupuram_Thirumtr_IP (Tamil Nadu),MAA_Poonamallee_HB (Tamil Nadu),Villupuram_Thirumtr_IP (Tamil Nadu) -> MAA_Poonamallee_HB (Tamil Nadu)
IND501359AAE,IND712311AAA,2,1.979167151030219,0.0,1.0,0.0,0.0,2093.0,1057.5,1471.3070500000001,1.0,0.0,1,0,0,Hyderabad_Shamshbd_H (Telangana),Kolkata_Dankuni_HB (West Bengal),Hyderabad_Shamshbd_H (Telangana) -> Kolkata_Dankuni_HB (West Bengal)
IND605601AAA,IND636102AAA,6,1.6653558052434456,0.0,1.0,0.0,0.0,149.0,89.5,121.38215,1.0,0.0,1,0,0,Villupuram_Thirumtr_IP (Tamil Nadu),Attur_KaaduRd_D (Tamil Nadu),Villupuram_Thirumtr_IP (Tamil Nadu) -> Attur_KaaduRd_D (Tamil Nadu)
IND606003AAA,IND606105AAA,14,1.6,0.0,1.0,0.0,0.0,23.0,14.0,15.9438,0.0,0.0,1,0,0,Virudhchlm_SelamRd_D (Tamil Nadu),Pennadam_EastmnRD_D (Tamil Nadu),Virudhchlm_SelamRd_D (Tamil Nadu) -> Pennadam_EastmnRD_D (Tamil Nadu)
IND606105AAA,IND606201AAC,14,1.6791310541310542,0.0,1.0,0.0,0.0,89.0,54.0,72.69925,0.0,0.0,1,0,0,Pennadam_EastmnRD_D (Tamil Nadu),Chinnasalem_VkotRoad_D (Tamil Nadu),Pennadam_EastmnRD_D (Tamil Nadu) -> Chinnasalem_VkotRoad_D (Tamil Nadu)
IND501359AAE,IND585104AAA,21,1.6686746987951808,0.0,1.0,0.0,0.0,280.0,168.0,210.4105,1.0,0.0,1,0,0,Hyderabad_Shamshbd_H (Telangana),Gulbarga_Nehrugnj_I (Karnataka),Hyderabad_Shamshbd_H (Telangana) -> Gulbarga_Nehrugnj_I (Karnataka)
IND606803AAA,IND606801AAB,13,1.3478260869565217,0.0,0.9230769230769231,0.0,0.0,31.0,24.0,24.6893,1.0,0.0,1,0,0,Polur_StationRD_D (Tamil Nadu),Chetpet_Blmrgnst_D (Tamil Nadu),Polur_StationRD_D (Tamil Nadu) -> Chetpet_Blmrgnst_D (Tamil Nadu)
IND501359AAE,IND562132AAA,5,1.6863207547169812,0.0,1.0,0.0,0.0,715.0,425.0,542.2618,1.0,0.0,1,0,0,Hyderabad_Shamshbd_H (Telangana),Bangalore_Nelmngla_H (Karnataka),Hyderabad_Shamshbd_H (Telangana) -> Bangalore_Nelmngla_H (Karnataka)
IND501359AAE,IND533106AAA,12,2.2142857142857144,0.0,1.0,0.0,0.0,663.5,299.0,421.56845,1.0,0.0,1,0,0,Hyderabad_Shamshbd_H (Telangana),Rajamundry_AtoNgrRd_I (Andhra Pradesh),Hyderabad_Shamshbd_H (Telangana) -> Rajamundry_AtoNgrRd_I (Andhra Pradesh)
IND501359AAE,IND523002AAA,12,1.7158244481664555,0.0,1.0,0.0,0.0,465.0,273.0,363.46555,1.0,0.0,1,0,0,Hyderabad_Shamshbd_H (Telangana),Ongole_SubhVRTL_I (Andhra Pradesh),Hyderabad_Shamshbd_H (Telangana) -> Ongole_SubhVRTL_I (Andhra Pradesh)
IND501359AAE,IND515004AAA,9,1.786008230452675,0.0,1.0,0.0,0.0,434.0,243.0,337.884,1.0,0.0,1,0,0,Hyderabad_Shamshbd_H (Telangana),Anantapur_KamaStrt_I (Andhra Pradesh),Hyderabad_Shamshbd_H (Telangana) -> Anantapur_KamaStrt_I (Andhra Pradesh)
IND608301AAA,IND639104AAB,16,1.7490196078431373,0.0,1.0,0.0,0.0,209.0,119.0,148.47055,1.0,0.0,1,0,0,Lalpet_PriyrNGR_D (Tamil Nadu),Kulithalai_AnnaNGR_D (Tamil Nadu),Lalpet_PriyrNGR_D (Tamil Nadu) -> Kulithalai_AnnaNGR_D (Tamil Nadu)
IND501359AAE,IND505001AAB,2,1.3827486615948155,0.0,1.0,0.0,0.0,233.0,168.5,186.9071,1.0,0.0,1,0,0,Hyderabad_Shamshbd_H (Telangana),Karimnagar_KamnHbRD_I (Telangana),Hyderabad_Shamshbd_H (Telangana) -> Karimnagar_KamnHbRD_I (Telangana)
IND609110AAA,IND609602AAA,8,1.9291871921182264,0.0,1.0,0.0,0.0,55.0,29.5,42.0763,1.0,0.0,1,0,0,Sirkazhi_Pngktgudi_D (Tamil Nadu),Karaikal_Thalthru_DC (Pondicherry),Sirkazhi_Pngktgudi_D (Tamil Nadu) -> Karaikal_Thalthru_DC (Pondicherry)
IND501359AAE,IND503111AAC,2,1.7330607476635516,0.0,1.0,0.0,0.0,183.0,105.5,140.17345,1.0,0.0,1,0,0,Hyderabad_Shamshbd_H (Telangana),Kamareddy_Devenply_I (Telangana),Hyderabad_Shamshbd_H (Telangana) -> Kamareddy_Devenply_I (Telangana)
IND610001AAA,IND605010AAB,10,2.071428571428571,0.0,1.0,0.0,0.0,261.0,126.0,149.45915000000002,1.0,0.0,1,0,0,Thiruvarur_Bypasrd_D (Tamil Nadu),Pondicherry_Vasanthm_I (Pondicherry),Thiruvarur_Bypasrd_D (Tamil Nadu) -> Pondicherry_Vasanthm_I (Pondicherry)
IND501359AAE,IND501141AAA,8,1.6085106382978722,0.0,1.0,0.0,0.0,152.0,94.0,109.3512,0.0,0.0,1,0,0,Hyderabad_Shamshbd_H (Telangana),Tandur_SnthiNGR_D (Telangana),Hyderabad_Shamshbd_H (Telangana) -> Tandur_SnthiNGR_D (Telangana)
IND274509AAB,IND274001AAA,1,2.2083333333333335,0.0,1.0,0.0,0.0,53.0,24.0,29.4564,1.0,0.0,1,0,0,Salempur_Banjaria_D (Uttar Pradesh),Deoria_CCRoad_D (Uttar Pradesh),Salempur_Banjaria_D (Uttar Pradesh) -> Deoria_CCRoad_D (Uttar Pradesh)
IND614602AAA,IND614804AAA,16,1.5,0.0,1.0,0.0,0.0,36.0,24.0,22.69815,1.0,0.0,1,0,0,Pattukotai_anthniyr_D (Tamil Nadu),Peravurani_SH71_D (Tamil Nadu),Pattukotai_anthniyr_D (Tamil Nadu) -> Peravurani_SH71_D (Tamil Nadu)
IND614620AAA,IND630561AAA,16,1.9044798222880415,0.0,1.0,0.0,0.0,140.0,74.0,105.14405,0.0,0.0,1,0,0,Manamelkudi_TmpleSrt_D (Tamil Nadu),Sivaganga_Wardno3_D (Tamil Nadu),Manamelkudi_TmpleSrt_D (Tamil Nadu) -> Sivaganga_Wardno3_D (Tamil Nadu)
IND614715AAA,IND614809AAA,17,1.4736842105263157,0.0,0.8823529411764706,0.0,0.0,56.0,38.0,32.7821,0.0,0.0,1,0,0,Thirthurpondi_Madaprum_D (Tamil Nadu),Pushpavanam_Thmpulam_D (Tamil Nadu),Thirthurpondi_Madaprum_D (Tamil Nadu) -> Pushpavanam_Thmpulam_D (Tamil Nadu)
IND614804AAA,IND614616AAA,16,1.2724867724867726,0.0,0.5625,0.0,0.0,34.5,27.0,25.3667,1.0,0.0,1,0,0,Peravurani_SH71_D (Tamil Nadu),Aranthangi_HsptlRod_D (Tamil Nadu),Peravurani_SH71_D (Tamil Nadu) -> Aranthangi_HsptlRod_D (Tamil Nadu)
IND273155AAA,IND273303AAA,1,1.5333333333333334,0.0,1.0,0.0,0.0,23.0,15.0,21.8126,0.0,0.0,1,0,0,Anandnagar_LohiaDPP_D (Uttar Pradesh),Maharajganj_PakriDPP_D (Uttar Pradesh),Anandnagar_LohiaDPP_D (Uttar Pradesh) -> Maharajganj_PakriDPP_D (Uttar Pradesh)
IND273014AAB,IND209304AAA,3,2.339100346020761,0.0,1.0,0.0,0.0,676.0,289.0,391.5147,1.0,0.0,1,0,0,Gorakhpur_Matriprm_IP (Uttar Pradesh),Kanpur_Central_H_6 (Uttar Pradesh),Gorakhpur_Matriprm_IP (Uttar Pradesh) -> Kanpur_Central_H_6 (Uttar Pradesh)
IND501359AAE,IND411033AAA,20,2.042466068093521,0.0,1.0,0.0,0.0,914.0,447.0,596.1829,1.0,0.0,1,0,0,Hyderabad_Shamshbd_H (Telangana),Pune_Tathawde_H (Maharashtra),Hyderabad_Shamshbd_H (Telangana) -> Pune_Tathawde_H (Maharashtra)
IND501359AAE,IND000000ACB,1,2.1486146095717884,0.0,1.0,0.0,0.0,2559.0,1191.0,1635.114,1.0,0.0,1,0,0,Hyderabad_Shamshbd_H (Telangana),Gurgaon_Bilaspur_HB (Haryana),Hyderabad_Shamshbd_H (Telangana) -> Gurgaon_Bilaspur_HB (Haryana)
IND621211AAA,IND621010AAA,15,1.5,0.0,1.0,0.0,0.0,33.0,22.0,23.9686,1.0,0.0,1,0,0,Musiri_ThryrRD_D (Tamil Nadu),Thuraiyur_Mthrapuri_D (Tamil Nadu),Musiri_ThryrRD_D (Tamil Nadu) -> Thuraiyur_Mthrapuri_D (Tamil Nadu)
IND501141AAA,IND501101AAB,5,1.5365853658536586,0.0,1.0,0.0,0.0,64.0,41.0,38.9117,0.0,0.0,1,0,0,Tandur_SnthiNGR_D (Telangana),Vikarabad_Central_DPP_2 (Telangana),Tandur_SnthiNGR_D (Telangana) -> Vikarabad_Central_DPP_2 (Telangana)
IND501101AAB,IND509216AAC,5,1.471698113207547,0.0,0.8,0.0,0.0,78.0,53.0,56.152,0.0,0.0,1,0,0,Vikarabad_Central_DPP_2 (Telangana),Shadnagar_Central_D_1 (Telangana),Vikarabad_Central_DPP_2 (Telangana) -> Shadnagar_Central_D_1 (Telangana)
IND501101AAB,IND501359AAE,1,1.9285714285714286,0.0,1.0,0.0,0.0,108.0,56.0,72.1443,0.0,0.0,1,0,0,Vikarabad_Central_DPP_2 (Telangana),Hyderabad_Shamshbd_H (Telangana),Vikarabad_Central_DPP_2 (Telangana) -> Hyderabad_Shamshbd_H (Telangana)
IND621802AAA,IND621212AAA,2,1.8557692307692308,0.0,1.0,0.0,0.0,95.5,51.5,68.50954999999999,1.0,0.0,1,0,0,Jayamkondan_Chithbrm_D (Tamil Nadu),Perambalur_goplpurm_D (Tamil Nadu),Jayamkondan_Chithbrm_D (Tamil Nadu) -> Perambalur_goplpurm_D (Tamil Nadu)
IND622407AAA,IND622001AAA,14,1.4777183600713013,0.0,1.0,0.0,0.0,50.0,34.0,36.7567,1.0,0.0,1,0,0,Ponnamaravathi_Puduvalvu_D (Tamil Nadu),Pudukkotti_Mrthndpr_D (Tamil Nadu),Ponnamaravathi_Puduvalvu_D (Tamil Nadu) -> Pudukkotti_Mrthndpr_D (Tamil Nadu)
IND623315AAB,IND614620AAA,15,1.5172413793103448,0.0,1.0,0.0,0.0,45.0,30.0,35.1174,0.0,0.0,1,0,0,Oriyur_Vllyaprm_D (Tamil Nadu),Manamelkudi_TmpleSrt_D (Tamil Nadu),Oriyur_Vllyaprm_D (Tamil Nadu) -> Manamelkudi_TmpleSrt_D (Tamil Nadu)
IND623503AAA,IND623526AAA,7,0.9014084507042254,0.0,0.0,0.0,0.0,64.0,71.0,52.6836,1.0,0.0,0,0,0,Ramnthpurm_TnhbBlkC_D (Tamil Nadu),Rameswram_Kdthdstrt_D (Tamil Nadu),Ramnthpurm_TnhbBlkC_D (Tamil Nadu) -> Rameswram_Kdthdstrt_D (Tamil Nadu)
IND623526AAA,IND623704AAA,8,1.0607789142407553,0.0,0.0,0.0,0.0,131.0,125.0,113.12165,1.0,0.0,0,0,0,Rameswram_Kdthdstrt_D (Tamil Nadu),Muthukulathur_VaiklSRT_D (Tamil Nadu),Rameswram_Kdthdstrt_D (Tamil Nadu) -> Muthukulathur_VaiklSRT_D (Tamil Nadu)
IND623701AAA,IND623503AAA,7,1.1777777777777778,0.0,0.42857142857142855,0.0,0.0,53.0,46.0,46.3482,1.0,0.0,0,0,0,Paramakudi_VagaiNgr_D (Tamil Nadu),Ramnthpurm_TnhbBlkC_D (Tamil Nadu),Paramakudi_VagaiNgr_D (Tamil Nadu) -> Ramnthpurm_TnhbBlkC_D (Tamil Nadu)
IND623704AAA,IND626607AAB,7,1.2708333333333333,0.0,0.7142857142857143,0.0,0.0,59.0,47.0,48.7821,1.0,0.0,1,0,0,Muthukulathur_VaiklSRT_D (Tamil Nadu),Narikkudi_MukkuRD_D (Tamil Nadu),Muthukulathur_VaiklSRT_D (Tamil Nadu) -> Narikkudi_MukkuRD_D (Tamil Nadu)
IND624001AAA,IND624619AAA,11,1.5384615384615385,0.0,0.8181818181818182,0.0,0.0,40.0,27.0,29.0603,1.0,0.0,1,0,0,Dindigul_Central_D_1 (Tamil Nadu),Oddnchtram_Palani_D (Tamil Nadu),Dindigul_Central_D_1 (Tamil Nadu) -> Oddnchtram_Palani_D (Tamil Nadu)
IND624001AAA,IND624703AAA,2,1.2666666666666666,0.0,0.5,0.0,0.0,45.0,35.5,38.69215,1.0,0.0,1,0,0,Dindigul_Central_D_1 (Tamil Nadu),Gujiliam_Parai_D (Tamil Nadu),Dindigul_Central_D_1 (Tamil Nadu) -> Gujiliam_Parai_D (Tamil Nadu)
IND624001AAA,IND625008AAA,9,1.3958333333333333,0.0,1.0,0.0,0.0,68.0,49.0,67.7051,1.0,0.0,1,0,0,Dindigul_Central_D_1 (Tamil Nadu),Madurai_Kappalur_H (Tamil Nadu),Dindigul_Central_D_1 (Tamil Nadu) -> Madurai_Kappalur_H (Tamil Nadu)
IND624101AAA,IND624202AAA,10,0.7119918699186991,0.0,0.0,0.0,0.0,86.5,119.5,55.520250000000004,1.0,0.0,0,0,0,Kodaikanal_Athithnr_DC (Tamil Nadu),Batlagundu_RTOofice_D (Tamil Nadu),Kodaikanal_Athithnr_DC (Tamil Nadu) -> Batlagundu_RTOofice_D (Tamil Nadu)
IND624202AAA,IND625218AAA,11,1.5217391304347827,0.0,1.0,0.0,0.0,35.0,23.0,26.0605,1.0,0.0,1,0,0,Batlagundu_RTOofice_D (Tamil Nadu),Vadipatti_lalaNGR_D (Tamil Nadu),Batlagundu_RTOofice_D (Tamil Nadu) -> Vadipatti_lalaNGR_D (Tamil Nadu)
IND624601AAA,IND624101AAA,15,0.7835820895522388,0.0,0.0,0.0,0.0,105.0,133.0,60.0035,1.0,0.0,0,0,0,Palani_RjndraRd_D (Tamil Nadu),Kodaikanal_Athithnr_DC (Tamil Nadu),Palani_RjndraRd_D (Tamil Nadu) -> Kodaikanal_Athithnr_DC (Tamil Nadu)
IND624619AAA,IND624601AAA,10,1.2705570291777188,0.0,0.7,0.0,0.0,34.0,26.0,27.20855,1.0,0.0,1,0,0,Oddnchtram_Palani_D (Tamil Nadu),Palani_RjndraRd_D (Tamil Nadu),Oddnchtram_Palani_D (Tamil Nadu) -> Palani_RjndraRd_D (Tamil Nadu)
IND624703AAA,IND624619AAA,1,1.3125,0.0,1.0,0.0,0.0,63.0,48.0,47.02,1.0,0.0,1,0,0,Gujiliam_Parai_D (Tamil Nadu),Oddnchtram_Palani_D (Tamil Nadu),Gujiliam_Parai_D (Tamil Nadu) -> Oddnchtram_Palani_D (Tamil Nadu)
IND625008AAA,IND625516AAA,1,1.25,0.0,1.0,0.0,0.0,150.0,120.0,115.5107,1.0,0.0,1,0,0,Madurai_Kappalur_H (Tamil Nadu),Cumbum_LFRoad_D (Tamil Nadu),Madurai_Kappalur_H (Tamil Nadu) -> Cumbum_LFRoad_D (Tamil Nadu)
IND500055AAA,IND501401AAC,1,2.0588235294117645,0.0,1.0,0.0,0.0,35.0,17.0,20.228900000000003,0.0,0.0,1,0,0,Hyd_Trimulgherry_Dc (Telangana),Medchal_MROoffce_D (Telangana),Hyd_Trimulgherry_Dc (Telangana) -> Medchal_MROoffce_D (Telangana)
IND625008AAA,IND685514AAA,1,1.4733727810650887,0.0,1.0,0.0,0.0,249.0,169.0,143.3816,1.0,0.0,1,0,0,Madurai_Kappalur_H (Tamil Nadu),Kattappana_Palikval_D (Kerala),Madurai_Kappalur_H (Tamil Nadu) -> Kattappana_Palikval_D (Kerala)
IND151001AAA,IND148101AAA,8,1.223609872137972,0.0,0.5,0.0,0.0,71.0,57.5,60.82,1.0,0.0,1,0,0,Bhatinda_DPC (Punjab),Barnala_DC (Punjab),Bhatinda_DPC (Punjab) -> Barnala_DC (Punjab)
IND625516AAA,IND685514AAA,7,1.934782608695652,0.0,1.0,0.0,0.0,89.0,47.0,33.3321,1.0,0.0,1,0,0,Cumbum_LFRoad_D (Tamil Nadu),Kattappana_Palikval_D (Kerala),Cumbum_LFRoad_D (Tamil Nadu) -> Kattappana_Palikval_D (Kerala)
IND625531AAA,IND625516AAA,7,1.2826086956521738,0.0,1.0,0.0,0.0,59.0,46.0,41.4115,1.0,0.0,1,0,0,Theni_Rathnam_D (Tamil Nadu),Cumbum_LFRoad_D (Tamil Nadu),Theni_Rathnam_D (Tamil Nadu) -> Cumbum_LFRoad_D (Tamil Nadu)
IND625532AAA,IND625531AAA,6,1.5018939393939394,0.0,1.0,0.0,0.0,69.0,45.5,41.76305,1.0,0.0,1,0,0,Usilampatti_MrutiNGR_D (Tamil Nadu),Theni_Rathnam_D (Tamil Nadu),Usilampatti_MrutiNGR_D (Tamil Nadu) -> Theni_Rathnam_D (Tamil Nadu)
IND625532AAA,IND685514AAA,1,1.6590909090909092,0.0,1.0,0.0,0.0,219.0,132.0,110.6122,1.0,0.0,1,0,0,Usilampatti_MrutiNGR_D (Tamil Nadu),Kattappana_Palikval_D (Kerala),Usilampatti_MrutiNGR_D (Tamil Nadu) -> Kattappana_Palikval_D (Kerala)
IND626117AAA,IND626138AAA,9,1.24,0.0,0.6666666666666666,0.0,0.0,32.0,25.0,20.7746,1.0,0.0,1,0,0,Rajpalayam_AshkTalk_D (Tamil Nadu),Maharajapuram_Krsnakcl_D (Tamil Nadu),Rajpalayam_AshkTalk_D (Tamil Nadu) -> Maharajapuram_Krsnakcl_D (Tamil Nadu)
IND626123AAA,IND627756AAA,17,1.86,0.0,1.0,0.0,0.0,92.0,49.0,48.291,1.0,0.0,1,0,0,Sivakasi_Msstreet_DC (Tamil Nadu),Sankaran_Kovil_D (Tamil Nadu),Sivakasi_Msstreet_DC (Tamil Nadu) -> Sankaran_Kovil_D (Tamil Nadu)
IND148102AAA,IND151001AAA,1,1.8275862068965518,0.0,1.0,0.0,0.0,106.0,58.0,68.315,1.0,0.0,1,0,0,Bhadaur_BChwkDPP_D (Punjab),Bhatinda_DPC (Punjab),Bhadaur_BChwkDPP_D (Punjab) -> Bhatinda_DPC (Punjab)
IND626607AAB,IND625008AAA,7,1.52,0.0,1.0,0.0,0.0,76.0,50.0,53.8978,1.0,0.0,1,0,0,Narikkudi_MukkuRD_D (Tamil Nadu),Madurai_Kappalur_H (Tamil Nadu),Narikkudi_MukkuRD_D (Tamil Nadu) -> Madurai_Kappalur_H (Tamil Nadu)
IND148101AAA,IND148102AAA,5,1.1818181818181819,0.0,0.4,0.0,0.0,26.0,22.0,23.934,1.0,0.0,0,0,0,Barnala_DC (Punjab),Bhadaur_BChwkDPP_D (Punjab),Barnala_DC (Punjab) -> Bhadaur_BChwkDPP_D (Punjab)
IND148028AAA,IND147001AAD,2,1.7980769230769231,0.0,1.0,0.0,0.0,92.5,51.5,63.2515,1.0,0.0,1,0,0,Sunam_DC (Punjab),Patiala_GainMrkt_L (Punjab),Sunam_DC (Punjab) -> Patiala_GainMrkt_L (Punjab)
IND627005AAA,IND629001AAA,1,2.0142857142857142,0.0,1.0,0.0,0.0,141.0,70.0,84.5501,1.0,0.0,1,0,0,Tirunelveli_VdkkuSrt_I (Tamil Nadu),Nagarcoil_AsrplmRd_DC (Tamil Nadu),Tirunelveli_VdkkuSrt_I (Tamil Nadu) -> Nagarcoil_AsrplmRd_DC (Tamil Nadu)
IND148023AAA,IND148024AAB,1,2.0,0.0,1.0,0.0,0.0,36.0,18.0,19.4578,1.0,0.0,1,0,0,Malerkotla_DC (Punjab),Dhuri_DMComDPP_D (Punjab),Malerkotla_DC (Punjab) -> Dhuri_DMComDPP_D (Punjab)
IND148023AAA,IND148001AAA,2,1.3408045977011493,0.0,1.0,0.0,0.0,39.5,29.5,32.92355,1.0,0.0,1,0,0,Malerkotla_DC (Punjab),Sangrur_DC (Punjab),Malerkotla_DC (Punjab) -> Sangrur_DC (Punjab)
IND627657AAA,IND628613AAA,16,1.0428571428571427,0.0,0.0,0.0,0.0,36.0,35.0,28.49435,0.0,0.0,0,0,0,Thisayanvilai_UdnkdiRD_D (Tamil Nadu),Peikulam_SriVnktpm_D (Tamil Nadu),Thisayanvilai_UdnkdiRD_D (Tamil Nadu) -> Peikulam_SriVnktpm_D (Tamil Nadu)
IND147301AAA,IND140401AAA,1,1.3333333333333333,0.0,1.0,0.0,0.0,40.0,30.0,39.0861,1.0,0.0,1,0,0,Mandi_Gobindgarh_DC (Punjab),Rajpura_DC (Punjab),Mandi_Gobindgarh_DC (Punjab) -> Rajpura_DC (Punjab)
IND627811AAA,IND627401AAA,10,1.5231854838709677,0.0,0.9,0.0,0.0,48.0,31.5,34.2061,1.0,0.0,1,0,0,Tenkasi_RailwyRd_D (Tamil Nadu),Ambasamdrm_Solaiprm_D (Tamil Nadu),Tenkasi_RailwyRd_D (Tamil Nadu) -> Ambasamdrm_Solaiprm_D (Tamil Nadu)
IND147301AAA,IND000000ACA,1,1.5333333333333334,0.0,1.0,0.0,0.0,46.0,30.0,36.9875,1.0,0.0,1,0,0,Mandi_Gobindgarh_DC (Punjab),Ludhiana_MilrGanj_HB (Punjab),Mandi_Gobindgarh_DC (Punjab) -> Ludhiana_MilrGanj_HB (Punjab)
IND147105AAA,IND147101AAA,1,1.4230769230769231,0.0,1.0,0.0,0.0,37.0,26.0,28.1092,1.0,0.0,1,0,0,Patran_MheshNGR_D (Punjab),Samana_PODPP_D (Punjab),Patran_MheshNGR_D (Punjab) -> Samana_PODPP_D (Punjab)
IND147101AAA,IND147105AAA,9,1.391304347826087,0.0,1.0,0.0,0.0,33.0,23.0,26.0715,1.0,0.0,1,0,0,Samana_PODPP_D (Punjab),Patran_MheshNGR_D (Punjab),Samana_PODPP_D (Punjab) -> Patran_MheshNGR_D (Punjab)
IND630002AAA,IND622407AAA,14,1.4255319148936172,0.0,1.0,0.0,0.0,67.0,47.0,49.713100000000004,1.0,0.0,1,0,0,Karaikudi_Sbrmnprm_D (Tamil Nadu),Ponnamaravathi_Puduvalvu_D (Tamil Nadu),Karaikudi_Sbrmnprm_D (Tamil Nadu) -> Ponnamaravathi_Puduvalvu_D (Tamil Nadu)
IND147001AAD,IND148023AAA,1,1.253968253968254,0.0,1.0,0.0,0.0,79.0,63.0,58.9258,1.0,0.0,1,0,0,Patiala_GainMrkt_L (Punjab),Malerkotla_DC (Punjab),Patiala_GainMrkt_L (Punjab) -> Malerkotla_DC (Punjab)
IND500010AAA,IND500055AAA,1,1.8235294117647058,0.0,1.0,0.0,0.0,31.0,17.0,15.9111,0.0,0.0,1,0,0,Hyderabad_Alwal_I (Telangana),Hyd_Trimulgherry_Dc (Telangana),Hyderabad_Alwal_I (Telangana) -> Hyd_Trimulgherry_Dc (Telangana)
IND632006AAA,IND562132AAA,2,2.0274725274725274,0.0,1.0,0.0,0.0,369.0,182.0,226.7142,1.0,0.0,1,0,0,Vellore_GndhiNgr_IP (Tamil Nadu),Bangalore_Nelmngla_H (Karnataka),Vellore_GndhiNgr_IP (Tamil Nadu) -> Bangalore_Nelmngla_H (Karnataka)
IND495334AAB,IND491995AAB,12,1.6043478260869566,0.0,1.0,0.0,0.0,72.0,45.0,64.10135,0.0,0.0,1,0,0,Mungeli_Panderia_D (Chhattisgarh),Kawardha_TrnsptNGR_D (Chhattisgarh),Mungeli_Panderia_D (Chhattisgarh) -> Kawardha_TrnsptNGR_D (Chhattisgarh)
IND493118AAC,IND495334AAB,11,1.6326530612244898,0.0,1.0,0.0,0.0,78.0,50.0,54.8625,0.0,0.0,1,0,0,Bhatpara_TrengaRD_D (Chhattisgarh),Mungeli_Panderia_D (Chhattisgarh),Bhatpara_TrengaRD_D (Chhattisgarh) -> Mungeli_Panderia_D (Chhattisgarh)
IND632006AAA,IND635802AAB,3,1.3488372093023255,0.0,0.6666666666666666,0.0,0.0,58.0,44.0,47.557,1.0,0.0,1,0,0,Vellore_GndhiNgr_IP (Tamil Nadu),Ambur_Central_D_2 (Tamil Nadu),Vellore_GndhiNgr_IP (Tamil Nadu) -> Ambur_Central_D_2 (Tamil Nadu)
IND491001AAA,IND494334AAB,1,1.439252336448598,0.0,1.0,0.0,0.0,154.0,107.0,135.07379999999998,1.0,0.0,1,0,0,Durg_Pulgaon_DC (Chhattisgarh),Kanker_KrisnKunj_D (Chhattisgarh),Durg_Pulgaon_DC (Chhattisgarh) -> Kanker_KrisnKunj_D (Chhattisgarh)
IND635001AAA,IND562132AAA,4,1.7584745762711864,0.0,1.0,0.0,0.0,207.5,118.0,113.72505,1.0,0.0,1,0,0,Krishnagiri_BnglorRd_D (Tamil Nadu),Bangalore_Nelmngla_H (Karnataka),Krishnagiri_BnglorRd_D (Tamil Nadu) -> Bangalore_Nelmngla_H (Karnataka)
IND635001AAA,IND636705AAB,4,1.3942307692307692,0.0,1.0,0.0,0.0,72.5,52.0,55.552800000000005,1.0,0.0,1,0,0,Krishnagiri_BnglorRd_D (Tamil Nadu),Dharmapuri_Central_D_2 (Tamil Nadu),Krishnagiri_BnglorRd_D (Tamil Nadu) -> Dharmapuri_Central_D_2 (Tamil Nadu)
IND488001AAA,IND471001AAA,4,2.1686613475177303,0.0,1.0,0.0,0.0,103.0,47.0,67.27359999999999,1.0,0.0,1,0,0,Panna_Mohnprwa_D (Madhya Pradesh),Chhatarpur_Busstand_D (Madhya Pradesh),Panna_Mohnprwa_D (Madhya Pradesh) -> Chhatarpur_Busstand_D (Madhya Pradesh)
IND487001AAB,IND487551AAA,4,1.627659574468085,0.0,1.0,0.0,0.0,75.5,47.0,51.79905,1.0,0.0,1,0,0,Narsinghpur_KndliDPP_D (Madhya Pradesh),Gadarwara_MPward_D (Madhya Pradesh),Narsinghpur_KndliDPP_D (Madhya Pradesh) -> Gadarwara_MPward_D (Madhya Pradesh)
IND635802AAB,IND562132AAA,6,1.7587985114300904,0.0,1.0,0.0,0.0,295.5,168.0,195.6802,1.0,0.0,1,0,0,Ambur_Central_D_2 (Tamil Nadu),Bangalore_Nelmngla_H (Karnataka),Ambur_Central_D_2 (Tamil Nadu) -> Bangalore_Nelmngla_H (Karnataka)
IND487001AAA,IND487551AAA,4,1.3765032377428308,0.0,0.75,0.0,0.0,64.0,46.0,50.0591,1.0,0.0,1,0,0,Narsingpur_JrjolDPP_D (Madhya Pradesh),Gadarwara_MPward_D (Madhya Pradesh),Narsingpur_JrjolDPP_D (Madhya Pradesh) -> Gadarwara_MPward_D (Madhya Pradesh)
IND486889AAA,IND231205AAA,4,2.1076923076923078,0.0,1.0,0.0,0.0,143.0,70.0,87.15825000000001,1.0,0.0,1,0,0,Singrauli_Ward8DPP_D (Madhya Pradesh),Chopan_PreetDPP_D (Uttar Pradesh),Singrauli_Ward8DPP_D (Madhya Pradesh) -> Chopan_PreetDPP_D (Uttar Pradesh)
IND485771AAA,IND486001AAA,1,2.1333333333333333,0.0,1.0,0.0,0.0,96.0,45.0,64.4999,1.0,0.0,1,0,0,Maihar_MngalDPP_D (Madhya Pradesh),Rewa_Dc (Madhya Pradesh),Maihar_MngalDPP_D (Madhya Pradesh) -> Rewa_Dc (Madhya Pradesh)
IND636016AAA,IND637211AAA,15,1.488888888888889,0.0,1.0,0.0,0.0,68.0,46.0,53.3461,0.0,0.0,1,0,0,Salem (Tamil Nadu),Tirchngode_Mhdhvpur_D (Tamil Nadu),Salem (Tamil Nadu) -> Tirchngode_Mhdhvpur_D (Tamil Nadu)
IND636102AAA,IND605601AAA,5,1.3523809523809525,0.0,1.0,0.0,0.0,142.0,105.0,130.5501,1.0,0.0,1,0,0,Attur_KaaduRd_D (Tamil Nadu),Villupuram_Thirumtr_IP (Tamil Nadu),Attur_KaaduRd_D (Tamil Nadu) -> Villupuram_Thirumtr_IP (Tamil Nadu)
IND636352AAA,IND636705AAB,5,1.6,0.0,1.0,0.0,0.0,40.0,25.0,27.303,1.0,0.0,1,0,0,Thoppur_HghsclRD_D (Tamil Nadu),Dharmapuri_Central_D_2 (Tamil Nadu),Thoppur_HghsclRD_D (Tamil Nadu) -> Dharmapuri_Central_D_2 (Tamil Nadu)
IND636705AAB,IND562132AAA,5,1.8376623376623376,0.0,1.0,0.0,0.0,283.0,155.0,151.5052,1.0,0.0,1,0,0,Dharmapuri_Central_D_2 (Tamil Nadu),Bangalore_Nelmngla_H (Karnataka),Dharmapuri_Central_D_2 (Tamil Nadu) -> Bangalore_Nelmngla_H (Karnataka)
IND636705AAB,IND635001AAA,4,1.433061224489796,0.0,0.75,0.0,0.0,71.0,50.0,53.146950000000004,1.0,0.0,1,0,0,Dharmapuri_Central_D_2 (Tamil Nadu),Krishnagiri_BnglorRd_D (Tamil Nadu),Dharmapuri_Central_D_2 (Tamil Nadu) -> Krishnagiri_BnglorRd_D (Tamil Nadu)
IND637211AAA,IND636402AAA,16,1.4508196721311477,0.0,1.0,0.0,0.0,89.0,61.0,65.27850000000001,0.0,0.0,1,0,0,Tirchngode_Mhdhvpur_D (Tamil Nadu),Mettur_RTOroad_D (Tamil Nadu),Tirchngode_Mhdhvpur_D (Tamil Nadu) -> Mettur_RTOroad_D (Tamil Nadu)
IND485001AAC,IND488001AAA,3,2.0701754385964914,0.0,1.0,0.0,0.0,116.0,55.0,75.4958,1.0,0.0,1,0,0,Satna_Central_I_2 (Madhya Pradesh),Panna_Mohnprwa_D (Madhya Pradesh),Satna_Central_I_2 (Madhya Pradesh) -> Panna_Mohnprwa_D (Madhya Pradesh)
IND638001AAA,IND638052AAA,3,2.1666666666666665,0.0,1.0,0.0,0.0,37.0,17.0,18.6761,1.0,0.0,1,0,0,Erode (Tamil Nadu),Perundurai_Viveka_DC (Tamil Nadu),Erode (Tamil Nadu) -> Perundurai_Viveka_DC (Tamil Nadu)
IND485001AAC,IND471001AAA,8,2.1298076923076925,0.0,1.0,0.0,0.0,221.0,104.0,144.10135000000002,1.0,0.0,1,0,0,Satna_Central_I_2 (Madhya Pradesh),Chhatarpur_Busstand_D (Madhya Pradesh),Satna_Central_I_2 (Madhya Pradesh) -> Chhatarpur_Busstand_D (Madhya Pradesh)
IND638452AAA,IND638501AAB,3,1.1666666666666667,0.0,0.3333333333333333,0.0,0.0,28.0,24.0,22.7246,0.0,0.0,0,0,0,Gobicheti_Ward25_D (Tamil Nadu),Anthiyour_TherSRT_D (Tamil Nadu),Gobicheti_Ward25_D (Tamil Nadu) -> Anthiyour_TherSRT_D (Tamil Nadu)
IND484551AAA,IND484001AAA,1,2.0384615384615383,0.0,1.0,0.0,0.0,53.0,26.0,37.4561,1.0,0.0,1,0,0,PaliBirsighpr_CtyLgDPP_D (Madhya Pradesh),Shahdol_Sohagpur_D (Madhya Pradesh),PaliBirsighpr_CtyLgDPP_D (Madhya Pradesh) -> Shahdol_Sohagpur_D (Madhya Pradesh)
IND484446AAA,IND842003AAB,3,2.025531914893617,0.0,1.0,0.0,0.0,476.0,235.0,322.8283,1.0,0.0,1,0,0,Dola_ChainDPP_D (Madhya Pradesh),Jabalpur_Adhartal_IP (Madhya Pradesh),Dola_ChainDPP_D (Madhya Pradesh) -> Jabalpur_Adhartal_IP (Madhya Pradesh)
IND484224AAA,IND484446AAA,1,0.96875,0.0,0.0,0.0,0.0,62.0,64.0,67.1484,1.0,0.0,0,0,0,Anuppur_JthriDPP_DC (Madhya Pradesh),Dola_ChainDPP_D (Madhya Pradesh),Anuppur_JthriDPP_DC (Madhya Pradesh) -> Dola_ChainDPP_D (Madhya Pradesh)
IND639001AAA,IND624001AAA,9,1.709090909090909,0.0,1.0,0.0,0.0,94.0,55.0,75.358,1.0,0.0,1,0,0,Karur (Tamil Nadu),Dindigul_Central_D_1 (Tamil Nadu),Karur (Tamil Nadu) -> Dindigul_Central_D_1 (Tamil Nadu)
IND639104AAB,IND620012AAA,1,1.5,0.0,1.0,0.0,0.0,66.0,44.0,51.0134,1.0,0.0,1,0,0,Kulithalai_AnnaNGR_D (Tamil Nadu),Tiruchi_Manikndm_H (Tamil Nadu),Kulithalai_AnnaNGR_D (Tamil Nadu) -> Tiruchi_Manikndm_H (Tamil Nadu)
IND152026AAA,IND152116AAA,2,1.5,0.0,1.0,0.0,0.0,61.5,41.0,57.939499999999995,1.0,0.0,1,0,0,Muktsar_DPC (Punjab),Abohar_DC (Punjab),Muktsar_DPC (Punjab) -> Abohar_DC (Punjab)
IND641008AAA,IND641011AAA,1,2.0588235294117645,0.0,1.0,0.0,0.0,35.0,17.0,12.5596,0.0,0.0,1,0,0,Cjb_Kovaipudur_Dc (Tamil Nadu),Cjb_West_Dc (Tamil Nadu),Cjb_Kovaipudur_Dc (Tamil Nadu) -> Cjb_West_Dc (Tamil Nadu)
IND152026AAA,IND152107AAA,1,2.0952380952380953,0.0,1.0,0.0,0.0,44.0,21.0,30.0671,1.0,0.0,1,0,0,Muktsar_DPC (Punjab),Malout_DC (Punjab),Muktsar_DPC (Punjab) -> Malout_DC (Punjab)
IND152026AAA,IND152101AAA,1,1.1764705882352942,0.0,0.0,0.0,0.0,40.0,34.0,47.0594,1.0,0.0,0,0,0,Muktsar_DPC (Punjab),Giddarbaha_DC (Punjab),Muktsar_DPC (Punjab) -> Giddarbaha_DC (Punjab)
IND152026AAA,IND152024AAA,2,2.0,0.0,1.0,0.0,0.0,42.0,21.0,30.62065,1.0,0.0,1,0,0,Muktsar_DPC (Punjab),Jalalabad_Muktsar_D (Punjab),Muktsar_DPC (Punjab) -> Jalalabad_Muktsar_D (Punjab)
IND641062AAD,IND642001AAA,1,1.5818181818181818,0.0,1.0,0.0,0.0,87.0,55.0,64.0517,0.0,0.0,1,0,0,Coimbatore_Karayam_H (Tamil Nadu),Pollachi_Venkatsa_DC (Tamil Nadu),Coimbatore_Karayam_H (Tamil Nadu) -> Pollachi_Venkatsa_DC (Tamil Nadu)
IND152026AAA,IND151001AAA,11,1.0188679245283019,0.0,0.09090909090909091,0.0,0.0,54.0,53.0,51.3308,1.0,0.0,0,0,0,Muktsar_DPC (Punjab),Bhatinda_DPC (Punjab),Muktsar_DPC (Punjab) -> Bhatinda_DPC (Punjab)
IND152024AAA,IND152123AAA,2,1.732258064516129,0.0,1.0,0.0,0.0,53.0,30.5,33.01095,1.0,0.0,1,0,0,Jalalabad_Muktsar_D (Punjab),Fazilka_GndhiChk_D (Punjab),Jalalabad_Muktsar_D (Punjab) -> Fazilka_GndhiChk_D (Punjab)
IND641607AAA,IND641664AAA,4,1.9,0.0,1.0,0.0,0.0,38.0,20.0,21.59195,0.0,0.0,1,0,0,Tirupur_Koliplm_I (Tamil Nadu),Tirpur_Palladam_DC (Tamil Nadu),Tirupur_Koliplm_I (Tamil Nadu) -> Tirpur_Palladam_DC (Tamil Nadu)
IND641654AAA,IND641664AAA,11,1.44,0.0,1.0,0.0,0.0,36.0,25.0,29.409,0.0,0.0,1,0,0,Avinashi_Valluvar_D (Tamil Nadu),Tirpur_Palladam_DC (Tamil Nadu),Avinashi_Valluvar_D (Tamil Nadu) -> Tirpur_Palladam_DC (Tamil Nadu)
IND151302AAA,IND151505AAA,16,0.8947368421052632,0.0,0.0625,0.0,0.0,34.0,38.0,43.9317,1.0,0.0,0,0,0,TalwandiSabo_Wardno3_D (Punjab),Mansa_GreenVly_D (Punjab),TalwandiSabo_Wardno3_D (Punjab) -> Mansa_GreenVly_D (Punjab)
IND151001AAA,IND151103AAA,5,1.4285714285714286,0.0,0.8,0.0,0.0,40.0,27.0,28.3838,1.0,0.0,1,0,0,Bhatinda_DPC (Punjab),RampuraPhul_DC (Punjab),Bhatinda_DPC (Punjab) -> RampuraPhul_DC (Punjab)
IND642001AAA,IND642126AAA,1,1.5161290322580645,0.0,1.0,0.0,0.0,47.0,31.0,30.5466,0.0,0.0,1,0,0,Pollachi_Venkatsa_DC (Tamil Nadu),Udumalpet_Artclgrd_D (Tamil Nadu),Pollachi_Venkatsa_DC (Tamil Nadu) -> Udumalpet_Artclgrd_D (Tamil Nadu)
IND484001AAA,IND484446AAA,4,2.0777555777555774,0.0,1.0,0.0,0.0,161.0,77.5,105.73245,1.0,0.0,1,0,0,Shahdol_Sohagpur_D (Madhya Pradesh),Dola_ChainDPP_D (Madhya Pradesh),Shahdol_Sohagpur_D (Madhya Pradesh) -> Dola_ChainDPP_D (Madhya Pradesh)
IND484001AAA,IND484224AAA,3,1.4047619047619047,0.0,0.6666666666666666,0.0,0.0,59.0,42.0,46.9012,1.0,0.0,1,0,0,Shahdol_Sohagpur_D (Madhya Pradesh),Anuppur_JthriDPP_DC (Madhya Pradesh),Shahdol_Sohagpur_D (Madhya Pradesh) -> Anuppur_JthriDPP_DC (Madhya Pradesh)
IND483501AAA,IND483770AAA,3,2.0,0.0,1.0,0.0,0.0,92.0,46.0,52.5915,1.0,0.0,1,0,0,Katni_Bargawan_DC (Madhya Pradesh),Barhi_Central_DPP_1 (Madhya Pradesh),Katni_Bargawan_DC (Madhya Pradesh) -> Barhi_Central_DPP_1 (Madhya Pradesh)
IND125001AAA,IND125047AAB,7,2.057142857142857,0.0,1.0,0.0,0.0,73.0,35.0,42.0326,1.0,0.0,1,0,0,Hisar_ModelTwn_P (Haryana),Hisar_AgrohDPP_D (Haryana),Hisar_ModelTwn_P (Haryana) -> Hisar_AgrohDPP_D (Haryana)
IND483225AAA,IND483501AAA,3,2.121212121212121,0.0,1.0,0.0,0.0,72.0,33.0,44.759,1.0,0.0,1,0,0,Sihora_KtnRdDPP_D (Madhya Pradesh),Katni_Bargawan_DC (Madhya Pradesh),Sihora_KtnRdDPP_D (Madhya Pradesh) -> Katni_Bargawan_DC (Madhya Pradesh)
IND125001AAA,IND335513AAA,7,1.7466666666666666,0.0,1.0,0.0,0.0,262.0,151.0,179.8029,1.0,0.0,1,0,0,Hisar_ModelTwn_P (Haryana),Hanumangarh_DC (Rajasthan),Hisar_ModelTwn_P (Haryana) -> Hanumangarh_DC (Rajasthan)
IND125001AAA,IND335524AAA,5,1.9024390243902438,0.0,1.0,0.0,0.0,312.0,164.0,167.69289999999998,1.0,0.0,1,0,0,Hisar_ModelTwn_P (Haryana),Rawatsar_ShivmDPP_D (Rajasthan),Hisar_ModelTwn_P (Haryana) -> Rawatsar_ShivmDPP_D (Rajasthan)
IND125005AAA,IND000000ACB,5,1.927007299270073,0.0,1.0,0.0,0.0,264.0,137.0,171.9355,1.0,0.0,1,0,0,Hisar_IndstlAr_I (Haryana),Gurgaon_Bilaspur_HB (Haryana),Hisar_IndstlAr_I (Haryana) -> Gurgaon_Bilaspur_HB (Haryana)
IND125005AAA,IND125047AAB,3,2.1714285714285713,0.0,1.0,0.0,0.0,74.0,35.0,42.031400000000005,1.0,0.0,1,0,0,Hisar_IndstlAr_I (Haryana),Hisar_AgrohDPP_D (Haryana),Hisar_IndstlAr_I (Haryana) -> Hisar_AgrohDPP_D (Haryana)
IND125005AAA,IND335513AAA,3,1.7733333333333334,0.0,1.0,0.0,0.0,266.0,150.0,179.057,1.0,0.0,1,0,0,Hisar_IndstlAr_I (Haryana),Hanumangarh_DC (Rajasthan),Hisar_IndstlAr_I (Haryana) -> Hanumangarh_DC (Rajasthan)
IND480886AAA,IND480661AAA,2,1.5274376417233562,0.0,1.0,0.0,0.0,72.0,47.0,65.41799999999999,1.0,0.0,1,0,0,Lakhnadon_Central_DPP_1 (Madhya Pradesh),Seoni_Kidwai_D (Madhya Pradesh),Lakhnadon_Central_DPP_1 (Madhya Pradesh) -> Seoni_Kidwai_D (Madhya Pradesh)
IND125005AAA,IND335524AAA,2,1.6818181818181819,0.0,1.0,0.0,0.0,280.0,166.5,169.06279999999998,1.0,0.0,1,0,0,Hisar_IndstlAr_I (Haryana),Rawatsar_ShivmDPP_D (Rajasthan),Hisar_IndstlAr_I (Haryana) -> Rawatsar_ShivmDPP_D (Rajasthan)
IND643217AAA,IND643001AAA,10,0.9799919967987194,0.0,0.1,0.0,0.0,48.0,49.0,41.390299999999996,0.0,0.0,0,0,0,Kotagiri_CroslySRT_D (Tamil Nadu),Ooty_Davisdle_D (Tamil Nadu),Kotagiri_CroslySRT_D (Tamil Nadu) -> Ooty_Davisdle_D (Tamil Nadu)
IND480886AAA,IND480001AAA,6,1.5778282828282828,0.0,1.0,0.0,0.0,154.5,98.0,137.035,1.0,0.0,1,0,0,Lakhnadon_Central_DPP_1 (Madhya Pradesh),Chhindwara_NagpurRd_D (Madhya Pradesh),Lakhnadon_Central_DPP_1 (Madhya Pradesh) -> Chhindwara_NagpurRd_D (Madhya Pradesh)
IND670643AAA,IND673632AAA,5,1.879120879120879,0.0,1.0,0.0,0.0,171.0,91.0,93.509,0.0,0.0,1,0,0,Kuthuparamba_IdstrlAr_D (Kerala),Kozhikode_Central_H_4 (Kerala),Kuthuparamba_IdstrlAr_D (Kerala) -> Kozhikode_Central_H_4 (Kerala)
IND671323AAD,IND000000ACO,1,1.5625,0.0,1.0,0.0,0.0,50.0,32.0,29.3602,1.0,0.0,1,0,0,Manjeshwar_Central_D_1 (Kerala),Kasaragod_Nullipad_D (Kerala),Manjeshwar_Central_D_1 (Kerala) -> Kasaragod_Nullipad_D (Kerala)
IND480661AAA,IND481661AAA,6,1.396424570575056,0.0,0.8333333333333334,0.0,0.0,144.5,103.5,123.729,1.0,0.0,1,0,0,Seoni_Kidwai_D (Madhya Pradesh),Mandla_Mharajpr_D (Madhya Pradesh),Seoni_Kidwai_D (Madhya Pradesh) -> Mandla_Mharajpr_D (Madhya Pradesh)
IND480661AAA,IND480001AAA,2,1.8269230769230769,0.0,1.0,0.0,0.0,95.0,52.0,73.28705000000001,1.0,0.0,1,0,0,Seoni_Kidwai_D (Madhya Pradesh),Chhindwara_NagpurRd_D (Madhya Pradesh),Seoni_Kidwai_D (Madhya Pradesh) -> Chhindwara_NagpurRd_D (Madhya Pradesh)
IND673506AAA,IND670643AAA,17,1.4583333333333333,0.0,1.0,0.0,0.0,32.0,23.0,21.6196,0.0,0.0,1,0,0,Kallachi_ZamQuatr_D (Kerala),Kuthuparamba_IdstrlAr_D (Kerala),Kallachi_ZamQuatr_D (Kerala) -> Kuthuparamba_IdstrlAr_D (Kerala)
IND673573AAA,IND673592AAA,12,1.60193019566367,0.0,1.0,0.0,0.0,97.5,62.0,59.90395,1.0,0.0,1,0,0,Thamarassery_Chungam_D (Kerala),SultnBthry_Kollgpra_D (Kerala),Thamarassery_Chungam_D (Kerala) -> SultnBthry_Kollgpra_D (Kerala)
IND480001AAA,IND481661AAA,2,1.6337882547559968,0.0,1.0,0.0,0.0,254.0,155.5,197.0908,1.0,0.0,1,0,0,Chhindwara_NagpurRd_D (Madhya Pradesh),Mandla_Mharajpr_D (Madhya Pradesh),Chhindwara_NagpurRd_D (Madhya Pradesh) -> Mandla_Mharajpr_D (Madhya Pradesh)
IND476111AAA,IND477001AAB,2,2.1730769230769234,0.0,1.0,0.0,0.0,113.0,52.0,74.38285,1.0,0.0,1,0,0,Ambah_MrenTirh_D (Madhya Pradesh),Bhind_EtwahDPP_D (Madhya Pradesh),Ambah_MrenTirh_D (Madhya Pradesh) -> Bhind_EtwahDPP_D (Madhya Pradesh)
IND476111AAA,IND477001AAA,6,1.9598039215686274,0.0,1.0,0.0,0.0,99.0,51.5,65.12755000000001,1.0,0.0,1,0,0,Ambah_MrenTirh_D (Madhya Pradesh),Bhind_BhrolDPP_D (Madhya Pradesh),Ambah_MrenTirh_D (Madhya Pradesh) -> Bhind_BhrolDPP_D (Madhya Pradesh)
IND673632AAA,IND673104AAA,1,1.2380952380952381,0.0,1.0,0.0,0.0,78.0,63.0,60.3227,0.0,0.0,1,0,0,Kozhikode_Central_H_4 (Kerala),Vadakara_Mandodi_D (Kerala),Kozhikode_Central_H_4 (Kerala) -> Vadakara_Mandodi_D (Kerala)
IND673632AAA,IND673305AAA,4,1.1408730158730158,0.0,0.0,0.0,0.0,42.5,38.5,37.3946,0.0,0.0,0,0,0,Kozhikode_Central_H_4 (Kerala),Koyilandy_Pshrikvu_D (Kerala),Kozhikode_Central_H_4 (Kerala) -> Koyilandy_Pshrikvu_D (Kerala)
IND673632AAA,IND676306AAA,4,1.100250626566416,0.0,0.25,0.0,0.0,23.0,20.0,19.907500000000002,0.0,0.0,0,0,0,Kozhikode_Central_H_4 (Kerala),Tirurangadi_Kooriyad_D (Kerala),Kozhikode_Central_H_4 (Kerala) -> Tirurangadi_Kooriyad_D (Kerala)
IND673632AAA,IND683511AAA,6,1.7303030303030305,0.0,1.0,0.0,0.0,285.5,165.0,164.83585,1.0,0.0,1,0,0,Kozhikode_Central_H_4 (Kerala),Aluva_Peedika_H (Kerala),Kozhikode_Central_H_4 (Kerala) -> Aluva_Peedika_H (Kerala)
IND676509AAA,IND678583AAA,1,1.1818181818181819,0.0,0.0,0.0,0.0,39.0,33.0,33.4675,0.0,0.0,0,0,0,Malappuram_Munduprm_D (Kerala),Thachnttukra_Nattukal_D (Kerala),Malappuram_Munduprm_D (Kerala) -> Thachnttukra_Nattukal_D (Kerala)
IND676509AAA,IND679322AAA,3,2.0952380952380953,0.0,1.0,0.0,0.0,43.0,20.0,21.070400000000003,0.0,0.0,1,0,0,Malappuram_Munduprm_D (Kerala),Printhlmna_EmsPnmbi_D (Kerala),Malappuram_Munduprm_D (Kerala) -> Printhlmna_EmsPnmbi_D (Kerala)
IND476001AAA,IND476111AAA,1,2.2083333333333335,0.0,1.0,0.0,0.0,53.0,24.0,34.6501,1.0,0.0,1,0,0,Morena_Prjapati_D (Madhya Pradesh),Ambah_MrenTirh_D (Madhya Pradesh),Morena_Prjapati_D (Madhya Pradesh) -> Ambah_MrenTirh_D (Madhya Pradesh)
IND474003AAA,IND476001AAA,3,1.5945945945945945,0.0,1.0,0.0,0.0,59.0,37.0,34.6902,1.0,0.0,1,0,0,Gwalior_HrihrNgr_I (Madhya Pradesh),Morena_Prjapati_D (Madhya Pradesh),Gwalior_HrihrNgr_I (Madhya Pradesh) -> Morena_Prjapati_D (Madhya Pradesh)
IND679322AAA,IND673639AAA,1,2.230769230769231,0.0,1.0,0.0,0.0,87.0,39.0,39.0028,0.0,0.0,1,0,0,Printhlmna_EmsPnmbi_D (Kerala),Areacode_Puthalam_D (Kerala),Printhlmna_EmsPnmbi_D (Kerala) -> Areacode_Puthalam_D (Kerala)
IND679329AAA,IND673639AAA,3,1.619047619047619,0.0,1.0,0.0,0.0,34.0,21.0,22.4575,0.0,0.0,1,0,0,Nilambur_StteHW28_D (Kerala),Areacode_Puthalam_D (Kerala),Nilambur_StteHW28_D (Kerala) -> Areacode_Puthalam_D (Kerala)
IND474003AAA,IND473551AAA,1,1.4338235294117647,0.0,1.0,0.0,0.0,195.0,136.0,117.6841,1.0,0.0,1,0,0,Gwalior_HrihrNgr_I (Madhya Pradesh),Shivpuri_BypassRD_D (Madhya Pradesh),Gwalior_HrihrNgr_I (Madhya Pradesh) -> Shivpuri_BypassRD_D (Madhya Pradesh)
IND474003AAA,IND328001AAA,1,1.373134328358209,0.0,1.0,0.0,0.0,92.0,67.0,61.6966,1.0,0.0,1,0,0,Gwalior_HrihrNgr_I (Madhya Pradesh),Dholpur_GtRoad_D (Rajasthan),Gwalior_HrihrNgr_I (Madhya Pradesh) -> Dholpur_GtRoad_D (Rajasthan)
IND473443AAA,IND470113AAA,7,1.8135593220338984,0.0,1.0,0.0,0.0,107.0,59.0,74.93780000000001,1.0,0.0,1,0,0,Mungaoli_AshkngRd_D (Madhya Pradesh),Bina_Srvdycwk_D (Madhya Pradesh),Mungaoli_AshkngRd_D (Madhya Pradesh) -> Bina_Srvdycwk_D (Madhya Pradesh)
IND471001AAA,IND472001AAA,9,1.620253164556962,0.0,1.0,0.0,0.0,130.0,81.0,97.1646,1.0,0.0,1,0,0,Chhatarpur_Busstand_D (Madhya Pradesh),Tikamgarh_MndiRoad_D (Madhya Pradesh),Chhatarpur_Busstand_D (Madhya Pradesh) -> Tikamgarh_MndiRoad_D (Madhya Pradesh)
IND680307AAA,IND680712AAA,7,1.619047619047619,0.0,1.0,0.0,0.0,33.0,20.0,19.3533,0.0,0.0,1,0,0,Chalakudy_SurbhiTh_D (Kerala),Irinjlkuda_Greens_D (Kerala),Chalakudy_SurbhiTh_D (Kerala) -> Irinjlkuda_Greens_D (Kerala)
IND470113AAA,IND470227AAB,1,1.6727272727272726,0.0,1.0,0.0,0.0,184.0,110.0,143.9026,1.0,0.0,1,0,0,Bina_Srvdycwk_D (Madhya Pradesh),Rehli_Ward7DPP_D (Madhya Pradesh),Bina_Srvdycwk_D (Madhya Pradesh) -> Rehli_Ward7DPP_D (Madhya Pradesh)
IND470004AAA,IND473443AAA,2,2.0466101694915255,0.0,1.0,0.0,0.0,241.5,118.0,159.04235,1.0,0.0,1,0,0,Sagar_Bahreya_I (Madhya Pradesh),Mungaoli_AshkngRd_D (Madhya Pradesh),Sagar_Bahreya_I (Madhya Pradesh) -> Mungaoli_AshkngRd_D (Madhya Pradesh)
IND470004AAA,IND470117AAA,1,2.1777777777777776,0.0,1.0,0.0,0.0,98.0,45.0,59.3051,1.0,0.0,1,0,0,Sagar_Bahreya_I (Madhya Pradesh),Khurai_Talaiya_D (Madhya Pradesh),Sagar_Bahreya_I (Madhya Pradesh) -> Khurai_Talaiya_D (Madhya Pradesh)
IND683511AAA,IND000000ABA,16,1.1860599078341014,0.0,0.4375,0.0,0.0,35.0,30.0,28.72545,0.0,0.0,0,0,0,Aluva_Peedika_H (Kerala),Cochin_Chtrpuza_D (Kerala),Aluva_Peedika_H (Kerala) -> Cochin_Chtrpuza_D (Kerala)
IND470004AAA,IND470113AAA,2,2.25,0.0,1.0,0.0,0.0,130.5,58.0,82.45490000000001,1.0,0.0,1,0,0,Sagar_Bahreya_I (Madhya Pradesh),Bina_Srvdycwk_D (Madhya Pradesh),Sagar_Bahreya_I (Madhya Pradesh) -> Bina_Srvdycwk_D (Madhya Pradesh)
IND470004AAA,IND462022AAA,1,2.126984126984127,0.0,1.0,0.0,0.0,268.0,126.0,177.7757,1.0,0.0,1,0,0,Sagar_Bahreya_I (Madhya Pradesh),Bhopal_Trnsport_H (Madhya Pradesh),Sagar_Bahreya_I (Madhya Pradesh) -> Bhopal_Trnsport_H (Madhya Pradesh)
IND683511AAA,IND680012AAA,11,1.4736842105263157,0.0,1.0,0.0,0.0,84.0,57.0,59.4959,0.0,0.0,1,0,0,Aluva_Peedika_H (Kerala),Arimbur_Veluthur_D (Kerala),Aluva_Peedika_H (Kerala) -> Arimbur_Veluthur_D (Kerala)
IND685514AAA,IND625008AAA,9,1.5294117647058822,0.0,1.0,0.0,0.0,260.0,169.0,151.1178,1.0,0.0,1,0,0,Kattappana_Palikval_D (Kerala),Madurai_Kappalur_H (Tamil Nadu),Kattappana_Palikval_D (Kerala) -> Madurai_Kappalur_H (Tamil Nadu)
IND465333AAA,IND462022AAA,3,1.8653846153846154,0.0,1.0,0.0,0.0,194.0,103.0,146.42010000000002,1.0,0.0,1,0,0,Shujalpur_AstrdDPP_D (Madhya Pradesh),Bhopal_Trnsport_H (Madhya Pradesh),Shujalpur_AstrdDPP_D (Madhya Pradesh) -> Bhopal_Trnsport_H (Madhya Pradesh)
IND686507AAA,IND686540AAA,1,1.6538461538461537,0.0,1.0,0.0,0.0,43.0,26.0,26.7197,0.0,0.0,1,0,0,Parakkdavu_KeRoad_D (Kerala),Karukachal_MnimlaRd_D (Kerala),Parakkdavu_KeRoad_D (Kerala) -> Karukachal_MnimlaRd_D (Kerala)
IND686540AAA,IND686028AAB,2,1.945906432748538,0.0,1.0,0.0,0.0,36.0,18.5,19.7342,0.0,0.0,1,0,0,Karukachal_MnimlaRd_D (Kerala),Kottayam_Central_H_1 (Kerala),Karukachal_MnimlaRd_D (Kerala) -> Kottayam_Central_H_1 (Kerala)
IND465333A1B,IND465333AAA,1,0.6388888888888888,0.0,0.0,0.0,0.0,46.0,72.0,58.2535,1.0,0.0,0,0,0,IND465333A1B,Shujalpur_AstrdDPP_D (Madhya Pradesh),IND465333A1B -> Shujalpur_AstrdDPP_D (Madhya Pradesh)
IND689101AAA,IND689650AAA,6,1.3666666666666667,0.0,0.6666666666666666,0.0,0.0,20.5,15.0,16.116600000000002,0.0,0.0,1,0,0,Tiruvalla_TKRoad_D (Kerala),Kozhenchery_Cherukole_D (Kerala),Tiruvalla_TKRoad_D (Kerala) -> Kozhenchery_Cherukole_D (Kerala)
IND689101AAA,IND690548AAA,4,1.44,0.0,1.0,0.0,0.0,35.5,25.0,25.1496,0.0,0.0,1,0,0,Tiruvalla_TKRoad_D (Kerala),Haripad_Kumrpurm_D (Kerala),Tiruvalla_TKRoad_D (Kerala) -> Haripad_Kumrpurm_D (Kerala)
IND689503AAB,IND683511AAA,1,2.25,0.0,1.0,0.0,0.0,270.0,120.0,125.4579,1.0,0.0,1,0,0,Manthuka_Central_D_1 (Kerala),Aluva_Peedika_H (Kerala),Manthuka_Central_D_1 (Kerala) -> Aluva_Peedika_H (Kerala)
IND465333A1B,IND462022AAA,1,1.2524271844660195,0.0,1.0,0.0,0.0,129.0,103.0,145.6182,1.0,0.0,1,0,0,IND465333A1B,Bhopal_Trnsport_H (Madhya Pradesh),IND465333A1B -> Bhopal_Trnsport_H (Madhya Pradesh)
IND689650AAA,IND690548AAA,3,1.6046511627906976,0.0,1.0,0.0,0.0,69.0,41.0,41.879,0.0,0.0,1,0,0,Kozhenchery_Cherukole_D (Kerala),Haripad_Kumrpurm_D (Kerala),Kozhenchery_Cherukole_D (Kerala) -> Haripad_Kumrpurm_D (Kerala)
IND690537AAA,IND689503AAB,1,2.0714285714285716,0.0,1.0,0.0,0.0,58.0,28.0,28.2977,1.0,0.0,1,0,0,Kayamkulam_Bhrnikvu_D (Kerala),Manthuka_Central_D_1 (Kerala),Kayamkulam_Bhrnikvu_D (Kerala) -> Manthuka_Central_D_1 (Kerala)
IND465001AAA,IND465333AAA,3,1.3428571428571427,0.0,1.0,0.0,0.0,94.0,69.0,66.4411,1.0,0.0,1,0,0,Shajapur_MhpraRD_D (Madhya Pradesh),Shujalpur_AstrdDPP_D (Madhya Pradesh),Shajapur_MhpraRD_D (Madhya Pradesh) -> Shujalpur_AstrdDPP_D (Madhya Pradesh)
IND691001AAB,IND683511AAA,9,1.255952380952381,0.0,0.8888888888888888,0.0,0.0,211.0,168.0,175.9663,1.0,0.0,1,0,0,Kollam_Central_H_1 (Kerala),Aluva_Peedika_H (Kerala),Kollam_Central_H_1 (Kerala) -> Aluva_Peedika_H (Kerala)
IND691001AAB,IND690573AAA,1,1.0810810810810811,0.0,0.0,0.0,0.0,40.0,37.0,30.4345,1.0,0.0,0,0,0,Kollam_Central_H_1 (Kerala),Karungaply_Mrtrklgr_D (Kerala),Kollam_Central_H_1 (Kerala) -> Karungaply_Mrtrklgr_D (Kerala)
IND691001AAB,IND691506AAA,21,1.36,0.0,0.9047619047619048,0.0,0.0,34.0,25.0,23.4979,0.0,0.0,1,0,0,Kollam_Central_H_1 (Kerala),Kottarakkara_Amankovl_D (Kerala),Kollam_Central_H_1 (Kerala) -> Kottarakkara_Amankovl_D (Kerala)
IND691001AAB,IND695012AAA,1,1.34375,0.0,1.0,0.0,0.0,86.0,64.0,63.5282,1.0,0.0,1,0,0,Kollam_Central_H_1 (Kerala),Trivandrum_Mnanthla_H (Kerala),Kollam_Central_H_1 (Kerala) -> Trivandrum_Mnanthla_H (Kerala)
IND465001AAA,IND465333A1B,2,1.056100981767181,0.0,0.5,0.0,0.0,81.0,81.0,69.26985,1.0,0.0,0,0,0,Shajapur_MhpraRD_D (Madhya Pradesh),IND465333A1B,Shajapur_MhpraRD_D (Madhya Pradesh) -> IND465333A1B
IND465001AAA,IND462022AAA,4,1.6458374858813367,0.0,1.0,0.0,0.0,285.5,173.5,213.95544999999998,1.0,0.0,1,0,0,Shajapur_MhpraRD_D (Madhya Pradesh),Bhopal_Trnsport_H (Madhya Pradesh),Shajapur_MhpraRD_D (Madhya Pradesh) -> Bhopal_Trnsport_H (Madhya Pradesh)
IND464221AAA,IND470004AAA,1,1.6538461538461537,0.0,1.0,0.0,0.0,215.0,130.0,150.7004,1.0,0.0,1,0,0,GanjBasoda_MnRDDPP_D (Madhya Pradesh),Sagar_Bahreya_I (Madhya Pradesh),GanjBasoda_MnRDDPP_D (Madhya Pradesh) -> Sagar_Bahreya_I (Madhya Pradesh)
IND464001AAA,IND464221AAA,1,1.8421052631578947,0.0,1.0,0.0,0.0,105.0,57.0,60.0418,1.0,0.0,1,0,0,Vidisha_ShrprDPP_D (Madhya Pradesh),GanjBasoda_MnRDDPP_D (Madhya Pradesh),Vidisha_ShrprDPP_D (Madhya Pradesh) -> GanjBasoda_MnRDDPP_D (Madhya Pradesh)
IND461111AAA,IND460001AAA,20,1.8782390269698572,0.0,1.0,0.0,0.0,115.5,62.0,86.03235,1.0,0.0,1,0,0,Itarsi_DivrsnRd_D (Madhya Pradesh),Betul_PatelWrd_D (Madhya Pradesh),Itarsi_DivrsnRd_D (Madhya Pradesh) -> Betul_PatelWrd_D (Madhya Pradesh)
IND457226AAA,IND382430AAB,16,1.795221843003413,0.0,1.0,0.0,0.0,526.0,294.0,391.91970000000003,1.0,0.0,1,0,0,Jaora_RtlamNka_D (Madhya Pradesh),Ahmedabad_East_H_1 (Gujarat),Jaora_RtlamNka_D (Madhya Pradesh) -> Ahmedabad_East_H_1 (Gujarat)
IND695101AAB,IND691574AAA,20,1.2583333333333333,0.0,0.6,0.0,0.0,18.5,15.0,14.506599999999999,0.0,0.0,1,0,0,Attingal_Central_D_2 (Kerala),Kalluvathukal_Pariplly_D (Kerala),Attingal_Central_D_2 (Kerala) -> Kalluvathukal_Pariplly_D (Kerala)
IND695121AAA,IND695541AAA,1,1.6363636363636365,0.0,1.0,0.0,0.0,54.0,33.0,30.6281,0.0,0.0,1,0,0,Neyatinkra_Arlumodu_D (Kerala),Nedumangad_Arsprmbu_D (Kerala),Neyatinkra_Arlumodu_D (Kerala) -> Nedumangad_Arsprmbu_D (Kerala)
IND695121AAA,IND695572AAB,17,1.75,0.0,1.0,0.0,0.0,24.0,13.0,12.489,0.0,0.0,1,0,0,Neyatinkra_Arlumodu_D (Kerala),Kallikkad_Mutyvila_D (Kerala),Neyatinkra_Arlumodu_D (Kerala) -> Kallikkad_Mutyvila_D (Kerala)
IND457001AAA,IND382430AAB,3,1.9809885931558935,0.0,1.0,0.0,0.0,521.0,264.0,371.6415,1.0,0.0,1,0,0,Ratlam_Khjurwli_DC (Madhya Pradesh),Ahmedabad_East_H_1 (Gujarat),Ratlam_Khjurwli_DC (Madhya Pradesh) -> Ahmedabad_East_H_1 (Gujarat)
IND695541AAA,IND695572AAB,1,1.3181818181818181,0.0,1.0,0.0,0.0,29.0,22.0,20.6558,0.0,0.0,1,0,0,Nedumangad_Arsprmbu_D (Kerala),Kallikkad_Mutyvila_D (Kerala),Nedumangad_Arsprmbu_D (Kerala) -> Kallikkad_Mutyvila_D (Kerala)
IND695572AAB,IND000000AFJ,1,1.6923076923076923,0.0,1.0,0.0,0.0,44.0,26.0,22.0203,0.0,0.0,1,0,0,Kallikkad_Mutyvila_D (Kerala),Trivandrum_Pettah_D (Kerala),Kallikkad_Mutyvila_D (Kerala) -> Trivandrum_Pettah_D (Kerala)
IND452001AAC,IND425508AAB,2,2.047169811320755,0.0,1.0,0.0,0.0,108.5,53.0,61.51690000000001,0.0,0.0,1,0,0,Jalgaon_DC (Maharashtra),Raver_Truptingr_D (Maharashtra),Jalgaon_DC (Maharashtra) -> Raver_Truptingr_D (Maharashtra)
IND695582AAA,IND691574AAA,1,1.6666666666666667,0.0,1.0,0.0,0.0,65.0,39.0,35.4313,0.0,0.0,1,0,0,Kazhakkoottam_Rdiosttn_D (Kerala),Kalluvathukal_Pariplly_D (Kerala),Kazhakkoottam_Rdiosttn_D (Kerala) -> Kalluvathukal_Pariplly_D (Kerala)
IND160002AAC,IND143001AAA,11,1.9830508474576272,0.0,1.0,0.0,0.0,354.0,176.0,246.7401,1.0,0.0,1,0,0,Chandigarh_Mehmdpur_H (Punjab),Amritsar_DPC (Punjab),Chandigarh_Mehmdpur_H (Punjab) -> Amritsar_DPC (Punjab)
IND695609AAA,IND695012AAA,3,2.076923076923077,0.0,1.0,0.0,0.0,81.0,39.0,34.433800000000005,0.0,0.0,1,0,0,Pangodu_Central_D_1 (Kerala),Trivandrum_Mnanthla_H (Kerala),Pangodu_Central_D_1 (Kerala) -> Trivandrum_Mnanthla_H (Kerala)
IND700026AAC,IND700065AAA,2,1.5952380952380953,0.0,0.5,0.0,0.0,31.5,20.0,14.16295,0.0,0.0,1,0,0,CCU_Lake Avenue_DPC (West Bengal),CCU_Beliaghata_DPC (West Bengal),CCU_Lake Avenue_DPC (West Bengal) -> CCU_Beliaghata_DPC (West Bengal)
IND700053AAA,IND700136AAB,1,2.242424242424242,0.0,1.0,0.0,0.0,74.0,33.0,30.5188,0.0,0.0,1,0,0,CCU_New Alipore_DPC (West Bengal),CCU_Hub (West Bengal),CCU_New Alipore_DPC (West Bengal) -> CCU_Hub (West Bengal)
IND160002AAC,IND142001AAB,18,1.8360875706214688,0.0,1.0,0.0,0.0,222.0,118.5,164.47115000000002,1.0,0.0,1,0,0,Chandigarh_Mehmdpur_H (Punjab),Moga_DPC (Punjab),Chandigarh_Mehmdpur_H (Punjab) -> Moga_DPC (Punjab)
IND160002AAC,IND135001AAA,1,1.8688524590163935,0.0,1.0,0.0,0.0,114.0,61.0,67.1824,1.0,0.0,1,0,0,Chandigarh_Mehmdpur_H (Punjab),YamunaNagar_DC (Haryana),Chandigarh_Mehmdpur_H (Punjab) -> YamunaNagar_DC (Haryana)
IND122001AAA,IND122101AAC,1,1.375,0.0,1.0,0.0,0.0,22.0,16.0,13.6755,0.0,0.0,1,0,0,GGN_DPC (Haryana),Gurgaon_SohnaRd_D (Haryana),GGN_DPC (Haryana) -> Gurgaon_SohnaRd_D (Haryana)
IND160002AAC,IND110037AAM,9,1.8054054054054054,0.0,1.0,0.0,0.0,334.0,185.0,229.1577,1.0,0.0,1,0,0,Chandigarh_Mehmdpur_H (Punjab),Delhi_Airport_H (Delhi),Chandigarh_Mehmdpur_H (Punjab) -> Delhi_Airport_H (Delhi)
IND122001AAJ,IND507123AAA,13,0.7758620689655172,0.0,0.0,0.0,0.0,45.0,58.0,39.431,1.0,0.0,0,0,0,Mahbubabad_Yellanda_D (Telangana),Yellandu_Sudimala_D (Telangana),Mahbubabad_Yellanda_D (Telangana) -> Yellandu_Sudimala_D (Telangana)
IND560300AAA,IND560048AAB,4,1.1602564102564101,0.0,0.25,0.0,0.0,47.0,40.5,37.9599,0.0,0.0,0,0,0,Bengaluru_KGAirprt_HB (Karnataka),Bengaluru_Hoodi_IP (Karnataka),Bengaluru_KGAirprt_HB (Karnataka) -> Bengaluru_Hoodi_IP (Karnataka)
IND122004AAA,IND000000ACB,1,1.6176470588235294,0.0,1.0,0.0,0.0,55.0,34.0,35.6947,0.0,0.0,1,0,0,Gurgaon_Begumpur_CP (Haryana),Gurgaon_Bilaspur_HB (Haryana),Gurgaon_Begumpur_CP (Haryana) -> Gurgaon_Bilaspur_HB (Haryana)
IND560300AAA,IND563130AAA,2,1.7593085106382977,0.0,1.0,0.0,0.0,83.5,47.5,56.30395,0.0,0.0,1,0,0,Bengaluru_KGAirprt_HB (Karnataka),Malur_NharuExt_D (Karnataka),Bengaluru_KGAirprt_HB (Karnataka) -> Malur_NharuExt_D (Karnataka)
IND152116AAA,IND152107AAA,1,1.2666666666666666,0.0,1.0,0.0,0.0,19.0,15.0,22.495,1.0,0.0,1,0,0,Abohar_DC (Punjab),Malout_DC (Punjab),Abohar_DC (Punjab) -> Malout_DC (Punjab)
IND560300AAA,IND563131AAB,1,1.525,0.0,1.0,0.0,0.0,122.0,80.0,80.017,0.0,0.0,1,0,0,Bengaluru_KGAirprt_HB (Karnataka),Bangarapet_KolarRd_D (Karnataka),Bengaluru_KGAirprt_HB (Karnataka) -> Bangarapet_KolarRd_D (Karnataka)
IND123401AAB,IND123106AAB,10,1.96,0.0,1.0,0.0,0.0,98.0,50.0,53.46755,1.0,0.0,1,0,0,Rewari_YuktiDPP_D (Haryana),Dharuhera_Central_DPP_2 (Haryana),Rewari_YuktiDPP_D (Haryana) -> Dharuhera_Central_DPP_2 (Haryana)
IND444005AAB,IND421302AAG,20,2.306996248068859,0.0,1.0,0.0,0.0,905.5,392.0,549.66545,1.0,0.0,1,0,0,Akola_Gaurkshn_I (Maharashtra),Bhiwandi_Mankoli_HB (Maharashtra),Akola_Gaurkshn_I (Maharashtra) -> Bhiwandi_Mankoli_HB (Maharashtra)
IND560300AAB,IND563116AAA,1,1.8461538461538463,0.0,1.0,0.0,0.0,168.0,91.0,102.9923,0.0,0.0,1,0,0,Bangalore_East_I_20 (Karnataka),Bethamangala_FshryOFC_D (Karnataka),Bangalore_East_I_20 (Karnataka) -> Bethamangala_FshryOFC_D (Karnataka)
IND442605AAA,IND441603AAA,3,2.090909090909091,0.0,1.0,0.0,0.0,46.0,23.0,31.538400000000003,0.0,0.0,1,0,0,Gadchiroli_Central_DPP_1 (Maharashtra),Chamorshi_Central_DPP_1 (Maharashtra),Gadchiroli_Central_DPP_1 (Maharashtra) -> Chamorshi_Central_DPP_1 (Maharashtra)
IND560300AAB,IND563125AAB,1,1.4150943396226414,0.0,1.0,0.0,0.0,75.0,53.0,60.5913,0.0,0.0,1,0,0,Bangalore_East_I_20 (Karnataka),Chintamani_Central_D_2 (Karnataka),Bangalore_East_I_20 (Karnataka) -> Chintamani_Central_D_2 (Karnataka)
IND124112AAA,IND125033AAA,4,1.7214285714285715,0.0,1.0,0.0,0.0,50.0,28.5,36.35185,1.0,0.0,1,0,0,Meham_GModDPP_D (Haryana),Hansi_DelRdDPP_D (Haryana),Meham_GModDPP_D (Haryana) -> Hansi_DelRdDPP_D (Haryana)
IND441603AAA,IND442605AAA,1,1.8333333333333333,0.0,1.0,0.0,0.0,44.0,24.0,31.9113,0.0,0.0,1,0,0,Chamorshi_Central_DPP_1 (Maharashtra),Gadchiroli_Central_DPP_1 (Maharashtra),Chamorshi_Central_DPP_1 (Maharashtra) -> Gadchiroli_Central_DPP_1 (Maharashtra)
IND431203AAA,IND431136AAC,2,1.8796296296296298,0.0,1.0,0.0,0.0,101.5,54.0,74.3947,0.0,0.0,1,0,0,Jalna_BhgyaNgr_D (Maharashtra),Aurangabad_Central_H_1 (Maharashtra),Jalna_BhgyaNgr_D (Maharashtra) -> Aurangabad_Central_H_1 (Maharashtra)
IND560300AAB,IND563130AAA,8,1.8709528214616098,0.0,1.0,0.0,0.0,86.0,45.5,54.9833,0.0,0.0,1,0,0,Bangalore_East_I_20 (Karnataka),Malur_NharuExt_D (Karnataka),Bangalore_East_I_20 (Karnataka) -> Malur_NharuExt_D (Karnataka)
IND431136AAC,IND431122AAA,9,2.2244897959183674,0.0,1.0,0.0,0.0,218.0,98.0,137.81779999999998,1.0,0.0,1,0,0,Aurangabad_Central_H_1 (Maharashtra),Beed_JalnaRd_D (Maharashtra),Aurangabad_Central_H_1 (Maharashtra) -> Beed_JalnaRd_D (Maharashtra)
IND533106AAA,IND530012AAA,11,1.7803030303030303,0.0,1.0,0.0,0.0,235.0,132.0,181.7005,1.0,0.0,1,0,0,Rajamundry_AtoNgrRd_I (Andhra Pradesh),Visakhapatnam_Gajuwaka_IP (Andhra Pradesh),Rajamundry_AtoNgrRd_I (Andhra Pradesh) -> Visakhapatnam_Gajuwaka_IP (Andhra Pradesh)
IND431127AAA,IND414502AAA,7,2.107142857142857,0.0,1.0,0.0,0.0,118.0,56.0,62.2876,1.0,0.0,1,0,0,Georai_Bazarrd_D (Maharashtra),Shevgaon_VidyaNgr_D (Maharashtra),Georai_Bazarrd_D (Maharashtra) -> Shevgaon_VidyaNgr_D (Maharashtra)
IND712310AAE,IND711409AAA,1,1.1875,0.0,0.0,0.0,0.0,19.0,16.0,19.579,0.0,0.0,0,0,0,Kolkata_North_I_4 (West Bengal),Howrah_Salap_DC (West Bengal),Kolkata_North_I_4 (West Bengal) -> Howrah_Salap_DC (West Bengal)
IND431122AAA,IND431127AAA,7,2.0952380952380953,0.0,1.0,0.0,0.0,44.0,21.0,29.9666,1.0,0.0,1,0,0,Beed_JalnaRd_D (Maharashtra),Georai_Bazarrd_D (Maharashtra),Beed_JalnaRd_D (Maharashtra) -> Georai_Bazarrd_D (Maharashtra)
IND431107AAB,IND431136AAC,6,1.87,0.0,1.0,0.0,0.0,93.5,50.0,49.06375,1.0,0.0,1,0,0,Paithan_SantaNGR_D (Maharashtra),Aurangabad_Central_H_1 (Maharashtra),Paithan_SantaNGR_D (Maharashtra) -> Aurangabad_Central_H_1 (Maharashtra)
IND561203AAB,IND562101AAA,12,1.52,0.0,1.0,0.0,0.0,38.0,26.0,27.75835,0.0,0.0,1,0,0,Doddablpur_ChikaDPP_D (Karnataka),Chikblapur_ShntiSgr_D (Karnataka),Doddablpur_ChikaDPP_D (Karnataka) -> Chikblapur_ShntiSgr_D (Karnataka)
IND561207AAB,IND562108AAA,12,1.3332562442183162,0.0,0.8333333333333334,0.0,0.0,59.0,46.0,48.002449999999996,0.0,0.0,1,0,0,Bagepalli_TBCross_D (Karnataka),Gauribidanur_Gurukrpa_D (Karnataka),Bagepalli_TBCross_D (Karnataka) -> Gauribidanur_Gurukrpa_D (Karnataka)
IND244901AAB,IND246725AAB,14,1.148,0.0,0.21428571428571427,0.0,0.0,143.5,126.0,117.8225,1.0,0.0,0,0,0,Rampur_RoshnBgh_I (Uttar Pradesh),Chandpur_NorprRD_D (Uttar Pradesh),Rampur_RoshnBgh_I (Uttar Pradesh) -> Chandpur_NorprRD_D (Uttar Pradesh)
IND244901AAC,IND244921AAB,1,1.75,0.0,1.0,0.0,0.0,42.0,24.0,28.5055,0.0,0.0,1,0,0,Rampur_ThanaDPP_D (Uttar Pradesh),Bilaspur_GrmNgriya_D (Uttar Pradesh),Rampur_ThanaDPP_D (Uttar Pradesh) -> Bilaspur_GrmNgriya_D (Uttar Pradesh)
IND425412AAA,IND424304AAC,1,2.125,0.0,1.0,0.0,0.0,85.0,40.0,57.6705,1.0,0.0,1,0,0,Nandurbar_DhuleRd_D (Maharashtra),Sakri_DhuleRoad_D (Maharashtra),Nandurbar_DhuleRd_D (Maharashtra) -> Sakri_DhuleRoad_D (Maharashtra)
IND244921AAB,IND262001AAA,1,2.0240963855421685,0.0,1.0,0.0,0.0,168.0,83.0,99.3145,0.0,0.0,1,0,0,Bilaspur_GrmNgriya_D (Uttar Pradesh),Pilibhit_ViksClny_D (Uttar Pradesh),Bilaspur_GrmNgriya_D (Uttar Pradesh) -> Pilibhit_ViksClny_D (Uttar Pradesh)
IND425409AAA,IND425412AAA,1,2.066666666666667,0.0,1.0,0.0,0.0,62.0,30.0,38.2279,1.0,0.0,1,0,0,Shahada_Nandrbar_D (Maharashtra),Nandurbar_DhuleRd_D (Maharashtra),Shahada_Nandrbar_D (Maharashtra) -> Nandurbar_DhuleRd_D (Maharashtra)
IND561207AAB,IND572101AAA,1,2.25,0.0,1.0,0.0,0.0,234.0,104.0,115.9037,0.0,0.0,1,0,0,Bagepalli_TBCross_D (Karnataka),Tumkur_Veersagr_I (Karnataka),Bagepalli_TBCross_D (Karnataka) -> Tumkur_Veersagr_I (Karnataka)
IND425409AAA,IND424304AAC,1,2.2028985507246377,0.0,1.0,0.0,0.0,152.0,69.0,92.9899,1.0,0.0,1,0,0,Shahada_Nandrbar_D (Maharashtra),Sakri_DhuleRoad_D (Maharashtra),Shahada_Nandrbar_D (Maharashtra) -> Sakri_DhuleRoad_D (Maharashtra)
IND425406AAA,IND425412AAA,2,2.1113095238095236,0.0,1.0,0.0,0.0,86.5,41.0,56.899550000000005,1.0,0.0,1,0,0,Shindkheda_KakaCplx_D (Maharashtra),Nandurbar_DhuleRd_D (Maharashtra),Shindkheda_KakaCplx_D (Maharashtra) -> Nandurbar_DhuleRd_D (Maharashtra)
IND246001AAA,IND249201AAA,4,1.275726554712062,0.0,1.0,0.0,0.0,206.0,161.5,108.9425,1.0,0.0,1,0,0,Pauri_Khndyusn_D (Uttarakhand),Rishikesh_DC (Uttarakhand),Pauri_Khndyusn_D (Uttarakhand) -> Rishikesh_DC (Uttarakhand)
IND425406AAA,IND425409AAA,1,2.3142857142857145,0.0,1.0,0.0,0.0,81.0,35.0,49.3457,1.0,0.0,1,0,0,Shindkheda_KakaCplx_D (Maharashtra),Shahada_Nandrbar_D (Maharashtra),Shindkheda_KakaCplx_D (Maharashtra) -> Shahada_Nandrbar_D (Maharashtra)
IND246444AAB,IND246424AAA,15,1.4090909090909092,0.0,1.0,0.0,0.0,60.0,42.0,28.0878,1.0,0.0,1,0,0,Karnaprayag_Umalodge_D (Uttarakhand),Chamoli_CGRoad_D (Uttarakhand),Karnaprayag_Umalodge_D (Uttarakhand) -> Chamoli_CGRoad_D (Uttarakhand)
IND425406AAA,IND425405AAA,4,1.9484126984126984,0.0,1.0,0.0,0.0,39.5,20.5,20.7417,1.0,0.0,1,0,0,Shindkheda_KakaCplx_D (Maharashtra),Shirpur_KrantiNgr_D (Maharashtra),Shindkheda_KakaCplx_D (Maharashtra) -> Shirpur_KrantiNgr_D (Maharashtra)
IND425405AAA,IND425409AAA,1,2.3137254901960786,0.0,1.0,0.0,0.0,118.0,51.0,56.0325,1.0,0.0,1,0,0,Shirpur_KrantiNgr_D (Maharashtra),Shahada_Nandrbar_D (Maharashtra),Shirpur_KrantiNgr_D (Maharashtra) -> Shahada_Nandrbar_D (Maharashtra)
IND425401AAA,IND425109AAA,1,1.5483870967741935,0.0,1.0,0.0,0.0,48.0,31.0,33.7629,0.0,0.0,1,0,0,Amalner_Murtingr_D (Maharashtra),Erandol_BsStdDPP_D (Maharashtra),Amalner_Murtingr_D (Maharashtra) -> Erandol_BsStdDPP_D (Maharashtra)
IND425201AAA,IND425508AAB,9,1.9473684210526316,0.0,1.0,0.0,0.0,74.0,38.0,41.5698,0.0,0.0,1,0,0,Bhusawal_Samarth_D (Maharashtra),Raver_Truptingr_D (Maharashtra),Bhusawal_Samarth_D (Maharashtra) -> Raver_Truptingr_D (Maharashtra)
IND425109AAA,IND424201AAA,1,1.35,0.0,1.0,0.0,0.0,54.0,40.0,37.1863,0.0,0.0,1,0,0,Erandol_BsStdDPP_D (Maharashtra),Pachora_PcrrdDPP_D (Maharashtra),Erandol_BsStdDPP_D (Maharashtra) -> Pachora_PcrrdDPP_D (Maharashtra)
IND424304AAC,IND425412AAA,9,1.7714285714285714,0.0,1.0,0.0,0.0,65.0,37.0,52.9921,1.0,0.0,1,0,0,Sakri_DhuleRoad_D (Maharashtra),Nandurbar_DhuleRd_D (Maharashtra),Sakri_DhuleRoad_D (Maharashtra) -> Nandurbar_DhuleRd_D (Maharashtra)
IND424101AAA,IND431103AAA,1,1.625,0.0,1.0,0.0,0.0,39.0,24.0,31.2776,0.0,0.0,1,0,0,Chalisgaon_BhadgDPP_D (Maharashtra),Kannad_KolheDPP_D (Maharashtra),Chalisgaon_BhadgDPP_D (Maharashtra) -> Kannad_KolheDPP_D (Maharashtra)
IND424006AAA,IND425412AAA,3,2.012987012987013,0.0,1.0,0.0,0.0,155.0,76.0,104.8513,1.0,0.0,1,0,0,Dhule_MIDCAvdn_I (Maharashtra),Nandurbar_DhuleRd_D (Maharashtra),Dhule_MIDCAvdn_I (Maharashtra) -> Nandurbar_DhuleRd_D (Maharashtra)
IND424006AAA,IND425405AAA,3,1.9090909090909092,0.0,1.0,0.0,0.0,84.0,44.0,59.5702,1.0,0.0,1,0,0,Dhule_MIDCAvdn_I (Maharashtra),Shirpur_KrantiNgr_D (Maharashtra),Dhule_MIDCAvdn_I (Maharashtra) -> Shirpur_KrantiNgr_D (Maharashtra)
IND424006AAA,IND425401AAA,1,1.7714285714285714,0.0,1.0,0.0,0.0,62.0,35.0,41.2941,0.0,0.0,1,0,0,Dhule_MIDCAvdn_I (Maharashtra),Amalner_Murtingr_D (Maharashtra),Dhule_MIDCAvdn_I (Maharashtra) -> Amalner_Murtingr_D (Maharashtra)
IND712311AAA,IND712310AAE,1,1.6666666666666667,0.0,1.0,0.0,0.0,20.0,12.0,12.8884,0.0,0.0,1,0,0,Kolkata_Dankuni_HB (West Bengal),Kolkata_North_I_4 (West Bengal),Kolkata_Dankuni_HB (West Bengal) -> Kolkata_North_I_4 (West Bengal)
IND424006AAA,IND423106AAA,5,1.3225806451612903,0.0,1.0,0.0,0.0,86.0,62.0,77.4735,1.0,0.0,1,0,0,Dhule_MIDCAvdn_I (Maharashtra),Manmad_Malegaon_D (Maharashtra),Dhule_MIDCAvdn_I (Maharashtra) -> Manmad_Malegaon_D (Maharashtra)
IND424006AAA,IND421302AAG,8,2.2170731707317075,0.0,1.0,0.0,0.0,454.0,201.5,284.77470000000005,1.0,0.0,1,0,0,Dhule_MIDCAvdn_I (Maharashtra),Bhiwandi_Mankoli_HB (Maharashtra),Dhule_MIDCAvdn_I (Maharashtra) -> Bhiwandi_Mankoli_HB (Maharashtra)
IND423109AAA,IND413709AAA,1,1.7857142857142858,0.0,1.0,0.0,0.0,50.0,28.0,30.2185,0.0,0.0,1,0,0,Shirdi_SaiBansi_D (Maharashtra),Shrirampur_DavkharRd_D (Maharashtra),Shirdi_SaiBansi_D (Maharashtra) -> Shrirampur_DavkharRd_D (Maharashtra)
IND423105AAA,IND423301AAB,7,1.4705882352941178,0.0,1.0,0.0,0.0,50.0,34.0,34.463,1.0,0.0,1,0,0,Malegaon_Rawlgaon_D (Maharashtra),Satana_ThrbadRD_D (Maharashtra),Malegaon_Rawlgaon_D (Maharashtra) -> Satana_ThrbadRD_D (Maharashtra)
IND712311AAA,IND821115AAB,1,1.6878048780487804,0.0,1.0,0.0,0.0,692.0,410.0,564.3462,1.0,0.0,1,0,0,Kolkata_Dankuni_HB (West Bengal),Sasaram_Central_I_2 (Bihar),Kolkata_Dankuni_HB (West Bengal) -> Sasaram_Central_I_2 (Bihar)
IND712311AAA,IND826004AAA,7,1.7840909090909092,0.0,1.0,0.0,0.0,319.0,176.0,249.7493,1.0,0.0,1,0,0,Kolkata_Dankuni_HB (West Bengal),Dhanbad_Kalynpur_I (Jharkhand),Kolkata_Dankuni_HB (West Bengal) -> Dhanbad_Kalynpur_I (Jharkhand)
IND712406AAA,IND712602AAA,3,2.3225806451612905,0.0,1.0,0.0,0.0,72.0,31.0,30.8105,1.0,0.0,1,0,0,Khanakul_Ramnagar_D (West Bengal),Arambag_BalibDPP_D (West Bengal),Khanakul_Ramnagar_D (West Bengal) -> Arambag_BalibDPP_D (West Bengal)
IND423105AAA,IND423106AAA,1,1.3529411764705883,0.0,1.0,0.0,0.0,46.0,34.0,36.8306,1.0,0.0,1,0,0,Malegaon_Rawlgaon_D (Maharashtra),Manmad_Malegaon_D (Maharashtra),Malegaon_Rawlgaon_D (Maharashtra) -> Manmad_Malegaon_D (Maharashtra)
IND422605AAA,IND413709AAA,9,1.826086956521739,0.0,1.0,0.0,0.0,84.0,46.0,50.1062,0.0,0.0,1,0,0,Sangamner_JawanChk_D (Maharashtra),Shrirampur_DavkharRd_D (Maharashtra),Sangamner_JawanChk_D (Maharashtra) -> Shrirampur_DavkharRd_D (Maharashtra)
IND422103AAC,IND423601AAA,1,2.0,0.0,1.0,0.0,0.0,84.0,42.0,57.0574,0.0,0.0,1,0,0,Sinnar_Central_D_1 (Maharashtra),Kopargaon_NkshtrPz_D (Maharashtra),Sinnar_Central_D_1 (Maharashtra) -> Kopargaon_NkshtrPz_D (Maharashtra)
IND712612AAA,IND722154AAA,3,1.6842105263157894,0.0,1.0,0.0,0.0,32.0,19.0,19.7134,1.0,0.0,1,0,0,Kamarpukur_ChatiDPP_D (West Bengal),MirzapurWB_VidyaDPP_D (West Bengal),Kamarpukur_ChatiDPP_D (West Bengal) -> MirzapurWB_VidyaDPP_D (West Bengal)
IND713103AAA,IND713205AAB,4,2.007300792657489,0.0,1.0,0.0,0.0,98.5,51.0,69.79105,1.0,0.0,1,0,0,Bardhaman_Bankura_D (West Bengal),Durgapur_Central_I_1 (West Bengal),Bardhaman_Bankura_D (West Bengal) -> Durgapur_Central_I_1 (West Bengal)
IND422103AAC,IND422605AAA,10,1.796551724137931,0.0,1.0,0.0,0.0,54.0,30.0,38.886300000000006,0.0,0.0,1,0,0,Sinnar_Central_D_1 (Maharashtra),Sangamner_JawanChk_D (Maharashtra),Sinnar_Central_D_1 (Maharashtra) -> Sangamner_JawanChk_D (Maharashtra)
IND422011AAD,IND423109AAA,2,1.7269298245614035,0.0,1.0,0.0,0.0,130.5,75.5,97.58670000000001,0.0,0.0,1,0,0,Nashik_TgrniaRD_I (Maharashtra),Shirdi_SaiBansi_D (Maharashtra),Nashik_TgrniaRD_I (Maharashtra) -> Shirdi_SaiBansi_D (Maharashtra)
IND713145AAB,IND741101AAB,1,2.088235294117647,0.0,1.0,0.0,0.0,71.0,34.0,37.7374,1.0,0.0,1,0,0,Manteswar_MemariRD_D (West Bengal),Krishnanagar_AnadiDPP_D (West Bengal),Manteswar_MemariRD_D (West Bengal) -> Krishnanagar_AnadiDPP_D (West Bengal)
IND713145AAB,IND741316AAA,2,1.591485507246377,0.0,1.0,0.0,0.0,37.5,23.5,25.98685,1.0,0.0,1,0,0,Manteswar_MemariRD_D (West Bengal),Nabadwip_Srirmpur_D (West Bengal),Manteswar_MemariRD_D (West Bengal) -> Nabadwip_Srirmpur_D (West Bengal)
IND422011AAD,IND413709AAA,1,1.9696969696969697,0.0,1.0,0.0,0.0,195.0,99.0,121.9114,0.0,0.0,1,0,0,Nashik_TgrniaRD_I (Maharashtra),Shrirampur_DavkharRd_D (Maharashtra),Nashik_TgrniaRD_I (Maharashtra) -> Shrirampur_DavkharRd_D (Maharashtra)
IND160002AAC,IND184104AAA,6,1.8775933609958506,0.0,1.0,0.0,0.0,452.5,241.0,307.71580000000006,1.0,0.0,1,0,0,Chandigarh_Mehmdpur_H (Punjab),Kathua_BOB_D (Jammu & Kashmir),Chandigarh_Mehmdpur_H (Punjab) -> Kathua_BOB_D (Jammu & Kashmir)
IND160002AAC,IND181152AAA,2,1.8603896103896105,0.0,1.0,0.0,0.0,573.0,308.0,377.77835,1.0,0.0,1,0,0,Chandigarh_Mehmdpur_H (Punjab),Jammu_TrnptNgr_L (Jammu & Kashmir),Chandigarh_Mehmdpur_H (Punjab) -> Jammu_TrnptNgr_L (Jammu & Kashmir)
IND160002AAC,IND176041AAA,2,1.4383332559111812,0.0,1.0,0.0,0.0,298.5,207.5,216.5543,1.0,0.0,1,0,0,Chandigarh_Mehmdpur_H (Punjab),Bhota_BpassDPP_D (Himachal Pradesh),Chandigarh_Mehmdpur_H (Punjab) -> Bhota_BpassDPP_D (Himachal Pradesh)
IND160002AAC,IND174307AAA,14,1.3536019536019537,0.0,1.0,0.0,0.0,244.5,180.5,194.45555000000002,1.0,0.0,1,0,0,Chandigarh_Mehmdpur_H (Punjab),Bangana_Bhaleti_D (Himachal Pradesh),Chandigarh_Mehmdpur_H (Punjab) -> Bangana_Bhaleti_D (Himachal Pradesh)
IND160002AAC,IND174103AAA,1,1.3076923076923077,0.0,1.0,0.0,0.0,85.0,65.0,77.5153,1.0,0.0,1,0,0,Chandigarh_Mehmdpur_H (Punjab),Baddi_ByePass_D (Himachal Pradesh),Chandigarh_Mehmdpur_H (Punjab) -> Baddi_ByePass_D (Himachal Pradesh)
IND160002AAC,IND160003AAA,1,2.0,0.0,1.0,0.0,0.0,62.0,31.0,41.4919,0.0,0.0,1,0,0,Chandigarh_Mehmdpur_H (Punjab),Chandigarh (Chandigarh),Chandigarh_Mehmdpur_H (Punjab) -> Chandigarh (Chandigarh)
IND160002AAC,IND151001AAA,15,1.7134146341463414,0.0,1.0,0.0,0.0,274.0,158.0,203.9193,1.0,0.0,1,0,0,Chandigarh_Mehmdpur_H (Punjab),Bhatinda_DPC (Punjab),Chandigarh_Mehmdpur_H (Punjab) -> Bhatinda_DPC (Punjab)
IND562101AAA,IND561207AAB,13,1.1578947368421053,0.0,0.23076923076923078,0.0,0.0,43.0,38.0,40.6427,0.0,0.0,0,0,0,Chikblapur_ShntiSgr_D (Karnataka),Bagepalli_TBCross_D (Karnataka),Chikblapur_ShntiSgr_D (Karnataka) -> Bagepalli_TBCross_D (Karnataka)
IND160002AAC,IND147001AAB,3,2.0555555555555554,0.0,1.0,0.0,0.0,74.0,35.0,46.7842,1.0,0.0,1,0,0,Chandigarh_Mehmdpur_H (Punjab),Patiala (Punjab),Chandigarh_Mehmdpur_H (Punjab) -> Patiala (Punjab)
IND421302AAG,IND712311AAA,9,2.1157742402315485,0.0,1.0,0.0,0.0,2924.0,1382.0,1933.2758,1.0,0.0,1,0,0,Bhiwandi_Mankoli_HB (Maharashtra),Kolkata_Dankuni_HB (West Bengal),Bhiwandi_Mankoli_HB (Maharashtra) -> Kolkata_Dankuni_HB (West Bengal)
IND421302AAG,IND501359AAE,24,1.9865462700205272,0.0,1.0,0.0,0.0,1107.5,557.0,778.5192999999999,1.0,0.0,1,0,0,Bhiwandi_Mankoli_HB (Maharashtra),Hyderabad_Shamshbd_H (Telangana),Bhiwandi_Mankoli_HB (Maharashtra) -> Hyderabad_Shamshbd_H (Telangana)
IND721253AAC,IND721501AAC,1,1.7849462365591398,0.0,1.0,0.0,0.0,166.0,93.0,101.1111,1.0,0.0,1,0,0,ChandroknaRD_Central_DPP_3 (West Bengal),AmaDubi_Bulabeda_D (West Bengal),ChandroknaRD_Central_DPP_3 (West Bengal) -> AmaDubi_Bulabeda_D (West Bengal)
IND421302AAG,IND462022AAA,12,2.198200854364861,0.0,1.0,0.0,0.0,1214.5,553.0,768.1224500000001,1.0,0.0,1,0,0,Bhiwandi_Mankoli_HB (Maharashtra),Bhopal_Trnsport_H (Madhya Pradesh),Bhiwandi_Mankoli_HB (Maharashtra) -> Bhopal_Trnsport_H (Madhya Pradesh)
IND721306AAA,IND721133AAA,2,2.167763157894737,0.0,1.0,0.0,0.0,38.0,17.5,19.788800000000002,1.0,0.0,1,0,0,Kharagpur_DC (West Bengal),Keshiary_MdnprDPP_D (West Bengal),Kharagpur_DC (West Bengal) -> Keshiary_MdnprDPP_D (West Bengal)
IND421302AAG,IND444005AAB,20,2.381195024605727,0.0,1.0,0.0,0.0,937.0,391.0,549.995,1.0,0.0,1,0,0,Bhiwandi_Mankoli_HB (Maharashtra),Akola_Gaurkshn_I (Maharashtra),Bhiwandi_Mankoli_HB (Maharashtra) -> Akola_Gaurkshn_I (Maharashtra)
IND721401AAA,IND721306AAA,2,1.9301957831325303,0.0,1.0,0.0,0.0,157.0,81.5,88.13534999999999,1.0,0.0,1,0,0,Contai_Kanakpur_D (West Bengal),Kharagpur_DC (West Bengal),Contai_Kanakpur_D (West Bengal) -> Kharagpur_DC (West Bengal)
IND532440AAA,IND532001AAB,17,1.5277777777777777,0.0,1.0,0.0,0.0,56.0,37.0,41.073,1.0,0.0,1,0,0,Palakonda_VadaiDPP_D (Andhra Pradesh),Srikakulam_Kuslpram_I (Andhra Pradesh),Palakonda_VadaiDPP_D (Andhra Pradesh) -> Srikakulam_Kuslpram_I (Andhra Pradesh)
IND421302AAG,IND422011AAD,21,1.731958762886598,0.0,1.0,0.0,0.0,168.0,97.0,136.90279999999998,1.0,0.0,1,0,0,Bhiwandi_Mankoli_HB (Maharashtra),Nashik_TgrniaRD_I (Maharashtra),Bhiwandi_Mankoli_HB (Maharashtra) -> Nashik_TgrniaRD_I (Maharashtra)
IND532201AAA,IND761200AAA,1,1.170731707317073,0.0,0.0,0.0,0.0,48.0,41.0,31.4101,1.0,0.0,0,0,0,Tekkali_AmvdiDPP_D (Andhra Pradesh),Paralakhemundi_Ward14_D (Orissa),Tekkali_AmvdiDPP_D (Andhra Pradesh) -> Paralakhemundi_Ward14_D (Orissa)
IND421302AAG,IND160002AAC,1,1.888695652173913,0.0,1.0,0.0,0.0,2172.0,1150.0,1583.6609,1.0,0.0,1,0,0,Bhiwandi_Mankoli_HB (Maharashtra),Chandigarh_Mehmdpur_H (Punjab),Bhiwandi_Mankoli_HB (Maharashtra) -> Chandigarh_Mehmdpur_H (Punjab)
IND110077AAA,IND110043AAA,1,1.3333333333333333,0.0,1.0,0.0,0.0,20.0,15.0,11.7786,0.0,0.0,1,0,0,Delhi_Palam (Delhi),Delhi_Nangli_IP (Delhi),Delhi_Palam (Delhi) -> Delhi_Nangli_IP (Delhi)
IND421302AAG,IND131028AAB,14,1.9119395657329183,0.0,1.0,0.0,0.0,1986.5,1038.0,1427.2415,1.0,0.0,1,0,0,Bhiwandi_Mankoli_HB (Maharashtra),Sonipat_Kundli_H (Haryana),Bhiwandi_Mankoli_HB (Maharashtra) -> Sonipat_Kundli_H (Haryana)
IND421302AAG,IND110037AAM,19,2.0813492063492065,0.0,1.0,0.0,0.0,2098.0,1007.0,1366.3654,1.0,0.0,1,0,0,Bhiwandi_Mankoli_HB (Maharashtra),Delhi_Airport_H (Delhi),Bhiwandi_Mankoli_HB (Maharashtra) -> Delhi_Airport_H (Delhi)
IND173212AAA,IND160002AAC,1,2.0105263157894737,0.0,1.0,0.0,0.0,191.0,95.0,101.7296,1.0,0.0,1,0,0,Solan_MohanPrk_D (Himachal Pradesh),Chandigarh_Mehmdpur_H (Punjab),Solan_MohanPrk_D (Himachal Pradesh) -> Chandigarh_Mehmdpur_H (Punjab)
IND110085AAB,IND110085AAA,1,2.076923076923077,0.0,1.0,0.0,0.0,27.0,13.0,11.4111,0.0,0.0,1,0,0,Delhi_Rohini_DPC (Delhi),North Delhi (Delhi),Delhi_Rohini_DPC (Delhi) -> North Delhi (Delhi)
IND160002AAC,IND562132AAA,1,2.244365361803084,0.0,1.0,0.0,0.0,3784.0,1686.0,2326.1991000000003,1.0,0.0,1,0,0,Chandigarh_Mehmdpur_H (Punjab),Bangalore_Nelmngla_H (Karnataka),Chandigarh_Mehmdpur_H (Punjab) -> Bangalore_Nelmngla_H (Karnataka)
IND416122AAA,IND395023AAA,1,1.888655462184874,0.0,1.0,0.0,0.0,899.0,476.0,603.1991999999999,1.0,0.0,1,0,0,Kolhapur_Central_H_2 (Maharashtra),Surat_HUB (Gujarat),Kolhapur_Central_H_2 (Maharashtra) -> Surat_HUB (Gujarat)
IND282001AAC,IND000000ACB,2,1.7530120481927711,0.0,1.0,0.0,0.0,291.0,166.0,210.9989,1.0,0.0,1,0,0,Agra_Idgah_L (Uttar Pradesh),Gurgaon_Bilaspur_HB (Haryana),Agra_Idgah_L (Uttar Pradesh) -> Gurgaon_Bilaspur_HB (Haryana)
IND282001AAA,IND000000ACB,5,1.7245508982035929,0.0,1.0,0.0,0.0,287.0,166.0,211.3366,1.0,0.0,1,0,0,Agra_Idgah_P (Uttar Pradesh),Gurgaon_Bilaspur_HB (Haryana),Agra_Idgah_P (Uttar Pradesh) -> Gurgaon_Bilaspur_HB (Haryana)
IND110095AAB,IND000000ACB,1,1.5211267605633803,0.0,1.0,0.0,0.0,108.0,71.0,71.6641,0.0,0.0,1,0,0,Delhi_Jhilmil_L (Delhi),Gurgaon_Bilaspur_HB (Haryana),Delhi_Jhilmil_L (Delhi) -> Gurgaon_Bilaspur_HB (Haryana)
IND721501AAC,IND721306AAA,1,1.9090909090909092,0.0,1.0,0.0,0.0,168.0,88.0,98.5015,1.0,0.0,1,0,0,AmaDubi_Bulabeda_D (West Bengal),Kharagpur_DC (West Bengal),AmaDubi_Bulabeda_D (West Bengal) -> Kharagpur_DC (West Bengal)
IND277303AAC,IND277211AAA,6,1.4142156862745099,0.0,1.0,0.0,0.0,52.0,37.0,40.5045,1.0,0.0,1,0,0,Sikandarpur_Central_D_3 (Uttar Pradesh),Sahatwar_PnchmDPP_D (Uttar Pradesh),Sikandarpur_Central_D_3 (Uttar Pradesh) -> Sahatwar_PnchmDPP_D (Uttar Pradesh)
IND721636AAB,IND721602AAB,3,1.75,0.0,1.0,0.0,0.0,45.0,28.0,30.4079,0.0,0.0,1,0,0,Tamluk_Central_DPP_2 (West Bengal),Haldia_Central_D_2 (West Bengal),Tamluk_Central_DPP_2 (West Bengal) -> Haldia_Central_D_2 (West Bengal)
IND722101AAA,IND722122AAA,8,1.8852657004830917,0.0,1.0,0.0,0.0,37.0,22.0,31.4585,0.0,0.0,1,0,0,Bankura_KeranDPP_D (West Bengal),Bishnupur_StnRdDPP_D (West Bengal),Bankura_KeranDPP_D (West Bengal) -> Bishnupur_StnRdDPP_D (West Bengal)
IND722101AAB,IND713205AAB,1,1.5555555555555556,0.0,1.0,0.0,0.0,70.0,45.0,50.6013,0.0,0.0,1,0,0,Bankura_NapitDPP_D (West Bengal),Durgapur_Central_I_1 (West Bengal),Bankura_NapitDPP_D (West Bengal) -> Durgapur_Central_I_1 (West Bengal)
IND276305AAA,IND223101AAB,7,2.076923076923077,0.0,1.0,0.0,0.0,54.0,26.0,28.5942,1.0,0.0,1,0,0,Saraimeer_MsmcyDPP_D (Uttar Pradesh),Shahganj_KcharaRD_D (Uttar Pradesh),Saraimeer_MsmcyDPP_D (Uttar Pradesh) -> Shahganj_KcharaRD_D (Uttar Pradesh)
IND722140AAA,IND722151AAA,9,0.9545454545454546,0.0,0.2222222222222222,0.0,0.0,42.0,43.0,46.1753,1.0,0.0,0,0,0,Khatra_KoralDPP_D (West Bengal),Simlapal_Central_D_1 (West Bengal),Khatra_KoralDPP_D (West Bengal) -> Simlapal_Central_D_1 (West Bengal)
IND531116AAA,IND531001AAA,1,1.5348837209302326,0.0,1.0,0.0,0.0,66.0,43.0,48.3598,0.0,0.0,1,0,0,Narsiptnm_Wardno8_D (Andhra Pradesh),Anakapalle_Kothuru_D (Andhra Pradesh),Narsiptnm_Wardno8_D (Andhra Pradesh) -> Anakapalle_Kothuru_D (Andhra Pradesh)
IND722154AAA,IND712602AAA,1,2.0714285714285716,0.0,1.0,0.0,0.0,58.0,28.0,31.1137,1.0,0.0,1,0,0,MirzapurWB_VidyaDPP_D (West Bengal),Arambag_BalibDPP_D (West Bengal),MirzapurWB_VidyaDPP_D (West Bengal) -> Arambag_BalibDPP_D (West Bengal)
IND530043AAA,IND531163AAA,12,1.6590909090909092,0.0,1.0,0.0,0.0,36.5,22.0,25.89195,0.0,0.0,1,0,0,Visakhapatnam_VislkNgr_DC (Andhra Pradesh),Bheemunipatnam_SaiTempl_D (Andhra Pradesh),Visakhapatnam_VislkNgr_DC (Andhra Pradesh) -> Bheemunipatnam_SaiTempl_D (Andhra Pradesh)
IND722202AAA,IND722101AAC,4,1.5091954022988505,0.0,1.0,0.0,0.0,44.0,29.0,32.539,0.0,0.0,1,0,0,Barjora_Central_DPP_1 (West Bengal),Bankura_BhowmDPP_D (West Bengal),Barjora_Central_DPP_1 (West Bengal) -> Bankura_BhowmDPP_D (West Bengal)
IND416012AAA,IND395023AAA,15,1.7139959432048681,0.0,1.0,0.0,0.0,845.0,492.0,623.4032,1.0,0.0,1,0,0,Kolhapur_Shivaji_I (Maharashtra),Surat_HUB (Gujarat),Kolhapur_Shivaji_I (Maharashtra) -> Surat_HUB (Gujarat)
IND415709AAA,IND416122AAA,1,1.7341040462427746,0.0,1.0,0.0,0.0,300.0,173.0,201.6547,1.0,0.0,1,0,0,Khed_Mahad_D (Maharashtra),Kolhapur_Central_H_2 (Maharashtra),Khed_Mahad_D (Maharashtra) -> Kolhapur_Central_H_2 (Maharashtra)
IND562132AAA,IND395023AAA,1,1.9502890173410405,0.0,1.0,0.0,0.0,1687.0,865.0,1188.1769,1.0,0.0,1,0,0,Bangalore_Nelmngla_H (Karnataka),Surat_HUB (Gujarat),Bangalore_Nelmngla_H (Karnataka) -> Surat_HUB (Gujarat)
IND562132AAA,IND411033AAA,13,1.6914556962025316,0.0,1.0,0.0,0.0,1069.0,631.0,852.093,1.0,0.0,1,0,0,Bangalore_Nelmngla_H (Karnataka),Pune_Tathawde_H (Maharashtra),Bangalore_Nelmngla_H (Karnataka) -> Pune_Tathawde_H (Maharashtra)
IND415301AAB,IND413307AAB,4,1.7663003663003662,0.0,1.0,0.0,0.0,65.0,36.0,36.72985,0.0,0.0,1,0,0,Atapadi_Vidyangr_D (Maharashtra),Sangola_Central_DPP_2 (Maharashtra),Atapadi_Vidyangr_D (Maharashtra) -> Sangola_Central_DPP_2 (Maharashtra)
IND415124AAA,IND415605AAA,16,1.0958083832335328,0.0,0.1875,0.0,0.0,183.0,167.0,89.2316,1.0,0.0,0,0,0,Karad_Mundhe_D (Maharashtra),Chiplun_LxmiNiws_D (Maharashtra),Karad_Mundhe_D (Maharashtra) -> Chiplun_LxmiNiws_D (Maharashtra)
IND562132AAA,IND416012AAA,12,1.6183087259542543,0.0,1.0,0.0,0.0,708.0,437.0,598.2662,1.0,0.0,1,0,0,Bangalore_Nelmngla_H (Karnataka),Kolhapur_Shivaji_I (Maharashtra),Bangalore_Nelmngla_H (Karnataka) -> Kolhapur_Shivaji_I (Maharashtra)
IND415003AAA,IND412803AAB,7,1.2790697674418605,0.0,0.7142857142857143,0.0,0.0,55.0,43.0,35.6314,1.0,0.0,1,0,0,Satara_DC (Maharashtra),Wai_Central_DPP_3 (Maharashtra),Satara_DC (Maharashtra) -> Wai_Central_DPP_3 (Maharashtra)
IND415003AAA,IND411033AAA,2,1.3490149210488194,0.0,1.0,0.0,0.0,158.5,117.5,126.35605,1.0,0.0,1,0,0,Satara_DC (Maharashtra),Pune_Tathawde_H (Maharashtra),Satara_DC (Maharashtra) -> Pune_Tathawde_H (Maharashtra)
IND414502AAA,IND431107AAB,7,1.5769230769230769,0.0,1.0,0.0,0.0,41.0,25.0,26.9384,1.0,0.0,1,0,0,Shevgaon_VidyaNgr_D (Maharashtra),Paithan_SantaNGR_D (Maharashtra),Shevgaon_VidyaNgr_D (Maharashtra) -> Paithan_SantaNGR_D (Maharashtra)
IND732123AAC,IND732139AAA,1,1.3529411764705883,0.0,1.0,0.0,0.0,23.0,17.0,11.7622,0.0,0.0,1,0,0,Chanchal_BargaDPP_D (West Bengal),Samsi_RatuaDPP_D (West Bengal),Chanchal_BargaDPP_D (West Bengal) -> Samsi_RatuaDPP_D (West Bengal)
IND414302AAB,IND412210AAC,1,1.736842105263158,0.0,1.0,0.0,0.0,33.0,19.0,22.8751,1.0,0.0,1,0,0,Parner_Hindcwk_D (Maharashtra),Shirur_Central_DPP_3 (Maharashtra),Parner_Hindcwk_D (Maharashtra) -> Shirur_Central_DPP_3 (Maharashtra)
IND732138AAA,IND733124AAA,3,2.0277777777777777,0.0,1.0,0.0,0.0,72.0,36.0,41.021800000000006,0.3333333333333333,0.0,1,0,0,Bamangola_Central_D_1 (West Bengal),Gangarmpur_KhdimDPP_D (West Bengal),Bamangola_Central_D_1 (West Bengal) -> Gangarmpur_KhdimDPP_D (West Bengal)
IND414203AAB,IND414302AAB,1,1.7837837837837838,0.0,1.0,0.0,0.0,132.0,74.0,98.2615,1.0,0.0,1,0,0,Ashti_SavtaHTL_D (Maharashtra),Parner_Hindcwk_D (Maharashtra),Ashti_SavtaHTL_D (Maharashtra) -> Parner_Hindcwk_D (Maharashtra)
IND732139AAA,IND732123AAC,1,1.3157894736842106,0.0,1.0,0.0,0.0,25.0,19.0,12.792,0.0,0.0,1,0,0,Samsi_RatuaDPP_D (West Bengal),Chanchal_BargaDPP_D (West Bengal),Samsi_RatuaDPP_D (West Bengal) -> Chanchal_BargaDPP_D (West Bengal)
IND414001AAA,IND414302AAB,1,1.5588235294117647,0.0,1.0,0.0,0.0,53.0,34.0,42.0274,1.0,0.0,1,0,0,AhmedNagar_DC (Maharashtra),Parner_Hindcwk_D (Maharashtra),AhmedNagar_DC (Maharashtra) -> Parner_Hindcwk_D (Maharashtra)
IND414001AAA,IND414203AAB,1,1.813953488372093,0.0,1.0,0.0,0.0,78.0,43.0,60.9673,1.0,0.0,1,0,0,AhmedNagar_DC (Maharashtra),Ashti_SavtaHTL_D (Maharashtra),AhmedNagar_DC (Maharashtra) -> Ashti_SavtaHTL_D (Maharashtra)
IND732204AAB,IND732139AAA,6,0.6323787258912916,0.0,0.0,0.0,0.0,37.0,58.0,40.521,0.0,0.0,0,0,0,Paranpur_Nijgan_D (West Bengal),Samsi_RatuaDPP_D (West Bengal),Paranpur_Nijgan_D (West Bengal) -> Samsi_RatuaDPP_D (West Bengal)
IND413709AAA,IND423601AAA,1,1.5135135135135136,0.0,1.0,0.0,0.0,56.0,37.0,43.3419,0.0,0.0,1,0,0,Shrirampur_DavkharRd_D (Maharashtra),Kopargaon_NkshtrPz_D (Maharashtra),Shrirampur_DavkharRd_D (Maharashtra) -> Kopargaon_NkshtrPz_D (Maharashtra)
IND413501AAA,IND413401AAA,21,1.4285714285714286,0.0,1.0,0.0,0.0,49.0,35.0,38.1812,1.0,0.0,1,0,0,Osmanabad_Kakdepot_D (Maharashtra),Barshi_Kurduwdi_D (Maharashtra),Osmanabad_Kakdepot_D (Maharashtra) -> Barshi_Kurduwdi_D (Maharashtra)
IND733128AAA,IND733134AAA,5,1.8095238095238095,0.0,1.0,0.0,0.0,38.0,21.0,26.6655,0.0,0.0,1,0,0,Itahar_NatunDPP_D (West Bengal),Raiganj_SubrtDPP_D (West Bengal),Itahar_NatunDPP_D (West Bengal) -> Raiganj_SubrtDPP_D (West Bengal)
IND733129AAB,IND733129AAA,5,1.9523809523809523,0.0,1.0,0.0,0.0,44.0,22.0,24.7278,0.0,0.0,1,0,0,Kaliyaganj_Central_DPP_1 (West Bengal),Kaliyaganj_FatprDPP_D (West Bengal),Kaliyaganj_Central_DPP_1 (West Bengal) -> Kaliyaganj_FatprDPP_D (West Bengal)
IND733134AAA,IND733129AAB,3,1.4782608695652173,0.0,1.0,0.0,0.0,34.0,23.0,23.596400000000003,0.0,0.0,1,0,0,Raiganj_SubrtDPP_D (West Bengal),Kaliyaganj_Central_DPP_1 (West Bengal),Raiganj_SubrtDPP_D (West Bengal) -> Kaliyaganj_Central_DPP_1 (West Bengal)
IND413501AAA,IND411033AAA,1,2.2180094786729856,0.0,1.0,0.0,0.0,468.0,211.0,277.2859,1.0,0.0,1,0,0,Osmanabad_Kakdepot_D (Maharashtra),Pune_Tathawde_H (Maharashtra),Osmanabad_Kakdepot_D (Maharashtra) -> Pune_Tathawde_H (Maharashtra)
IND413304AAA,IND415301AAB,6,1.4803921568627452,0.0,1.0,0.0,0.0,75.5,52.0,56.6026,0.0,0.0,1,0,0,Pandharpur_RajCmplx_D (Maharashtra),Atapadi_Vidyangr_D (Maharashtra),Pandharpur_RajCmplx_D (Maharashtra) -> Atapadi_Vidyangr_D (Maharashtra)
IND733201AAA,IND733202AAB,1,2.0,0.0,1.0,0.0,0.0,84.0,42.0,59.9294,1.0,0.0,1,0,0,Dalkhola_DltprDPP_D (West Bengal),Islampure_ShbdnDPP_D (West Bengal),Dalkhola_DltprDPP_D (West Bengal) -> Islampure_ShbdnDPP_D (West Bengal)
IND733202AAB,IND733210AAA,1,1.3225806451612903,0.0,1.0,0.0,0.0,41.0,31.0,30.623,1.0,0.0,1,0,0,Islampure_ShbdnDPP_D (West Bengal),Lodhan_GoalpDPP_D (West Bengal),Islampure_ShbdnDPP_D (West Bengal) -> Lodhan_GoalpDPP_D (West Bengal)
IND733202AAC,IND733210AAA,1,2.1538461538461537,0.0,1.0,0.0,0.0,56.0,26.0,25.6387,1.0,0.0,1,0,0,Islampure_Central_DPP_2 (West Bengal),Lodhan_GoalpDPP_D (West Bengal),Islampure_Central_DPP_2 (West Bengal) -> Lodhan_GoalpDPP_D (West Bengal)
IND413304AAA,IND413002AAA,5,2.0,0.0,1.0,0.0,0.0,104.0,52.0,73.5145,0.0,0.0,1,0,0,Pandharpur_RajCmplx_D (Maharashtra),Solapur_Central_I_2 (Maharashtra),Pandharpur_RajCmplx_D (Maharashtra) -> Solapur_Central_I_2 (Maharashtra)
IND562132AAA,IND421302AAG,7,1.7083906464924348,0.0,1.0,0.0,0.0,1242.0,727.0,977.5999,1.0,0.0,1,0,0,Bangalore_Nelmngla_H (Karnataka),Bhiwandi_Mankoli_HB (Maharashtra),Bangalore_Nelmngla_H (Karnataka) -> Bhiwandi_Mankoli_HB (Maharashtra)
IND736135AAA,IND736101AAA,6,2.0890269151138714,0.0,1.0,0.0,0.0,48.5,23.0,22.63475,1.0,0.0,1,0,0,Dinhata_WrdN4DPP_D (West Bengal),CoochBehar_Psthrjhr_D (West Bengal),Dinhata_WrdN4DPP_D (West Bengal) -> CoochBehar_Psthrjhr_D (West Bengal)
IND413002AAA,IND413307AAC,1,2.0,0.0,1.0,0.0,0.0,128.0,64.0,89.4707,0.0,0.0,1,0,0,Solapur_Central_I_2 (Maharashtra),Sangola_Central_DPP_3 (Maharashtra),Solapur_Central_I_2 (Maharashtra) -> Sangola_Central_DPP_3 (Maharashtra)
IND412803AAB,IND421802AAA,2,1.1150537634408602,0.0,0.0,0.0,0.0,34.0,30.5,23.64775,1.0,0.0,0,0,0,Wai_Central_DPP_3 (Maharashtra),Khandala_Satara_D (Maharashtra),Wai_Central_DPP_3 (Maharashtra) -> Khandala_Satara_D (Maharashtra)
IND411033AAA,IND580028AAA,5,1.7485875706214689,0.0,1.0,0.0,0.0,619.0,354.0,487.672,1.0,0.0,1,0,0,Pune_Tathawde_H (Maharashtra),Hubli_Adargchi_IP (Karnataka),Pune_Tathawde_H (Maharashtra) -> Hubli_Adargchi_IP (Karnataka)
IND411033AAA,IND521225AAB,10,1.9371345029239766,0.0,1.0,0.0,0.0,1325.0,684.0,911.93355,1.0,0.0,1,0,0,Pune_Tathawde_H (Maharashtra),Vijayawada_Rynapadu_H (Andhra Pradesh),Pune_Tathawde_H (Maharashtra) -> Vijayawada_Rynapadu_H (Andhra Pradesh)
IND411033AAA,IND501359AAE,11,1.6479166666666667,0.0,1.0,0.0,0.0,791.0,480.0,632.2850999999999,1.0,0.0,1,0,0,Pune_Tathawde_H (Maharashtra),Hyderabad_Shamshbd_H (Telangana),Pune_Tathawde_H (Maharashtra) -> Hyderabad_Shamshbd_H (Telangana)
IND411033AAA,IND431136AAC,12,2.192353461172311,0.0,1.0,0.0,0.0,376.0,172.0,235.2019,1.0,0.0,1,0,0,Pune_Tathawde_H (Maharashtra),Aurangabad_Central_H_1 (Maharashtra),Pune_Tathawde_H (Maharashtra) -> Aurangabad_Central_H_1 (Maharashtra)
IND741165AAB,IND742121AAB,15,1.391304347826087,0.0,0.9333333333333333,0.0,0.0,96.0,69.0,81.4277,0.0,0.0,1,0,0,Nazirpur_Central_D_1 (West Bengal),Nowda_ArhamDPP_D (West Bengal),Nazirpur_Central_D_1 (West Bengal) -> Nowda_ArhamDPP_D (West Bengal)
IND742101AAC,IND713130AAA,3,1.684782608695652,0.0,1.0,0.0,0.0,155.0,92.0,96.0117,0.0,0.0,1,0,0,Baharampur_Chuanpur_I (West Bengal),Katwa_BSarani_D (West Bengal),Baharampur_Chuanpur_I (West Bengal) -> Katwa_BSarani_D (West Bengal)
IND411033AAA,IND414001AAA,3,1.7757009345794392,0.0,1.0,0.0,0.0,190.0,107.0,141.5488,1.0,0.0,1,0,0,Pune_Tathawde_H (Maharashtra),AhmedNagar_DC (Maharashtra),Pune_Tathawde_H (Maharashtra) -> AhmedNagar_DC (Maharashtra)
IND110037AAM,IND282001AAC,1,2.1059602649006623,0.0,1.0,0.0,0.0,318.0,151.0,202.6035,1.0,0.0,1,0,0,Delhi_Airport_H (Delhi),Agra_Idgah_L (Uttar Pradesh),Delhi_Airport_H (Delhi) -> Agra_Idgah_L (Uttar Pradesh)
IND110037AAM,IND282002AAD,1,1.966887417218543,0.0,1.0,0.0,0.0,297.0,151.0,206.0601,1.0,0.0,1,0,0,Delhi_Airport_H (Delhi),IND282002AAD,Delhi_Airport_H (Delhi) -> IND282002AAD
IND411033AAA,IND403726AAA,20,2.048906129912808,0.0,1.0,0.0,0.0,798.0,389.0,511.48505,1.0,0.0,1,0,0,Pune_Tathawde_H (Maharashtra),Goa_Hub (Goa),Pune_Tathawde_H (Maharashtra) -> Goa_Hub (Goa)
IND110043AAC,IND000000ACB,1,1.6206896551724137,0.0,1.0,0.0,0.0,94.0,58.0,55.6689,0.0,0.0,1,0,0,Delhi_Nangli_L (Delhi),Gurgaon_Bilaspur_HB (Haryana),Delhi_Nangli_L (Delhi) -> Gurgaon_Bilaspur_HB (Haryana)
IND411033AAA,IND400072AAB,8,1.8640776699029127,0.0,1.0,0.0,0.0,192.5,103.0,130.8845,1.0,0.0,1,0,0,Pune_Tathawde_H (Maharashtra),Mumbai Hub (Maharashtra),Pune_Tathawde_H (Maharashtra) -> Mumbai Hub (Maharashtra)
IND562132AAA,IND501359AAE,8,1.700738393718143,0.0,1.0,0.0,0.0,724.5,425.0,543.77395,1.0,0.0,1,0,0,Bangalore_Nelmngla_H (Karnataka),Hyderabad_Shamshbd_H (Telangana),Bangalore_Nelmngla_H (Karnataka) -> Hyderabad_Shamshbd_H (Telangana)
IND231225AAB,IND486886AAA,7,1.6296296296296295,0.0,1.0,0.0,0.0,44.0,27.0,23.9771,1.0,0.0,1,0,0,Anpara_Parasi_D (Uttar Pradesh),Singrauli_Waidhan_D (Madhya Pradesh),Anpara_Parasi_D (Uttar Pradesh) -> Singrauli_Waidhan_D (Madhya Pradesh)
IND411033AAA,IND000000ACB,18,1.7198479500407275,0.0,1.0,0.0,0.0,1746.5,1015.0,1361.7058499999998,1.0,0.0,1,0,0,Pune_Tathawde_H (Maharashtra),Gurgaon_Bilaspur_HB (Haryana),Pune_Tathawde_H (Maharashtra) -> Gurgaon_Bilaspur_HB (Haryana)
IND562132AAA,IND515004AAA,12,1.5370676195051645,0.0,1.0,0.0,0.0,280.5,183.0,203.4261,1.0,0.0,1,0,0,Bangalore_Nelmngla_H (Karnataka),Anantapur_KamaStrt_I (Andhra Pradesh),Bangalore_Nelmngla_H (Karnataka) -> Anantapur_KamaStrt_I (Andhra Pradesh)
IND177001AAA,IND176110AAB,7,1.8095238095238095,0.0,1.0,0.0,0.0,38.0,22.0,24.0675,1.0,0.0,1,0,0,Hamirpur_GutmgrCl_D (Himachal Pradesh),Sujanpur_SainkSCL_D (Himachal Pradesh),Hamirpur_GutmgrCl_D (Himachal Pradesh) -> Sujanpur_SainkSCL_D (Himachal Pradesh)
IND176215AAA,IND176061AAA,3,1.8695652173913044,0.0,1.0,0.0,0.0,86.0,46.0,33.5531,1.0,0.0,1,0,0,Dharamshala_GrudwrRd_D (Himachal Pradesh),Palampur_Cnsrvila_D (Himachal Pradesh),Dharamshala_GrudwrRd_D (Himachal Pradesh) -> Palampur_Cnsrvila_D (Himachal Pradesh)
IND244301AAA,IND244412AAA,11,1.6129032258064515,0.0,1.0,0.0,0.0,50.0,31.0,28.7669,1.0,0.0,1,0,0,Sambhal_Khwssrai_D (Uttar Pradesh),Chandausi_Ganesh_D (Uttar Pradesh),Sambhal_Khwssrai_D (Uttar Pradesh) -> Chandausi_Ganesh_D (Uttar Pradesh)
IND244412AAA,IND243301AAB,10,0.7329545454545454,0.0,0.0,0.0,0.0,64.5,88.0,97.2619,1.0,0.0,0,0,0,Chandausi_Ganesh_D (Uttar Pradesh),Aonla_KdidmCLY_D (Uttar Pradesh),Chandausi_Ganesh_D (Uttar Pradesh) -> Aonla_KdidmCLY_D (Uttar Pradesh)
IND562132AAA,IND518002AAA,12,1.5867807630965527,0.0,1.0,0.0,0.0,453.0,286.0,346.25845000000004,1.0,0.0,1,0,0,Bangalore_Nelmngla_H (Karnataka),Kurnool_AbbasNgr_I (Andhra Pradesh),Bangalore_Nelmngla_H (Karnataka) -> Kurnool_AbbasNgr_I (Andhra Pradesh)
IND244501AAA,IND244601AAB,8,1.309920634920635,0.0,0.75,0.0,0.0,93.0,71.5,30.96275,1.0,0.0,1,0,0,Kanth_Dayanand_D (Uttar Pradesh),Thakurdwara_Fathuluh_D (Uttar Pradesh),Kanth_Dayanand_D (Uttar Pradesh) -> Thakurdwara_Fathuluh_D (Uttar Pradesh)
IND244713AAA,IND244715AAA,1,1.25,0.0,1.0,0.0,0.0,45.0,36.0,24.3298,1.0,0.0,1,0,0,Kashipur_Vaishali_D (Uttarakhand),Ramnagar_BhwniGnj_D (Uttarakhand),Kashipur_Vaishali_D (Uttarakhand) -> Ramnagar_BhwniGnj_D (Uttarakhand)
IND530012AAC,IND533106AAA,4,1.8071649712516584,0.0,1.0,0.0,0.0,243.0,133.5,181.89405,1.0,0.0,1,0,0,Vizag_Gajuwaka_L (Andhra Pradesh),Rajamundry_AtoNgrRd_I (Andhra Pradesh),Vizag_Gajuwaka_L (Andhra Pradesh) -> Rajamundry_AtoNgrRd_I (Andhra Pradesh)
IND244715AAA,IND244713AAA,16,0.9615384615384615,0.0,0.0,0.0,0.0,37.5,39.0,26.677100000000003,1.0,0.0,0,0,0,Ramnagar_BhwniGnj_D (Uttarakhand),Kashipur_Vaishali_D (Uttarakhand),Ramnagar_BhwniGnj_D (Uttarakhand) -> Kashipur_Vaishali_D (Uttarakhand)
IND244715AAA,IND263401AAA,1,1.360655737704918,0.0,1.0,0.0,0.0,83.0,61.0,47.7291,1.0,0.0,1,0,0,Ramnagar_BhwniGnj_D (Uttarakhand),Kashipur_BajprDPP_D (Uttarakhand),Ramnagar_BhwniGnj_D (Uttarakhand) -> Kashipur_BajprDPP_D (Uttarakhand)
IND403726AAB,IND403601AAA,6,1.492063492063492,0.0,1.0,0.0,0.0,23.5,15.0,15.925049999999999,0.0,0.0,1,0,0,Goa_ZuariNgr_IP (Goa),Goa_Margao_Dc (Goa),Goa_ZuariNgr_IP (Goa) -> Goa_Margao_Dc (Goa)
IND110044AAB,IND110037AAM,3,2.0476190476190474,0.0,1.0,0.0,0.0,43.0,23.0,24.686,0.0,0.0,1,0,0,Del_Okhla_PC (Delhi),Delhi_Airport_H (Delhi),Del_Okhla_PC (Delhi) -> Delhi_Airport_H (Delhi)
IND403726AAB,IND403507AAB,1,0.9302325581395349,0.0,0.0,0.0,0.0,40.0,43.0,35.105599999999995,0.0,0.0,0,0,0,Goa_ZuariNgr_IP (Goa),Goa_Mapusa (Goa),Goa_ZuariNgr_IP (Goa) -> Goa_Mapusa (Goa)
IND530012AAC,IND501359AAE,1,2.250574712643678,0.0,1.0,0.0,0.0,979.0,435.0,603.5103,1.0,0.0,1,0,0,Vizag_Gajuwaka_L (Andhra Pradesh),Hyderabad_Shamshbd_H (Telangana),Vizag_Gajuwaka_L (Andhra Pradesh) -> Hyderabad_Shamshbd_H (Telangana)
IND403726AAA,IND581400AAB,1,1.908256880733945,0.0,1.0,0.0,0.0,208.0,109.0,115.8,1.0,0.0,1,0,0,Goa_Hub (Goa),Mallapur_ShtDRDPP_D (Karnataka),Goa_Hub (Goa) -> Mallapur_ShtDRDPP_D (Karnataka)
IND403726AAA,IND575004AAB,2,1.9553017311775274,0.0,1.0,0.0,0.0,612.0,313.0,353.0259,1.0,0.0,1,0,0,Goa_Hub (Goa),Mangalore_Kuntikna_H (Karnataka),Goa_Hub (Goa) -> Mangalore_Kuntikna_H (Karnataka)
IND403726AAA,IND403702AAA,9,1.8,0.0,1.0,0.0,0.0,89.0,49.0,51.2449,1.0,0.0,1,0,0,Goa_Hub (Goa),Canacona_CharRsta_D (Goa),Goa_Hub (Goa) -> Canacona_CharRsta_D (Goa)
IND403702AAA,IND581314AAA,1,1.476923076923077,0.0,1.0,0.0,0.0,96.0,65.0,69.7005,1.0,0.0,1,0,0,Canacona_CharRsta_D (Goa),Ankola_Kakrmath_D (Karnataka),Canacona_CharRsta_D (Goa) -> Ankola_Kakrmath_D (Karnataka)
IND742102AAB,IND742303AAB,12,2.107142857142857,0.0,1.0,0.0,0.0,59.0,28.5,38.11835,0.0,0.0,1,0,0,Berhampore_Central_I_2 (West Bengal),Domkal_Central_D_2 (West Bengal),Berhampore_Central_I_2 (West Bengal) -> Domkal_Central_D_2 (West Bengal)
IND131028AAB,IND251001AAA,10,1.930565088080531,0.0,1.0,0.0,0.0,181.5,95.0,117.0308,1.0,0.0,1,0,0,Sonipat_Kundli_H (Haryana),Muzaffrngr_MhmodNgr_D (Uttar Pradesh),Sonipat_Kundli_H (Haryana) -> Muzaffrngr_MhmodNgr_D (Uttar Pradesh)
IND184121AAA,IND184104AAA,3,1.205128205128205,0.0,0.6666666666666666,0.0,0.0,47.0,38.0,41.0848,1.0,0.0,1,0,0,Samba_Wardno13_D (Jammu & Kashmir),Kathua_BOB_D (Jammu & Kashmir),Samba_Wardno13_D (Jammu & Kashmir) -> Kathua_BOB_D (Jammu & Kashmir)
IND184121AAA,IND181152AAB,1,1.3225806451612903,0.0,1.0,0.0,0.0,41.0,31.0,34.7509,1.0,0.0,1,0,0,Samba_Wardno13_D (Jammu & Kashmir),Jammu_Central_I_1 (Jammu & Kashmir),Samba_Wardno13_D (Jammu & Kashmir) -> Jammu_Central_I_1 (Jammu & Kashmir)
IND742147AAA,IND742137AAA,3,1.8333333333333333,0.0,1.0,0.0,0.0,33.0,18.0,15.5169,0.0,0.0,1,0,0,Khargram_BoiDPP_D (West Bengal),Kandi_DohalDPP_D (West Bengal),Khargram_BoiDPP_D (West Bengal) -> Kandi_DohalDPP_D (West Bengal)
IND184121AAA,IND181152AAA,1,1.375,0.0,1.0,0.0,0.0,44.0,32.0,36.7359,1.0,0.0,1,0,0,Samba_Wardno13_D (Jammu & Kashmir),Jammu_TrnptNgr_L (Jammu & Kashmir),Samba_Wardno13_D (Jammu & Kashmir) -> Jammu_TrnptNgr_L (Jammu & Kashmir)
IND184104AAA,IND184121AAA,3,1.575,0.0,0.6666666666666666,0.0,0.0,63.0,40.0,43.1069,1.0,0.0,1,0,0,Kathua_BOB_D (Jammu & Kashmir),Samba_Wardno13_D (Jammu & Kashmir),Kathua_BOB_D (Jammu & Kashmir) -> Samba_Wardno13_D (Jammu & Kashmir)
IND184104AAA,IND181152AAB,2,1.367907444668008,0.0,1.0,0.0,0.0,96.5,70.5,77.80655,1.0,0.0,1,0,0,Kathua_BOB_D (Jammu & Kashmir),Jammu_Central_I_1 (Jammu & Kashmir),Kathua_BOB_D (Jammu & Kashmir) -> Jammu_Central_I_1 (Jammu & Kashmir)
IND184104AAA,IND181152AAA,3,1.4857142857142858,0.0,1.0,0.0,0.0,104.0,70.0,77.41760000000001,1.0,0.0,1,0,0,Kathua_BOB_D (Jammu & Kashmir),Jammu_TrnptNgr_L (Jammu & Kashmir),Kathua_BOB_D (Jammu & Kashmir) -> Jammu_TrnptNgr_L (Jammu & Kashmir)
IND184104AAA,IND160002AAC,4,1.8668192219679633,0.0,1.0,0.0,0.0,427.5,229.0,300.79385,1.0,0.0,1,0,0,Kathua_BOB_D (Jammu & Kashmir),Chandigarh_Mehmdpur_H (Punjab),Kathua_BOB_D (Jammu & Kashmir) -> Chandigarh_Mehmdpur_H (Punjab)
IND181152AAB,IND184121AAA,4,1.640625,0.0,1.0,0.0,0.0,52.5,32.0,36.462650000000004,1.0,0.0,1,0,0,Jammu_Central_I_1 (Jammu & Kashmir),Samba_Wardno13_D (Jammu & Kashmir),Jammu_Central_I_1 (Jammu & Kashmir) -> Samba_Wardno13_D (Jammu & Kashmir)
IND131028AAE,IND124507AAA,1,1.7333333333333334,0.0,1.0,0.0,0.0,78.0,45.0,42.7911,1.0,0.0,1,0,0,Sonipat_Central_D_2 (Haryana),Bahadurgarh_DC (Haryana),Sonipat_Central_D_2 (Haryana) -> Bahadurgarh_DC (Haryana)
IND181152AAB,IND160002AAC,1,1.983221476510067,0.0,1.0,0.0,0.0,591.0,298.0,376.721,1.0,0.0,1,0,0,Jammu_Central_I_1 (Jammu & Kashmir),Chandigarh_Mehmdpur_H (Punjab),Jammu_Central_I_1 (Jammu & Kashmir) -> Chandigarh_Mehmdpur_H (Punjab)
IND181152AAA,IND184121AAA,5,1.4666666666666666,0.0,1.0,0.0,0.0,44.0,32.0,36.5022,1.0,0.0,1,0,0,Jammu_TrnptNgr_L (Jammu & Kashmir),Samba_Wardno13_D (Jammu & Kashmir),Jammu_TrnptNgr_L (Jammu & Kashmir) -> Samba_Wardno13_D (Jammu & Kashmir)
IND177101AAA,IND176001AAB,1,1.2203389830508475,0.0,1.0,0.0,0.0,72.0,59.0,42.9878,1.0,0.0,1,0,0,DehraGopipur_Central_D_1 (Himachal Pradesh),Kangra_Central_D_2 (Himachal Pradesh),DehraGopipur_Central_D_1 (Himachal Pradesh) -> Kangra_Central_D_2 (Himachal Pradesh)
IND751002AAB,IND530012AAA,10,1.6707648776925885,0.0,1.0,0.0,0.0,557.0,332.0,454.2031,1.0,0.0,1,0,0,Bhubaneshwar_Hub (Orissa),Visakhapatnam_Gajuwaka_IP (Andhra Pradesh),Bhubaneshwar_Hub (Orissa) -> Visakhapatnam_Gajuwaka_IP (Andhra Pradesh)
IND751002AAB,IND756100AAC,12,1.8296703296703296,0.0,1.0,0.0,0.0,165.0,87.0,123.18665,1.0,0.0,1,0,0,Bhubaneshwar_Hub (Orissa),Bhadrak_Central_I_2 (Orissa),Bhubaneshwar_Hub (Orissa) -> Bhadrak_Central_I_2 (Orissa)
IND177101AAA,IND176001AAA,2,1.6966101694915254,0.0,1.0,0.0,0.0,101.0,59.5,43.86415,1.0,0.0,1,0,0,DehraGopipur_Central_D_1 (Himachal Pradesh),Kangra_Gurkhari_D (Himachal Pradesh),DehraGopipur_Central_D_1 (Himachal Pradesh) -> Kangra_Gurkhari_D (Himachal Pradesh)
IND530012AAA,IND751002AAB,3,1.5799373040752351,0.0,1.0,0.0,0.0,504.0,318.0,445.6972,1.0,0.0,1,0,0,Visakhapatnam_Gajuwaka_IP (Andhra Pradesh),Bhubaneshwar_Hub (Orissa),Visakhapatnam_Gajuwaka_IP (Andhra Pradesh) -> Bhubaneshwar_Hub (Orissa)
IND751015AAA,IND752050AAA,1,1.6363636363636365,0.0,1.0,0.0,0.0,18.0,11.0,15.095,0.0,0.0,1,0,0,Bhubaneshwar_Nayapalli (Orissa),Khurdha_JatniDPP_D (Orissa),Bhubaneshwar_Nayapalli (Orissa) -> Khurdha_JatniDPP_D (Orissa)
IND751015AAA,IND752055AAA,2,1.9347826086956523,0.0,1.0,0.0,0.0,43.5,22.5,26.3951,0.0,0.0,1,0,0,Bhubaneshwar_Nayapalli (Orissa),Khurdha_MunplDPP_D (Orissa),Bhubaneshwar_Nayapalli (Orissa) -> Khurdha_MunplDPP_D (Orissa)
IND272155AAA,IND272001AAA,3,1.2916666666666667,0.0,1.0,0.0,0.0,31.0,24.0,34.213300000000004,1.0,0.0,1,0,0,Harraiya_MahuGDPP_D (Uttar Pradesh),Basti_GndhiNgr_D (Uttar Pradesh),Harraiya_MahuGDPP_D (Uttar Pradesh) -> Basti_GndhiNgr_D (Uttar Pradesh)
IND201301AAF,IND201301AAL,1,1.4166666666666667,0.0,1.0,0.0,0.0,34.0,24.0,21.5816,0.0,0.0,1,0,0,Noida_Sec 02_DPC (Uttar Pradesh),Dadri_ICDCant_D (Uttar Pradesh),Noida_Sec 02_DPC (Uttar Pradesh) -> Dadri_ICDCant_D (Uttar Pradesh)
IND752030AAA,IND754022AAA,1,1.6818181818181819,0.0,1.0,0.0,0.0,37.0,22.0,25.5137,1.0,0.0,1,0,0,Balugaon_Thikiri_D (Orissa),Tangi_SriDPP_D (Orissa),Balugaon_Thikiri_D (Orissa) -> Tangi_SriDPP_D (Orissa)
IND272001AAA,IND272175AAA,2,1.7616459627329193,0.0,1.0,0.0,0.0,44.0,25.5,34.901849999999996,1.0,0.0,1,0,0,Basti_GndhiNgr_D (Uttar Pradesh),Khalilabad_MrgnjDPP_D (Uttar Pradesh),Basti_GndhiNgr_D (Uttar Pradesh) -> Khalilabad_MrgnjDPP_D (Uttar Pradesh)
IND752050AAA,IND752056AAA,1,2.3333333333333335,0.0,1.0,0.0,0.0,14.0,6.0,9.6907,0.0,0.0,1,0,0,Khurdha_JatniDPP_D (Orissa),Khurdha_MdhsnDPP_D (Orissa),Khurdha_JatniDPP_D (Orissa) -> Khurdha_MdhsnDPP_D (Orissa)
IND752055AAA,IND751002AAB,1,1.9230769230769231,0.0,1.0,0.0,0.0,50.0,26.0,35.7081,0.0,0.0,1,0,0,Khurdha_MunplDPP_D (Orissa),Bhubaneshwar_Hub (Orissa),Khurdha_MunplDPP_D (Orissa) -> Bhubaneshwar_Hub (Orissa)
IND752055AAA,IND752050AAA,1,1.0,0.0,0.0,0.0,0.0,16.0,16.0,19.4503,0.0,0.0,0,0,0,Khurdha_MunplDPP_D (Orissa),Khurdha_JatniDPP_D (Orissa),Khurdha_MunplDPP_D (Orissa) -> Khurdha_JatniDPP_D (Orissa)
IND110037AAM,IND110092AAC,1,2.193548387096774,0.0,1.0,0.0,0.0,68.0,31.0,27.751,0.0,0.0,1,0,0,Delhi_Airport_H (Delhi),Delhi_Patparganj_DPC (Delhi),Delhi_Airport_H (Delhi) -> Delhi_Patparganj_DPC (Delhi)
IND110037AAM,IND131028AAB,1,2.210526315789474,0.0,1.0,0.0,0.0,126.0,57.0,44.0332,0.0,0.0,1,0,0,Delhi_Airport_H (Delhi),Sonipat_Kundli_H (Haryana),Delhi_Airport_H (Delhi) -> Sonipat_Kundli_H (Haryana)
IND284403AAA,IND472001AAA,2,1.8555429864253394,0.0,1.0,0.0,0.0,123.5,66.5,62.2721,1.0,0.0,1,0,0,Lalitpur_RjghatRd_D (Uttar Pradesh),Tikamgarh_MndiRoad_D (Madhya Pradesh),Lalitpur_RjghatRd_D (Uttar Pradesh) -> Tikamgarh_MndiRoad_D (Madhya Pradesh)
IND283203AAA,IND282002AAD,1,2.1142857142857143,0.0,1.0,0.0,0.0,74.0,35.0,46.7377,1.0,0.0,1,0,0,Firozabad_Sudmpuri_D (Uttar Pradesh),IND282002AAD,Firozabad_Sudmpuri_D (Uttar Pradesh) -> IND282002AAD
IND283203AAA,IND110037AAM,13,2.2142857142857144,0.0,1.0,0.0,0.0,434.0,196.0,257.5831,0.9230769230769231,0.0,1,0,0,Firozabad_Sudmpuri_D (Uttar Pradesh),Delhi_Airport_H (Delhi),Firozabad_Sudmpuri_D (Uttar Pradesh) -> Delhi_Airport_H (Delhi)
IND283122AAB,IND328001AAA,7,1.15625,0.0,0.2857142857142857,0.0,0.0,72.0,62.0,72.5083,1.0,0.0,0,0,0,Kirauli_AchneraRD_D (Uttar Pradesh),Dholpur_GtRoad_D (Rajasthan),Kirauli_AchneraRD_D (Uttar Pradesh) -> Dholpur_GtRoad_D (Rajasthan)
IND110037AAM,IND226004AAC,1,1.8293333333333333,0.0,1.0,0.0,0.0,686.0,375.0,489.2995,1.0,0.0,1,0,0,Delhi_Airport_H (Delhi),Lucknow_Pandriba_L (Uttar Pradesh),Delhi_Airport_H (Delhi) -> Lucknow_Pandriba_L (Uttar Pradesh)
IND752056AAA,IND751002AAB,1,1.894736842105263,0.0,1.0,0.0,0.0,36.0,19.0,27.2786,0.0,0.0,1,0,0,Khurdha_MdhsnDPP_D (Orissa),Bhubaneshwar_Hub (Orissa),Khurdha_MdhsnDPP_D (Orissa) -> Bhubaneshwar_Hub (Orissa)
IND132103AAA,IND132001AAA,5,1.7714285714285714,0.0,1.0,0.0,0.0,62.0,35.0,39.1595,1.0,0.0,1,0,0,Panipat (Haryana),Karnal (Haryana),Panipat (Haryana) -> Karnal (Haryana)
IND754103AAA,IND754142AAA,1,2.185185185185185,0.0,1.0,0.0,0.0,118.0,54.0,57.1658,1.0,0.0,1,0,0,Jagatsghpr_Markndpr_D (Orissa),Paradip_Udyabata_D (Orissa),Jagatsghpr_Markndpr_D (Orissa) -> Paradip_Udyabata_D (Orissa)
IND282002AAD,IND281004AAA,8,1.3985753052917231,0.0,1.0,0.0,0.0,93.0,66.0,80.9576,1.0,0.0,1,0,0,IND282002AAD,Mathura_DC (Uttar Pradesh),IND282002AAD -> Mathura_DC (Uttar Pradesh)
IND754160AAA,IND754142AAA,1,2.0,0.0,1.0,0.0,0.0,56.0,28.0,30.898,1.0,0.0,1,0,0,Tirtol_Central_D_2 (Orissa),Paradip_Udyabata_D (Orissa),Tirtol_Central_D_2 (Orissa) -> Paradip_Udyabata_D (Orissa)
IND282002AAD,IND110037AAM,1,1.6440677966101696,0.0,1.0,0.0,0.0,291.0,177.0,231.4202,1.0,0.0,1,0,0,IND282002AAD,Delhi_Airport_H (Delhi),IND282002AAD -> Delhi_Airport_H (Delhi)
IND201007AAA,IND245101AAA,2,2.047169811320755,0.0,1.0,0.0,0.0,108.5,53.0,45.9469,0.0,0.0,1,0,0,GZB_Mohan_Nagar_DPC (Uttar Pradesh),Hapur_Swargash_D (Uttar Pradesh),GZB_Mohan_Nagar_DPC (Uttar Pradesh) -> Hapur_Swargash_D (Uttar Pradesh)
IND756019AAA,IND756029AAA,1,1.3157894736842106,0.0,1.0,0.0,0.0,25.0,19.0,27.9843,1.0,0.0,1,0,0,Balasore_Ganeshwr_D (Orissa),Basta_Central_DPP_1 (Orissa),Balasore_Ganeshwr_D (Orissa) -> Basta_Central_DPP_1 (Orissa)
IND756019AAA,IND756032AAA,1,1.5277777777777777,0.0,1.0,0.0,0.0,55.0,36.0,51.325300000000006,1.0,0.0,1,0,0,Balasore_Ganeshwr_D (Orissa),Jaleswar_NaturDPP_D (Orissa),Balasore_Ganeshwr_D (Orissa) -> Jaleswar_NaturDPP_D (Orissa)
IND201007AAA,IND201001AAA,4,1.4455128205128205,0.0,1.0,0.0,0.0,18.0,12.5,10.4857,0.0,0.0,1,0,0,GZB_Mohan_Nagar_DPC (Uttar Pradesh),Ghaziabad_Patel Nagar (Uttar Pradesh),GZB_Mohan_Nagar_DPC (Uttar Pradesh) -> Ghaziabad_Patel Nagar (Uttar Pradesh)
IND201001AAC,IND110037AAM,2,1.8295454545454546,0.0,1.0,0.0,0.0,80.5,44.0,41.81025,0.0,0.0,1,0,0,Ghaziabad_Central_L_8 (Uttar Pradesh),Delhi_Airport_H (Delhi),Ghaziabad_Central_L_8 (Uttar Pradesh) -> Delhi_Airport_H (Delhi)
IND756019AAA,IND757041AAA,1,1.140625,0.0,0.0,0.0,0.0,73.0,64.0,61.327,1.0,0.0,0,0,0,Balasore_Ganeshwr_D (Orissa),Udala_NagplDPP_D (Orissa),Balasore_Ganeshwr_D (Orissa) -> Udala_NagplDPP_D (Orissa)
IND756029AAA,IND712311AAA,1,1.8026315789473684,0.0,1.0,0.0,0.0,274.0,152.0,211.2056,1.0,0.0,1,0,0,Basta_Central_DPP_1 (Orissa),Kolkata_Dankuni_HB (West Bengal),Basta_Central_DPP_1 (Orissa) -> Kolkata_Dankuni_HB (West Bengal)
IND756045AAB,IND756019AAA,1,1.6875,0.0,1.0,0.0,0.0,27.0,16.0,23.0528,1.0,0.0,1,0,0,Soro_UttarDPP_D (Orissa),Balasore_Ganeshwr_D (Orissa),Soro_UttarDPP_D (Orissa) -> Balasore_Ganeshwr_D (Orissa)
IND756100AAC,IND756045AAB,1,1.1627906976744187,0.0,0.0,0.0,0.0,50.0,43.0,42.6292,1.0,0.0,0,0,0,Bhadrak_Central_I_2 (Orissa),Soro_UttarDPP_D (Orissa),Bhadrak_Central_I_2 (Orissa) -> Soro_UttarDPP_D (Orissa)
IND756100AAC,IND757037AAA,1,1.6638655462184875,0.0,1.0,0.0,0.0,198.0,119.0,165.5648,1.0,0.0,1,0,0,Bhadrak_Central_I_2 (Orissa),Karanjia_Sarubali_D (Orissa),Bhadrak_Central_I_2 (Orissa) -> Karanjia_Sarubali_D (Orissa)
IND757001AAA,IND757041AAA,2,1.9199363732767762,0.0,1.0,0.0,0.0,83.5,43.5,46.4456,1.0,0.0,1,0,0,Baripada_KalikDPP_D (Orissa),Udala_NagplDPP_D (Orissa),Baripada_KalikDPP_D (Orissa) -> Udala_NagplDPP_D (Orissa)
IND400016AAA,IND400015AAA,1,1.8,0.0,1.0,0.0,0.0,18.0,10.0,12.2279,0.0,0.0,1,0,0,Mumbai Mahim (Maharashtra),Mumbai_CottonGreen_DPC (Maharashtra),Mumbai Mahim (Maharashtra) -> Mumbai_CottonGreen_DPC (Maharashtra)
IND396191AAC,IND396105AAA,2,0.782608695652174,0.0,0.0,0.0,0.0,18.0,23.0,21.412999999999997,0.0,0.0,0,0,0,Vapi_IndEstat_I (Gujarat),Bhilad_Umargaon_DC (Gujarat),Vapi_IndEstat_I (Gujarat) -> Bhilad_Umargaon_DC (Gujarat)
IND757037AAA,IND758001AAA,1,1.880952380952381,0.0,1.0,0.0,0.0,79.0,42.0,53.2173,1.0,0.0,1,0,0,Karanjia_Sarubali_D (Orissa),Kendujhar_Sirjudin_D (Orissa),Karanjia_Sarubali_D (Orissa) -> Kendujhar_Sirjudin_D (Orissa)
IND757041AAA,IND757001AAA,1,1.7619047619047619,0.0,1.0,0.0,0.0,74.0,42.0,44.9652,1.0,0.0,1,0,0,Udala_NagplDPP_D (Orissa),Baripada_KalikDPP_D (Orissa),Udala_NagplDPP_D (Orissa) -> Baripada_KalikDPP_D (Orissa)
IND758001AAA,IND757037AAA,3,2.0,0.0,1.0,0.0,0.0,86.0,43.0,54.2271,1.0,0.0,1,0,0,Kendujhar_Sirjudin_D (Orissa),Karanjia_Sarubali_D (Orissa),Kendujhar_Sirjudin_D (Orissa) -> Karanjia_Sarubali_D (Orissa)
IND758001AAA,IND758035AAA,3,2.076923076923077,0.0,1.0,0.0,0.0,108.0,52.0,72.2535,1.0,0.0,1,0,0,Kendujhar_Sirjudin_D (Orissa),Barbil_PunjbiPd_D (Orissa),Kendujhar_Sirjudin_D (Orissa) -> Barbil_PunjbiPd_D (Orissa)
IND758034AAA,IND756100AAC,1,2.0552147239263805,0.0,1.0,0.0,0.0,335.0,163.0,224.601,1.0,0.0,1,0,0,Joda_Central_D_1 (Orissa),Bhadrak_Central_I_2 (Orissa),Joda_Central_D_1 (Orissa) -> Bhadrak_Central_I_2 (Orissa)
IND758034AAA,IND757037AAA,2,2.05,0.0,1.0,0.0,0.0,184.5,90.0,118.57985,1.0,0.0,1,0,0,Joda_Central_D_1 (Orissa),Karanjia_Sarubali_D (Orissa),Joda_Central_D_1 (Orissa) -> Karanjia_Sarubali_D (Orissa)
IND758034AAA,IND758001AAA,1,2.127659574468085,0.0,1.0,0.0,0.0,100.0,47.0,64.2655,1.0,0.0,1,0,0,Joda_Central_D_1 (Orissa),Kendujhar_Sirjudin_D (Orissa),Joda_Central_D_1 (Orissa) -> Kendujhar_Sirjudin_D (Orissa)
IND758035AAA,IND758001AAA,1,1.7142857142857142,0.0,1.0,0.0,0.0,84.0,49.0,68.1101,1.0,0.0,1,0,0,Barbil_PunjbiPd_D (Orissa),Kendujhar_Sirjudin_D (Orissa),Barbil_PunjbiPd_D (Orissa) -> Kendujhar_Sirjudin_D (Orissa)
IND759122AAC,IND767017AAA,1,1.7466666666666666,0.0,1.0,0.0,0.0,262.0,150.0,183.6755,0.0,0.0,1,0,0,Angul_Central_I_2 (Orissa),Sonepur_BrezeDPP_D (Orissa),Angul_Central_I_2 (Orissa) -> Sonepur_BrezeDPP_D (Orissa)
IND396191AAC,IND395023AAA,1,2.3421052631578947,0.0,1.0,0.0,0.0,178.0,76.0,104.9843,1.0,0.0,1,0,0,Vapi_IndEstat_I (Gujarat),Surat_HUB (Gujarat),Vapi_IndEstat_I (Gujarat) -> Surat_HUB (Gujarat)
IND132103AAB,IND132001AAA,2,1.496969696969697,0.0,1.0,0.0,0.0,47.0,31.5,39.8086,1.0,0.0,1,0,0,Panipat_PC (Haryana),Karnal (Haryana),Panipat_PC (Haryana) -> Karnal (Haryana)
IND395023AAA,IND562132AAA,20,1.94386499574679,0.0,1.0,0.0,0.0,1679.0,863.0,1193.0835499999998,1.0,0.0,1,0,0,Surat_HUB (Gujarat),Bangalore_Nelmngla_H (Karnataka),Surat_HUB (Gujarat) -> Bangalore_Nelmngla_H (Karnataka)
IND395010AAB,IND395023AAA,1,1.4375,0.0,1.0,0.0,0.0,23.0,16.0,17.769299999999998,0.0,0.0,1,0,0,Surat_Brpc (Gujarat),Surat_HUB (Gujarat),Surat_Brpc (Gujarat) -> Surat_HUB (Gujarat)
IND764020AAC,IND764001AAC,1,2.25,0.0,1.0,0.0,0.0,27.0,12.0,17.1324,0.0,0.0,1,0,0,Koraput_GhtimDPP_D (Orissa),Jeypore_Kelasahi_D (Orissa),Koraput_GhtimDPP_D (Orissa) -> Jeypore_Kelasahi_D (Orissa)
IND764059AAA,IND764071AAB,3,1.8888888888888888,0.0,1.0,0.0,0.0,17.0,9.0,12.7983,0.0,0.0,1,0,0,Nabarangpr_PhdofDPP_D (Orissa),Pappadahandi_Central_DPP_2 (Orissa),Nabarangpr_PhdofDPP_D (Orissa) -> Pappadahandi_Central_DPP_2 (Orissa)
IND764071AAB,IND764073AAA,2,1.6950757575757576,0.0,1.0,0.0,0.0,55.0,32.5,46.8806,0.0,0.0,1,0,0,Pappadahandi_Central_DPP_2 (Orissa),Umerkote_Central_DPP_1 (Orissa),Pappadahandi_Central_DPP_2 (Orissa) -> Umerkote_Central_DPP_1 (Orissa)
IND767001AAA,IND762001AAA,1,2.2,0.0,1.0,0.0,0.0,264.0,120.0,169.7732,0.0,0.0,1,0,0,Balangir_Rjndpara_D (Orissa),Phulbani_Krusphrma_D (Orissa),Balangir_Rjndpara_D (Orissa) -> Phulbani_Krusphrma_D (Orissa)
IND767001AAA,IND767017AAA,3,1.8571428571428572,0.0,1.0,0.0,0.0,65.0,35.0,49.2466,1.0,0.0,1,0,0,Balangir_Rjndpara_D (Orissa),Sonepur_BrezeDPP_D (Orissa),Balangir_Rjndpara_D (Orissa) -> Sonepur_BrezeDPP_D (Orissa)
IND390022AAA,IND395023AAA,21,1.775,0.0,1.0,0.0,0.0,216.0,121.0,167.0285,1.0,0.0,1,0,0,Vadodara_Karelibaug_DPC (Gujarat),Surat_HUB (Gujarat),Vadodara_Karelibaug_DPC (Gujarat) -> Surat_HUB (Gujarat)
IND767017AAA,IND768004AAD,2,2.107189224277832,0.0,1.0,0.0,0.0,165.5,78.5,87.1403,1.0,0.0,1,0,0,Sonepur_BrezeDPP_D (Orissa),Sambalpur_Central_H_2 (Orissa),Sonepur_BrezeDPP_D (Orissa) -> Sambalpur_Central_H_2 (Orissa)
IND390022AAA,IND382430AAB,8,1.5857142857142859,0.0,1.0,0.0,0.0,111.0,70.0,99.4065,1.0,0.0,1,0,0,Vadodara_Karelibaug_DPC (Gujarat),Ahmedabad_East_H_1 (Gujarat),Vadodara_Karelibaug_DPC (Gujarat) -> Ahmedabad_East_H_1 (Gujarat)
IND390018AAB,IND390020AAA,1,2.0,0.0,1.0,0.0,0.0,24.0,12.0,12.0449,0.0,0.0,1,0,0,Vadodara_Karelibaug_DC (Gujarat),Vadodara (Gujarat),Vadodara_Karelibaug_DC (Gujarat) -> Vadodara (Gujarat)
IND768028AAA,IND767001AAA,1,0.8456375838926175,0.0,0.0,0.0,0.0,126.0,149.0,159.1798,1.0,0.0,0,0,0,Bargarh_JJCpxDPP_D (Orissa),Balangir_Rjndpara_D (Orissa),Bargarh_JJCpxDPP_D (Orissa) -> Balangir_Rjndpara_D (Orissa)
IND768028AAB,IND767001AAA,1,0.9802631578947368,0.0,0.0,0.0,0.0,149.0,152.0,162.7031,1.0,0.0,0,0,0,Bargarh_GurpdDPP_D (Orissa),Balangir_Rjndpara_D (Orissa),Bargarh_GurpdDPP_D (Orissa) -> Balangir_Rjndpara_D (Orissa)
IND133004AAA,IND135001AAA,6,1.660774410774411,0.0,1.0,0.0,0.0,90.5,54.0,56.6245,1.0,0.0,1,0,0,Ambala (Haryana),YamunaNagar_DC (Haryana),Ambala (Haryana) -> YamunaNagar_DC (Haryana)
IND000000ACA,IND142001AAB,9,1.7457627118644068,0.0,1.0,0.0,0.0,98.0,56.0,76.222,1.0,0.0,1,0,0,Ludhiana_MilrGanj_HB (Punjab),Moga_DPC (Punjab),Ludhiana_MilrGanj_HB (Punjab) -> Moga_DPC (Punjab)
IND770001AAA,IND770017AAB,6,1.5530142781597038,0.0,1.0,0.0,0.0,95.5,62.0,65.24605,1.0,0.0,1,0,0,Sundargarh_DiyoDPP_D (Orissa),Rajgangpur_Central_D_2 (Orissa),Sundargarh_DiyoDPP_D (Orissa) -> Rajgangpur_Central_D_2 (Orissa)
IND388320AAA,IND388220AAA,1,2.0,0.0,1.0,0.0,0.0,44.0,22.0,24.6267,0.0,0.0,1,0,0,Anand_Vaghasi_IP (Gujarat),Umreth_Dakor_DC (Gujarat),Anand_Vaghasi_IP (Gujarat) -> Umreth_Dakor_DC (Gujarat)
IND387620AAB,IND389230AAB,1,2.1846153846153844,0.0,1.0,0.0,0.0,142.0,65.0,70.7195,0.0,0.0,1,0,0,Kapadvanj_Busstand_D (Gujarat),Lunawada_VrdhriRD_D (Gujarat),Kapadvanj_Busstand_D (Gujarat) -> Lunawada_VrdhriRD_D (Gujarat)
IND385340AAB,IND384205AAA,4,1.481045751633987,0.0,0.75,0.0,0.0,129.5,89.0,107.7119,1.0,0.0,1,0,0,Radhanpur_Santalpr_D (Gujarat),Mehsana_Panchot_IP (Gujarat),Radhanpur_Santalpr_D (Gujarat) -> Mehsana_Panchot_IP (Gujarat)
IND385320AAA,IND385340AAB,16,0.8293010752688172,0.0,0.0,0.0,0.0,28.0,33.5,27.35685,1.0,0.0,0,0,0,Bhabhar_TirupDPP_D (Gujarat),Radhanpur_Santalpr_D (Gujarat),Bhabhar_TirupDPP_D (Gujarat) -> Radhanpur_Santalpr_D (Gujarat)
IND263645AAA,IND262501AAA,1,2.1,0.0,1.0,0.0,0.0,336.0,160.0,153.5916,1.0,0.0,1,0,0,Ranikhet_Subhash_D (Uttarakhand),Pithorgarh_Kumud_D (Uttarakhand),Ranikhet_Subhash_D (Uttarakhand) -> Pithorgarh_Kumud_D (Uttarakhand)
IND781018AAA,IND781018AAB,2,1.0629084967320261,0.0,0.5,0.0,0.0,37.0,35.0,34.0619,0.0,0.0,0,0,0,Guwahati_East (Assam),Guwahati_Hub (Assam),Guwahati_East (Assam) -> Guwahati_Hub (Assam)
IND384355AAB,IND385001AAA,12,1.5,0.0,1.0,0.0,0.0,95.5,65.0,70.45474999999999,1.0,0.0,1,0,0,Vadnagar_BsstdDPP_D (Gujarat),Palanpur_DC (Gujarat),Vadnagar_BsstdDPP_D (Gujarat) -> Palanpur_DC (Gujarat)
IND263601AAA,IND263645AAA,1,2.019230769230769,0.0,1.0,0.0,0.0,105.0,52.0,51.088,1.0,0.0,1,0,0,Almora_SuzkiSrv_D (Uttarakhand),Ranikhet_Subhash_D (Uttarakhand),Almora_SuzkiSrv_D (Uttarakhand) -> Ranikhet_Subhash_D (Uttarakhand)
IND384355AAB,IND384205AAA,1,2.2903225806451615,0.0,1.0,0.0,0.0,71.0,31.0,33.387800000000006,1.0,0.0,1,0,0,Vadnagar_BsstdDPP_D (Gujarat),Mehsana_Panchot_IP (Gujarat),Vadnagar_BsstdDPP_D (Gujarat) -> Mehsana_Panchot_IP (Gujarat)
IND781018AAB,IND781102AAA,1,1.3076923076923077,0.0,1.0,0.0,0.0,51.0,39.0,42.9364,0.0,0.0,1,0,0,Guwahati_Hub (Assam),Hajo_Sardala_D (Assam),Guwahati_Hub (Assam) -> Hajo_Sardala_D (Assam)
IND263601AAA,IND263153AAB,1,2.0,0.0,1.0,0.0,0.0,328.0,164.0,118.0853,1.0,0.0,1,0,0,Almora_SuzkiSrv_D (Uttarakhand),Rudrapur_UdhamNgr_H (Uttarakhand),Almora_SuzkiSrv_D (Uttarakhand) -> Rudrapur_UdhamNgr_H (Uttarakhand)
IND781018AAB,IND784001AAA,4,2.162991346053592,0.0,1.0,0.0,0.0,299.5,138.5,177.5864,1.0,0.0,1,0,0,Guwahati_Hub (Assam),Tezpur_Mhbhirab_D (Assam),Guwahati_Hub (Assam) -> Tezpur_Mhbhirab_D (Assam)
IND781018AAB,IND784125AAA,4,1.7153846153846155,0.0,1.0,0.0,0.0,111.5,65.0,80.40955,1.0,0.0,1,0,0,Guwahati_Hub (Assam),Mangaldoi_LNBRoad_D (Assam),Guwahati_Hub (Assam) -> Mangaldoi_LNBRoad_D (Assam)
IND781018AAB,IND784168AAB,1,2.28125,0.0,1.0,0.0,0.0,511.0,224.0,299.235,1.0,0.0,1,0,0,Guwahati_Hub (Assam),Gohpur_Central_D_1 (Assam),Guwahati_Hub (Assam) -> Gohpur_Central_D_1 (Assam)
IND384265AAB,IND385320AAA,11,1.2933333333333332,0.0,0.8181818181818182,0.0,0.0,98.0,75.0,81.5054,1.0,0.0,1,0,0,Patan_Central_D_2 (Gujarat),Bhabhar_TirupDPP_D (Gujarat),Patan_Central_D_2 (Gujarat) -> Bhabhar_TirupDPP_D (Gujarat)
IND781018AAB,IND785621AAA,1,1.9437229437229437,0.0,1.0,0.0,0.0,449.0,231.0,312.81690000000003,1.0,0.0,1,0,0,Guwahati_Hub (Assam),Golaghat_BaruaRd_D (Assam),Guwahati_Hub (Assam) -> Golaghat_BaruaRd_D (Assam)
IND781018AAB,IND793001AAA,10,2.0251020408163267,0.0,1.0,0.0,0.0,201.0,99.5,126.4936,1.0,0.0,1,0,0,Guwahati_Hub (Assam),Shillong (Meghalaya),Guwahati_Hub (Assam) -> Shillong (Meghalaya)
IND781335AAA,IND000000AET,4,1.8025490196078433,0.0,1.0,0.0,0.0,91.0,51.0,69.3818,1.0,0.0,1,0,0,Nalbari_Bhgtpura_D (Assam),Barpeta_ShivBari_D (Assam),Nalbari_Bhgtpura_D (Assam) -> Barpeta_ShivBari_D (Assam)
IND384205AAA,IND383001AAA,11,1.4745762711864407,0.0,1.0,0.0,0.0,87.0,59.0,81.1749,1.0,0.0,1,0,0,Mehsana_Panchot_IP (Gujarat),Himmatnagar_DC (Gujarat),Mehsana_Panchot_IP (Gujarat) -> Himmatnagar_DC (Gujarat)
IND783129AAA,IND794101AAA,1,2.0194174757281553,0.0,1.0,0.0,0.0,208.0,103.0,127.8196,1.0,0.0,1,0,0,Lakhipur_WrdN4DPP_D (Assam),Tura_Sracmplx_D (Meghalaya),Lakhipur_WrdN4DPP_D (Assam) -> Tura_Sracmplx_D (Meghalaya)
IND384205AAA,IND382430AAB,1,1.869047619047619,0.0,1.0,0.0,0.0,157.0,84.0,92.5036,1.0,0.0,1,0,0,Mehsana_Panchot_IP (Gujarat),Ahmedabad_East_H_1 (Gujarat),Mehsana_Panchot_IP (Gujarat) -> Ahmedabad_East_H_1 (Gujarat)
IND383315AAC,IND384205AAA,1,1.3608247422680413,0.0,1.0,0.0,0.0,132.0,97.0,127.6222,1.0,0.0,1,0,0,Modasa_Central_D_1 (Gujarat),Mehsana_Panchot_IP (Gujarat),Modasa_Central_D_1 (Gujarat) -> Mehsana_Panchot_IP (Gujarat)
IND783370AAB,IND783301AAA,2,2.127659574468085,0.0,1.0,0.0,0.0,100.0,47.0,66.3479,1.0,0.0,1,0,0,Kokrajhar_HplrdDPP_D (Assam),Dhubri_Tetultol_D (Assam),Kokrajhar_HplrdDPP_D (Assam) -> Dhubri_Tetultol_D (Assam)
IND383315AAC,IND383255AAB,12,1.1944834034595606,0.0,0.5,0.0,0.0,109.0,92.0,92.0065,1.0,0.0,0,0,0,Modasa_Central_D_1 (Gujarat),Khedbrahma_Patelfli_D (Gujarat),Modasa_Central_D_1 (Gujarat) -> Khedbrahma_Patelfli_D (Gujarat)
IND383001AAA,IND383315AAC,13,1.2195121951219512,0.0,0.5384615384615384,0.0,0.0,50.0,41.0,47.5114,1.0,0.0,1,0,0,Himmatnagar_DC (Gujarat),Modasa_Central_D_1 (Gujarat),Himmatnagar_DC (Gujarat) -> Modasa_Central_D_1 (Gujarat)
IND784001AAA,IND784168AAB,1,2.053763440860215,0.0,1.0,0.0,0.0,191.0,93.0,131.0965,1.0,0.0,1,0,0,Tezpur_Mhbhirab_D (Assam),Gohpur_Central_D_1 (Assam),Tezpur_Mhbhirab_D (Assam) -> Gohpur_Central_D_1 (Assam)
IND209721AAB,IND209625AAA,10,1.3394886363636362,0.0,0.8,0.0,0.0,43.5,32.0,28.744349999999997,1.0,0.0,1,0,0,Chhibramau_Bhainpura_D (Uttar Pradesh),Farrukhbad_Pnchlght_D (Uttar Pradesh),Chhibramau_Bhainpura_D (Uttar Pradesh) -> Farrukhbad_Pnchlght_D (Uttar Pradesh)
IND382430AAB,IND387620AAB,1,2.0377358490566038,0.0,1.0,0.0,0.0,108.0,53.0,70.0601,0.0,0.0,1,0,0,Ahmedabad_East_H_1 (Gujarat),Kapadvanj_Busstand_D (Gujarat),Ahmedabad_East_H_1 (Gujarat) -> Kapadvanj_Busstand_D (Gujarat)
IND784101AAA,IND790114AAA,1,1.28125,0.0,1.0,0.0,0.0,41.0,32.0,35.4602,0.0,0.0,1,0,0,Balipara_EragnDPP_D (Assam),Bhalukpong_Khenewa_D (Arunachal Pradesh),Balipara_EragnDPP_D (Assam) -> Bhalukpong_Khenewa_D (Arunachal Pradesh)
IND382430AAB,IND364004AAB,11,1.633587786259542,0.0,1.0,0.0,0.0,214.0,131.0,157.4853,1.0,0.0,1,0,0,Ahmedabad_East_H_1 (Gujarat),Bhavnagar_ChtrGIDC_IP (Gujarat),Ahmedabad_East_H_1 (Gujarat) -> Bhavnagar_ChtrGIDC_IP (Gujarat)
IND562132AAA,IND570020AAA,9,1.4852941176470589,0.0,1.0,0.0,0.0,204.0,137.0,166.6831,1.0,0.0,1,0,0,Bangalore_Nelmngla_H (Karnataka),Mysore_Yadvgiri_IP (Karnataka),Bangalore_Nelmngla_H (Karnataka) -> Mysore_Yadvgiri_IP (Karnataka)
IND370201AAA,IND363310AAB,1,1.6900584795321638,0.0,1.0,0.0,0.0,289.0,171.0,167.2466,1.0,0.0,1,0,0,Gandhidham_Sector1A_IP (Gujarat),Dhrangadhra_NvygRDPP_D (Gujarat),Gandhidham_Sector1A_IP (Gujarat) -> Dhrangadhra_NvygRDPP_D (Gujarat)
IND370110AAA,IND370615AAB,1,2.095890410958904,0.0,1.0,0.0,0.0,153.0,73.0,88.04469999999999,1.0,0.0,1,0,0,Anjar_DC (Gujarat),Nakhatrana_ClgRDDPP_D (Gujarat),Anjar_DC (Gujarat) -> Nakhatrana_ClgRDDPP_D (Gujarat)
IND370001AAA,IND370615AAB,8,1.7727272727272727,0.0,1.0,0.0,0.0,80.0,44.0,47.771699999999996,1.0,0.0,1,0,0,Bhuj_DC (Gujarat),Nakhatrana_ClgRDDPP_D (Gujarat),Bhuj_DC (Gujarat) -> Nakhatrana_ClgRDDPP_D (Gujarat)
IND203135AAA,IND203390AAA,4,1.5401509951956074,0.0,1.0,0.0,0.0,144.0,92.5,84.21385000000001,1.0,0.0,1,0,0,Jewar_SJRoad_D (Uttar Pradesh),Anupshahar_DcntCLY_D (Uttar Pradesh),Jewar_SJRoad_D (Uttar Pradesh) -> Anupshahar_DcntCLY_D (Uttar Pradesh)
IND562132AAA,IND572101AAA,3,1.1929824561403508,0.0,0.3333333333333333,0.0,0.0,68.0,57.0,59.9982,0.0,0.0,0,0,0,Bangalore_Nelmngla_H (Karnataka),Tumkur_Veersagr_I (Karnataka),Bangalore_Nelmngla_H (Karnataka) -> Tumkur_Veersagr_I (Karnataka)
IND562132AAA,IND577002AAA,1,1.5789473684210527,0.0,1.0,0.0,0.0,300.0,190.0,248.9406,1.0,0.0,1,0,0,Bangalore_Nelmngla_H (Karnataka),Davangere_Central_I_1 (Karnataka),Bangalore_Nelmngla_H (Karnataka) -> Davangere_Central_I_1 (Karnataka)
IND202001AAB,IND110037AAM,1,2.0846153846153848,0.0,1.0,0.0,0.0,271.0,130.0,147.5217,1.0,0.0,1,0,0,Aligarh_KhirByps_I (Uttar Pradesh),Delhi_Airport_H (Delhi),Aligarh_KhirByps_I (Uttar Pradesh) -> Delhi_Airport_H (Delhi)
IND201301AAL,IND201307AAA,5,1.263157894736842,0.0,0.8,0.0,0.0,26.0,21.0,19.5069,0.0,0.0,1,0,0,Dadri_ICDCant_D (Uttar Pradesh),Noida_Chukhndi_D (Uttar Pradesh),Dadri_ICDCant_D (Uttar Pradesh) -> Noida_Chukhndi_D (Uttar Pradesh)
IND562132AAA,IND577501AAA,1,1.6887417218543046,0.0,1.0,0.0,0.0,255.0,151.0,191.4271,1.0,0.0,1,0,0,Bangalore_Nelmngla_H (Karnataka),Chitradurga_DC (Karnataka),Bangalore_Nelmngla_H (Karnataka) -> Chitradurga_DC (Karnataka)
IND364290AAA,IND365560AAB,1,2.1724137931034484,0.0,1.0,0.0,0.0,63.0,29.0,39.544,1.0,0.0,1,0,0,Bhavnagar_Mahuva_DC (Gujarat),Amreli_Rajula_DC (Gujarat),Bhavnagar_Mahuva_DC (Gujarat) -> Amreli_Rajula_DC (Gujarat)
IND364270AAA,IND364001AAA,2,1.8967105263157895,0.0,1.0,0.0,0.0,74.0,39.0,48.5137,1.0,0.0,1,0,0,Palitana_STRdDPP_D (Gujarat),Bhavnagar_Dc (Gujarat),Palitana_STRdDPP_D (Gujarat) -> Bhavnagar_Dc (Gujarat)
IND242307AAB,IND242221AAA,5,1.4634146341463414,0.0,1.0,0.0,0.0,60.0,41.0,50.1024,1.0,0.0,1,0,0,Tilhar_SingCLNY_D (Uttar Pradesh),Jalalabad_farukngr_D (Uttar Pradesh),Tilhar_SingCLNY_D (Uttar Pradesh) -> Jalalabad_farukngr_D (Uttar Pradesh)
IND363641AAA,IND363621AAB,6,1.478163992869875,0.0,0.8333333333333334,0.0,0.0,49.5,33.0,33.9684,0.0,0.0,1,0,0,Morbi_DC (Gujarat),Wankaner_JivanDPP_D (Gujarat),Morbi_DC (Gujarat) -> Wankaner_JivanDPP_D (Gujarat)
IND243001AAA,IND244901AAB,2,2.022222222222222,0.0,1.0,0.0,0.0,91.0,45.0,60.4207,1.0,0.0,1,0,0,Bareilly_Central_D_2 (Uttar Pradesh),Rampur_RoshnBgh_I (Uttar Pradesh),Bareilly_Central_D_2 (Uttar Pradesh) -> Rampur_RoshnBgh_I (Uttar Pradesh)
IND243002AAA,IND243503AAB,1,2.185185185185185,0.0,1.0,0.0,0.0,59.0,27.0,26.236,1.0,0.0,1,0,0,Bareilly (Uttar Pradesh),Faridpur_ShjnprRD_D (Uttar Pradesh),Bareilly (Uttar Pradesh) -> Faridpur_ShjnprRD_D (Uttar Pradesh)
IND562132AAA,IND580028AAA,3,1.7256944444444444,0.0,1.0,0.0,0.0,497.0,288.0,388.566,1.0,0.0,1,0,0,Bangalore_Nelmngla_H (Karnataka),Hubli_Adargchi_IP (Karnataka),Bangalore_Nelmngla_H (Karnataka) -> Hubli_Adargchi_IP (Karnataka)
IND243301AAB,IND244901AAC,2,1.2823529411764705,0.0,0.5,0.0,0.0,109.0,85.0,69.31265,1.0,0.0,1,0,0,Aonla_KdidmCLY_D (Uttar Pradesh),Rampur_ThanaDPP_D (Uttar Pradesh),Aonla_KdidmCLY_D (Uttar Pradesh) -> Rampur_ThanaDPP_D (Uttar Pradesh)
IND363641AAA,IND360002AAB,1,1.8208955223880596,0.0,1.0,0.0,0.0,122.0,67.0,72.2687,0.0,0.0,1,0,0,Morbi_DC (Gujarat),Rajkot_PedakRd_P (Gujarat),Morbi_DC (Gujarat) -> Rajkot_PedakRd_P (Gujarat)
IND363621AAB,IND360002AAB,2,1.7352941176470589,0.0,1.0,0.0,0.0,59.0,34.0,39.1379,0.0,0.0,1,0,0,Wankaner_JivanDPP_D (Gujarat),Rajkot_PedakRd_P (Gujarat),Wankaner_JivanDPP_D (Gujarat) -> Rajkot_PedakRd_P (Gujarat)
IND363520AAC,IND363001AAA,13,1.183673469387755,0.0,0.3076923076923077,0.0,0.0,58.0,49.0,58.0516,1.0,0.0,0,0,0,Chotila_Central_D_2 (Gujarat),Surendranagar_DC (Gujarat),Chotila_Central_D_2 (Gujarat) -> Surendranagar_DC (Gujarat)
IND363310AAB,IND382430AAB,9,1.4097222222222223,0.0,1.0,0.0,0.0,203.0,143.0,128.014,1.0,0.0,1,0,0,Dhrangadhra_NvygRDPP_D (Gujarat),Ahmedabad_East_H_1 (Gujarat),Dhrangadhra_NvygRDPP_D (Gujarat) -> Ahmedabad_East_H_1 (Gujarat)
IND362560AAA,IND362150AAA,11,1.7704918032786885,0.0,1.0,0.0,0.0,108.0,61.0,66.84360000000001,0.0,0.0,1,0,0,Una_Mamlatdr_DC (Gujarat),Talala_SsnRdDPP_D (Gujarat),Una_Mamlatdr_DC (Gujarat) -> Talala_SsnRdDPP_D (Gujarat)
IND362225AAA,IND362265AAA,6,1.7824074074074074,0.0,1.0,0.0,0.0,49.0,27.0,37.5465,0.0,0.0,1,0,0,Mangrol_JilRDDPP_D (Gujarat),Veraval_DC (Gujarat),Mangrol_JilRDDPP_D (Gujarat) -> Veraval_DC (Gujarat)
IND530012AAA,IND533106AAA,2,1.699248120300752,0.0,1.0,0.0,0.0,226.0,133.0,181.73559999999998,1.0,0.0,1,0,0,Visakhapatnam_Gajuwaka_IP (Andhra Pradesh),Rajamundry_AtoNgrRd_I (Andhra Pradesh),Visakhapatnam_Gajuwaka_IP (Andhra Pradesh) -> Rajamundry_AtoNgrRd_I (Andhra Pradesh)
IND362220AAA,IND362265AAA,2,1.578125,0.0,1.0,0.0,0.0,50.5,32.0,44.66295,0.0,0.0,1,0,0,Junagadh_keshod_DC (Gujarat),Veraval_DC (Gujarat),Junagadh_keshod_DC (Gujarat) -> Veraval_DC (Gujarat)
IND362220AAA,IND362225AAA,6,1.9415384615384617,0.0,1.0,0.0,0.0,48.5,25.0,28.35335,0.0,0.0,1,0,0,Junagadh_keshod_DC (Gujarat),Mangrol_JilRDDPP_D (Gujarat),Junagadh_keshod_DC (Gujarat) -> Mangrol_JilRDDPP_D (Gujarat)
IND362001AAA,IND362265AAA,2,1.9223057644110275,0.0,1.0,0.0,0.0,108.5,56.5,79.90045,0.0,0.0,1,0,0,Junagadh_DPC (Gujarat),Veraval_DC (Gujarat),Junagadh_DPC (Gujarat) -> Veraval_DC (Gujarat)
IND110035AAC,IND110037AAM,3,1.6666666666666667,0.0,1.0,0.0,0.0,30.0,19.0,20.9077,0.0,0.0,1,0,0,Delhi_North_R_8 (Delhi),Delhi_Airport_H (Delhi),Delhi_North_R_8 (Delhi) -> Delhi_Airport_H (Delhi)
IND361335AAA,IND360002AAB,1,1.3368983957219251,0.0,1.0,0.0,0.0,250.0,187.0,243.7123,1.0,0.0,1,0,0,Dwarka_StnRoad_DC (Gujarat),Rajkot_PedakRd_P (Gujarat),Dwarka_StnRoad_DC (Gujarat) -> Rajkot_PedakRd_P (Gujarat)
IND361315AAA,IND361335AAA,11,1.5555555555555556,0.0,1.0,0.0,0.0,43.0,28.0,40.5179,1.0,0.0,1,0,0,Bhatiya_Kalyanpr_D (Gujarat),Dwarka_StnRoad_DC (Gujarat),Bhatiya_Kalyanpr_D (Gujarat) -> Dwarka_StnRoad_DC (Gujarat)
IND361305AAC,IND361335AAA,1,1.5932203389830508,0.0,1.0,0.0,0.0,94.0,59.0,83.76989999999999,1.0,0.0,1,0,0,Khambhalia_JdswarRD_D (Gujarat),Dwarka_StnRoad_DC (Gujarat),Khambhalia_JdswarRD_D (Gujarat) -> Dwarka_StnRoad_DC (Gujarat)
IND785612AAB,IND781018AAB,1,2.144578313253012,0.0,1.0,0.0,0.0,356.0,166.0,235.463,1.0,0.0,1,0,0,Bokakhat_MlnprDPP_D (Assam),Guwahati_Hub (Assam),Bokakhat_MlnprDPP_D (Assam) -> Guwahati_Hub (Assam)
IND785612AAB,IND785621AAA,1,1.6944444444444444,0.0,1.0,0.0,0.0,61.0,36.0,48.7818,1.0,0.0,1,0,0,Bokakhat_MlnprDPP_D (Assam),Golaghat_BaruaRd_D (Assam),Bokakhat_MlnprDPP_D (Assam) -> Golaghat_BaruaRd_D (Assam)
IND785621AAA,IND785001AAA,3,1.5909090909090908,0.0,1.0,0.0,0.0,70.0,44.0,49.2488,1.0,0.0,1,0,0,Golaghat_BaruaRd_D (Assam),Jorhat_RicMilRd_D (Assam),Golaghat_BaruaRd_D (Assam) -> Jorhat_RicMilRd_D (Assam)
IND785675AAA,IND785612AAB,1,2.190082644628099,0.0,1.0,0.0,0.0,265.0,121.0,172.4213,1.0,0.0,1,0,0,Moranhat_TiloiDPP_D (Assam),Bokakhat_MlnprDPP_D (Assam),Moranhat_TiloiDPP_D (Assam) -> Bokakhat_MlnprDPP_D (Assam)
IND361305AAC,IND361315AAA,10,1.7029411764705882,0.0,1.0,0.0,0.0,52.5,31.0,43.5599,1.0,0.0,1,0,0,Khambhalia_JdswarRD_D (Gujarat),Bhatiya_Kalyanpr_D (Gujarat),Khambhalia_JdswarRD_D (Gujarat) -> Bhatiya_Kalyanpr_D (Gujarat)
IND562132AAA,IND600056AAB,14,1.9483471074380165,0.0,1.0,0.0,0.0,471.5,242.0,319.41499999999996,1.0,0.0,1,0,0,Bangalore_Nelmngla_H (Karnataka),MAA_Poonamallee_HB (Tamil Nadu),Bangalore_Nelmngla_H (Karnataka) -> MAA_Poonamallee_HB (Tamil Nadu)
IND360311AAA,IND360050AAA,1,1.3777777777777778,0.0,1.0,0.0,0.0,62.0,45.0,46.9022,0.0,0.0,1,0,0,Gondal_DC (Gujarat),Jasdan_MotiDPP_D (Gujarat),Gondal_DC (Gujarat) -> Jasdan_MotiDPP_D (Gujarat)
IND786001AAB,IND786125AAA,1,2.2758620689655173,0.0,1.0,0.0,0.0,66.0,29.0,41.6915,0.0,0.0,1,0,0,Dibrugarh_Bokule_H (Assam),Tinusukia_Chrwpaty_D (Assam),Dibrugarh_Bokule_H (Assam) -> Tinusukia_Chrwpaty_D (Assam)
IND786001AAB,IND786190AAA,1,1.8837209302325582,0.0,1.0,0.0,0.0,81.0,43.0,62.2556,0.0,0.0,1,0,0,Dibrugarh_Bokule_H (Assam),DoomDooma_Pthrgoan_D (Assam),Dibrugarh_Bokule_H (Assam) -> DoomDooma_Pthrgoan_D (Assam)
IND360003AAA,IND360311AAA,2,2.102307692307692,0.0,1.0,0.0,0.0,53.5,25.5,37.8864,0.0,0.0,1,0,0,Rajkot_Kothriya_DC (Gujarat),Gondal_DC (Gujarat),Rajkot_Kothriya_DC (Gujarat) -> Gondal_DC (Gujarat)
IND786001AAB,IND792103AAB,1,2.259259259259259,0.0,1.0,0.0,0.0,183.0,81.0,112.6654,0.0,0.0,1,0,0,Dibrugarh_Bokule_H (Assam),Namsai_HelipadRD_D (Arunachal Pradesh),Dibrugarh_Bokule_H (Assam) -> Namsai_HelipadRD_D (Arunachal Pradesh)
IND345021AAA,IND342301AAA,10,1.4492424242424242,0.0,0.8,0.0,0.0,64.5,45.0,62.6703,1.0,0.0,1,0,0,Pokhran_SttinDPP_D (Rajasthan),Phalodi_PalikDPP_D (Rajasthan),Pokhran_SttinDPP_D (Rajasthan) -> Phalodi_PalikDPP_D (Rajasthan)
IND345001AAA,IND345021AAA,4,1.3376623376623376,0.0,1.0,0.0,0.0,103.0,77.0,109.54884999999999,1.0,0.0,1,0,0,Jaisalmer_Gopa3PL_D (Rajasthan),Pokhran_SttinDPP_D (Rajasthan),Jaisalmer_Gopa3PL_D (Rajasthan) -> Pokhran_SttinDPP_D (Rajasthan)
IND345001AAA,IND342301AAA,1,1.75,0.0,1.0,0.0,0.0,210.0,120.0,168.0361,1.0,0.0,1,0,0,Jaisalmer_Gopa3PL_D (Rajasthan),Phalodi_PalikDPP_D (Rajasthan),Jaisalmer_Gopa3PL_D (Rajasthan) -> Phalodi_PalikDPP_D (Rajasthan)
IND786184AAA,IND786190AAA,2,1.9464285714285714,0.0,1.0,0.0,0.0,52.5,27.0,38.96300000000001,0.0,0.0,1,0,0,Chabua_CollgeRD_D (Assam),DoomDooma_Pthrgoan_D (Assam),Chabua_CollgeRD_D (Assam) -> DoomDooma_Pthrgoan_D (Assam)
IND530012AAA,IND531001AAA,5,2.0,0.0,1.0,0.0,0.0,42.0,21.0,23.4458,0.0,0.0,1,0,0,Visakhapatnam_Gajuwaka_IP (Andhra Pradesh),Anakapalle_Kothuru_D (Andhra Pradesh),Visakhapatnam_Gajuwaka_IP (Andhra Pradesh) -> Anakapalle_Kothuru_D (Andhra Pradesh)
IND530012AAA,IND501359AAE,10,2.018396101488426,0.0,1.0,0.0,0.0,877.0,433.0,602.57915,1.0,0.0,1,0,0,Visakhapatnam_Gajuwaka_IP (Andhra Pradesh),Hyderabad_Shamshbd_H (Telangana),Visakhapatnam_Gajuwaka_IP (Andhra Pradesh) -> Hyderabad_Shamshbd_H (Telangana)
IND344022AAB,IND344001AAA,9,1.4492753623188406,0.0,0.7777777777777778,0.0,0.0,99.0,68.0,96.2314,1.0,0.0,1,0,0,Balotra_BsnoiHPL_D (Rajasthan),Barmer_Nehru3PL_D (Rajasthan),Balotra_BsnoiHPL_D (Rajasthan) -> Barmer_Nehru3PL_D (Rajasthan)
IND344001AAA,IND345021AAA,3,1.75,0.0,1.0,0.0,0.0,266.0,151.0,173.17370000000005,1.0,0.0,1,0,0,Barmer_Nehru3PL_D (Rajasthan),Pokhran_SttinDPP_D (Rajasthan),Barmer_Nehru3PL_D (Rajasthan) -> Pokhran_SttinDPP_D (Rajasthan)
IND344001AAA,IND345001AAA,6,0.7725949468511297,0.0,0.0,0.0,0.0,149.5,194.5,155.6477,1.0,0.0,0,0,0,Barmer_Nehru3PL_D (Rajasthan),Jaisalmer_Gopa3PL_D (Rajasthan),Barmer_Nehru3PL_D (Rajasthan) -> Jaisalmer_Gopa3PL_D (Rajasthan)
IND344001AAA,IND342301AAA,4,1.719387755102041,0.0,1.0,0.0,0.0,337.0,196.0,235.75594999999998,1.0,0.0,1,0,0,Barmer_Nehru3PL_D (Rajasthan),Phalodi_PalikDPP_D (Rajasthan),Barmer_Nehru3PL_D (Rajasthan) -> Phalodi_PalikDPP_D (Rajasthan)
IND343029AAB,IND307001AAA,2,1.4,0.0,1.0,0.0,0.0,98.0,70.0,77.09475,1.0,0.0,1,0,0,Bhinmal_RwStnDPP_D (Rajasthan),Sirohi_Ricco_D (Rajasthan),Bhinmal_RwStnDPP_D (Rajasthan) -> Sirohi_Ricco_D (Rajasthan)
IND343001AAA,IND343029AAB,2,1.3153846153846154,0.0,0.5,0.0,0.0,85.5,65.0,70.80345,1.0,0.0,1,0,0,Jalore_RoopNgr_D (Rajasthan),Bhinmal_RwStnDPP_D (Rajasthan),Jalore_RoopNgr_D (Rajasthan) -> Bhinmal_RwStnDPP_D (Rajasthan)
IND342602AAC,IND311302AAA,3,2.026315789473684,0.0,1.0,0.0,0.0,154.0,76.0,107.4594,1.0,0.0,1,0,0,Bilara_Central_DPP_2 (Rajasthan),Badnaur_BhmrdDPP_D (Rajasthan),Bilara_Central_DPP_2 (Rajasthan) -> Badnaur_BhmrdDPP_D (Rajasthan)
IND342602AAC,IND306304AAB,1,2.1627906976744184,0.0,1.0,0.0,0.0,93.0,43.0,59.707800000000006,1.0,0.0,1,0,0,Bilara_Central_DPP_2 (Rajasthan),Raipur_BypRDDPP_D (Rajasthan),Bilara_Central_DPP_2 (Rajasthan) -> Raipur_BypRDDPP_D (Rajasthan)
IND562132AAC,IND000000ACB,1,1.774869109947644,0.0,1.0,0.0,0.0,2712.0,1528.0,2073.0558,1.0,0.0,1,0,0,Bengaluru_Nelmngla_L (Karnataka),Gurgaon_Bilaspur_HB (Haryana),Bengaluru_Nelmngla_L (Karnataka) -> Gurgaon_Bilaspur_HB (Haryana)
IND342601AAA,IND342902AAA,3,1.9142857142857144,0.0,1.0,0.0,0.0,68.0,41.0,39.0015,1.0,0.0,1,0,0,Piparcity_BsstdDPP_D (Rajasthan),Gotan_DKLogDPP_D (Rajasthan),Piparcity_BsstdDPP_D (Rajasthan) -> Gotan_DKLogDPP_D (Rajasthan)
IND342005AAD,IND344022AAB,4,1.7733333333333334,0.0,1.0,0.0,0.0,133.0,75.0,103.79714999999999,1.0,0.0,1,0,0,Jodhpur_Basni_I (Rajasthan),Balotra_BsnoiHPL_D (Rajasthan),Jodhpur_Basni_I (Rajasthan) -> Balotra_BsnoiHPL_D (Rajasthan)
IND342005AAD,IND342902A1B,1,1.6808510638297873,0.0,1.0,0.0,0.0,158.0,94.0,103.1401,1.0,0.0,1,0,0,Jodhpur_Basni_I (Rajasthan),IND342902A1B,Jodhpur_Basni_I (Rajasthan) -> IND342902A1B
IND524132AAA,IND524101AAB,14,1.6714285714285715,0.0,1.0,0.0,0.0,58.5,36.0,39.838449999999995,1.0,0.0,1,0,0,Venktagiri_TirupthiRd_D (Andhra Pradesh),Gudur_Bngisheb_D (Andhra Pradesh),Venktagiri_TirupthiRd_D (Andhra Pradesh) -> Gudur_Bngisheb_D (Andhra Pradesh)
IND341505AAA,IND341510AAB,1,2.087378640776699,0.0,1.0,0.0,0.0,215.0,103.0,128.96460000000002,1.0,0.0,1,0,0,Makrana_Mwalibad_D (Rajasthan),Merta_Central_DPP_1 (Rajasthan),Makrana_Mwalibad_D (Rajasthan) -> Merta_Central_DPP_1 (Rajasthan)
IND563101AAB,IND563125AAB,1,1.5,0.0,1.0,0.0,0.0,54.0,36.0,36.7522,0.0,0.0,1,0,0,Kolar_Ambedkar_D (Karnataka),Chintamani_Central_D_2 (Karnataka),Kolar_Ambedkar_D (Karnataka) -> Chintamani_Central_D_2 (Karnataka)
IND341030AAA,IND341303AAA,3,1.4666666666666666,0.0,1.0,0.0,0.0,66.0,45.0,55.5569,1.0,0.0,1,0,0,Tarnau_BsstdDPP_D (Rajasthan),Didwana_KatlaDPP_D (Rajasthan),Tarnau_BsstdDPP_D (Rajasthan) -> Didwana_KatlaDPP_D (Rajasthan)
IND524003AAA,IND501359AAE,14,1.6933701657458564,0.0,1.0,0.0,0.0,611.5,361.5,495.9099,1.0,0.0,1,0,0,Nellore_DC (Andhra Pradesh),Hyderabad_Shamshbd_H (Telangana),Nellore_DC (Andhra Pradesh) -> Hyderabad_Shamshbd_H (Telangana)
IND335804AAD,IND335703AAA,9,1.0789473684210527,0.0,0.3333333333333333,0.0,0.0,41.0,38.0,41.1907,0.0,0.0,0,0,0,Suratgarh_Central_DPP_2 (Rajasthan),Srivijaynagar_BhwanDPP_D (Rajasthan),Suratgarh_Central_DPP_2 (Rajasthan) -> Srivijaynagar_BhwanDPP_D (Rajasthan)
IND335804AAD,IND335701AAA,2,1.1851398244539701,0.0,0.5,0.0,0.0,83.0,70.0,76.45384999999999,0.0,0.0,0,0,0,Suratgarh_Central_DPP_2 (Rajasthan),Anupgarh_PrmNrDPP_D (Rajasthan),Suratgarh_Central_DPP_2 (Rajasthan) -> Anupgarh_PrmNrDPP_D (Rajasthan)
IND335803AAA,IND335804AAD,7,1.1428571428571428,0.0,0.42857142857142855,0.0,0.0,25.0,22.0,24.072,0.0,0.0,0,0,0,Pilibanga_BsstdDPP_D (Rajasthan),Suratgarh_Central_DPP_2 (Rajasthan),Pilibanga_BsstdDPP_D (Rajasthan) -> Suratgarh_Central_DPP_2 (Rajasthan)
IND000000AET,IND000000AAS,8,2.4646938775510203,0.0,1.0,0.0,0.0,119.0,48.5,68.7217,1.0,0.0,1,0,0,Barpeta_ShivBari_D (Assam),Bongaigaon_Chpaguri_D (Assam),Barpeta_ShivBari_D (Assam) -> Bongaigaon_Chpaguri_D (Assam)
IND335701AAA,IND335051AAA,7,1.0638297872340425,0.0,0.2857142857142857,0.0,0.0,50.0,47.0,50.941300000000005,0.0,0.0,0,0,0,Anupgarh_PrmNrDPP_D (Rajasthan),RaisingNgr_BisnolDPP_D (Rajasthan),Anupgarh_PrmNrDPP_D (Rajasthan) -> RaisingNgr_BisnolDPP_D (Rajasthan)
IND000000AFG,IND673027AAB,1,1.826086956521739,0.0,1.0,0.0,0.0,84.0,46.0,41.4264,1.0,0.0,1,0,0,Tirur_PmthuKlm_D (Kerala),Kozhikode_Feroke_H (Kerala),Tirur_PmthuKlm_D (Kerala) -> Kozhikode_Feroke_H (Kerala)
IND335524AAA,IND335523AAB,1,1.148936170212766,0.0,0.0,0.0,0.0,54.0,47.0,41.4874,1.0,0.0,0,0,0,Rawatsar_ShivmDPP_D (Rajasthan),Nohar_Central_DPP_2 (Rajasthan),Rawatsar_ShivmDPP_D (Rajasthan) -> Nohar_Central_DPP_2 (Rajasthan)
IND000000AFJ,IND695121AAA,20,1.08,0.0,0.15,0.0,0.0,28.5,26.0,18.366799999999998,0.0,0.0,0,0,0,Trivandrum_Pettah_D (Kerala),Neyatinkra_Arlumodu_D (Kerala),Trivandrum_Pettah_D (Kerala) -> Neyatinkra_Arlumodu_D (Kerala)
IND000000AFJ,IND695572AAB,1,2.2222222222222223,0.0,1.0,0.0,0.0,60.0,27.0,22.1852,0.0,0.0,1,0,0,Trivandrum_Pettah_D (Kerala),Kallikkad_Mutyvila_D (Kerala),Trivandrum_Pettah_D (Kerala) -> Kallikkad_Mutyvila_D (Kerala)
IND335513AAA,IND335804AAD,1,1.5,0.0,1.0,0.0,0.0,81.0,54.0,56.9831,0.0,0.0,1,0,0,Hanumangarh_DC (Rajasthan),Suratgarh_Central_DPP_2 (Rajasthan),Hanumangarh_DC (Rajasthan) -> Suratgarh_Central_DPP_2 (Rajasthan)
IND000000AFT,IND400072AAB,10,1.973684210526316,0.0,1.0,0.0,0.0,37.5,19.0,21.138600000000004,0.0,0.0,1,0,0,Mumbai_Sanpada_I (Maharashtra),Mumbai Hub (Maharashtra),Mumbai_Sanpada_I (Maharashtra) -> Mumbai Hub (Maharashtra)
IND792001AAA,IND792110AAA,2,1.5697674418604652,0.0,1.0,0.0,0.0,67.5,43.0,61.847449999999995,0.0,0.0,1,0,0,Tezu_Farmnala_D (Arunachal Pradesh),Roing_DibngVly_D (Arunachal Pradesh),Tezu_Farmnala_D (Arunachal Pradesh) -> Roing_DibngVly_D (Arunachal Pradesh)
IND792103AAB,IND792001AAA,11,0.6808510638297872,0.0,0.0,0.0,0.0,64.0,94.0,130.8647,0.0,0.0,0,0,0,Namsai_HelipadRD_D (Arunachal Pradesh),Tezu_Farmnala_D (Arunachal Pradesh),Namsai_HelipadRD_D (Arunachal Pradesh) -> Tezu_Farmnala_D (Arunachal Pradesh)
IND142026AAA,IND141109AAA,18,1.436904761904762,0.0,1.0,0.0,0.0,51.0,35.0,23.547849999999997,1.0,0.0,1,0,0,Jagraon_DC (Punjab),Raikot_DC (Punjab),Jagraon_DC (Punjab) -> Raikot_DC (Punjab)
IND335501AAA,IND331701AAA,1,1.7142857142857142,0.0,1.0,0.0,0.0,36.0,21.0,23.5577,1.0,0.0,1,0,0,Bhadra_GMndiDPP_D (Rajasthan),Sidhmukh_MnbzrDPP_D (Rajasthan),Bhadra_GMndiDPP_D (Rajasthan) -> Sidhmukh_MnbzrDPP_D (Rajasthan)
IND141010AAA,IND000000ACA,1,1.8181818181818181,0.0,1.0,0.0,0.0,20.0,11.0,15.531,0.0,0.0,1,0,0,Ludhiana_DC (Punjab),Ludhiana_MilrGanj_HB (Punjab),Ludhiana_DC (Punjab) -> Ludhiana_MilrGanj_HB (Punjab)
IND793150AAA,IND781018AAB,1,1.9562043795620438,0.0,1.0,0.0,0.0,268.0,137.0,182.8514,1.0,0.0,1,0,0,Jowai_Ldthlabh_D (Meghalaya),Guwahati_Hub (Assam),Jowai_Ldthlabh_D (Meghalaya) -> Guwahati_Hub (Assam)
IND141003AAB,IND142026AAA,21,1.6774193548387097,0.0,1.0,0.0,0.0,56.0,31.0,40.7157,1.0,0.0,1,0,0,Ludhiana_GillChwk_DC (Punjab),Jagraon_DC (Punjab),Ludhiana_GillChwk_DC (Punjab) -> Jagraon_DC (Punjab)
IND334001AAC,IND341001AAC,2,1.625,0.0,1.0,0.0,0.0,136.5,84.0,115.3777,1.0,0.0,1,0,0,Bikaner_ITICollg_L (Rajasthan),Nagaur_KisanCo_D (Rajasthan),Bikaner_ITICollg_L (Rajasthan) -> Nagaur_KisanCo_D (Rajasthan)
IND334001AAC,IND334803AAA,4,1.7111111111111112,0.0,1.0,0.0,0.0,78.0,45.0,60.71335,1.0,0.0,1,0,0,Bikaner_ITICollg_L (Rajasthan),Nokha_DeVDPP_D (Rajasthan),Bikaner_ITICollg_L (Rajasthan) -> Nokha_DeVDPP_D (Rajasthan)
IND334001AAB,IND334803AAA,2,1.8986105080330005,0.0,1.0,0.0,0.0,91.5,48.0,64.6074,1.0,0.0,1,0,0,Bikaner_DC (Rajasthan),Nokha_DeVDPP_D (Rajasthan),Bikaner_DC (Rajasthan) -> Nokha_DeVDPP_D (Rajasthan)
IND333504AAA,IND332713AAA,2,1.7542213883677298,0.0,1.0,0.0,0.0,70.0,40.0,44.45085,1.0,0.0,1,0,0,Khetri_NagarDPP_D (Rajasthan),NeemKaThana_War5DPP_D (Rajasthan),Khetri_NagarDPP_D (Rajasthan) -> NeemKaThana_War5DPP_D (Rajasthan)
IND141003AAB,IND141109AAA,1,1.0,0.0,0.0,0.0,0.0,47.0,47.0,47.3357,1.0,0.0,0,0,0,Ludhiana_GillChwk_DC (Punjab),Raikot_DC (Punjab),Ludhiana_GillChwk_DC (Punjab) -> Raikot_DC (Punjab)
IND333028AAA,IND333502AAA,1,1.148936170212766,0.0,0.0,0.0,0.0,54.0,47.0,40.769400000000005,1.0,0.0,0,0,0,Sultana_Central_DPP_1 (Rajasthan),Buhana_CourtDPP_D (Rajasthan),Sultana_Central_DPP_1 (Rajasthan) -> Buhana_CourtDPP_D (Rajasthan)
IND333001AAA,IND333028AAA,3,1.3783783783783783,0.0,0.6666666666666666,0.0,0.0,51.0,40.0,33.366800000000005,1.0,0.0,1,0,0,Jhunjhunu_DC (Rajasthan),Sultana_Central_DPP_1 (Rajasthan),Jhunjhunu_DC (Rajasthan) -> Sultana_Central_DPP_1 (Rajasthan)
IND332713AAA,IND332715AAB,1,2.061224489795918,0.0,1.0,0.0,0.0,101.0,49.0,50.2197,1.0,0.0,1,0,0,NeemKaThana_War5DPP_D (Rajasthan),Shrimadhopur_RLSTNDPP_D (Rajasthan),NeemKaThana_War5DPP_D (Rajasthan) -> Shrimadhopur_RLSTNDPP_D (Rajasthan)
IND571104AAA,IND573142AAA,1,1.625,0.0,1.0,0.0,0.0,52.0,32.0,33.8127,1.0,0.0,1,0,0,Koppa_BMRd_D (Karnataka),Ramanathapura_Central_D_2 (Karnataka),Koppa_BMRd_D (Karnataka) -> Ramanathapura_Central_D_2 (Karnataka)
IND332001AAB,IND334001AAC,3,1.588235294117647,0.0,1.0,0.0,0.0,243.0,154.0,213.6351,1.0,0.0,1,0,0,Sikar_FatehpRd_I (Rajasthan),Bikaner_ITICollg_L (Rajasthan),Sikar_FatehpRd_I (Rajasthan) -> Bikaner_ITICollg_L (Rajasthan)
IND523230AAA,IND523105AAA,19,1.3829787234042554,0.0,1.0,0.0,0.0,62.0,44.0,47.224,1.0,0.0,1,0,0,Kanigiri_Tiglgndi_D (Andhra Pradesh),Kandukur_LICOffce_D (Andhra Pradesh),Kanigiri_Tiglgndi_D (Andhra Pradesh) -> Kandukur_LICOffce_D (Andhra Pradesh)
IND332001AAB,IND333028AAA,2,1.4531046717918392,0.0,1.0,0.0,0.0,134.0,92.0,91.60605000000001,1.0,0.0,1,0,0,Sikar_FatehpRd_I (Rajasthan),Sultana_Central_DPP_1 (Rajasthan),Sikar_FatehpRd_I (Rajasthan) -> Sultana_Central_DPP_1 (Rajasthan)
IND332001AAB,IND333001AAA,3,1.271186440677966,0.0,0.6666666666666666,0.0,0.0,75.0,59.0,64.1646,1.0,0.0,1,0,0,Sikar_FatehpRd_I (Rajasthan),Jhunjhunu_DC (Rajasthan),Sikar_FatehpRd_I (Rajasthan) -> Jhunjhunu_DC (Rajasthan)
IND331023AAA,IND331304AAA,3,1.1612903225806452,0.0,0.3333333333333333,0.0,0.0,36.0,31.0,35.1418,1.0,0.0,0,0,0,Rajgarh_SadulDPP_D (Rajasthan),Taranagar_RajRdDPP_D (Rajasthan),Rajgarh_SadulDPP_D (Rajasthan) -> Taranagar_RajRdDPP_D (Rajasthan)
IND328001AAA,IND000000ACB,1,1.5404040404040404,0.0,1.0,0.0,0.0,305.0,198.0,257.5175,1.0,0.0,1,0,0,Dholpur_GtRoad_D (Rajasthan),Gurgaon_Bilaspur_HB (Haryana),Dholpur_GtRoad_D (Rajasthan) -> Gurgaon_Bilaspur_HB (Haryana)
IND811201AAB,IND811213AAA,2,2.134615384615385,0.0,1.0,0.0,0.0,55.5,26.0,34.20975,1.0,0.0,1,0,0,Munger_Kaura_D (Bihar),KharagpurBR_Central_DPP_1 (Bihar),Munger_Kaura_D (Bihar) -> KharagpurBR_Central_DPP_1 (Bihar)
IND327001AAB,IND312605AAB,4,1.4112903225806452,0.0,1.0,0.0,0.0,87.5,62.0,88.51335,1.0,0.0,1,0,0,Banswara_KhandDPP_D (Rajasthan),Pratapgarh_Nimachrd_D (Rajasthan),Banswara_KhandDPP_D (Rajasthan) -> Pratapgarh_Nimachrd_D (Rajasthan)
IND811213AAA,IND813213AAA,2,1.6139162561576355,0.0,1.0,0.0,0.0,46.0,28.5,39.1146,1.0,0.0,1,0,0,KharagpurBR_Central_DPP_1 (Bihar),Sultanganj_Wardno3_D (Bihar),KharagpurBR_Central_DPP_1 (Bihar) -> Sultanganj_Wardno3_D (Bihar)
IND811307AAA,IND811201AAB,1,2.0172413793103448,0.0,1.0,0.0,0.0,117.0,58.0,80.3155,1.0,0.0,1,0,0,Jamui_Mehsouri_D (Bihar),Munger_Kaura_D (Bihar),Jamui_Mehsouri_D (Bihar) -> Munger_Kaura_D (Bihar)
IND811307AAA,IND811213AAA,1,1.96875,0.0,1.0,0.0,0.0,63.0,32.0,45.7663,1.0,0.0,1,0,0,Jamui_Mehsouri_D (Bihar),KharagpurBR_Central_DPP_1 (Bihar),Jamui_Mehsouri_D (Bihar) -> KharagpurBR_Central_DPP_1 (Bihar)
IND811399AAA,IND209304AAA,10,1.6361138522861398,0.0,1.0,0.0,0.0,526.0,322.0,432.65895,1.0,0.0,1,0,0,Noida_Sector02_C (Uttar Pradesh),Kanpur_Central_H_6 (Uttar Pradesh),Noida_Sector02_C (Uttar Pradesh) -> Kanpur_Central_H_6 (Uttar Pradesh)
IND302014AAA,IND000000ACB,23,1.9268292682926829,0.0,1.0,0.0,0.0,316.0,164.0,221.4515,1.0,0.0,1,0,0,Jaipur_Hub (Rajasthan),Gurgaon_Bilaspur_HB (Haryana),Jaipur_Hub (Rajasthan) -> Gurgaon_Bilaspur_HB (Haryana)
IND321606AAA,IND321001AAA,3,1.5918367346938775,0.0,1.0,0.0,0.0,78.0,49.0,54.4728,1.0,0.0,1,0,0,Kherli_GodamDPP_D (Rajasthan),Bharatpur_DC (Rajasthan),Kherli_GodamDPP_D (Rajasthan) -> Bharatpur_DC (Rajasthan)
IND814101AAB,IND816107AAA,11,1.5232558139534884,0.0,1.0,0.0,0.0,131.0,86.0,88.8902,1.0,0.0,1,0,0,Dumka_Dudhani_D (Jharkhand),Pakur_Hatpada_D (Jharkhand),Dumka_Dudhani_D (Jharkhand) -> Pakur_Hatpada_D (Jharkhand)
IND814112AAA,IND814133AAA,2,2.273652882205514,0.0,1.0,0.0,0.0,128.5,56.5,79.6487,1.0,0.0,1,0,0,Deoghar_Barmasia_D (Jharkhand),Godda_PushPlza_D (Jharkhand),Deoghar_Barmasia_D (Jharkhand) -> Godda_PushPlza_D (Jharkhand)
IND571105AAA,IND571213AAA,12,1.6961538461538461,0.0,1.0,0.0,0.0,67.0,39.0,43.636700000000005,1.0,0.0,1,0,0,Hunsur_RatnaDPP_D (Karnataka),Gonikoppal_Thomas_D (Karnataka),Hunsur_RatnaDPP_D (Karnataka) -> Gonikoppal_Thomas_D (Karnataka)
IND571213AAA,IND571114AAA,8,1.6091135232926277,0.0,1.0,0.0,0.0,107.0,67.0,73.65189999999998,1.0,0.0,1,0,0,Gonikoppal_Thomas_D (Karnataka),HDKote_BegurRD_D (Karnataka),Gonikoppal_Thomas_D (Karnataka) -> HDKote_BegurRD_D (Karnataka)
IND321001AAB,IND321401AAB,2,1.847902097902098,0.0,1.0,0.0,0.0,121.0,65.5,71.06865,1.0,0.0,1,0,0,Bharatpur_NraynDPP_D (Rajasthan),Bayana_LalBagh_D (Rajasthan),Bharatpur_NraynDPP_D (Rajasthan) -> Bayana_LalBagh_D (Rajasthan)
IND815301AAA,IND814112AAA,1,1.9830508474576272,0.0,1.0,0.0,0.0,117.0,59.0,65.2192,1.0,0.0,1,0,0,Giridih_Shivalya_D (Jharkhand),Deoghar_Barmasia_D (Jharkhand),Giridih_Shivalya_D (Jharkhand) -> Deoghar_Barmasia_D (Jharkhand)
IND321001AAA,IND321401AAB,10,1.2360150848522942,0.0,0.6,0.0,0.0,46.5,39.0,41.85375,1.0,0.0,1,0,0,Bharatpur_DC (Rajasthan),Bayana_LalBagh_D (Rajasthan),Bharatpur_DC (Rajasthan) -> Bayana_LalBagh_D (Rajasthan)
IND815301AAA,IND815353AAA,3,2.1142857142857143,0.0,1.0,0.0,0.0,74.0,35.0,48.8533,1.0,0.0,1,0,0,Giridih_Shivalya_D (Jharkhand),Madhupur_Sitarmrd_D (Jharkhand),Giridih_Shivalya_D (Jharkhand) -> Madhupur_Sitarmrd_D (Jharkhand)
IND815351AAA,IND814101AAB,12,1.0670103092783505,0.0,0.16666666666666666,0.0,0.0,103.5,97.0,80.28614999999999,1.0,0.0,0,0,0,Jamtara_D (Jharkhand),Dumka_Dudhani_D (Jharkhand),Jamtara_D (Jharkhand) -> Dumka_Dudhani_D (Jharkhand)
IND815353AAA,IND814112AAA,2,1.2564102564102564,0.0,1.0,0.0,0.0,49.0,39.0,38.960300000000004,1.0,0.0,1,0,0,Madhupur_Sitarmrd_D (Jharkhand),Deoghar_Barmasia_D (Jharkhand),Madhupur_Sitarmrd_D (Jharkhand) -> Deoghar_Barmasia_D (Jharkhand)
IND815353AAA,IND814133AAB,8,1.8772495755517826,0.0,1.0,0.0,0.0,176.5,93.0,116.3175,1.0,0.0,1,0,0,Madhupur_Sitarmrd_D (Jharkhand),Godda_Central_D_2 (Jharkhand),Madhupur_Sitarmrd_D (Jharkhand) -> Godda_Central_D_2 (Jharkhand)
IND815353AAA,IND826004AAA,1,1.5529411764705883,0.0,1.0,0.0,0.0,132.0,85.0,104.0805,1.0,0.0,1,0,0,Madhupur_Sitarmrd_D (Jharkhand),Dhanbad_Kalynpur_I (Jharkhand),Madhupur_Sitarmrd_D (Jharkhand) -> Dhanbad_Kalynpur_I (Jharkhand)
IND816107AAA,IND826004AAA,8,1.9744897959183674,0.0,1.0,0.0,0.0,387.0,196.0,278.2733,1.0,0.0,1,0,0,Pakur_Hatpada_D (Jharkhand),Dhanbad_Kalynpur_I (Jharkhand),Pakur_Hatpada_D (Jharkhand) -> Dhanbad_Kalynpur_I (Jharkhand)
IND821115AAB,IND209304AAA,12,1.9460921177587844,0.0,1.0,0.0,0.0,631.5,325.0,457.1472,1.0,0.0,1,0,0,Sasaram_Central_I_2 (Bihar),Kanpur_Central_H_6 (Uttar Pradesh),Sasaram_Central_I_2 (Bihar) -> Kanpur_Central_H_6 (Uttar Pradesh)
IND523226AAA,IND523316AAB,13,1.88135593220339,0.0,1.0,0.0,0.0,111.0,59.0,72.10289999999999,1.0,0.0,1,0,0,Chimkurthy_MSRClgRd_D (Andhra Pradesh),Markapur_VidyaNgr_D (Andhra Pradesh),Chimkurthy_MSRClgRd_D (Andhra Pradesh) -> Markapur_VidyaNgr_D (Andhra Pradesh)
IND207001AAA,IND207302AAA,6,1.6667682926829268,0.0,1.0,0.0,0.0,67.5,40.5,40.929500000000004,0.0,0.0,1,0,0,Etah_CivlLine_D (Uttar Pradesh),Jalesar_ChngiDPP_D (Uttar Pradesh),Etah_CivlLine_D (Uttar Pradesh) -> Jalesar_ChngiDPP_D (Uttar Pradesh)
IND821115AAB,IND824101AAA,1,2.0,0.0,1.0,0.0,0.0,58.0,29.0,39.4573,1.0,0.0,1,0,0,Sasaram_Central_I_2 (Bihar),AurngbadBR_Mahindra_D (Bihar),Sasaram_Central_I_2 (Bihar) -> AurngbadBR_Mahindra_D (Bihar)
IND821307AAA,IND824101AAA,8,1.95,0.0,1.0,0.0,0.0,39.0,20.0,28.586850000000002,1.0,0.0,1,0,0,DehriSone_Dilliyan_D (Bihar),AurngbadBR_Mahindra_D (Bihar),DehriSone_Dilliyan_D (Bihar) -> AurngbadBR_Mahindra_D (Bihar)
IND523105AAA,IND524201AAA,19,1.3076923076923077,0.0,0.7894736842105263,0.0,0.0,53.0,41.0,55.9065,1.0,0.0,1,0,0,Kandukur_LICOffce_D (Andhra Pradesh),Kavali_Kacheri_D (Andhra Pradesh),Kandukur_LICOffce_D (Andhra Pradesh) -> Kavali_Kacheri_D (Andhra Pradesh)
IND313001AAB,IND312001AAA,13,2.0759493670886076,0.0,1.0,0.0,0.0,164.0,79.0,108.4147,1.0,0.0,1,0,0,Udaipur_Mangri_I (Rajasthan),Chittaurgarh_DC (Rajasthan),Udaipur_Mangri_I (Rajasthan) -> Chittaurgarh_DC (Rajasthan)
IND000000ACB,IND411033AAA,22,1.7695691890617633,0.0,1.0,0.0,0.0,1785.5,1010.0,1361.7046,1.0,0.0,1,0,0,Gurgaon_Bilaspur_HB (Haryana),Pune_Tathawde_H (Maharashtra),Gurgaon_Bilaspur_HB (Haryana) -> Pune_Tathawde_H (Maharashtra)
IND000000ACB,IND462022AAA,18,1.8545841853631164,0.0,1.0,0.0,0.0,1090.5,588.0,813.9510499999999,1.0,0.0,1,0,0,Gurgaon_Bilaspur_HB (Haryana),Bhopal_Trnsport_H (Madhya Pradesh),Gurgaon_Bilaspur_HB (Haryana) -> Bhopal_Trnsport_H (Madhya Pradesh)
IND000000ACB,IND521225AAB,11,1.9508580343213728,0.0,1.0,0.0,0.0,2501.0,1282.0,1728.231,1.0,0.0,1,0,0,Gurgaon_Bilaspur_HB (Haryana),Vijayawada_Rynapadu_H (Andhra Pradesh),Gurgaon_Bilaspur_HB (Haryana) -> Vijayawada_Rynapadu_H (Andhra Pradesh)
IND312601AAA,IND458664AAA,6,1.1615853658536586,0.0,0.5,0.0,0.0,63.5,41.0,37.0188,1.0,0.0,0,0,0,Nimbahera_MsjidDPP_D (Rajasthan),Neemuch_KarjuDPP_D (Madhya Pradesh),Nimbahera_MsjidDPP_D (Rajasthan) -> Neemuch_KarjuDPP_D (Madhya Pradesh)
IND000000ACB,IND821115AAB,18,2.0533625066393597,0.0,1.0,0.0,0.0,1326.5,646.0,900.8994499999999,1.0,0.0,1,0,0,Gurgaon_Bilaspur_HB (Haryana),Sasaram_Central_I_2 (Bihar),Gurgaon_Bilaspur_HB (Haryana) -> Sasaram_Central_I_2 (Bihar)
IND000000ACB,IND834002AAB,16,1.8854289071680377,0.0,1.0,0.0,0.0,1604.5,851.0,1192.90015,1.0,0.0,1,0,0,Gurgaon_Bilaspur_HB (Haryana),Ranchi_Hub (Jharkhand),Gurgaon_Bilaspur_HB (Haryana) -> Ranchi_Hub (Jharkhand)
IND000000ACB,IND842001AAA,19,2.0474254742547426,0.0,1.0,0.0,0.0,1509.0,737.0,995.4546,1.0,0.0,1,0,0,Gurgaon_Bilaspur_HB (Haryana),Muzaffrpur_Bbganj_I (Bihar),Gurgaon_Bilaspur_HB (Haryana) -> Muzaffrpur_Bbganj_I (Bihar)
IND824101AAA,IND821307AAA,4,1.8903162055335967,0.0,1.0,0.0,0.0,42.5,22.0,32.116,1.0,0.0,1,0,0,AurngbadBR_Mahindra_D (Bihar),DehriSone_Dilliyan_D (Bihar),AurngbadBR_Mahindra_D (Bihar) -> DehriSone_Dilliyan_D (Bihar)
IND825102AAA,IND827013AAA,3,2.12,0.0,1.0,0.0,0.0,53.0,26.0,32.3426,0.6666666666666666,0.0,1,0,0,Phusro_RhmgjDPP_D (Jharkhand),Bokaro_KSClny_DC (Jharkhand),Phusro_RhmgjDPP_D (Jharkhand) -> Bokaro_KSClny_DC (Jharkhand)
IND312001AAA,IND312601AAA,6,1.358416130917592,0.0,0.6666666666666666,0.0,0.0,81.0,58.5,50.39765,1.0,0.0,1,0,0,Chittaurgarh_DC (Rajasthan),Nimbahera_MsjidDPP_D (Rajasthan),Chittaurgarh_DC (Rajasthan) -> Nimbahera_MsjidDPP_D (Rajasthan)
IND825409AAA,IND000000ACB,14,1.9372153349621453,0.0,1.0,0.0,0.0,1496.5,772.0,1050.3371000000002,1.0,0.0,1,0,0,JhumriTlya_RadhaCpx_D (Jharkhand),Gurgaon_Bilaspur_HB (Haryana),JhumriTlya_RadhaCpx_D (Jharkhand) -> Gurgaon_Bilaspur_HB (Haryana)
IND571401AAA,IND562160AAB,10,0.9891304347826086,0.0,0.0,0.0,0.0,47.0,47.0,38.14795,1.0,0.0,0,0,0,Mandya_Dc (Karnataka),Chanapatna_Central_D_2 (Karnataka),Mandya_Dc (Karnataka) -> Chanapatna_Central_D_2 (Karnataka)
IND826004AAA,IND209304AAA,3,1.743006993006993,0.0,1.0,0.0,0.0,997.0,572.0,796.3543000000001,1.0,0.0,1,0,0,Dhanbad_Kalynpur_I (Jharkhand),Kanpur_Central_H_6 (Uttar Pradesh),Dhanbad_Kalynpur_I (Jharkhand) -> Kanpur_Central_H_6 (Uttar Pradesh)
IND312001AAA,IND311001AAA,13,1.565217391304348,0.0,1.0,0.0,0.0,72.0,46.0,59.4752,1.0,0.0,1,0,0,Chittaurgarh_DC (Rajasthan),Bhilwara_DC (Rajasthan),Chittaurgarh_DC (Rajasthan) -> Bhilwara_DC (Rajasthan)
IND311001AAA,IND313324AAA,5,1.8461538461538463,0.0,1.0,0.0,0.0,120.0,65.0,89.73939999999999,1.0,0.0,1,0,0,Bhilwara_DC (Rajasthan),Rajsamand_kankroli_D (Rajasthan),Bhilwara_DC (Rajasthan) -> Rajsamand_kankroli_D (Rajasthan)
IND826004AAA,IND815353AAA,4,1.7992801771871538,0.0,1.0,0.0,0.0,153.0,85.0,104.40469999999999,1.0,0.0,1,0,0,Dhanbad_Kalynpur_I (Jharkhand),Madhupur_Sitarmrd_D (Jharkhand),Dhanbad_Kalynpur_I (Jharkhand) -> Madhupur_Sitarmrd_D (Jharkhand)
IND826004AAA,IND821115AAB,4,1.5313725490196077,0.0,1.0,0.0,0.0,390.5,254.5,343.477,1.0,0.0,1,0,0,Dhanbad_Kalynpur_I (Jharkhand),Sasaram_Central_I_2 (Bihar),Dhanbad_Kalynpur_I (Jharkhand) -> Sasaram_Central_I_2 (Bihar)
IND571426AAA,IND571104AAA,15,1.8974358974358974,0.0,1.0,0.0,0.0,148.0,80.0,86.6617,1.0,0.0,1,0,0,Krishnarajpet_MuruPost_D (Karnataka),Koppa_BMRd_D (Karnataka),Krishnarajpet_MuruPost_D (Karnataka) -> Koppa_BMRd_D (Karnataka)
IND307001AAA,IND306902AAA,2,1.5576923076923077,0.0,1.0,0.0,0.0,40.5,26.0,34.929550000000006,1.0,0.0,1,0,0,Sirohi_Ricco_D (Rajasthan),Sumerpur_BazarDPP_D (Rajasthan),Sirohi_Ricco_D (Rajasthan) -> Sumerpur_BazarDPP_D (Rajasthan)
IND826004AAA,IND828401AAB,3,0.95,0.0,0.0,0.0,0.0,38.0,40.0,36.5092,0.0,0.0,0,0,0,Dhanbad_Kalynpur_I (Jharkhand),Gomoh_KhsmiDPP_D (Jharkhand),Dhanbad_Kalynpur_I (Jharkhand) -> Gomoh_KhsmiDPP_D (Jharkhand)
IND523002AAA,IND600056AAB,11,1.7312252964426877,0.0,1.0,0.0,0.0,438.0,253.0,331.1279,1.0,0.0,1,0,0,Ongole_SubhVRTL_I (Andhra Pradesh),MAA_Poonamallee_HB (Tamil Nadu),Ongole_SubhVRTL_I (Andhra Pradesh) -> MAA_Poonamallee_HB (Tamil Nadu)
IND306902AAA,IND306116AAA,1,1.5185185185185186,0.0,1.0,0.0,0.0,41.0,27.0,30.8816,1.0,0.0,1,0,0,Sumerpur_BazarDPP_D (Rajasthan),Falna_SbhRDDPP_D (Rajasthan),Sumerpur_BazarDPP_D (Rajasthan) -> Falna_SbhRDDPP_D (Rajasthan)
IND306401AAB,IND343001AAA,5,2.0344827586206895,0.0,1.0,0.0,0.0,174.0,86.0,118.6815,1.0,0.0,1,0,0,Pali_Nayagaon_I (Rajasthan),Jalore_RoopNgr_D (Rajasthan),Pali_Nayagaon_I (Rajasthan) -> Jalore_RoopNgr_D (Rajasthan)
IND834002AAB,IND000000ACB,10,1.960093896713615,0.0,1.0,0.0,0.0,1670.5,852.5,1162.42705,1.0,0.0,1,0,0,Ranchi_Hub (Jharkhand),Gurgaon_Bilaspur_HB (Haryana),Ranchi_Hub (Jharkhand) -> Gurgaon_Bilaspur_HB (Haryana)
IND306304AAB,IND311302AAA,1,1.9130434782608696,0.0,1.0,0.0,0.0,88.0,46.0,65.1454,1.0,0.0,1,0,0,Raipur_BypRDDPP_D (Rajasthan),Badnaur_BhmrdDPP_D (Rajasthan),Raipur_BypRDDPP_D (Rajasthan) -> Badnaur_BhmrdDPP_D (Rajasthan)
IND523002AAA,IND523316AAB,1,2.225,0.0,1.0,0.0,0.0,178.0,80.0,93.528,1.0,0.0,1,0,0,Ongole_SubhVRTL_I (Andhra Pradesh),Markapur_VidyaNgr_D (Andhra Pradesh),Ongole_SubhVRTL_I (Andhra Pradesh) -> Markapur_VidyaNgr_D (Andhra Pradesh)
IND571438AAB,IND571401AAA,9,1.2580645161290323,0.0,0.6666666666666666,0.0,0.0,40.0,31.0,24.7471,1.0,0.0,1,0,0,Srirangapatna_Bburynkpl_D (Karnataka),Mandya_Dc (Karnataka),Srirangapatna_Bburynkpl_D (Karnataka) -> Mandya_Dc (Karnataka)
IND305001AAC,IND342602AAC,2,1.9114583333333333,0.0,1.0,0.0,0.0,183.5,96.0,129.9931,1.0,0.0,1,0,0,Ajmer_FoySGRRD_I (Rajasthan),Bilara_Central_DPP_2 (Rajasthan),Ajmer_FoySGRRD_I (Rajasthan) -> Bilara_Central_DPP_2 (Rajasthan)
IND304001AAA,IND322001AAC,1,1.4827586206896552,0.0,1.0,0.0,0.0,86.0,58.0,82.14869999999999,0.0,0.0,1,0,0,Tonk_DC (Rajasthan),SawaiMadhopur_Central_DPP_1 (Rajasthan),Tonk_DC (Rajasthan) -> SawaiMadhopur_Central_DPP_1 (Rajasthan)
IND841301AAC,IND841226AAB,1,2.0,0.0,1.0,0.0,0.0,96.0,48.0,65.8993,0.0,0.0,1,0,0,IND841301AAC,Siwan_HnmntNgr_D (Bihar),IND841301AAC -> Siwan_HnmntNgr_D (Bihar)
IND303901AAA,IND304001AAA,3,1.9047619047619047,0.0,1.0,0.0,0.0,80.0,42.0,56.5109,0.0,0.0,1,0,0,Chaksu_TonkRoad_D (Rajasthan),Tonk_DC (Rajasthan),Chaksu_TonkRoad_D (Rajasthan) -> Tonk_DC (Rajasthan)
IND571440AAA,IND571430AAA,10,1.0298039215686274,0.0,0.1,0.0,0.0,52.0,50.0,35.80535,1.0,0.0,0,0,0,Kollegala_NarsipuraRd_D (Karnataka),Malavalli_SulthnRd_D (Karnataka),Kollegala_NarsipuraRd_D (Karnataka) -> Malavalli_SulthnRd_D (Karnataka)
IND303702AAB,IND332404AAA,8,1.5708333333333333,0.0,1.0,0.0,0.0,38.5,24.5,33.344350000000006,1.0,0.0,1,0,0,Chomu_ShsmlDPP_D (Rajasthan),Reengus_Shop2DPP_D (Rajasthan),Chomu_ShsmlDPP_D (Rajasthan) -> Reengus_Shop2DPP_D (Rajasthan)
IND303702AAB,IND332001AAB,4,1.6085509472606248,0.0,1.0,0.0,0.0,100.5,62.0,84.54065,1.0,0.0,1,0,0,Chomu_ShsmlDPP_D (Rajasthan),Sikar_FatehpRd_I (Rajasthan),Chomu_ShsmlDPP_D (Rajasthan) -> Sikar_FatehpRd_I (Rajasthan)
IND842001AAA,IND843329AAB,13,1.3793103448275863,0.0,0.9230769230769231,0.0,0.0,79.0,58.0,70.3882,1.0,0.0,1,0,0,Muzaffrpur_Bbganj_I (Bihar),Sheohar_Ward9DPP_D (Bihar),Muzaffrpur_Bbganj_I (Bihar) -> Sheohar_Ward9DPP_D (Bihar)
IND303603AAB,IND303338AAB,1,0.8771929824561403,0.0,0.0,0.0,0.0,50.0,57.0,61.3575,0.0,0.0,0,0,0,Renwal_ChomuRD_D (Rajasthan),Phulera_NarenaRD_D (Rajasthan),Renwal_ChomuRD_D (Rajasthan) -> Phulera_NarenaRD_D (Rajasthan)
IND522647AAA,IND523201AAA,19,1.56,0.0,1.0,0.0,0.0,78.0,50.0,60.1131,1.0,0.0,1,0,0,Vinukonda_Kothapet_D (Andhra Pradesh),Addanki_Oilmilrd_D (Andhra Pradesh),Vinukonda_Kothapet_D (Andhra Pradesh) -> Addanki_Oilmilrd_D (Andhra Pradesh)
IND303503AAA,IND302014AAB,11,1.7272727272727273,0.0,1.0,0.0,0.0,100.0,58.0,80.15910000000001,0.0,0.0,1,0,0,Lalsot_NWclyDPP_D (Rajasthan),Jaipur_Central_I_7 (Rajasthan),Lalsot_NWclyDPP_D (Rajasthan) -> Jaipur_Central_I_7 (Rajasthan)
IND303338AAB,IND303603AAB,6,0.9385964912280702,0.0,0.3333333333333333,0.0,0.0,53.5,57.0,61.8488,0.0,0.0,0,0,0,Phulera_NarenaRD_D (Rajasthan),Renwal_ChomuRD_D (Rajasthan),Phulera_NarenaRD_D (Rajasthan) -> Renwal_ChomuRD_D (Rajasthan)
IND303106AAA,IND303002AAA,9,1.5217391304347827,0.0,1.0,0.0,0.0,35.0,20.0,26.9435,1.0,0.0,1,0,0,Paota_SmClyDPP_D (Rajasthan),Achrol_BgwriDPP_D (Rajasthan),Paota_SmClyDPP_D (Rajasthan) -> Achrol_BgwriDPP_D (Rajasthan)
IND303008AAB,IND303338AAB,5,1.5333333333333334,0.0,0.8,0.0,0.0,44.0,30.0,32.7092,0.0,0.0,1,0,0,Dudu_NrainaRD_D (Rajasthan),Phulera_NarenaRD_D (Rajasthan),Dudu_NrainaRD_D (Rajasthan) -> Phulera_NarenaRD_D (Rajasthan)
IND000000ACB,IND125033AAA,2,2.286087570621469,0.0,1.0,0.0,0.0,272.0,119.0,152.07659999999998,1.0,0.0,1,0,0,Gurgaon_Bilaspur_HB (Haryana),Hansi_DelRdDPP_D (Haryana),Gurgaon_Bilaspur_HB (Haryana) -> Hansi_DelRdDPP_D (Haryana)
IND000000ACB,IND127021AAA,2,1.9444444444444444,0.0,1.0,0.0,0.0,192.5,99.0,123.54990000000001,1.0,0.0,1,0,0,Gurgaon_Bilaspur_HB (Haryana),Bhiwani_DC (Haryana),Gurgaon_Bilaspur_HB (Haryana) -> Bhiwani_DC (Haryana)
IND000000ACB,IND201001AAC,4,1.8736263736263736,0.0,1.0,0.0,0.0,170.5,91.0,86.0572,0.0,0.0,1,0,0,Gurgaon_Bilaspur_HB (Haryana),Ghaziabad_Central_L_8 (Uttar Pradesh),Gurgaon_Bilaspur_HB (Haryana) -> Ghaziabad_Central_L_8 (Uttar Pradesh)
IND302022AAD,IND000000ACB,7,1.9090909090909092,0.0,1.0,0.0,0.0,314.0,165.0,222.3819,0.0,0.0,1,0,0,Jaipur_RIICO_L (Rajasthan),Gurgaon_Bilaspur_HB (Haryana),Jaipur_RIICO_L (Rajasthan) -> Gurgaon_Bilaspur_HB (Haryana)
IND302014AAB,IND303603AAB,1,1.6944444444444444,0.0,1.0,0.0,0.0,122.0,72.0,87.6403,0.0,0.0,1,0,0,Jaipur_Central_I_7 (Rajasthan),Renwal_ChomuRD_D (Rajasthan),Jaipur_Central_I_7 (Rajasthan) -> Renwal_ChomuRD_D (Rajasthan)
IND302014AAB,IND303301AAB,10,1.3125,0.0,0.5,0.0,0.0,42.0,32.0,39.501900000000006,0.0,0.0,1,0,0,Jaipur_Central_I_7 (Rajasthan),Bassi_DmodrNGR_D (Rajasthan),Jaipur_Central_I_7 (Rajasthan) -> Bassi_DmodrNGR_D (Rajasthan)
IND302014AAB,IND303008AAB,5,1.9230769230769231,0.0,1.0,0.0,0.0,103.0,54.0,73.9501,0.0,0.0,1,0,0,Jaipur_Central_I_7 (Rajasthan),Dudu_NrainaRD_D (Rajasthan),Jaipur_Central_I_7 (Rajasthan) -> Dudu_NrainaRD_D (Rajasthan)
IND854335AAA,IND852118A1B,1,2.2222222222222223,0.0,1.0,0.0,0.0,40.0,18.0,26.7262,1.0,0.0,1,0,0,Narpatganj_Central_DPP_1 (Bihar),IND852118A1B,Narpatganj_Central_DPP_1 (Bihar) -> IND852118A1B
IND854334AAA,IND854335AAA,2,1.3459051724137931,0.0,1.0,0.0,0.0,41.0,30.5,36.50075,1.0,0.0,1,0,0,Raniganj_Central_DPP_1 (Bihar),Narpatganj_Central_DPP_1 (Bihar),Raniganj_Central_DPP_1 (Bihar) -> Narpatganj_Central_DPP_1 (Bihar)
IND000000ACB,IND302014AAA,30,1.8794117647058823,0.0,1.0,0.0,0.0,319.5,169.0,221.2688,1.0,0.0,1,0,1,Gurgaon_Bilaspur_HB (Haryana),Jaipur_Hub (Rajasthan),Gurgaon_Bilaspur_HB (Haryana) -> Jaipur_Hub (Rajasthan)
IND000000ACB,IND328001AAA,5,1.8181818181818181,0.0,1.0,0.0,0.0,360.0,198.0,244.709,1.0,0.0,1,0,0,Gurgaon_Bilaspur_HB (Haryana),Dholpur_GtRoad_D (Rajasthan),Gurgaon_Bilaspur_HB (Haryana) -> Dholpur_GtRoad_D (Rajasthan)
IND000000ACB,IND382430AAB,17,1.860759493670886,0.0,1.0,0.0,0.0,1176.0,632.0,873.1134000000001,1.0,0.0,1,0,0,Gurgaon_Bilaspur_HB (Haryana),Ahmedabad_East_H_1 (Gujarat),Gurgaon_Bilaspur_HB (Haryana) -> Ahmedabad_East_H_1 (Gujarat)
IND842003AAB,IND480661AAA,2,1.9422860360360361,0.0,1.0,0.0,0.0,216.5,111.5,156.1569,1.0,0.0,1,0,0,Jabalpur_Adhartal_IP (Madhya Pradesh),Seoni_Kidwai_D (Madhya Pradesh),Jabalpur_Adhartal_IP (Madhya Pradesh) -> Seoni_Kidwai_D (Madhya Pradesh)
IND854334AAA,IND852118AAA,7,1.3333333333333333,0.0,1.0,0.0,0.0,28.0,21.0,23.877,1.0,0.0,1,0,0,Raniganj_Central_DPP_1 (Bihar),Forbesganj_JhumanCk_D (Bihar),Raniganj_Central_DPP_1 (Bihar) -> Forbesganj_JhumanCk_D (Bihar)
IND854334AAA,IND852118A1B,7,1.2857142857142858,0.0,0.7142857142857143,0.0,0.0,27.0,21.0,23.1547,1.0,0.0,1,0,0,Raniganj_Central_DPP_1 (Bihar),IND852118A1B,Raniganj_Central_DPP_1 (Bihar) -> IND852118A1B
IND842003AAB,IND484661AAE,2,1.824074074074074,0.0,1.0,0.0,0.0,197.0,108.0,149.04500000000002,1.0,0.0,1,0,0,Jabalpur_Adhartal_IP (Madhya Pradesh),Umaria_Central_DPP_3 (Madhya Pradesh),Jabalpur_Adhartal_IP (Madhya Pradesh) -> Umaria_Central_DPP_3 (Madhya Pradesh)
IND842003AAB,IND487001AAA,2,1.9743547591648858,0.0,1.0,0.0,0.0,154.0,78.0,93.365,1.0,0.0,1,0,0,Jabalpur_Adhartal_IP (Madhya Pradesh),Narsingpur_JrjolDPP_D (Madhya Pradesh),Jabalpur_Adhartal_IP (Madhya Pradesh) -> Narsingpur_JrjolDPP_D (Madhya Pradesh)
IND521225AAB,IND523002AAA,3,1.8130841121495327,0.0,1.0,0.0,0.0,194.0,107.0,140.60629999999998,1.0,0.0,1,0,0,Vijayawada_Rynapadu_H (Andhra Pradesh),Ongole_SubhVRTL_I (Andhra Pradesh),Vijayawada_Rynapadu_H (Andhra Pradesh) -> Ongole_SubhVRTL_I (Andhra Pradesh)
IND000000ACB,IND110092AAC,5,1.6575342465753424,0.0,1.0,0.0,0.0,121.0,74.0,69.59060000000001,0.0,0.0,1,0,0,Gurgaon_Bilaspur_HB (Haryana),Delhi_Patparganj_DPC (Delhi),Gurgaon_Bilaspur_HB (Haryana) -> Delhi_Patparganj_DPC (Delhi)
IND843126AAA,IND843109AAB,2,2.1346153846153846,0.0,1.0,0.0,0.0,55.5,26.0,37.3762,0.0,0.0,1,0,0,Saraiya_Wardno4_D (Bihar),Kanti_Central_DPP_2 (Bihar),Saraiya_Wardno4_D (Bihar) -> Kanti_Central_DPP_2 (Bihar)
IND000000ACB,IND110052AAA,2,1.500324464633355,0.0,1.0,0.0,0.0,102.0,68.0,65.72460000000001,0.0,0.0,1,0,0,Gurgaon_Bilaspur_HB (Haryana),Delhi_Wazirpur_L (Delhi),Gurgaon_Bilaspur_HB (Haryana) -> Delhi_Wazirpur_L (Delhi)
IND572201AAB,IND573201AAB,2,1.9498039215686274,0.0,1.0,0.0,0.0,98.5,50.5,55.7285,1.0,0.0,1,0,0,Tiptur_YTRd_D (Karnataka),Hassan_Pandrnga_I (Karnataka),Tiptur_YTRd_D (Karnataka) -> Hassan_Pandrnga_I (Karnataka)
IND000000ACA,IND152026AAA,1,1.5299145299145298,0.0,1.0,0.0,0.0,179.0,117.0,154.5822,1.0,0.0,1,0,0,Ludhiana_MilrGanj_HB (Punjab),Muktsar_DPC (Punjab),Ludhiana_MilrGanj_HB (Punjab) -> Muktsar_DPC (Punjab)
IND854326AAB,IND000000ACB,18,2.1855343803149268,0.0,1.0,0.0,0.0,2032.5,930.0,1269.7084,1.0,0.0,1,0,0,Purnia_Central_H_2 (Bihar),Gurgaon_Bilaspur_HB (Haryana),Purnia_Central_H_2 (Bihar) -> Gurgaon_Bilaspur_HB (Haryana)
IND000000ACA,IND143001AAA,1,1.7027027027027026,0.0,1.0,0.0,0.0,189.0,111.0,155.23260000000002,1.0,0.0,1,0,0,Ludhiana_MilrGanj_HB (Punjab),Amritsar_DPC (Punjab),Ludhiana_MilrGanj_HB (Punjab) -> Amritsar_DPC (Punjab)
IND560099AAB,IND560058AAD,2,1.5604395604395604,0.0,1.0,0.0,0.0,58.0,37.0,31.46115,0.0,0.0,1,0,0,Bengaluru_Bomsndra_HB (Karnataka),Bengaluru_Peenya_L (Karnataka),Bengaluru_Bomsndra_HB (Karnataka) -> Bengaluru_Peenya_L (Karnataka)
IND521225AAB,IND521185AAA,1,2.0454545454545454,0.0,1.0,0.0,0.0,90.0,44.0,59.401,0.0,0.0,1,0,0,Vijayawada_Rynapadu_H (Andhra Pradesh),Nandigama_Chndrlpd_D (Andhra Pradesh),Vijayawada_Rynapadu_H (Andhra Pradesh) -> Nandigama_Chndrlpd_D (Andhra Pradesh)
IND560099AAB,IND515004AAA,1,1.5414634146341464,0.0,1.0,0.0,0.0,316.0,205.0,240.1094,1.0,0.0,1,0,0,Bengaluru_Bomsndra_HB (Karnataka),Anantapur_KamaStrt_I (Andhra Pradesh),Bengaluru_Bomsndra_HB (Karnataka) -> Anantapur_KamaStrt_I (Andhra Pradesh)
IND262501AAA,IND263153AAB,8,2.004629326345671,0.0,1.0,0.0,0.0,429.0,214.0,233.07465000000002,1.0,0.0,1,0,0,Pithorgarh_Kumud_D (Uttarakhand),Rudrapur_UdhamNgr_H (Uttarakhand),Pithorgarh_Kumud_D (Uttarakhand) -> Rudrapur_UdhamNgr_H (Uttarakhand)
IND560099AAB,IND000000ACS,1,1.5714285714285714,0.0,1.0,0.0,0.0,33.0,21.0,19.4741,0.0,0.0,1,0,0,Bengaluru_Bomsndra_HB (Karnataka),BLR_HSR_Layout_PC (Karnataka),Bengaluru_Bomsndra_HB (Karnataka) -> BLR_HSR_Layout_PC (Karnataka)
IND302014AAA,IND306401AAB,2,2.307726581178005,0.0,1.0,0.0,0.0,495.0,214.5,302.1241,1.0,0.0,1,0,0,Jaipur_Hub (Rajasthan),Pali_Nayagaon_I (Rajasthan),Jaipur_Hub (Rajasthan) -> Pali_Nayagaon_I (Rajasthan)
IND263002AAA,IND263645AAA,13,1.1666666666666667,0.0,0.46153846153846156,0.0,0.0,102.0,84.0,55.6147,1.0,0.0,0,0,0,Nainital_Sookhtal_D (Uttarakhand),Ranikhet_Subhash_D (Uttarakhand),Nainital_Sookhtal_D (Uttarakhand) -> Ranikhet_Subhash_D (Uttarakhand)
IND000000ACB,IND125005AAA,4,1.9522058823529411,0.0,1.0,0.0,0.0,265.5,135.5,170.56535,1.0,0.0,1,0,0,Gurgaon_Bilaspur_HB (Haryana),Hisar_IndstlAr_I (Haryana),Gurgaon_Bilaspur_HB (Haryana) -> Hisar_IndstlAr_I (Haryana)
IND560083AAB,IND560058AAD,1,1.5806451612903225,0.0,1.0,0.0,0.0,49.0,31.0,26.1444,0.0,0.0,1,0,0,Bengaluru_Bnnrghta_L (Karnataka),Bengaluru_Peenya_L (Karnataka),Bengaluru_Bnnrghta_L (Karnataka) -> Bengaluru_Peenya_L (Karnataka)
IND572201AAB,IND577116AAA,1,1.8653846153846154,0.0,1.0,0.0,0.0,97.0,52.0,68.9439,1.0,0.0,1,0,0,Tiptur_YTRd_D (Karnataka),IND577116AAA,Tiptur_YTRd_D (Karnataka) -> IND577116AAA
IND140401AAA,IND147301AAA,1,1.4782608695652173,0.0,1.0,0.0,0.0,34.0,23.0,32.8339,1.0,0.0,1,0,0,Rajpura_DC (Punjab),Mandi_Gobindgarh_DC (Punjab),Rajpura_DC (Punjab) -> Mandi_Gobindgarh_DC (Punjab)
IND573103AAA,IND572201AAB,2,1.7107843137254901,0.0,1.0,0.0,0.0,30.0,17.5,25.37305,1.0,0.0,1,0,0,Arsikere_HsnRdDPP_D (Karnataka),Tiptur_YTRd_D (Karnataka),Arsikere_HsnRdDPP_D (Karnataka) -> Tiptur_YTRd_D (Karnataka)
IND852111AAA,IND852118AAA,1,2.057142857142857,0.0,1.0,0.0,0.0,72.0,35.0,49.0642,1.0,0.0,1,0,0,Simrahi_Bazar_D (Bihar),Forbesganj_JhumanCk_D (Bihar),Simrahi_Bazar_D (Bihar) -> Forbesganj_JhumanCk_D (Bihar)
IND140401AAA,IND142401AAA,3,1.5757575757575757,0.0,1.0,0.0,0.0,51.0,33.0,44.9258,1.0,0.0,1,0,0,Rajpura_DC (Punjab),Khanna_DC (Punjab),Rajpura_DC (Punjab) -> Khanna_DC (Punjab)
IND852111AAA,IND854335AAA,1,1.5,0.0,1.0,0.0,0.0,24.0,16.0,23.403,1.0,0.0,1,0,0,Simrahi_Bazar_D (Bihar),Narpatganj_Central_DPP_1 (Bihar),Simrahi_Bazar_D (Bihar) -> Narpatganj_Central_DPP_1 (Bihar)
IND140001AAA,IND140118AAA,19,1.7575757575757576,0.0,1.0,0.0,0.0,58.0,33.0,39.9061,1.0,0.0,1,0,0,RoopNagar_ChotiHvl_DC (Punjab),AnandprShb_PnjPiara_D (Punjab),RoopNagar_ChotiHvl_DC (Punjab) -> AnandprShb_PnjPiara_D (Punjab)
IND263153AAB,IND263645AAA,1,1.1886792452830188,0.0,0.0,0.0,0.0,189.0,159.0,111.4422,1.0,0.0,0,0,0,Rudrapur_UdhamNgr_H (Uttarakhand),Ranikhet_Subhash_D (Uttarakhand),Rudrapur_UdhamNgr_H (Uttarakhand) -> Ranikhet_Subhash_D (Uttarakhand)
IND573103AAA,IND577116AAA,5,1.3846153846153846,0.0,1.0,0.0,0.0,37.0,27.0,37.5891,1.0,0.0,1,0,0,Arsikere_HsnRdDPP_D (Karnataka),IND577116AAA,Arsikere_HsnRdDPP_D (Karnataka) -> IND577116AAA
IND521201AAA,IND521105AAA,3,1.736842105263158,0.0,1.0,0.0,0.0,33.0,22.0,22.3547,1.0,0.0,1,0,0,Nuzvid_Ward17_D (Andhra Pradesh),HanumanJNC_VijywdRD_D (Andhra Pradesh),Nuzvid_Ward17_D (Andhra Pradesh) -> HanumanJNC_VijywdRD_D (Andhra Pradesh)
IND521185AAA,IND520011AAA,1,1.7241379310344827,0.0,1.0,0.0,0.0,50.0,29.0,41.8469,0.0,0.0,1,0,0,Nandigama_Chndrlpd_D (Andhra Pradesh),Vijayawada (Andhra Pradesh),Nandigama_Chndrlpd_D (Andhra Pradesh) -> Vijayawada (Andhra Pradesh)
IND136118AAA,IND136128AAA,22,1.4001322751322751,0.0,1.0,0.0,0.0,38.0,27.5,28.10095,1.0,0.0,1,0,0,Kurukshetra_DC (Haryana),Pehowa_WdN14DPP_D (Haryana),Kurukshetra_DC (Haryana) -> Pehowa_WdN14DPP_D (Haryana)
IND535501AAB,IND532440AAA,17,1.5,0.0,1.0,0.0,0.0,63.0,42.0,45.971,1.0,0.0,1,0,0,Parvathipuram_Central_D_2 (Andhra Pradesh),Palakonda_VadaiDPP_D (Andhra Pradesh),Parvathipuram_Central_D_2 (Andhra Pradesh) -> Palakonda_VadaiDPP_D (Andhra Pradesh)
IND573116AAA,IND573142AAA,1,2.3333333333333335,0.0,1.0,0.0,0.0,126.0,54.0,53.4551,1.0,0.0,1,0,0,Channaraya_patna_D (Karnataka),Ramanathapura_Central_D_2 (Karnataka),Channaraya_patna_D (Karnataka) -> Ramanathapura_Central_D_2 (Karnataka)
IND535501AAB,IND532001AAB,1,1.9506172839506173,0.0,1.0,0.0,0.0,158.0,81.0,88.7522,1.0,0.0,1,0,0,Parvathipuram_Central_D_2 (Andhra Pradesh),Srikakulam_Kuslpram_I (Andhra Pradesh),Parvathipuram_Central_D_2 (Andhra Pradesh) -> Srikakulam_Kuslpram_I (Andhra Pradesh)
IND560099AAB,IND560083AAB,1,2.3125,0.0,1.0,0.0,0.0,37.0,16.0,16.3424,0.0,0.0,1,0,0,Bengaluru_Bomsndra_HB (Karnataka),Bengaluru_Bnnrghta_L (Karnataka),Bengaluru_Bomsndra_HB (Karnataka) -> Bengaluru_Bnnrghta_L (Karnataka)
IND573134AAB,IND577101AAA,1,1.7037037037037037,0.0,1.0,0.0,0.0,92.0,54.0,68.3756,1.0,0.0,1,0,0,Sakleshpur_RgvdrDPP_D (Karnataka),Chikmagalur_DC (Karnataka),Sakleshpur_RgvdrDPP_D (Karnataka) -> Chikmagalur_DC (Karnataka)
IND560099AAB,IND632006AAA,8,1.3705882352941177,0.0,1.0,0.0,0.0,233.0,168.0,198.33884999999998,1.0,0.0,1,0,0,Bengaluru_Bomsndra_HB (Karnataka),Vellore_GndhiNgr_IP (Tamil Nadu),Bengaluru_Bomsndra_HB (Karnataka) -> Vellore_GndhiNgr_IP (Tamil Nadu)
IND573201AAB,IND572201AAB,11,1.5918367346938775,0.0,1.0,0.0,0.0,78.0,49.0,54.5318,1.0,0.0,1,0,0,Hassan_Pandrnga_I (Karnataka),Tiptur_YTRd_D (Karnataka),Hassan_Pandrnga_I (Karnataka) -> Tiptur_YTRd_D (Karnataka)
IND521105AAA,IND534001AAA,4,1.941176470588235,0.0,1.0,0.0,0.0,33.5,17.0,18.16985,1.0,0.0,1,0,0,HanumanJNC_VijywdRD_D (Andhra Pradesh),Eluru_Agraharm_DC (Andhra Pradesh),HanumanJNC_VijywdRD_D (Andhra Pradesh) -> Eluru_Agraharm_DC (Andhra Pradesh)
IND534001AAA,IND521225AAB,1,2.2,0.0,1.0,0.0,0.0,110.0,50.0,63.769400000000005,1.0,0.0,1,0,0,Eluru_Agraharm_DC (Andhra Pradesh),Vijayawada_Rynapadu_H (Andhra Pradesh),Eluru_Agraharm_DC (Andhra Pradesh) -> Vijayawada_Rynapadu_H (Andhra Pradesh)
IND560099AAB,IND683511AAB,1,1.6412037037037037,0.0,1.0,0.0,0.0,709.0,432.0,471.0635,1.0,0.0,1,0,0,Bengaluru_Bomsndra_HB (Karnataka),Kerala_Cochin_L (Kerala),Bengaluru_Bomsndra_HB (Karnataka) -> Kerala_Cochin_L (Kerala)
IND521001AAA,IND521225AAB,5,2.25,0.0,1.0,0.0,0.0,120.0,55.0,74.22810000000001,1.0,0.0,1,0,0,Machilipatnam_DC (Andhra Pradesh),Vijayawada_Rynapadu_H (Andhra Pradesh),Machilipatnam_DC (Andhra Pradesh) -> Vijayawada_Rynapadu_H (Andhra Pradesh)
IND574104AAA,IND574216AAA,11,1.9565217391304348,0.0,1.0,0.0,0.0,90.0,46.0,53.9089,0.09090909090909091,0.0,1,0,0,Karkala_MarketRd_D (Karnataka),Dhrmsthala_Beltngdi_D (Karnataka),Karkala_MarketRd_D (Karnataka) -> Dhrmsthala_Beltngdi_D (Karnataka)
IND560099AAH,IND562125AAA,1,1.7647058823529411,0.0,1.0,0.0,0.0,30.0,17.0,11.646,0.0,0.0,1,0,0,Bengaluru_South_D_20 (Karnataka),Bengaluru_Sarjapur_D (Karnataka),Bengaluru_South_D_20 (Karnataka) -> Bengaluru_Sarjapur_D (Karnataka)
IND845455AAB,IND845418AAB,3,2.217391304347826,0.0,1.0,0.0,0.0,204.0,92.0,113.3441,1.0,0.0,1,0,0,Narktiganj_Central_DPP_2 (Bihar),Dhaka_PchpkrRD_D (Bihar),Narktiganj_Central_DPP_2 (Bihar) -> Dhaka_PchpkrRD_D (Bihar)
IND574117AAA,IND576101AAA,2,1.6614906832298137,0.0,1.0,0.0,0.0,36.5,22.0,24.751350000000002,1.0,0.0,1,0,0,Uchila_Busstand_D (Karnataka),Udupi (Karnataka),Uchila_Busstand_D (Karnataka) -> Udupi (Karnataka)
IND000000ACA,IND140406AAA,2,1.7567567567567568,0.0,1.0,0.0,0.0,65.0,37.0,51.5829,1.0,0.0,1,0,0,Ludhiana_MilrGanj_HB (Punjab),SirhindFatehgarh_DC (Punjab),Ludhiana_MilrGanj_HB (Punjab) -> SirhindFatehgarh_DC (Punjab)
