source_center,destination_center,leg_count,median_delay_ratio,mean_delay_ratio,p75_delay_ratio,median_actual_minutes,median_osrm_minutes,median_osrm_km,total_excess_minutes,late_rate,ftl_share
IND000000AAL,IND411033AAA,14,2.5708333333333333,2.8454185247120027,3.2584615384615385,68.5,26.5,24.28745,159.2811403508772,0.35714285714285715,0.0
IND000000AAS,IND783370AAC,9,1.7666666666666666,2.0901234567901232,2.566666666666667,53.0,30.0,41.7822,53.082500000000046,0.4444444444444444,1.0
IND000000ABA,IND683565AAA,5,1.0,1.138888667818436,1.0952380952380953,22.0,21.0,18.699,0.0,0.0,0.0
IND000000ABD,IND562132AAA,12,1.704054054054054,1.7562629383971589,1.787162162162162,630.5,370.0,443.66679999999997,114.88823529411764,0.08333333333333333,1.0
IND000000ABG,IND501359AAF,9,7.535714285714286,7.645703062369729,8.25,211.0,28.0,32.7866,322.60727040816334,0.7777777777777778,0.0
IND000000ACA,IND142001AAB,8,1.7478813559322033,1.7562073519700638,1.8438311688311688,99.0,56.0,76.09785,0.0,0.0,1.0
IND000000ACA,IND142401AAA,6,2.35,2.7104922577113904,3.7543103448275863,54.5,25.5,36.48175,89.02272727272728,0.3333333333333333,1.0
IND000000ACA,IND144001AAB,14,1.6020408163265305,1.7365295943552248,1.8695478191276511,82.5,50.0,70.09445,28.657142857142873,0.21428571428571427,1.0
IND000000ACA,IND144514AAA,12,1.8174603174603174,2.140588553222962,2.5277777777777777,114.5,63.0,85.45885,277.1764705882353,0.4166666666666667,1.0
IND000000ACA,IND160002AAC,60,2.0798771121351765,2.1254948761945114,2.370967741935484,132.0,62.0,88.88645,295.2258064516133,0.23333333333333334,0.9833333333333333
IND000000ACB,IND000000AEL,17,1.8253968253968254,2.1993620282151287,2.2580645161290325,114.0,63.0,61.0186,406.9543650793652,0.29411764705882354,0.0
IND000000ACB,IND110024AAA,6,2.07658371040724,2.048368247204946,2.2361079219288174,138.0,66.5,59.611999999999995,11.029434389140306,0.16666666666666666,0.0
IND000000ACB,IND110030AAD,22,1.6726844583987441,1.9064781716882557,2.013505402160864,85.0,50.0,49.416,225.03886272457703,0.2727272727272727,0.0
IND000000ACB,IND110037AAK,26,1.8053306342780027,1.9323262985243337,2.0496951219512196,69.5,38.0,38.88335,127.84848613469158,0.23076923076923078,0.0
IND000000ACB,IND110043AAA,10,2.1212660028449504,2.3878796914323233,3.116943866943867,79.5,38.0,38.5343,137.48252726410618,0.4,0.0
IND000000ACB,IND110043AAC,9,1.9454545454545455,1.9872641761530652,1.9454545454545455,107.0,55.0,52.015,59.71785714285714,0.1111111111111111,0.0
IND000000ACB,IND110064AAA,38,1.6083634342873019,1.8471731542056478,2.2380917592051435,97.0,58.0,55.842,492.17108111426296,0.42105263157894735,0.0
IND000000ACB,IND110085AAB,18,1.6811896400351185,1.86901214513647,2.1724875267284394,113.5,67.0,65.45724999999999,179.5690408252854,0.2777777777777778,0.0
IND000000ACB,IND110092AAC,5,1.6575342465753424,1.6148833765272124,1.7702702702702702,121.0,74.0,69.59060000000001,0.0,0.0,0.0
IND000000ACB,IND110095AAB,26,1.9802631578947367,2.403074536674391,3.6665242652084755,150.5,77.0,71.58324999999999,1407.5651740237693,0.5,0.0
IND000000ACB,IND121002AAB,38,1.9621212121212122,2.2168780990517654,2.707692307692308,127.5,65.0,77.9684,629.2967406624384,0.42105263157894735,0.0
IND000000ACB,IND121004AAB,23,1.803030303030303,1.9635144294111684,2.1603729603729604,119.0,66.0,78.508,126.18465909090912,0.34782608695652173,0.0
IND000000ACB,IND122001AAA,39,1.8235294117647058,2.0545473604297135,2.1332442067736186,62.0,35.0,35.54,408.0780080213905,0.2564102564102564,0.0
IND000000ACB,IND124103AAA,10,1.8043478260869565,1.9165074718557942,1.9420289855072463,84.0,47.0,49.4519,53.7,0.2,1.0
IND000000ACB,IND124112AAA,5,2.065934065934066,2.352254913545236,2.806451612903226,188.0,90.0,112.7103,91.16208791208797,0.4,1.0
IND000000ACB,IND125001AAA,14,2.0896351575456054,2.1221802211824192,2.3161630528123656,281.0,135.0,170.3132,92.36267522038929,0.21428571428571427,1.0
IND000000ACB,IND125005AAA,4,1.9522058823529411,1.9872140522875816,2.0205746187363833,265.5,135.5,170.56535,0.0,0.0,1.0
IND000000ACB,IND131028AAB,73,2.1313131313131315,2.277514959380331,2.515463917525773,211.0,97.0,86.2927,1329.9372053872048,0.273972602739726,0.0
IND000000ACB,IND160002AAC,41,2.2843601895734595,2.594429157399312,2.938388625592417,482.0,211.0,280.2205,2545.5071090047404,0.34146341463414637,1.0
IND000000ACB,IND201007AAA,9,1.5974025974025974,1.6371603740024794,1.794871794871795,123.0,77.0,72.811,55.81785714285715,0.1111111111111111,0.0
IND000000ACB,IND201301AAF,9,1.425,1.6573286375085177,1.935897435897436,114.0,78.0,75.2903,87.27089285714283,0.3333333333333333,0.0
IND000000ACB,IND201301AAM,27,2.625,2.827514205505484,3.1593646492020477,213.0,81.0,80.38080000000001,380.9498046875001,0.3333333333333333,0.0
IND000000ACB,IND209304AAA,10,2.2710280373831777,2.3274326473759883,2.3935236565420563,729.0,321.0,444.35325,57.01557632398749,0.2,1.0
IND000000ACB,IND282002AAD,3,2.073529411764706,2.166792677083528,2.2976342710997444,282.0,137.0,183.7427,26.224080882353007,0.3333333333333333,1.0
IND000000ACB,IND301001AAB,6,1.7142857142857144,1.946388756171365,1.9615384615384615,156.5,91.0,114.76365,75.00909090909093,0.16666666666666666,1.0
IND000000ACB,IND302014AAA,24,1.9053254437869822,1.899737824108963,1.9820359281437125,322.0,169.0,221.4026,0.0,0.0,1.0
IND000000ACB,IND302022AAD,14,1.6902540898016012,1.7435860823442157,1.7774155830351133,286.5,169.0,221.76344999999998,50.694775679191025,0.07142857142857142,1.0
IND000000ACB,IND328001AAA,5,1.8181818181818181,1.8239757985950882,1.9090909090909092,360.0,198.0,244.709,0.0,0.0,1.0
IND000000ACB,IND382430AAB,13,1.8037974683544304,1.8428661478310993,1.8971518987341771,1140.0,632.0,873.1134000000001,0.0,0.0,1.0
IND000000ACB,IND390022AAA,8,1.792660626541994,1.8404523658291825,1.8157572643184154,1245.0,695.0,913.333,11.479073376191536,0.125,1.0
IND000000ACB,IND411033AAA,15,1.741839762611276,1.7630971342828887,1.8114060498049698,1761.0,1011.0,1361.7319,0.0,0.0,1.0
IND000000ACB,IND421302AAG,26,1.9325079148730602,1.9602053825581085,1.979508633783245,1861.0,963.0,1322.60095,81.55370531822155,0.038461538461538464,1.0
IND000000ACB,IND462022AAA,12,1.8487592830001272,1.8464129221034222,1.8974433321860458,1088.0,588.0,814.004,0.0,0.0,1.0
IND000000ACB,IND501359AAE,21,1.9176672384219553,1.9806105212239749,2.085763293310463,2236.0,1166.0,1563.0638,223.76653912125676,0.14285714285714285,1.0
IND000000ACB,IND521225AAB,5,2.0327613104524183,2.0119991050616304,2.0366328916601715,2606.0,1282.0,1728.379,0.0,0.0,1.0
IND000000ACB,IND562132AAA,44,1.901291368785082,1.9169486136636877,1.9784625579854207,2869.5,1509.0,2063.9930000000004,0.0,0.0,1.0
IND000000ACB,IND600056AAB,10,1.8863722235716405,1.9813305268779033,1.976720510972178,3038.0,1610.0,2190.58095,969.2545520380718,0.1,1.0
IND000000ACB,IND712311AAA,34,2.095078351892404,2.1864913234714773,2.2255609751367285,2126.5,1016.0,1428.03415,3111.848753828394,0.08823529411764706,1.0
IND000000ACB,IND751002AAB,13,2.0403087478559176,2.073785598603112,2.101113967437875,2379.0,1167.0,1638.9641,36.16388888888878,0.07692307692307693,1.0
IND000000ACB,IND821115AAB,14,2.074260339456697,2.074074449961125,2.1887815160229875,1341.0,646.0,901.24055,0.0,0.0,1.0
IND000000ACB,IND834002AAB,9,1.8895417156286722,1.9212237532009877,1.90951821386604,1608.0,851.0,1192.9206,0.0,0.0,1.0
IND000000ACB,IND842001AAA,12,2.051457510515565,2.056823592363655,2.1100239055675,1515.0,737.5,995.48165,0.0,0.0,1.0
IND000000ACK,IND501359AAF,22,3.0811688311688314,3.2159884079584518,3.5869565217391304,64.5,21.0,26.21835,102.34880952380948,0.3181818181818182,0.0
IND000000ACN,IND501359AAF,11,1.9411764705882353,2.387622353566626,2.3398692810457518,34.0,18.0,21.7443,83.31139705882353,0.2727272727272727,0.0
IND000000ACT,IND000000ACB,71,1.275,1.6739050447159654,1.730357142857143,54.0,42.0,43.6907,1017.5639144736843,0.39436619718309857,0.5352112676056338
IND000000ACT,IND131028AAB,32,1.6339285714285716,1.6826971299838496,1.9315134099616857,91.5,56.0,43.56815,166.1621621621621,0.25,0.0
IND000000ACT,IND160002AAC,14,2.0558510638297873,2.096074545262182,2.1692833447723636,386.5,188.0,226.23829999999998,34.04995800671895,0.07142857142857142,1.0
IND000000ADV,IND600044AAC,11,2.0526315789473686,2.046877020561231,2.108108108108108,76.0,37.0,47.9367,0.0,0.0,0.0
IND000000AEL,IND000000ACB,15,1.8305084745762712,2.216080811809379,2.1008028545941126,108.0,58.0,63.1451,312.70000000000005,0.26666666666666666,0.0
IND000000AEM,IND110037AAB,11,4.421052631578948,4.506817957395621,5.170089858793325,168.0,39.0,39.8704,363.8901315789473,0.5454545454545454,0.0
IND000000AEM,IND110064AAB,11,2.0925925925925926,2.0105110687646572,2.1363636363636367,113.0,55.0,53.1621,6.473668981481495,0.09090909090909091,0.0
IND000000AET,IND000000AAS,8,2.4646938775510203,2.399138013901213,2.5264945652173916,119.0,48.5,68.7217,0.0,0.0,1.0
IND000000AFF,IND734203AAA,3,4.842105263157895,4.5964912280701755,4.894736842105264,92.0,19.0,27.8663,61.03750000000001,1.0,1.0
IND000000AFJ,IND695121AAA,13,1.0740740740740742,1.062713127328512,1.1538461538461537,28.0,26.0,18.5917,0.0,0.0,0.0
IND000000AFR,IND683511AAA,6,2.171875,2.46665738265003,2.5390625,70.5,32.0,28.6496,60.08437500000001,0.3333333333333333,0.0
IND000000AFT,IND400072AAB,6,1.9236842105263157,1.892690058479532,1.986842105263158,36.0,19.0,21.3712,0.0,0.0,0.0
IND000000AFT,IND410209AAA,22,2.2583333333333333,2.322276726896292,2.3645833333333335,31.5,14.5,17.6959,45.606944444444444,0.13636363636363635,0.0
IND000000AFT,IND410210AAA,9,3.6,3.1618626337924582,3.8461538461538463,50.0,15.0,17.2955,41.26857142857145,0.5555555555555556,0.0
IND000000AFT,IND421302AAG,9,2.238095238095238,3.020594488710431,3.590909090909091,48.0,21.0,23.1841,160.58622448979594,0.4444444444444444,0.0
IND110014AAA,IND110024AAA,9,3.4285714285714284,3.5796657046657043,3.8333333333333335,34.0,11.0,11.2342,36.55000000000003,0.5555555555555556,0.0
IND110020AAB,IND110037AAM,4,3.937747035573123,5.447477121390165,6.872542997542998,88.0,23.5,26.3062,489.35101010101016,0.5,0.0
IND110024AAA,IND110014AAA,9,2.0,2.248236331569665,2.875,14.0,7.0,9.7226,19.300000000000008,0.4444444444444444,0.0
IND110030AAD,IND000000ACB,7,3.106382978723404,3.932888677254083,4.9071895424836605,146.0,47.0,45.9485,439.9145390070922,0.7142857142857143,0.0
IND110037AAK,IND000000ACB,34,2.1578947368421053,3.65304231058875,3.4155405405405403,82.0,38.0,38.8121,2704.685829959514,0.4411764705882353,0.0
IND110037AAM,IND000000ACB,12,1.5424418604651162,1.5790936776401894,1.6046511627906976,66.5,43.0,44.05995,6.0714705882353,0.08333333333333333,1.0
IND110037AAM,IND110020AAB,6,3.880740740740741,4.683964862298196,5.368076923076924,100.5,25.5,26.762549999999997,205.0667878787879,0.6666666666666666,0.0
IND110037AAM,IND110024AAA,11,2.72,2.642596984336115,2.808876811594203,66.0,24.0,24.7317,19.145250000000004,0.18181818181818182,0.0
IND110037AAM,IND110035AAC,25,2.238095238095238,2.890531560630632,3.3529411764705883,47.0,21.0,18.7921,455.57619047619045,0.44,0.0
IND110037AAM,IND110085AAB,14,2.0384615384615383,2.6620995353148227,2.490802675585284,49.5,24.5,22.31185,241.7631578947369,0.35714285714285715,0.0
IND110037AAM,IND121004AAB,35,2.2142857142857144,2.5528863020446573,3.358974358974359,65.0,27.0,28.9512,439.8125,0.45714285714285713,0.0
IND110037AAM,IND201007AAA,6,2.492016806722689,2.5746000201882553,2.6210084033613446,88.0,34.5,30.137050000000002,20.7873605805959,0.3333333333333333,0.0
IND110037AAM,IND201301AAD,3,4.5675675675675675,4.107593307593308,4.76949806949807,169.0,37.0,32.6532,97.67702702702704,0.6666666666666666,0.0
IND110037AAM,IND201301AAF,5,2.1538461538461537,2.1389914749349925,2.2564102564102564,84.0,39.0,35.1773,12.850000000000023,0.2,0.0
IND110037AAM,IND202001AAB,20,1.8724508050089446,1.9426263335023237,1.9982271634615385,241.0,129.0,153.00295,159.5097674418605,0.1,1.0
IND110037AAM,IND209304AAA,18,2.140273025377816,2.1905665638762875,2.21924973347548,717.0,335.0,465.3202,252.9891199743371,0.1111111111111111,1.0
IND110037AAM,IND421302AAG,13,2.0150451354062184,2.0797684762433515,2.093186372745491,2009.0,997.0,1367.7966,206.19582915412957,0.15384615384615385,1.0
IND110037AAM,IND811399AAA,7,2.1052631578947367,2.746873136400591,3.7205882352941178,80.0,36.0,32.1178,242.4561403508772,0.42857142857142855,1.0
IND110039AAA,IND110085AAB,3,3.7333333333333334,4.428968253968254,5.080952380952381,56.0,15.0,13.4506,58.862500000000004,1.0,0.0
IND110043AAA,IND000000ACB,5,5.05,4.872631578947368,5.342105263157895,202.0,38.0,39.2406,279.7650000000001,0.6,0.0
IND110043AAA,IND110078AAA,22,1.6978260869565216,1.9139002960149205,2.1488095238095237,37.5,21.5,18.98485,91.05092592592595,0.36363636363636365,0.0
IND110044AAB,IND000000ACB,59,1.7142857142857142,1.9144291752396003,2.0983606557377046,104.0,61.0,65.57560000000001,639.0236607142859,0.288135593220339,0.0
IND110044AAB,IND110030AAD,22,1.657142857142857,1.8723575036075035,1.953125,25.0,15.0,13.515799999999999,74.04190476190479,0.2727272727272727,0.0
IND110044AAB,IND110037AAM,3,2.0476190476190474,2.0089164941338855,2.143809523809524,43.0,23.0,24.686,0.0,0.0,0.0
IND110044AAB,IND131028AAB,28,1.7396925227113906,1.8221008267038472,2.130503144654088,93.0,53.0,43.7872,185.52640027105446,0.35714285714285715,0.0
IND110044AAB,IND201007AAA,11,2.5217391304347827,2.8652148247009905,2.8260869565217392,58.0,23.0,19.7873,85.62500000000003,0.45454545454545453,0.0
IND110044AAB,IND201301AAF,7,1.6111111111111112,2.3811791383219956,3.1476190476190475,29.0,14.0,12.7695,68.31782407407408,0.42857142857142855,0.0
IND110052AAA,IND000000ACB,10,1.6617866004962778,1.893538294143133,2.156389578163772,107.0,63.5,67.77295000000001,84.14430934656747,0.3,0.0
IND110064AAA,IND000000ACB,26,4.500725689404935,6.391224884084931,11.975859788359788,237.5,54.0,57.90565,4847.8948265368235,0.5,0.0
IND110078AAA,IND110043AAA,8,2.732919254658385,2.9036843591191417,3.261904761904762,60.0,21.0,19.5305,45.230769230769255,0.5,0.0
IND110085AAB,IND000000ACB,7,2.6984126984126986,3.4129268229210625,4.13054435483871,170.0,64.0,67.5514,402.51851851851853,0.42857142857142855,0.0
IND110085AAB,IND110039AAA,4,1.7380952380952381,1.759672619047619,2.359375,28.5,16.0,13.5774,7.351322751322755,0.5,0.0
IND110085AAB,IND110083AAA,3,4.0,3.711111111111111,4.133333333333333,56.0,15.0,11.9201,28.28750000000001,0.6666666666666666,0.0
IND110085AAB,IND110087AAA,3,2.0,2.1538461538461537,2.6923076923076925,26.0,13.0,11.7553,14.100000000000001,0.3333333333333333,0.0
IND110092AAC,IND000000ACB,6,2.196239151398264,2.185798490544623,2.338235294117647,144.0,68.0,69.1793,33.80641272902605,0.16666666666666666,0.0
IND121001AAA,IND121004AAB,22,1.9166666666666665,2.4906918838737018,2.9583333333333335,21.5,11.0,12.05885,134.47438271604943,0.4090909090909091,0.0
IND121002AAB,IND000000ACB,24,2.287878787878788,2.7458533342585234,2.8941761363636367,150.5,65.0,75.8562,974.777115987461,0.375,0.0
IND121004AAA,IND121004AAB,9,2.2666666666666666,3.0393722018722023,2.6666666666666665,32.0,14.0,17.301299999999998,94.66285714285715,0.4444444444444444,0.0
IND121004AAB,IND000000ACB,21,1.8615384615384616,1.9404927126045755,1.953125,121.0,65.0,74.9798,102.5478402366864,0.09523809523809523,0.0
IND121004AAB,IND110037AAM,26,2.5592592592592593,2.795843743151435,2.871794871794872,66.0,25.5,28.9989,260.7447909199522,0.2692307692307692,0.0
IND121004AAB,IND121001AAA,19,1.8181818181818181,1.8318511897459266,2.0,20.0,11.0,11.509,15.024621212121215,0.15789473684210525,0.0
IND121004AAB,IND121004AAA,14,1.6923076923076923,1.8615280552780553,2.0,22.5,12.5,16.84585,23.311336032388667,0.21428571428571427,0.0
IND121004AAB,IND121004AAC,9,1.8461538461538463,2.3392094017094016,2.1666666666666665,26.0,13.0,16.6152,47.57857142857143,0.1111111111111111,0.0
IND121004AAB,IND121102AAA,28,1.9342672413793105,2.0737541493111555,2.282366071428571,59.0,29.0,40.3407,112.57272074190178,0.2857142857142857,0.0
IND121004AAC,IND121004AAB,3,8.7,7.214102564102563,9.196153846153845,87.0,12.0,15.2706,93.64437500000003,0.6666666666666666,0.0
IND121102AAA,IND121004AAB,11,4.2,4.379690998656516,5.155172413793103,124.0,29.0,40.2548,205.188125,0.5454545454545454,0.0
IND122001AAA,IND000000ACB,13,1.5294117647058822,1.6546378634613927,1.837837837837838,52.0,34.0,35.8336,55.53921568627452,0.23076923076923078,0.0
IND122001AAA,IND122001AAD,3,3.2,3.3123931623931626,3.3916666666666666,41.0,12.0,12.6033,17.387500000000003,1.0,0.0
IND122001AAD,IND122050AAA,8,2.113095238095238,2.2730733082706767,2.875,43.5,20.0,16.741149999999998,58.357142857142854,0.5,0.0
IND122001AAJ,IND507123AAA,9,0.9068975515463917,0.9094449970860714,0.9068975515463917,45.0,58.0,39.492,0.0,0.0,1.0
IND122004AAA,IND122413AAE,32,1.8,1.945160761888703,2.0846581875993637,63.0,35.0,36.35185,182.00054054054067,0.25,0.0
IND123001AAA,IND123401AAB,10,1.9558823529411766,1.983547237076649,2.1025210084033614,67.5,34.5,44.05245,11.216176470588223,0.1,1.0
IND123401AAB,IND123106AAB,10,1.96,1.9276199095022624,2.025,98.0,50.0,53.46755,0.0,0.0,1.0
IND124103AAA,IND127021AAA,6,1.9230769230769231,1.955732946298984,2.0424528301886795,100.0,52.0,74.34125,0.9090909090909065,0.16666666666666666,1.0
IND124112AAA,IND125033AAA,3,1.8,1.773690932311622,1.8827586206896552,54.0,29.0,36.5079,0.0,0.0,1.0
IND124141AAA,IND000000ACB,7,1.9746835443037976,1.9557549575126212,2.088607594936709,156.0,79.0,92.8497,0.0,0.0,1.0
IND124507AAA,IND131028AAB,9,2.260869565217391,2.552692469902615,2.825,104.0,45.0,36.9301,111.25714285714292,0.4444444444444444,1.0
IND125001AAA,IND000000ACB,6,2.0037589828634603,2.050138294731916,2.0967970367142392,270.5,136.5,171.31945000000002,50.879324589175326,0.16666666666666666,1.0
IND125001AAA,IND110037AAM,6,3.545341474445952,3.6220789989446707,3.6252826775214833,471.5,132.0,172.47105,364.1512273344028,0.8333333333333334,1.0
IND125001AAA,IND125047AAB,6,2.0424603174603173,2.0270683020683022,2.0785714285714287,72.5,35.0,41.82770000000001,0.0,0.0,1.0
IND125001AAA,IND335513AAA,5,1.7466666666666666,1.7537812939834363,1.8543046357615893,262.0,150.0,179.062,0.0,0.0,1.0
IND125001AAA,IND335524AAA,4,1.8906134515890614,1.9111456914131026,1.9664634146341462,311.0,164.5,167.6989,0.0,0.0,1.0
IND125005AAA,IND000000ACB,5,1.927007299270073,1.9270180334907685,2.0073529411764706,264.0,137.0,171.9355,0.0,0.0,1.0
IND125005AAA,IND125047AAB,3,2.1714285714285713,2.1445378151260504,2.1739495798319326,74.0,35.0,42.031400000000005,0.0,0.0,1.0
IND125005AAA,IND335513AAA,3,1.7733333333333334,1.7751528709917972,1.796062639821029,266.0,150.0,179.057,0.0,0.0,1.0
IND125033AAA,IND125001AAA,3,2.0,1.9948400412796696,2.1764705882352944,34.0,17.0,21.2745,0.9000000000000057,0.3333333333333333,1.0
IND125047AAB,IND125051AAA,8,2.1842105263157894,2.1696725878790186,2.3270278450363198,126.0,57.5,69.07114999999999,0.0,0.0,1.0
IND125051AAA,IND125111AAA,4,1.0489583333333332,1.0351897204806688,1.0758620689655172,32.0,31.0,21.792,0.0,0.0,1.0
IND125121AAA,IND125001AAA,3,3.9,3.3337164750957853,3.9833333333333334,117.0,30.0,36.9483,51.837500000000006,0.6666666666666666,1.0
IND126112AAA,IND131028AAB,14,2.3768075117370895,2.5412515014898487,3.1228053251012926,171.5,73.0,90.0516,294.7852171979244,0.2857142857142857,1.0
IND127021AAA,IND127201AAA,3,2.1052631578947367,2.0179937022042282,2.1551956815114712,80.0,39.0,55.6692,0.0,0.0,1.0
IND131021AAA,IND131028AAA,42,1.696969696969697,1.778486368239912,2.0833333333333335,18.0,12.0,13.2862,49.86015473887814,0.38095238095238093,0.0
IND131028AAB,IND000000ACB,74,2.0210526315789474,2.258980081376636,2.7098322000438695,192.0,96.0,89.0553,1936.380493004664,0.33783783783783783,0.0
IND131028AAB,IND110037AAM,6,2.2650496785505556,2.3246540716335127,2.4992933860938384,132.5,57.5,49.28985,36.38028000637584,0.3333333333333333,0.0
IND131028AAB,IND124001AAB,3,1.75,1.7079124579124578,1.7840909090909092,98.0,55.0,66.40910000000001,0.0,0.0,1.0
IND131028AAB,IND124507AAA,10,1.9404761904761905,2.1397042065899496,2.3095238095238098,83.0,42.0,36.71885,57.95000000000003,0.3,1.0
IND131028AAB,IND136118AAA,15,1.9893617021276595,2.1401124909197966,2.105053191489362,187.0,95.0,128.6969,178.28922872340436,0.13333333333333333,1.0
IND131028AAB,IND160002AAC,26,1.7595419847328244,1.7764179876894786,1.854964221824687,230.5,130.0,181.96365,69.08225806451617,0.038461538461538464,1.0
IND131028AAB,IND201204AAA,7,2.0,2.0884283731994184,2.377881205673759,94.0,47.0,63.058800000000005,28.600000000000023,0.2857142857142857,1.0
IND131028AAB,IND244001AAA,13,1.9440993788819876,2.5030009781053524,3.5217391304347827,313.0,159.0,201.429,1163.3321428571426,0.46153846153846156,1.0
IND131028AAB,IND244235AAA,15,1.8429752066115703,1.967615047644854,2.1926568215688933,223.0,122.0,153.6983,221.69173553718997,0.26666666666666666,1.0
IND131028AAB,IND247667AAA,3,1.8214285714285714,1.852646575871728,1.9548319327731094,255.0,140.0,163.7787,0.0,0.0,1.0
IND131028AAB,IND247667AAB,10,1.879078014184397,1.873890577507599,1.928951367781155,264.0,140.0,163.82690000000002,0.0,0.0,1.0
IND131028AAB,IND251001AAA,10,1.930565088080531,1.9093792048935938,1.9764785675529029,181.5,95.0,117.0308,0.0,0.0,1.0
IND132103AAA,IND131028AAB,3,2.913793103448276,3.291850069797143,3.526663993584603,169.0,45.0,59.3272,80.66530172413798,1.0,1.0
IND132103AAA,IND132001AAA,4,1.8440476190476192,1.7928264303264303,1.9299242424242424,63.5,35.5,39.1148,0.0,0.0,1.0
IND132103AAB,IND131028AAB,5,4.119047619047619,3.835864859777903,4.673913043478261,173.0,44.0,58.1426,193.56428571428577,0.6,1.0
IND133004AAA,IND135001AAA,5,1.6363636363636365,1.651043771043771,1.6851851851851851,90.0,54.0,56.6907,0.0,0.0,1.0
IND134102AAA,IND174103AAA,11,2.7857142857142856,2.9687645687645685,3.5,39.0,14.0,20.0001,44.51562500000003,0.45454545454545453,1.0
IND134109AAA,IND160002AAC,9,12.08108108108108,10.884551217884551,12.08108108108108,447.0,36.0,43.3862,1056.6882239382242,0.8888888888888888,0.0
IND134203AAA,IND140501AAA,10,1.5875,1.6625419905297953,1.752439024390244,63.5,40.5,49.072900000000004,6.666249999999991,0.1,0.0
IND135001AAA,IND173025AAA,9,2.311111111111111,2.3742410226221513,2.3636363636363638,104.0,45.0,58.6111,32.15000000000002,0.1111111111111111,1.0
IND136027AAA,IND132039AAA,14,1.9264705882352942,2.258042316025509,2.4309523809523808,66.0,35.0,39.973749999999995,157.77213622291032,0.2857142857142857,1.0
IND136118AAA,IND136128AAA,15,1.3703703703703705,1.3998747187252936,1.438423645320197,38.0,28.0,28.594,0.0,0.0,1.0
IND136128AAA,IND136027AAA,15,2.1,2.113633072580441,2.182539682539683,42.0,20.0,28.843,0.2750000000000057,0.06666666666666667,1.0
IND140001AAA,IND140118AAA,12,1.7611408199643495,1.782155854766149,1.8373440285204992,59.0,33.0,39.724050000000005,0.0,0.0,1.0
IND140118AAA,IND160002AAC,13,1.6952380952380952,1.6590876379337918,1.7714285714285714,177.0,105.0,125.2077,6.077777777777811,0.07692307692307693,1.0
IND140301AAA,IND140001AAA,13,1.6666666666666667,1.808846153846154,2.0833333333333335,40.0,24.0,26.856900000000003,15.199074074074097,0.38461538461538464,1.0
IND140301AAA,IND140901AAA,12,2.133928571428571,2.149404761904762,2.2072916666666664,32.0,15.0,16.18535,4.277941176470591,0.08333333333333333,0.0
IND140401AAA,IND142401AAA,3,1.5757575757575757,1.5672857608341477,1.578201368523949,51.0,33.0,44.9258,0.0,0.0,1.0
IND140406AAA,IND140401AAA,7,1.5833333333333333,1.5471223571887527,1.7173913043478262,38.0,24.0,30.5845,3.50833333333334,0.14285714285714285,1.0
IND140501AAA,IND160002AAC,11,2.5294117647058822,2.8961487042369396,3.45625,39.0,15.0,19.7625,70.60459558823533,0.36363636363636365,0.0
IND140901AAA,IND160002AAC,13,1.8085106382978724,1.8502277093858963,1.934782608695652,86.0,47.0,57.1876,13.375000000000014,0.07692307692307693,0.0
IND140901AAA,IND160055AAA,13,1.8571428571428572,1.9824220023315047,2.066666666666667,26.0,14.0,13.9013,19.6527777777778,0.15384615384615385,0.0
IND141003AAB,IND000000ACA,7,1.8181818181818181,1.8885543028400171,2.337662337662338,20.0,11.0,15.2594,11.795454545454554,0.2857142857142857,0.0
IND141003AAB,IND142026AAA,15,1.6774193548387097,1.650157624633431,1.7033235581622679,56.0,33.0,42.215900000000005,0.0,0.0,1.0
IND141109AAA,IND000000ACA,11,1.375,1.4834902695610501,1.7115147783251232,77.0,56.0,59.7947,42.743750000000006,0.18181818181818182,1.0
IND141115AAA,IND000000ACA,14,1.4488095238095238,1.4902313171399713,1.6123529411764705,42.0,30.0,29.4784,10.023684210526326,0.14285714285714285,1.0
IND142001AAB,IND152026AAA,20,1.6693548387096775,1.6326648446484182,1.7178278688524589,103.5,62.0,79.8751,13.272580645161298,0.05,1.0
IND142026AAA,IND141109AAA,12,1.3797619047619047,1.4285888331940964,1.5107142857142857,49.5,35.5,23.851,0.0,0.0,1.0
IND142401AAA,IND000000ACA,5,1.75,1.920701754385965,2.0,35.0,20.0,28.5099,5.875,0.2,1.0
IND143001AAA,IND144001AAB,14,2.0327868852459017,2.171426670519176,2.2894932935916543,131.0,65.0,85.9881,80.41018119068167,0.21428571428571427,1.0
IND144001AAA,IND144040AAA,11,1.85,2.1259170653907495,1.9723684210526313,36.0,20.0,26.2995,54.562343750000004,0.18181818181818182,1.0
IND144001AAB,IND000000ACA,16,2.19811320754717,2.251702213132111,2.4004415897230027,114.0,53.0,75.5367,41.70000000000002,0.1875,1.0
IND144001AAB,IND143001AAA,12,1.503129513721714,1.5561197528219364,1.5720938897168404,97.5,64.5,85.98175,2.717225070095438,0.08333333333333333,1.0
IND144001AAB,IND144401AAB,11,1.5,1.6423852918988227,2.083333333333333,18.0,14.0,14.4596,22.242187500000007,0.36363636363636365,0.0
IND144001AAB,IND144601AAA,3,3.6875,4.236519607843138,4.6672794117647065,59.0,16.0,19.5231,60.641015625000016,1.0,1.0
IND144001AAC,IND000000ACA,9,1.9245283018867925,2.066853363081626,2.1052631578947367,96.0,54.0,76.2764,71.89326145552562,0.2222222222222222,0.8888888888888888
IND144001AAC,IND160002AAC,12,2.568781605562579,2.599668878248753,2.673722290640394,289.0,114.5,161.1946,145.9225422027218,0.25,0.0
IND144040AAA,IND144001AAB,7,2.25,2.134207998989069,2.331269349845201,44.0,19.0,27.7996,0.0,0.0,1.0
IND144401AAB,IND144001AAB,13,2.0,2.187252918022149,2.4444444444444446,22.0,11.0,13.544,25.000000000000007,0.3076923076923077,0.0
IND144514AAA,IND141115AAA,5,1.75,1.654147465437788,1.8064516129032258,49.0,28.0,26.1322,0.0,0.0,1.0
IND144527AAA,IND141115AAA,4,1.8676470588235294,1.8599598930481283,1.8909313725490196,63.5,34.0,34.76015,0.0,0.0,1.0
IND145001AAA,IND176201AAA,6,1.6577380952380953,1.909361471861472,2.412202380952381,37.5,21.5,17.476149999999997,23.331737012987006,0.3333333333333333,1.0
IND147001AAB,IND147201AAA,6,1.3205619412515963,1.29276135741653,1.354064039408867,36.0,28.0,27.10445,0.0,0.0,1.0
IND147001AAB,IND160002AAC,7,7.090909090909091,6.249455433278962,8.857954545454547,234.0,33.0,45.262800000000006,449.74545454545455,0.5714285714285714,1.0
IND147001AAD,IND160002AAC,5,4.193548387096774,6.068299695244667,9.484848484848484,130.0,33.0,45.5683,460.0322580645162,0.8,1.0
IND147101AAA,IND147105AAA,6,1.4078674948240164,1.3856262939958592,1.467391304347826,32.0,23.0,25.80995,0.0,0.0,1.0
IND147105AAA,IND160002AAC,6,9.01764705882353,8.20066146940704,9.81764705882353,766.5,85.0,105.66295,979.6590909090911,0.8333333333333334,1.0
IND147201AAA,IND148023AAA,7,1.0909090909090908,1.1694648017360645,1.1695075757575757,36.0,33.0,30.3811,4.225000000000001,0.14285714285714285,1.0
IND148028AAA,IND147001AAB,9,1.849056603773585,1.8905914432643993,2.0754716981132075,98.0,53.0,65.1176,28.825876010781684,0.1111111111111111,1.0
IND151001AAA,IND148101AAA,4,1.396551724137931,1.4795771195867347,1.5798109010011123,81.0,58.5,61.1652,0.0,0.0,1.0
IND151001AAA,IND151302AAA,14,0.9068975515463917,0.9593965075972556,0.9068975515463917,33.0,41.0,54.7847,4.797898840206187,0.07142857142857142,1.0
IND151001AAA,IND160002AAC,15,1.5875,1.7299488496138842,1.861197356898336,254.0,159.0,203.4229,165.73843749999997,0.13333333333333333,1.0
IND151302AAA,IND151505AAA,13,0.9210526315789473,0.9833454286489419,1.0263157894736843,35.0,38.0,44.0123,0.0,0.0,1.0
IND151505AAA,IND151506AAA,5,1.7692307692307692,1.6470773160428334,2.0,46.0,27.0,33.994699999999995,2.482692307692311,0.2,1.0
IND151506AAA,IND151001AAA,11,1.4594594594594594,2.108495783912341,2.3414355914355918,108.0,74.0,82.5825,472.8891891891893,0.45454545454545453,1.0
IND152026AAA,IND000000ACA,13,4.710743801652892,4.61497087115567,4.786885245901639,570.0,121.0,160.3886,282.1193755739214,0.6153846153846154,1.0
IND152026AAA,IND151001AAA,6,1.0276157804459691,1.0442109330989473,1.1181818181818182,55.5,54.0,51.81529999999999,0.0,0.0,1.0
IND160002AAC,IND000000ACA,25,1.9682539682539681,1.9588725457457412,2.0483870967741935,127.0,63.0,89.93839999999999,1.01666666666668,0.04,1.0
IND160002AAC,IND000000ACB,54,1.9716198694446927,2.101746680044069,2.2189484038272376,416.5,211.5,280.391,1104.6001056006633,0.2037037037037037,1.0
IND160002AAC,IND110037AAM,7,1.8054054054054054,1.828558973720264,1.9378378378378378,334.0,185.0,229.3549,0.0,0.0,1.0
IND160002AAC,IND131028AAB,12,1.9154387833599622,1.9255024686071343,1.9574239713774597,249.0,129.5,182.03404999999998,24.69233926128595,0.08333333333333333,1.0
IND160002AAC,IND140301AAA,14,1.4468085106382977,1.6896392229417205,1.6329787234042552,68.0,47.0,63.0595,118.62597984322517,0.21428571428571427,1.0
IND160002AAC,IND140603AAA,17,1.2413793103448276,1.424949290060852,1.4482758620689655,36.0,29.0,38.4227,48.39999999999998,0.23529411764705882,0.0
IND160002AAC,IND140901AAA,15,1.6595744680851063,1.9386550519066708,2.1132246376811596,78.0,47.0,56.9173,196.81276595744683,0.26666666666666666,0.0
IND160002AAC,IND142001AAB,12,1.8272542372881357,1.8196672819908597,1.8731484119071355,221.0,119.5,165.5995,0.0,0.0,1.0
IND160002AAC,IND143001AAA,11,1.9830508474576272,2.0053116983526817,2.060053205465055,354.0,176.0,246.7401,0.0,0.0,1.0
IND160002AAC,IND144001AAB,9,2.1621621621621623,2.3712736867724473,2.2432432432432434,245.0,118.0,167.2044,223.1669884169885,0.2222222222222222,1.0
IND160002AAC,IND147001AAB,3,2.0555555555555554,2.0868658574540926,2.1160130718954244,74.0,35.0,46.7842,0.0,0.0,1.0
IND160002AAC,IND147001AAD,7,2.0526315789473686,2.0156784005468213,2.124401913875598,71.0,38.0,52.5001,3.270175438596482,0.14285714285714285,1.0
IND160002AAC,IND147101AAA,7,2.176470588235294,2.1766728787629375,2.360579551667578,132.0,59.0,73.8163,19.702205882352956,0.2857142857142857,1.0
IND160002AAC,IND151001AAA,13,1.725609756097561,1.7189782092799484,1.7579617834394905,274.0,158.0,204.071,0.0,0.0,1.0
IND160002AAC,IND160055AAA,14,1.0822259136212624,1.1881522221742549,1.1296511627906978,44.5,42.0,33.97030000000001,37.12619339045287,0.14285714285714285,0.0
IND160002AAC,IND160102AAC,24,1.7680672268907562,1.8841182931700173,2.223529411764706,61.0,35.0,44.63235,85.66595769342229,0.375,0.0
IND160002AAC,IND173212AAA,13,2.1704545454545454,2.1989739924090057,2.438202247191011,191.0,88.0,102.5093,68.42500000000007,0.23076923076923078,1.0
IND160002AAC,IND174001AAA,11,2.0431654676258995,2.2422685228440624,2.2204671045772075,286.0,139.0,180.6741,252.7807553956834,0.18181818181818182,1.0
IND160002AAC,IND174307AAA,13,1.3555555555555556,1.3944790048706919,1.4111111111111112,245.0,180.0,194.4836,0.0,0.0,1.0
IND160002AAC,IND184104AAA,5,1.904564315352697,1.9156564298277068,1.9791666666666667,459.0,241.0,307.6147,0.0,0.0,1.0
IND160055AAA,IND160002AAC,14,1.3510452961672472,1.5005213458043456,1.6363095238095238,56.0,41.0,34.0367,65.23796534017977,0.21428571428571427,0.0
IND160102AAC,IND160002AAC,24,2.014705882352941,2.0491133417604006,2.208823529411765,67.5,34.0,44.51845,86.35456389452338,0.16666666666666666,0.0
IND160102AAD,IND160002AAC,6,1.6617647058823528,1.6204879679144384,1.7219251336898396,56.0,33.5,44.046350000000004,0.0,0.0,0.0
IND160102AAD,IND160002AAD,3,2.1176470588235294,2.224400871459695,2.5588235294117645,72.0,34.0,44.446,22.075000000000003,0.3333333333333333,0.0
IND173025AAA,IND160002AAC,8,2.239009900990099,2.372569153974221,2.6441414141414143,225.0,100.0,106.6836,102.25635948210217,0.375,1.0
IND173212AAA,IND173220AAA,5,3.3076923076923075,3.2189458689458688,3.4285714285714284,86.0,28.0,36.8201,27.74230769230772,0.6,1.0
IND174001AAA,IND175018AAA,10,2.566951566951567,2.7751729751729752,2.880952380952381,68.0,27.0,38.16155,59.6564102564103,0.4,1.0
IND174021AAA,IND176048AAA,11,2.1333333333333333,2.1179955612714236,2.264957264957265,60.0,27.0,28.7706,22.296666666666667,0.18181818181818182,1.0
IND174101AAB,IND160002AAC,9,2.6184210526315788,2.5865671942669994,2.961038961038961,199.0,77.0,93.2949,99.54271616541382,0.4444444444444444,1.0
IND174307AAA,IND176041AAA,11,1.1818181818181819,1.2825907622767911,1.2685185185185186,66.0,54.0,36.5139,23.809375000000017,0.18181818181818182,1.0
IND175001AAA,IND175101AAA,10,1.933859649122807,2.038325390062953,2.136756756756757,146.0,74.5,63.6836,42.3568479532164,0.2,1.0
IND175015AAA,IND174001AAA,13,7.2631578947368425,7.394949390834361,7.625954198473282,966.0,131.0,121.195,1311.6175438596483,0.9230769230769231,1.0
IND175018AAA,IND175001AAA,9,3.1176470588235294,3.1789135829770507,3.3157894736842106,45.0,15.0,22.5439,33.045588235294126,0.4444444444444444,1.0
IND176048AAA,IND175015AAA,11,2.021505376344086,1.978297385256344,2.0795072788353863,188.0,95.0,78.5847,4.518750000000011,0.09090909090909091,1.0
IND176110AAB,IND177033AAA,9,2.1,2.0468480557468323,2.2413793103448274,63.0,30.0,27.3424,0.15607142857142264,0.1111111111111111,1.0
IND176201AAA,IND176303AAA,9,1.6027397260273972,1.6518995184220666,1.7945205479452055,117.0,74.0,65.2679,0.6087084148727939,0.1111111111111111,1.0
IND176303AAA,IND176310AAA,10,1.335704291044776,2.4177939575577065,1.5490683229813664,90.0,69.0,45.695350000000005,2360.278416511194,0.1,1.0
IND176310AAA,IND145001AAA,13,6.177514792899408,6.140707552392612,6.313609467455621,1065.0,172.0,124.2269,1010.2739316239326,0.9230769230769231,1.0
IND177001AAA,IND176110AAB,7,1.8095238095238095,1.8615917458710347,1.95,38.0,22.0,24.0675,0.0,0.0,1.0
IND177033AAA,IND160002AAC,12,2.2345211740341355,2.482777446179045,2.9166447462815057,458.0,202.0,227.01605,907.287595935325,0.4166666666666667,1.0
IND181152AAA,IND184121AAA,4,1.4586693548387095,1.4641831622678396,1.5961174242424243,46.0,32.5,36.8043,0.0,0.0,1.0
IND181152AAB,IND181201AAB,3,3.217391304347826,3.0933333333333333,3.2486956521739128,74.0,23.0,32.1035,20.400000000000034,0.6666666666666666,0.0
IND181152AAB,IND184121AAA,3,1.71875,1.7291666666666667,1.8125,55.0,32.0,36.485800000000005,0.0,0.0,1.0
IND181201AAB,IND181152AAB,6,5.180602006688963,5.321554284416603,5.2451923076923075,131.0,25.0,32.6452,165.11188811188828,0.8333333333333334,0.0
IND184104AAA,IND160002AAC,3,1.868421052631579,1.864437294108634,1.886175591817973,426.0,229.0,300.5381,0.0,0.0,1.0
IND184121AAA,IND160002AAC,4,1.8680876720102142,2.102074762377642,2.156954887218045,496.0,265.5,340.5617,174.134213836478,0.25,1.0
IND201001AAA,IND201007AAA,4,3.2884615384615383,3.135989010989011,3.5096153846153846,43.0,13.5,10.6157,16.658119658119674,0.75,0.0
IND201007AAA,IND245304AAA,11,2.2162162162162162,2.1936173361077085,2.473684210526316,82.0,38.0,32.4253,29.428378378378383,0.2727272727272727,0.0
IND201007AAB,IND110044AAB,10,1.7543103448275863,1.7932731253420908,1.907936507936508,54.0,33.5,28.59585,16.18534482758622,0.2,0.0
IND201007AAB,IND201301AAF,5,2.933333333333333,3.0020588235294117,3.5625,44.0,16.0,13.0087,28.676666666666698,0.6,0.0
IND201204AAA,IND250002AAA,5,1.7619047619047619,1.8749896480331263,1.9130434782608696,37.0,21.0,23.0457,10.73809523809524,0.2,1.0
IND201301AAF,IND201304AAA,12,1.7951388888888888,2.109165888577653,1.86875,28.5,16.0,11.358550000000001,79.8607843137255,0.08333333333333333,0.0
IND201301AAF,IND203205AAA,13,2.1777777777777776,2.1421776291341508,2.2222222222222223,98.0,45.0,45.0309,5.711111111111109,0.15384615384615385,1.0
IND201301AAL,IND201301AAF,7,1.5416666666666667,1.579106634106634,1.62,40.0,26.0,23.3817,0.0,0.0,0.0
IND201301AAL,IND201307AAA,5,1.263157894736842,1.28406015037594,1.3,26.0,21.0,19.5069,0.0,0.0,0.0
IND201301AAM,IND000000ACB,21,3.0526315789473686,2.8866948845915252,3.220779220779221,232.0,78.0,80.25869999999999,194.01781376518215,0.23809523809523808,0.0
IND201304AAA,IND201301AAF,14,2.230769230769231,2.55521978021978,2.3653846153846154,30.0,13.0,11.4596,65.17813765182187,0.21428571428571427,0.0
IND201306AAA,IND201301AAF,7,2.9523809523809526,2.9807912638739706,3.3157894736842106,62.0,19.0,17.377599999999997,23.766666666666666,0.5714285714285714,0.0
IND201307AAA,IND201301AAL,20,1.4931818181818182,1.642593272456444,2.045108695652174,32.0,21.0,19.573349999999998,73.42318181818186,0.45,0.0
IND202001AAB,IND205001AAB,8,2.543269230769231,2.607216206123973,2.6099467886482453,264.5,104.0,136.7223,53.31523668639056,0.25,1.0
IND202001AAB,IND282002AAD,3,1.7792207792207793,1.948099671783882,2.126096876096876,137.0,76.0,96.7406,19.84561688311689,0.3333333333333333,1.0
IND202001AAC,IND204215AAA,4,2.8001672240802673,2.8063336120401337,2.9438405797101446,68.5,24.0,34.220699999999994,15.244871794871827,0.75,0.0
IND203001AAA,IND203131AAA,4,3.6826923076923075,3.6349067599067597,3.833333333333333,46.0,12.0,17.43265,24.078418803418813,0.75,1.0
IND203131AAA,IND203135AAA,11,1.5675675675675675,1.5556450266976583,1.6923897581792318,58.0,38.0,34.685,0.0,0.0,1.0
IND203135AAA,IND203396AAB,9,1.5517241379310345,1.7294101674986797,1.896551724137931,90.0,58.0,56.340900000000005,32.64285714285717,0.2222222222222222,1.0
IND203390AAA,IND201301AAF,14,2.5729166666666665,2.8263148703595995,2.7699739470256186,247.0,96.0,103.07,412.88064692982476,0.2857142857142857,1.0
IND203396AAB,IND203390AAA,11,1.358974358974359,1.4416083916083915,1.4871794871794872,53.0,39.0,43.4223,12.065625000000011,0.09090909090909091,1.0
IND204215AAA,IND207001AAA,6,3.1363636363636367,3.7467061923583658,3.5573122529644268,70.5,22.5,32.1965,110.14173553719004,0.5,0.0
IND205001AAB,IND205135AAA,7,2.025,3.9214968706945603,5.929878048780488,81.0,40.0,43.6495,516.9875000000001,0.42857142857142855,0.8571428571428571
IND205001AAB,IND209721AAB,4,2.2665505226480835,2.255226480836237,2.426829268292683,94.0,41.0,53.7641,4.114285714285728,0.25,1.0
IND205135AAA,IND283203AAA,8,2.3157894736842106,2.6094298245614036,2.9000000000000004,44.0,19.0,23.5077,55.11457489878544,0.375,0.875
IND206001AAA,IND000000ACB,13,1.9446808510638298,1.966509293307733,2.1077586206896552,457.0,232.0,309.9961,0.0,0.0,1.0
IND206122AAA,IND206001AAA,11,1.4893617021276595,1.4513435708543878,1.627659574468085,73.0,47.0,67.0545,0.7712765957446948,0.09090909090909091,1.0
IND207001AAA,IND207302AAA,6,1.6667682926829268,1.6542682926829269,1.6992378048780488,67.5,40.5,40.929500000000004,0.0,0.0,0.0
IND207247AAB,IND205001AAB,5,2.3333333333333335,2.140740740740741,2.4074074074074074,126.0,54.0,51.3904,0.0,0.0,1.0
IND207302AAA,IND202001AAB,6,5.019807923169267,4.7234352074163,6.539315726290516,249.5,50.0,68.3236,407.6692840772673,0.5,0.0
IND208012AAA,IND209304AAA,8,12.08108108108108,10.278816763191763,12.08108108108108,608.0,15.0,18.2444,3105.6097713097715,0.75,0.0
IND208017AAA,IND209304AAA,5,12.08108108108108,12.08108108108108,12.08108108108108,257.0,12.0,13.6978,711.9128378378379,1.0,0.0
IND208019AAA,IND209304AAA,3,9.6875,10.277027027027026,10.88429054054054,155.0,16.0,16.4902,243.853515625,1.0,0.0
IND209101AAA,IND209111AAA,10,1.1096618357487922,1.2962939635812492,1.4762228260869565,35.0,46.0,64.7833,15.860370370370386,0.2,1.0
IND209111AAA,IND285001AAD,15,2.3333333333333335,2.3300792521845155,2.68968253968254,84.0,36.0,49.9967,61.66250000000002,0.3333333333333333,1.0
IND209206AAB,IND210301AAA,11,2.2,2.5141552075375606,3.31875,31.0,15.0,21.9401,66.84750000000001,0.36363636363636365,0.0
IND209304AAA,IND000000ACB,24,1.9816840083538452,2.1153628382592076,2.28125,649.0,328.0,446.00014999999996,589.0580213501443,0.25,1.0
IND209304AAA,IND110037AAM,4,2.7997076023391814,2.7861595582308656,3.186744353552503,957.5,342.0,468.3402,389.930961663418,0.5,1.0
IND209304AAA,IND206122AAA,12,1.6632653061224492,1.7245754840397698,1.7457142857142856,81.5,49.0,70.2799,14.388235294117635,0.16666666666666666,1.0
IND209304AAA,IND208006AAA,7,1.44,1.9238632112975176,2.5017391304347827,74.0,25.0,30.5815,76.44800000000002,0.42857142857142855,0.0
IND209304AAA,IND208012AAA,13,2.0,1.6024508845965033,2.1333333333333333,35.0,16.0,18.8281,3.700000000000003,0.15384615384615385,0.0
IND209304AAA,IND208019AAA,13,4.8125,4.93023953171012,6.0,86.0,16.0,16.223,172.04687500000003,0.5384615384615384,0.0
IND209304AAA,IND209101AAA,11,2.6666666666666665,3.9214776012236907,5.346153846153847,65.0,15.0,21.5446,385.1041666666667,0.45454545454545453,1.0
IND209304AAA,IND209206AAB,12,0.9068975515463917,0.9794321701483089,0.9068975515463917,47.0,57.0,57.17705,15.478493291388716,0.08333333333333333,0.0
IND209304AAA,IND209801AAA,13,2.3636363636363638,2.7053937127733034,3.90625,126.0,34.0,48.0764,295.2080808080807,0.46153846153846156,0.0
IND209304AAA,IND211002AAB,14,1.6223021582733814,1.5945182663285906,1.7554347826086956,247.0,139.0,196.4495,8.78684210526319,0.07142857142857142,1.0
IND209304AAA,IND212601AAA,12,2.2164179104477615,2.133263631495229,2.3308823529411766,157.0,68.0,96.66810000000001,79.83178226514485,0.16666666666666666,1.0
IND209625AAA,IND241124AAB,6,1.3587412587412588,1.4218319822797436,1.4491180461329716,89.0,66.0,53.05175,4.748111888111879,0.16666666666666666,1.0
IND209721AAB,IND209625AAA,4,1.484375,1.503226461038961,1.5678571428571428,47.5,32.5,29.13815,0.0,0.0,1.0
IND209801AAA,IND209304AAA,4,12.08108108108108,9.744634340222575,12.08108108108108,736.0,32.5,46.540350000000004,1620.1024024024023,0.75,0.0
IND210001AAA,IND210427AAA,9,3.8157894736842106,3.734040124284027,3.857142857142857,147.0,40.0,54.7757,66.11184210526318,0.6666666666666666,1.0
IND210427AAA,IND209304AAA,8,3.3761045922062873,3.762769474823857,4.582479508196721,400.0,119.0,164.995,719.3694313509177,0.5,1.0
IND210431AAA,IND209304AAA,4,2.68125,3.060470779220779,3.455357142857143,298.0,111.0,125.91454999999999,268.80444444444436,0.5,1.0
IND210501AAB,IND209304AAA,10,2.6671046344959386,2.6400143334925943,3.0054945054945055,244.0,91.0,115.98855,83.63333333333344,0.4,0.0
IND211002AAB,IND209304AAA,10,1.8152173913043477,1.740953234722845,1.8623188405797102,253.5,138.0,196.00885,0.0,0.0,1.0
IND211002AAB,IND211011AAA,7,4.714285714285714,5.611072807501379,5.142857142857142,35.0,7.0,10.431,186.80416666666667,0.8571428571428571,0.0
IND211002AAB,IND211013AAA,7,5.071428571428571,5.3457482993197285,5.914285714285715,74.0,15.0,20.5758,99.87708333333339,1.0,0.0
IND211002AAB,IND485001AAC,13,2.473684210526316,2.50471059445922,2.5714285714285716,329.0,133.0,185.3955,89.54999999999995,0.15384615384615385,1.0
IND211008AAA,IND211002AAB,6,9.28125,9.92286036036036,11.52956081081081,148.5,16.0,22.83415,2001.6036931818182,1.0,0.0
IND211011AAA,IND212501AAA,8,3.904761904761905,4.203595317725752,4.872710622710622,82.0,21.0,30.671599999999998,118.425641025641,0.625,0.0
IND212402AAA,IND211002AAB,7,12.08108108108108,12.08108108108108,12.08108108108108,1047.0,36.0,49.256,5008.067792792793,1.0,0.0
IND212501AAA,IND212402AAA,8,1.72,1.7771739130434783,1.8,43.0,25.0,28.9581,2.657538461538472,0.125,0.0
IND212601AAA,IND210001AAA,12,2.312937062937063,2.3009380220057776,2.357985480943739,135.0,61.5,85.13395,30.987967914438485,0.08333333333333333,1.0
IND221010AAB,IND233001AAA,3,11.214285714285714,10.592282758949425,11.647683397683398,628.0,55.0,78.42460000000001,743.8459821428573,1.0,1.0
IND221706AAA,IND273014AAB,8,4.164634146341463,4.342586155740375,4.464859437751004,341.5,82.0,115.60625,352.81988742964376,0.875,1.0
IND223101AAB,IND222125AAB,3,2.107142857142857,2.067765567765568,2.178571428571429,59.0,28.0,30.059900000000003,0.0,0.0,1.0
IND224001AAA,IND224141AAB,10,3.037962962962963,3.2613221762134805,3.577294685990338,77.5,25.5,35.21725,84.31586419753081,0.5,0.0
IND224141AAB,IND224122AAA,13,3.0,3.2368710237131286,3.2,57.0,20.0,28.0708,79.68611111111113,0.3076923076923077,0.0
IND226004AAA,IND226016AAA,4,3.901656314699793,4.285967476235346,4.950228832951945,86.5,20.0,20.86035,83.57777777777781,0.5,0.0
IND231205AAA,IND231216AAA,3,3.3,2.9476190476190474,3.3499999999999996,66.0,21.0,22.9972,22.271875000000016,0.6666666666666666,1.0
IND231208AAA,IND231217AAA,6,1.8070652173913042,1.930253623188406,2.09375,42.5,23.5,33.65495,9.704545454545467,0.16666666666666666,1.0
IND231217AAA,IND231225AAB,7,2.4,2.4092307692307693,2.5092307692307694,61.0,26.0,36.3769,0.7916666666666714,0.14285714285714285,1.0
IND231225AAB,IND486886AAA,7,1.6296296296296295,1.6767480667480668,1.7453703703703702,44.0,27.0,23.9771,0.0,0.0,1.0
IND232101AAB,IND232104AAB,4,2.5487179487179485,2.8198135198135197,3.5821678321678325,35.0,12.0,14.962800000000001,31.069059829059835,0.5,0.0
IND233001AAA,IND275101AAA,3,3.4482758620689653,3.410727969348659,3.482758620689655,100.0,29.0,41.6421,42.637931034482776,1.0,1.0
IND241124AAB,IND242001AAA,3,2.0588235294117645,2.1041666666666665,2.1856617647058822,35.0,17.0,23.9561,0.0,0.0,1.0
IND242221AAA,IND207247AAB,5,3.10989010989011,2.8953113553113554,3.188888888888889,283.0,90.0,89.5042,62.75137362637378,0.6,1.0
IND242307AAB,IND242221AAA,5,1.4634146341463414,1.535191637630662,1.7317073170731707,60.0,41.0,50.1024,0.0,0.0,1.0
IND243001AAA,IND243503AAB,9,2.3846153846153846,2.6157549701611007,2.5925925925925926,62.0,27.0,27.5072,60.91538461538464,0.3333333333333333,1.0
IND243301AAB,IND244901AAB,7,1.2941176470588236,1.8825268038249783,1.4064908722109535,110.0,85.0,69.80860000000001,320.75,0.14285714285714285,1.0
IND243503AAB,IND244901AAB,7,2.772727272727273,3.7907217160948505,5.136363636363637,183.0,66.0,93.9184,563.9625000000001,0.42857142857142855,1.0
IND244001AAA,IND263153AAB,9,2.010989010989011,2.0410258535361625,2.2808988764044944,183.0,91.0,93.2759,3.9607142857143174,0.1111111111111111,1.0
IND244221AAA,IND131028AAB,15,1.9054054054054055,1.9125261611026225,2.078125,252.0,128.0,163.7988,41.78496621621633,0.2,1.0
IND244235AAA,IND244901AAB,14,0.9068975515463917,1.0618256236419714,1.1639777270131353,90.5,103.0,105.68435,27.504831066874658,0.07142857142857142,1.0
IND244301AAA,IND244412AAA,8,1.5727370689655173,1.570384274708524,1.6263440860215053,48.0,31.0,28.63365,0.0,0.0,1.0
IND244412AAA,IND243301AAB,8,0.9068975515463917,0.9068975515463917,0.9068975515463917,66.0,88.0,97.28999999999999,0.0,0.0,1.0
IND244501AAA,IND244601AAB,8,1.309920634920635,1.2752644254948522,1.4061667301103922,93.0,71.5,30.96275,0.0,0.0,1.0
IND244601AAB,IND244901AAB,8,1.2107253086419751,1.5629121737771525,1.8604825949367088,98.0,80.0,70.58879999999999,122.53814339981011,0.375,1.0
IND244713AAA,IND263401AAA,11,2.0,2.0774344232842257,2.195652173913044,44.0,23.0,24.3593,12.600000000000009,0.2727272727272727,1.0
IND244715AAA,IND244713AAA,11,0.9230769230769231,0.9553497029173577,0.9615384615384615,36.0,39.0,26.8346,0.0,0.0,1.0
IND244901AAB,IND243002AAA,10,2.2888888888888888,2.314106280193237,2.4420289855072466,103.0,45.0,60.579800000000006,14.533333333333374,0.1,1.0
IND244901AAB,IND244221AAA,14,0.9802436125965538,1.1347558464980287,1.161319073083779,98.5,99.0,90.54015,93.79691731557062,0.21428571428571427,1.0
IND244901AAB,IND244301AAA,7,0.9090909090909091,1.0515275220913107,1.0154545454545454,90.0,99.0,88.3978,13.181818181818215,0.14285714285714285,1.0
IND244901AAB,IND244921AAB,4,3.0434782608695654,3.3043478260869565,3.5434782608695654,70.0,23.0,28.130699999999997,60.499999999999986,0.75,0.0
IND244901AAB,IND246725AAB,9,1.176,1.172243523379022,1.2142857142857142,149.0,125.0,117.5051,0.0,0.0,1.0
IND245101AAA,IND245304AAA,15,2.3333333333333335,2.4077922351736394,2.934873949579832,42.0,18.0,14.9945,36.35000000000002,0.3333333333333333,0.0
IND245304AAA,IND201007AAA,13,2.6470588235294117,2.6305509939731797,2.8285714285714287,90.0,35.0,31.869,34.07107843137253,0.23076923076923078,0.0
IND245304AAA,IND245101AAA,14,1.7104166666666667,1.749350999140915,1.8760504201680672,26.5,16.0,15.96575,5.361513157894741,0.14285714285714285,0.0
IND246149AAA,IND249407AAA,11,2.689655172413793,3.047610724915472,3.2738095238095237,156.0,57.0,74.80380000000001,236.10129310344826,0.45454545454545453,1.0
IND246174AAA,IND246444AAB,11,1.1956521739130435,1.2497556734213426,1.350742041463691,110.0,93.0,62.274,17.60156250000003,0.09090909090909091,1.0
IND246424AAA,IND246174AAA,10,1.2563086548488007,1.9592230699345379,1.7445652173913042,175.0,138.0,92.3446,822.279103232534,0.3,1.0
IND246444AAB,IND246424AAA,11,1.4090909090909092,1.420999624655583,1.4761904761904763,60.0,42.0,28.4756,0.0,0.0,1.0
IND246701AAA,IND246763AAA,9,2.0,1.935897435897436,2.08,50.0,25.0,34.383300000000006,0.0,0.0,1.0
IND246725AAB,IND246701AAA,7,1.5142857142857142,1.4830295754665503,1.5290043290043291,53.0,35.0,38.0795,0.0,0.0,1.0
IND246761AAA,IND244501AAA,10,0.9068975515463917,0.9068975515463917,0.9068975515463917,46.0,99.0,59.060249999999996,0.0,0.0,1.0
IND246763AAA,IND246761AAA,11,2.5161290322580645,2.5656059342029867,2.709677419354839,77.0,31.0,43.7156,22.85806451612909,0.2727272727272727,1.0
IND247554AAA,IND248001AAA,9,1.193798449612403,1.185299693354041,1.2248062015503876,154.0,129.0,91.9635,0.0,0.0,1.0
IND247667AAA,IND249407AAA,10,2.1618421052631582,2.4039239110741035,2.89104621309371,84.0,38.0,31.53445,144.1527631578947,0.5,1.0
IND247776AAA,IND251309AAB,9,1.7777777777777777,1.7988953866146846,1.8888888888888888,32.0,18.0,24.5242,0.0,0.0,1.0
IND248001AAA,IND131028AAB,11,2.042654028436019,2.0779255752734325,2.1430384877965523,431.0,214.0,246.4435,146.25065165876788,0.09090909090909091,1.0
IND248001AAD,IND131028AAB,9,2.0787037037037037,2.2279753755817486,2.6842105263157894,449.0,212.0,245.4964,233.2691964285715,0.3333333333333333,0.4444444444444444
IND248122AAB,IND248001AAA,8,2.121977240398293,2.1285104244200355,2.35935441370224,72.5,37.5,34.982800000000005,2.3659481343691837,0.25,1.0
IND248197AAA,IND248122AAB,9,2.6774193548387095,2.765963141324465,2.8043478260869565,122.0,45.0,43.3002,66.28951612903234,0.3333333333333333,1.0
IND249201AAA,IND249407AAA,12,8.166666666666668,8.1238834988835,12.08108108108108,220.5,27.0,21.9481,1622.7529411764706,0.5,1.0
IND249407AAA,IND131028AAB,13,2.7430167597765363,2.798493407334023,3.146067415730337,491.0,178.0,194.8324,247.7661390440719,0.38461538461538464,1.0
IND249407AAA,IND246149AAA,13,2.3859649122807016,2.748502962272995,2.8275862068965516,136.0,58.0,75.7384,291.8977582846005,0.38461538461538464,1.0
IND249407AAA,IND249201AAA,11,2.0384615384615383,2.4228890430464642,2.2046703296703294,54.0,26.0,21.190900000000003,134.41814903846154,0.09090909090909091,1.0
IND250002AAA,IND131028AAB,5,2.0,2.4368532251553208,2.4558823529411766,132.0,67.0,81.0077,126.90000000000003,0.4,1.0
IND250611AAA,IND247776AAA,8,1.90282131661442,1.9232042150716087,1.9772727272727273,63.0,32.5,39.09065,0.0,0.0,1.0
IND251001AAA,IND247554AAA,10,1.8958333333333335,2.0695144927536235,2.253478260869565,46.0,24.0,25.49175,36.70972222222222,0.3,1.0
IND251309AAB,IND131028AAB,6,1.971825396825397,1.949010002041233,2.013888888888889,140.0,70.5,69.83850000000001,0.0,0.0,1.0
IND261001AAA,IND262701AAA,14,2.4787234042553195,2.531477321116544,2.813475177304965,116.5,47.0,51.318400000000004,42.12222844344902,0.42857142857142855,1.0
IND261201AAB,IND261001AAA,13,2.6363636363636362,2.7283865328220167,2.8125,84.0,32.0,37.4744,35.63207070707071,0.23076923076923078,1.0
IND262001AAA,IND262122AAB,4,2.022681451612903,2.0340679985337244,2.4826490713587486,63.5,32.5,43.1055,13.058064516129065,0.5,0.0
IND262501AAA,IND263153AAB,5,2.013953488372093,2.022372833036115,2.0833333333333335,433.0,215.0,233.8614,0.0,0.0,1.0
IND262701AAA,IND262802AAA,14,2.145833333333333,2.243271221532091,2.2418478260869565,51.0,24.0,33.394999999999996,31.0919956140351,0.14285714285714285,1.0
IND262802AAA,IND262723AAB,15,2.536231884057971,2.623820890675111,2.6956521739130435,175.0,69.0,92.7062,90.39999999999998,0.2,1.0
IND263002AAA,IND263645AAA,11,1.1645569620253164,1.2349289428535097,1.3434065934065935,103.0,84.0,55.7548,0.0,0.0,1.0
IND263139AAA,IND263153AAB,6,1.3617886178861789,1.8219850948509484,1.678810975609756,56.5,41.5,35.6109,98.21396895787139,0.16666666666666666,1.0
IND263153AAB,IND131028AAB,10,2.0087719298245617,1.9814517552805289,2.108592132505176,456.0,228.0,274.06719999999996,1.7599415204678053,0.1,1.0
IND263153AAB,IND244715AAA,11,1.5483870967741935,1.629281158696873,1.7634408602150538,144.0,93.0,80.53460000000001,27.306250000000006,0.09090909090909091,1.0
IND263153AAB,IND263002AAA,10,1.5238702817650185,1.6678183602731917,2.005612244897959,148.5,99.0,95.3921,55.18467127414502,0.3,1.0
IND263153AAB,IND263139AAA,7,2.261904761904762,2.3579766052762565,2.5303571428571425,95.0,41.0,35.443400000000004,66.46875000000001,0.2857142857142857,1.0
IND263401AAA,IND263153AAB,9,1.8205128205128205,2.0856500224921275,2.3684210526315788,71.0,39.0,40.2126,67.42500000000001,0.3333333333333333,1.0
IND263601AAA,IND262501AAA,8,1.9260940251998375,1.9614677958017894,2.0141276822604293,234.5,122.0,112.65629999999999,0.0,0.0,1.0
IND263645AAA,IND263601AAA,11,2.054054054054054,2.2034722603719605,2.181917211328976,104.0,51.0,50.0952,56.754560810810815,0.18181818181818182,1.0
IND271001AAA,IND271201AAA,5,3.5,5.153730227923776,3.857142857142857,128.0,32.0,43.4184,2347.0625,0.8,0.0
IND271201AAA,IND271210AAA,6,2.3666666666666667,2.305555555555556,2.4214285714285713,48.5,21.0,29.749250000000004,1.8700000000000117,0.16666666666666666,0.0
IND271210AAA,IND271001AAA,9,3.125,3.4458526318328753,3.617021276595745,150.0,47.0,67.5213,209.97767857142867,0.4444444444444444,0.0
IND272001AAA,IND273014AAB,4,1.707967707967708,1.6898972990745142,1.8626272376272377,129.0,75.5,107.22625,5.845310245310287,0.25,1.0
IND272207AAB,IND272153AAC,3,3.0588235294117645,3.036764705882353,3.117647058823529,52.0,17.0,22.9428,14.169117647058833,1.0,0.0
IND273014AAB,IND209304AAA,3,2.339100346020761,2.168893374343201,2.384827950788158,676.0,289.0,391.5147,0.0,0.0,1.0
IND273014AAB,IND273155AAA,3,1.9375,3.868055555555556,4.847537878787879,63.0,33.0,46.4485,180.989453125,0.3333333333333333,0.0
IND273014AAB,IND274001AAA,10,3.1865853658536585,3.1253658536585367,3.4966463414634146,129.0,41.0,57.10465,64.42776422764231,0.5,1.0
IND273014AAB,IND277303AAC,14,1.98,1.9952691571678176,2.0272277227722775,198.0,101.0,129.62475,25.128631578947363,0.07142857142857142,1.0
IND273304AAA,IND273014AAB,12,4.239754098360656,4.769491625606116,5.176229508196721,256.5,61.0,86.24709999999999,720.3122227579556,0.5833333333333334,0.0
IND274001AAA,IND274509AAB,8,2.108695652173913,2.4529347826086956,2.65,48.0,23.0,28.28585,55.38461538461538,0.375,1.0
IND274301AAB,IND273014AAB,10,4.583333333333334,5.033436067646594,5.189189189189189,169.5,37.0,52.06915000000001,337.05555555555543,0.7,1.0
IND274304AAA,IND274304AAB,4,5.038461538461538,4.884615384615385,5.153846153846153,63.0,13.0,19.49525,52.497435897435906,1.0,1.0
IND274304AAB,IND274301AAB,8,2.352941176470588,2.3402777777777777,2.5294117647058822,40.5,17.0,25.361649999999997,4.1040723981900555,0.125,1.0
IND275303AAA,IND276140AAA,4,2.1525735294117645,2.3262867647058822,2.390625,35.5,16.0,23.16285,9.952287581699352,0.25,1.0
IND275503AAA,IND275303AAA,4,4.26923076923077,4.230769230769231,4.5,55.5,13.0,18.88785,40.088888888888874,1.0,1.0
IND276128AAA,IND276305AAA,3,2.076923076923077,2.2298195631528963,2.3076923076923075,56.0,26.0,31.2945,5.337499999999999,0.3333333333333333,1.0
IND276305AAA,IND223101AAB,3,2.5185185185185186,2.2528395061728395,2.5192592592592593,63.0,25.0,27.6786,0.0,0.0,1.0
IND277201AAA,IND221706AAA,5,2.4545454545454546,2.611598746081505,2.8275862068965516,142.0,58.0,82.43169999999999,49.881818181818176,0.4,1.0
IND277211AAA,IND277201AAA,4,2.4523809523809526,2.4523809523809526,2.583333333333333,51.5,21.0,23.579349999999998,4.8444444444444485,0.25,1.0
IND277303AAC,IND277211AAA,6,1.4142156862745099,1.4380956033432815,1.4487612612612613,52.0,37.0,40.5045,0.0,0.0,1.0
IND281121AAB,IND110037AAM,9,2.0756302521008405,2.1195790934076078,2.152542372881356,247.0,119.0,152.82379999999998,46.2928571428572,0.2222222222222222,1.0
IND281401AAA,IND321022AAA,6,1.5549242424242424,1.648806614532421,1.65625,50.5,33.0,34.5028,12.354700413223156,0.16666666666666666,0.0
IND282001AAA,IND110037AAM,5,1.7541899441340782,1.8346368715083798,1.7988826815642458,314.0,179.0,233.202,74.60000000000002,0.2,0.4
IND282001AAF,IND283122AAB,12,2.447368421052632,2.541483918128655,2.9451754385964914,46.5,19.0,23.8627,34.61052631578948,0.3333333333333333,0.08333333333333333
IND282002AAD,IND474003AAA,3,1.6333333333333333,1.620526775515689,1.6621951219512194,196.0,121.0,121.6169,0.0,0.0,1.0
IND283122AAB,IND282005AAA,3,12.08108108108108,10.25102375102375,12.08108108108108,401.0,22.0,27.7435,1070.8640202702704,0.6666666666666666,0.0
IND283203AAA,IND110037AAM,10,2.2219387755102042,2.151534477673171,2.2793367346938775,435.5,196.0,257.866,0.0,0.0,0.9
IND284001AAA,IND284403AAA,5,1.5844155844155845,1.8326708379339958,2.051948051948052,122.0,77.0,102.4463,32.238961038961065,0.2,1.0
IND285001AAD,IND285205AAB,14,1.4933712121212122,1.540278043035396,1.7215909090909092,48.5,32.0,29.530099999999997,12.39624202551834,0.07142857142857142,1.0
IND285205AAB,IND210431AAA,4,2.38125,2.394212962962963,2.644212962962963,190.5,80.0,82.2774,35.32736111111117,0.5,1.0
IND301001AAB,IND321001AAB,8,1.695852534562212,1.6663684982290161,1.7535752979414951,108.0,65.0,74.20535,0.0,0.0,1.0
IND301019AAA,IND301705AAA,6,3.276595744680851,3.360698002605297,3.473404255319149,156.0,47.5,55.1292,77.01586073500977,0.8333333333333334,1.0
IND302004AAA,IND302014AAB,8,2.758928571428571,3.6892113095238095,5.41875,41.5,15.0,17.668100000000003,152.10054945054947,0.5,0.0
IND302006AAA,IND302014AAB,9,4.583333333333333,4.3978947341692445,5.909090909090909,54.0,12.0,14.0073,84.4732142857143,0.6666666666666666,0.0
IND302014AAA,IND000000ACB,13,1.9939024390243902,1.9554107269946237,2.0121951219512195,327.0,165.0,222.345,0.0,0.0,1.0
IND302014AAA,IND110037AAM,7,1.891089108910891,1.8347337821706897,1.9216572142651158,382.0,205.0,264.9664,0.0,0.0,1.0
IND302014AAA,IND301001AAB,14,1.8212733594089525,1.8827085960341368,2.0041105316529046,214.0,117.0,146.0325,13.767888103570556,0.07142857142857142,1.0
IND302014AAA,IND303702AAB,6,2.1842105263157894,2.3849527665317143,2.486842105263158,83.5,38.0,51.9977,33.418181818181836,0.3333333333333333,1.0
IND302014AAA,IND305001AAC,11,2.5233644859813085,2.551364819545601,2.641571478020076,275.0,108.0,145.4529,9.822429906542084,0.18181818181818182,1.0
IND302014AAA,IND313001AAB,8,1.9655532860747327,1.9840063581293363,2.062270297360508,567.0,287.5,405.52225000000004,12.345147921884745,0.125,1.0
IND302014AAB,IND302004AAA,20,2.2481617647058822,2.3313687404786476,2.9588815789473686,37.0,16.5,19.3843,120.69705882352949,0.45,0.0
IND302014AAB,IND302006AAA,12,1.9393382352941178,2.1348924291938998,2.0968750000000003,31.0,16.0,16.542949999999998,39.97577854671281,0.16666666666666666,0.0
IND302014AAB,IND302006AAC,15,2.6875,2.8529910529961007,3.1721014492753623,45.0,20.0,20.3918,107.02109375000003,0.4,0.0
IND302014AAB,IND302020AAA,13,2.0833333333333335,2.2959028151335845,2.4545454545454546,24.0,12.0,13.4545,36.10879629629632,0.38461538461538464,0.0
IND302014AAB,IND302023AAA,12,2.694508009153318,2.734421538447568,2.948369565217391,60.0,23.0,25.622549999999997,51.93808049535602,0.4166666666666667,0.0
IND302014AAB,IND302026AAA,13,3.8333333333333335,3.6451207719009577,5.0,69.0,18.0,19.3133,139.987037037037,0.5384615384615384,0.0
IND302014AAB,IND303008AAB,5,1.9230769230769231,1.8854514179042483,2.109090909090909,103.0,54.0,73.9501,0.0,0.0,0.0
IND302014AAB,IND303301AAB,8,1.3125,1.3513392857142859,1.5142857142857142,42.0,32.0,41.220349999999996,0.0,0.0,0.0
IND302014AAB,IND303901AAA,6,3.119047619047619,3.580513784461153,4.845238095238095,63.5,20.0,24.45015,136.8792207792208,0.5,0.0
IND302020AAA,IND302014AAB,13,2.888888888888889,3.9263791763791764,5.75,26.0,11.0,12.5845,194.32098765432096,0.46153846153846156,0.0
IND302022AAD,IND000000ACB,7,1.9090909090909092,1.9018781258643596,1.9239837398373982,314.0,165.0,222.3819,0.0,0.0,0.0
IND303002AAA,IND302014AAA,7,1.7142857142857142,2.0368371992795957,2.0405405405405403,61.0,35.0,48.2061,39.64166666666668,0.14285714285714285,1.0
IND303008AAB,IND303338AAB,5,1.5333333333333334,1.4813795103092784,1.6,44.0,30.0,32.7092,0.0,0.0,0.0
IND303106AAA,IND303002AAA,6,1.5108695652173914,1.5250354146235152,1.6661490683229814,30.0,20.0,27.092100000000002,0.0,0.0,1.0
IND303108AAB,IND303106AAA,6,1.5408602150537636,1.6429883512544803,1.7661290322580645,47.5,31.0,44.07705,0.0,0.0,1.0
IND303301AAB,IND303303AAA,10,1.4654761904761906,1.5372925625099538,1.6185770750988144,30.5,22.5,30.632199999999997,4.709682539682547,0.2,0.0
IND303303AAA,IND322230AAA,13,1.3506493506493507,1.4189250021233828,1.5324675324675325,104.0,77.0,97.0507,15.427777777777806,0.07692307692307693,0.0
IND303338AAB,IND303603AAB,5,0.9473684210526315,1.0550637208355942,1.2456140350877194,54.0,57.0,61.6722,0.0,0.0,0.0
IND303503AAA,IND302014AAB,8,1.7257053291536049,1.7863891400403404,1.842928112215079,97.5,57.5,79.6807,0.0,0.0,0.0
IND303603AAB,IND302014AAB,5,2.472972972972973,2.520992225101814,2.547945205479452,183.0,74.0,87.753,118.67500000000001,0.2,0.0
IND303702AAB,IND332001AAB,3,1.6774193548387097,1.6476361153780508,1.7016129032258065,104.0,62.0,84.5306,0.0,0.0,1.0
IND303702AAB,IND332404AAA,5,1.5416666666666667,1.5193333333333334,1.6,37.0,25.0,33.752199999999995,0.0,0.0,1.0
IND305001AAC,IND305802AAA,6,2.197037037037037,2.6100759734093066,3.233846153846154,57.0,26.0,29.92875,61.97301010101012,0.3333333333333333,1.0
IND305001AAC,IND305901AAA,12,2.1136363636363633,3.1787901278994792,3.6231060606060606,93.0,44.0,56.0382,617.0422459893048,0.3333333333333333,1.0
IND305001AAC,IND306401AAB,12,2.004032258064516,2.0850559395602524,2.254032258064516,245.5,123.0,166.5906,15.698055028462989,0.16666666666666666,1.0
IND305404AAA,IND305601AAC,9,1.4545454545454546,1.5572910249810836,1.5272727272727273,80.0,55.0,59.1595,45.88506493506493,0.1111111111111111,1.0
IND305601AAC,IND305001AAC,13,1.9705882352941178,2.066130601424719,2.4571428571428573,68.0,34.0,38.9285,54.797794117647086,0.3076923076923077,1.0
IND305624AAA,IND305404AAA,4,1.880281690140845,1.9277184848219753,2.0648893360160967,133.5,70.5,81.27265,13.283255086072018,0.25,1.0
IND305802AAA,IND341512AAA,4,2.090017825311943,2.196184126331185,2.276806526806527,70.0,35.0,38.345150000000004,15.505644682115289,0.25,1.0
IND305901AAA,IND342602AAC,4,1.8686502177068216,1.8552666672949694,2.1304195804195807,98.0,54.0,75.72975,3.192388324463792,0.25,1.0
IND306401AAB,IND302014AAA,11,2.0046082949308754,2.0401776963594416,2.115493440795679,431.0,216.0,302.7314,27.805731566820327,0.09090909090909091,1.0
IND306401AAB,IND305001AAC,15,2.935483870967742,3.0081812930494594,3.2357723577235773,364.0,123.0,166.96470000000002,128.9274193548389,0.4,0.0
IND306401AAB,IND342005AAD,15,1.6923076923076923,1.9515446862871275,2.2246963562753037,92.0,54.0,69.5512,147.31538461538463,0.26666666666666666,1.0
IND306401AAB,IND343001AAA,3,2.0344827586206895,1.919900833896777,2.0407707910750505,174.0,87.0,118.6815,0.0,0.0,1.0
IND311001AAA,IND313324AAA,5,1.8461538461538463,1.873846153846154,1.9230769230769231,120.0,65.0,89.73939999999999,0.0,0.0,1.0
IND311301AAA,IND305624AAA,3,4.142857142857143,4.677344877344877,5.101731601731602,145.0,35.0,47.2019,146.91696428571424,1.0,1.0
IND311302AAA,IND305624AAA,3,7.090909090909091,6.9658348187759955,7.2366310160427805,234.0,33.0,46.4767,247.45454545454547,1.0,1.0
IND312001AAA,IND311001AAA,13,1.565217391304348,1.5887796704439348,1.673913043478261,72.0,46.0,59.4752,0.0,0.0,1.0
IND312001AAA,IND312601AAA,4,1.3509316770186335,1.3727784616900323,1.6491596638655461,83.0,73.5,62.142300000000006,0.0,0.0,1.0
IND312403AAA,IND312001AAA,3,1.565217391304348,1.6295822676896847,1.7237851662404093,108.0,68.0,83.4139,0.0,0.0,1.0
IND312601AAA,IND458664AAA,4,1.2591463414634148,1.3728658536585365,1.426219512195122,51.0,40.5,36.815349999999995,0.0,0.0,1.0
IND312605AAB,IND313001AAB,5,2.2481751824817517,2.391852726492057,2.613138686131387,308.0,137.0,173.2019,55.700000000000045,0.4,1.0
IND312605AAB,IND458001AAB,7,1.8214285714285714,1.9669140383426098,2.1268939393939394,60.0,32.0,34.3671,18.466666666666697,0.2857142857142857,1.0
IND313001AAB,IND306401AAB,11,2.0492957746478875,2.063543932842704,2.1560283687943262,291.0,141.0,189.7273,16.865624999999966,0.09090909090909091,1.0
IND313001AAB,IND312001AAA,13,2.0759493670886076,2.0477988540184255,2.15,164.0,79.0,108.4147,0.0,0.0,1.0
IND313001AAB,IND327001AAB,4,3.377483443708609,3.1031936214708957,3.5204121645172535,510.0,151.0,212.76280000000003,214.16261957321564,0.75,1.0
IND313001AAB,IND382430AAB,7,2.141361256544503,2.2566779760264537,2.407190772251309,409.0,191.0,270.05240000000003,39.174999999999955,0.2857142857142857,1.0
IND313324AAA,IND313001AAB,14,1.7987588652482271,1.925056990881459,2.1197916666666665,85.5,48.0,65.0061,77.14087346024638,0.2857142857142857,1.0
IND321001AAA,IND321401AAB,6,1.259485924112607,1.2526884242306517,1.2907894736842105,49.5,38.5,42.0616,0.0,0.0,1.0
IND321001AAB,IND321001AAA,3,1.3103448275862069,1.4905450500556174,1.5906562847608452,40.0,31.0,32.796699999999994,0.0,0.0,1.0
IND321022AAA,IND121004AAB,7,3.180722891566265,3.0406524055405297,3.4047619047619047,264.0,83.0,106.9437,100.1571285140563,0.5714285714285714,0.0
IND321408AAB,IND321606AAA,3,1.96875,1.928921568627451,2.1875,63.0,32.0,37.8434,3.8312500000000114,0.3333333333333333,1.0
IND321606AAA,IND301001AAB,4,7.695652173913043,7.577578857630009,8.070332480818415,531.0,69.0,77.48645,649.9444444444447,1.0,1.0
IND322201AAA,IND303503AAA,9,1.7666666666666666,1.7978968193033202,1.8064516129032258,53.0,30.0,42.7044,25.792500000000004,0.1111111111111111,0.0
IND322230AAA,IND322241AAA,13,1.6071428571428572,1.7140681795854211,1.8518518518518519,45.0,28.0,32.2703,13.52480158730161,0.15384615384615385,0.0
IND322241AAA,IND322201AAA,12,2.3363636363636364,2.2626235177865612,2.5760869565217392,53.5,23.0,32.315650000000005,5.459679144385007,0.25,0.0
IND328001AAA,IND474003AAA,6,1.5819696084161308,1.6316481589713618,1.6853448275862069,92.5,58.5,60.5127,12.77092476489031,0.16666666666666666,1.0
IND331507AAA,IND302014AAA,3,2.4011976047904193,2.3938274600853062,2.4642351660315733,401.0,166.0,215.9508,8.952282934131745,0.3333333333333333,1.0
IND332001AAB,IND333042AAA,11,1.3658536585365855,1.9134763149521552,2.3210070810385526,56.0,39.0,38.3224,173.7413109756098,0.2727272727272727,1.0
IND332001AAB,IND334001AAB,7,1.65359477124183,1.7207488670048217,1.7532467532467533,253.0,154.0,213.5774,2.38368736383444,0.14285714285714285,1.0
IND332404AAA,IND332001AAB,7,1.4054054054054055,1.5061875061875063,1.5455192034139402,52.0,37.0,51.1163,1.8560810810810864,0.14285714285714285,1.0
IND333042AAA,IND333031AAA,8,1.608187134502924,1.6489960616708994,1.6442984079970382,119.0,73.5,83.0435,9.341655420602791,0.125,1.0
IND334001AAC,IND334803AAA,3,1.6222222222222222,1.6707070707070706,1.7333333333333334,73.0,45.0,60.5845,0.0,0.0,1.0
IND334803AAA,IND341001AAC,3,1.975,1.9392506142506143,2.136148648648649,79.0,37.0,53.403400000000005,0.2989062500000017,0.3333333333333333,1.0
IND335001AAA,IND125104AAA,6,1.824264705882353,1.8369325859739114,1.8729166666666666,149.5,80.0,109.62905,0.0,0.0,1.0
IND335051AAA,IND335513AAA,5,2.118811881188119,1.9966381932310877,2.38,214.0,100.0,110.4233,20.599999999999994,0.4,0.0
IND335513AAA,IND335001AAA,6,1.790516206482593,1.869191676670668,1.9240816326530612,89.5,50.0,62.9906,6.401576994434151,0.16666666666666666,1.0
IND335513AAA,IND335803AAA,4,1.293103448275862,1.4181203515889114,1.4459939148073022,37.5,29.5,32.02605,0.0,0.0,0.0
IND335703AAA,IND335701AAA,4,1.2633101851851851,1.336674031986532,1.4671717171717171,37.0,32.0,34.84875,0.0,0.0,0.0
IND335804AAD,IND335703AAA,4,1.1578947368421053,1.1970394736842105,1.3088815789473685,44.0,38.0,41.35525,0.0,0.0,0.0
IND341001AAC,IND341303AAA,4,1.5681372549019608,2.0429971988795517,2.113095238095238,132.5,84.0,98.33615,136.34130718954248,0.25,1.0
IND341303AAA,IND341306AAA,8,1.6733333333333333,1.8172435897435897,1.7604166666666667,42.0,24.5,34.0289,17.21066666666667,0.125,1.0
IND341306AAA,IND302014AAA,3,2.3529411764705883,2.3219197830232385,2.4308565531475748,400.0,171.0,217.0141,9.672794117647072,0.3333333333333333,1.0
IND341503AAB,IND341510AAB,7,2.4545454545454546,2.43353705118411,2.8819073083778965,81.0,33.0,47.3069,33.90265151515153,0.42857142857142855,1.0
IND341505AAA,IND341503AAB,6,2.007459505541347,2.0413824950269963,2.1051790281329925,137.5,68.0,80.62245000000001,8.28181818181821,0.16666666666666666,1.0
IND341510AAB,IND305001AAC,8,2.3363636363636364,2.4204545454545454,2.3954545454545455,128.5,55.0,73.66604999999998,37.40769230769234,0.125,1.0
IND341512AAA,IND341505AAA,3,1.826086956521739,1.9444532279314888,2.0530434782608693,42.0,23.0,24.384,1.375000000000007,0.3333333333333333,1.0
IND342005AAD,IND342601AAA,6,2.1734693877551017,2.4653554755235425,2.698079231692677,106.5,49.5,60.78105,79.89230055658632,0.3333333333333333,1.0
IND342005AAD,IND342902AAA,5,2.202127659574468,2.5335697399527186,2.25531914893617,207.0,94.0,102.7041,182.5398936170213,0.2,1.0
IND342005AAD,IND344022AAB,3,1.8933333333333333,1.8708187134502925,1.979561403508772,142.0,75.0,104.7944,0.0,0.0,1.0
IND342301AAA,IND342005AAD,10,5.63099778543307,5.031829312556978,6.35458064516129,718.0,127.0,166.2538,826.0355325213263,0.7,1.0
IND342601AAA,IND342902A1B,3,1.9534883720930232,2.1023608174770967,2.255813953488372,84.0,43.0,41.5361,11.962500000000006,0.3333333333333333,1.0
IND342601AAA,IND342902AAA,3,1.9142857142857144,1.8117833386126068,1.9449477351916378,68.0,41.0,39.0015,0.0,0.0,1.0
IND342902A1B,IND302014AAA,6,2.4972539384304087,2.474473025406323,2.593221563809799,464.5,185.0,244.0446,10.979967546545254,0.3333333333333333,1.0
IND342902AAA,IND302014AAA,5,2.3870967741935485,2.511281556802244,2.6847826086956523,458.0,186.0,244.4337,96.6451612903225,0.4,1.0
IND344001AAA,IND342301AAA,3,1.6989795918367347,1.7234365827549294,1.7755102040816326,333.0,196.0,235.7629,0.0,0.0,1.0
IND344001AAA,IND345001AAA,6,0.9068975515463917,0.9249787288527623,0.9068975515463917,149.5,194.5,155.6477,0.0,0.0,1.0
IND344022AAB,IND344001AAA,4,1.4525788576300085,1.49309615150408,1.5204831932773109,99.5,68.5,96.64415,0.0,0.0,1.0
IND345001AAA,IND345021AAA,4,1.3376623376623376,1.3277380514222619,1.3397852147852147,103.0,77.0,109.54884999999999,0.0,0.0,1.0
IND345021AAA,IND342301AAA,6,1.4818840579710144,1.4578099838969403,1.690942028985507,67.5,45.0,62.8452,0.0,0.0,1.0
IND360490AAA,IND362001AAA,7,2.1621621621621623,2.2241959683136154,2.3533386327503973,80.0,36.0,43.306,6.692567567567565,0.14285714285714285,1.0
IND360510AAB,IND360530AAB,8,1.5192307692307692,1.7001138373121132,1.8010610079575597,39.5,25.5,28.2083,31.005917159763314,0.125,0.0
IND360530AAB,IND362001AAA,11,1.8142857142857143,2.1743958984100984,2.057142857142857,127.0,69.0,79.2651,217.8625892857143,0.18181818181818182,0.0
IND360575AAA,IND360510AAB,8,1.7375,1.821128439649781,2.0068910256410257,69.5,40.0,45.003150000000005,17.31653846153847,0.125,0.0
IND361001AAA,IND361305AAC,9,1.6666666666666667,1.7488566501724396,1.6923076923076923,65.0,39.0,53.9585,29.85714285714286,0.1111111111111111,1.0
IND361305AAC,IND361315AAA,8,1.723908918406072,1.7276047955839227,1.8005865102639296,55.5,32.0,44.301199999999994,0.0,0.0,1.0
IND361315AAA,IND361335AAA,9,1.5555555555555556,1.5762445240939864,1.5806451612903225,43.0,28.0,40.5641,0.0,0.0,1.0
IND362001AAA,IND360370AAA,8,1.9782608695652175,1.9937648221343873,2.1052173913043477,45.5,23.0,32.80485,0.0,0.0,1.0
IND362001AAA,IND360575AAA,7,1.4216867469879517,1.4337964101303171,1.5178571428571428,118.0,84.0,103.3616,0.0,0.0,0.0
IND362001AAA,IND362220AAA,10,2.0416666666666665,2.247848636870376,2.13125,49.0,24.0,34.604150000000004,44.738888888888894,0.2,0.0
IND362150AAA,IND362001AAA,8,1.6492537313432836,1.6970482710879988,1.7568590869183496,110.5,67.0,68.0373,7.634328358208961,0.125,0.0
IND362220AAA,IND362225AAA,5,1.9230769230769231,1.9736524216524216,2.0869565217391304,48.0,25.0,27.9983,0.0,0.0,0.0
IND362225AAA,IND362265AAA,5,1.75,1.77985754985755,1.8148148148148149,49.0,27.0,37.798,0.0,0.0,0.0
IND362265AAA,IND362720AAA,11,2.4444444444444446,2.552182009167303,2.6700367647058822,87.0,35.0,48.0922,40.55833333333332,0.2727272727272727,0.0
IND362560AAA,IND362150AAA,8,1.8101092896174862,1.813302251344086,1.8415322580645161,109.5,61.0,73.2015,0.0,0.0,0.0
IND362720AAA,IND362560AAA,12,2.0357142857142856,2.0676590342394943,2.273627075351213,56.0,27.5,38.7319,10.693697478991623,0.25,0.0
IND363001AAA,IND363421AAB,9,1.1515151515151516,1.2161616161616162,1.1818181818181819,38.0,33.0,26.9905,5.799999999999997,0.1111111111111111,1.0
IND363310AAB,IND382430AAB,9,1.4097222222222223,1.442421004921005,1.5524475524475525,203.0,143.0,128.014,0.0,0.0,1.0
IND363330AAB,IND363310AAB,7,1.5555555555555556,1.6339431268002698,2.012741312741313,57.0,37.0,29.5622,6.862962962962968,0.2857142857142857,1.0
IND363421AAB,IND364710AAA,9,1.8974358974358974,1.9931773879142298,2.1052631578947367,74.0,38.0,54.4647,7.514285714285734,0.2222222222222222,1.0
IND363520AAC,IND363001AAA,8,1.196003401360544,1.2468112244897958,1.2395833333333333,58.0,49.0,58.01035,0.0,0.0,1.0
IND363641AAA,IND363621AAB,3,1.4411764705882353,1.3995840760546645,1.5084670231729054,49.0,33.0,33.9582,0.0,0.0,0.0
IND364004AAB,IND365560AAA,5,1.9473684210526316,2.0143445938915625,2.2658227848101267,148.0,78.0,109.636,21.96052631578948,0.2,1.0
IND365560AAA,IND365560AAB,5,1.7142857142857142,1.8050605326876514,1.7966101694915255,100.0,59.0,72.2758,1.9928571428571757,0.2,1.0
IND365560AAB,IND364290AAA,7,2.4827586206896552,2.7057100482017056,2.655172413793103,74.0,29.0,39.9877,42.19281609195403,0.2857142857142857,1.0
IND370001AAA,IND370110AAA,4,6.419354838709678,7.488281022958442,8.27027027027027,188.5,29.0,41.02355,618.1813620071684,1.0,1.0
IND370001AAA,IND370615AAB,6,1.7727272727272727,1.7628024430350013,1.9894291754756872,78.0,43.5,47.3254,0.0,0.0,1.0
IND370110AAA,IND370001AAA,10,2.0339366515837103,2.0849181032352284,2.200664136622391,62.0,31.5,43.04605,10.197511312217209,0.1,1.0
IND370201AAA,IND363330AAB,7,1.4285714285714286,1.486516694484375,1.4610005527915977,190.0,134.0,137.7312,10.166666666666686,0.14285714285714285,1.0
IND370615AAB,IND370001AAA,3,6.0625,6.583077852099591,8.787660256410255,291.0,46.0,50.003800000000005,387.48007812500003,0.6666666666666666,1.0
IND380005AAA,IND382421AAA,5,2.7,4.331111111111111,3.5555555555555554,27.0,9.0,10.7295,85.35499999999999,0.4,0.0
IND380006AAA,IND382430AAB,9,2.6,2.71672278338945,3.7777777777777777,26.0,10.0,13.3915,38.25714285714285,0.4444444444444444,0.0
IND380006AAB,IND382430AAB,15,3.5833333333333335,3.8710245310245313,4.285714285714286,43.0,12.0,15.09,86.75312500000001,0.4666666666666667,0.0
IND380021AAA,IND382430AAB,21,3.3846153846153846,5.338878897807469,5.7272727272727275,42.0,13.0,16.891599999999997,796.496449704142,0.47619047619047616,0.0
IND380054AAA,IND382430AAB,14,2.4705882352941178,2.606620148059224,3.1029411764705883,42.0,17.0,20.31165,62.82260061919501,0.42857142857142855,0.0
IND382421AAA,IND382430AAB,10,4.668850806451613,4.766061827956989,5.612903225806452,147.0,31.0,36.899550000000005,257.27575604838717,0.6,0.0
IND382421AAA,IND382721AAA,9,1.2941176470588236,1.2889433551198257,1.375,20.0,16.0,16.423599999999997,0.0,0.0,0.0
IND382430AAB,IND000000ACB,11,1.8523809523809525,2.073557183036389,2.4298205768794006,1167.0,630.0,876.0539,917.2957886904762,0.36363636363636365,1.0
IND382430AAB,IND313001AAB,11,1.9897435897435898,2.030846502318368,2.030150753768844,388.0,195.0,273.4125,17.373141025641075,0.09090909090909091,1.0
IND382430AAB,IND364004AAB,11,1.633587786259542,1.6602369987172205,1.6946564885496183,214.0,131.0,157.4853,0.0,0.0,1.0
IND382430AAB,IND370201AAA,12,1.49375,1.5911904530114225,1.749221183800623,478.0,320.5,312.83595,75.12272058823544,0.16666666666666666,1.0
IND382430AAB,IND380005AAA,23,2.0833333333333335,2.5064667300156014,2.5307971014492754,50.0,23.0,26.5391,265.26860119047626,0.30434782608695654,0.0
IND382430AAB,IND380015AAB,23,2.3333333333333335,3.502533306881133,2.6515151515151514,29.0,12.0,15.4719,327.9648809523809,0.30434782608695654,0.0
IND382430AAB,IND380054AAA,26,2.235294117647059,2.8381913021618907,2.525,38.0,17.0,19.55805,287.8743833017077,0.2692307692307692,0.0
IND382430AAB,IND382345AAA,24,2.2509803921568627,3.2643582112332115,3.047794117647059,34.0,16.0,19.964550000000003,409.40880324543605,0.3333333333333333,0.0
IND382430AAB,IND384205AAA,13,1.3333333333333333,1.6816338073691015,1.5357142857142858,113.0,85.0,95.101,260.425925925926,0.23076923076923078,1.0
IND382430AAB,IND388320AAA,9,1.25,1.4325006783340117,1.3650793650793651,79.0,64.0,80.1094,69.54017857142858,0.1111111111111111,1.0
IND382430AAB,IND389001AAA,15,1.6734693877551021,1.6794286771548324,1.7743530401851462,164.0,98.0,136.6921,0.0,0.0,1.0
IND382430AAB,IND395023AAA,25,1.8514851485148516,1.8417807291957389,1.92,373.0,201.0,272.8035,14.150000000000034,0.04,1.0
IND382715AAA,IND382430AAB,12,2.0,2.139495584778604,2.2989898989898987,110.0,54.0,61.001599999999996,49.400000000000034,0.25,1.0
IND382721AAA,IND382430AAB,9,2.763157894736842,2.7724426111139846,2.8292682926829267,112.0,41.0,43.8054,6.136278195488799,0.2222222222222222,0.0
IND383001AAA,IND383315AAC,8,1.2526132404181185,1.3073852293539878,1.4280905752753978,52.0,41.0,47.1502,0.0,0.0,1.0
IND383255AAB,IND384205AAA,7,1.3904761904761904,1.537959753568393,1.7950498575498575,146.0,104.0,101.3193,53.866666666666674,0.2857142857142857,1.0
IND383315AAC,IND383255AAB,8,1.1980676328502415,1.2614326189439842,1.3668179646440515,109.0,91.0,91.1593,0.0,0.0,1.0
IND384170AAA,IND384265AAB,7,1.28125,1.3568101944386002,1.3257575757575757,29.0,22.0,24.9281,13.918359375000001,0.14285714285714285,1.0
IND384205AAA,IND382715AAA,12,1.4125,1.5189411830859199,1.5732371794871793,56.0,40.0,42.3417,19.15294117647059,0.16666666666666666,1.0
IND384205AAA,IND383001AAA,8,1.5046610169491526,1.5124601232222872,1.5885416666666667,89.5,59.0,81.37344999999999,0.0,0.0,1.0
IND384205AAA,IND384170AAA,4,1.1785714285714284,1.4456168831168832,1.4902597402597402,33.0,28.0,28.23775,9.63650793650794,0.25,1.0
IND384205AAA,IND384355AAB,8,1.5882352941176472,1.7316176470588236,1.69674688057041,54.0,33.0,36.5268,29.71628959276019,0.125,1.0
IND384265AAB,IND385320AAA,7,1.2933333333333332,1.2964867603985948,1.3289473684210527,98.0,76.0,81.8326,0.0,0.0,1.0
IND384355AAB,IND385001AAA,8,1.5165580182529335,1.549675999318478,1.5846153846153848,96.0,65.0,70.50255,0.0,0.0,1.0
IND385001AAA,IND385535AAA,10,1.7777777777777777,1.7513742690058478,2.0062499999999996,31.0,18.0,25.493299999999998,0.4074074074074119,0.1,1.0
IND385320AAA,IND385340AAB,12,0.9117821091065292,0.9518301458650923,0.9797297297297298,28.0,34.0,27.7113,0.0,0.0,1.0
IND385340AAB,IND384205AAA,4,1.481045751633987,1.4441844919786095,1.5521241830065358,129.5,89.0,107.7119,0.0,0.0,1.0
IND385535AAA,IND384205AAA,12,1.9809335443037974,1.9842386678041535,2.184375,157.5,79.5,92.2555,31.145549143708138,0.25,1.0
IND387001AAA,IND388220AAA,9,1.76,1.9207183753802113,2.259259259259259,44.0,25.0,27.4003,25.56200000000002,0.3333333333333333,0.0
IND388121AAA,IND388620AAB,6,1.5517970401691332,1.6081747709654686,1.6508985200845667,67.5,44.0,54.20355,0.0,0.0,0.0
IND388220AAA,IND388320AAA,9,1.7692307692307692,2.1354273504273507,2.44,46.0,25.0,27.0758,62.29532967032967,0.3333333333333333,0.0
IND388320AAA,IND387001AAA,6,1.712820512820513,2.262210012210012,1.7333333333333334,24.5,14.5,19.753700000000002,46.202097902097904,0.16666666666666666,0.0
IND388320AAA,IND390022AAA,6,2.091578947368421,2.1273005093378607,2.2835314091680816,61.0,31.0,38.718,23.919205741626797,0.16666666666666666,1.0
IND388620AAB,IND388320AAA,8,1.6956521739130435,1.7455272707444929,1.8044803817603394,78.0,46.0,54.411,8.192307692307693,0.125,0.0
IND389001AAA,IND389151AAA,15,1.78,1.8108422035480858,1.8991836734693877,89.0,50.0,68.1918,0.48749999999999716,0.06666666666666667,1.0
IND389151AAA,IND457661AAA,8,2.7162298387096775,2.734439776928316,3.001466275659824,87.5,31.5,43.3804,47.720595533498795,0.5,1.0
IND390022AAA,IND382430AAB,8,1.5857142857142859,1.6609154929577465,1.8214285714285714,111.0,70.0,99.4065,0.0,0.0,1.0
IND390022AAA,IND388320AAA,12,1.9807692307692308,2.013717948717949,2.1265384615384617,50.5,26.0,35.95925,3.211764705882345,0.16666666666666666,0.0
IND390022AAA,IND395023AAA,15,1.884297520661157,1.8387074776416634,1.9672131147540983,227.0,121.0,167.256,0.0,0.0,1.0
IND395001AAA,IND395023AAD,9,10.533333333333333,10.655000055000054,11.428571428571429,146.0,14.0,14.4435,272.14571428571435,1.0,0.0
IND395004AAB,IND395023AAD,3,8.411764705882353,7.768627450980392,9.505882352941176,143.0,17.0,17.4013,139.91764705882355,0.6666666666666666,0.0
IND395006AAA,IND395023AAD,3,9.733333333333333,9.738138138138138,10.907207207207207,146.0,15.0,14.9404,795.965,1.0,0.0
IND395009AAA,IND395023AAD,9,9.88888888888889,9.736882716049383,10.1875,159.0,16.0,17.4885,246.42500000000013,0.8888888888888888,0.0
IND395023AAA,IND110037AAM,13,1.83115338882283,1.875515026403494,1.8883610451306414,1541.0,842.0,1118.8283,62.319361870788725,0.07692307692307693,1.0
IND395023AAA,IND382430AAB,15,1.8288770053475936,1.8920918246896958,1.9434757337983144,345.0,187.0,259.9392,102.19518716577545,0.06666666666666667,1.0
IND395023AAA,IND390022AAA,8,1.735854045478583,1.8574273387419227,1.8387427287149656,213.5,122.5,169.30975,89.86675751535614,0.125,1.0
IND395023AAA,IND396191AAC,10,2.052982456140351,2.1587739804055595,2.2824675324675323,155.0,76.0,104.17615,45.566397660818694,0.2,1.0
IND395023AAA,IND411033AAA,6,2.79553264604811,2.946682650784998,2.9502159534905616,813.5,291.0,394.92545,437.0620431115278,0.5,1.0
IND395023AAA,IND421302AAG,3,2.45771144278607,2.463520394572904,2.555280591859356,494.0,200.0,266.27840000000003,30.004104477611975,0.3333333333333333,1.0
IND395023AAA,IND562132AAA,14,1.94386499574679,1.9445294573291179,1.9634994206257241,1679.0,863.0,1193.2213,0.0,0.0,1.0
IND395023AAD,IND395001AAA,7,2.5384615384615383,3.326923076923077,4.196428571428571,33.0,13.0,13.6887,83.21250000000002,0.42857142857142855,0.0
IND395023AAD,IND395004AAB,10,2.3529411764705883,2.47316454787043,2.525,38.0,15.0,16.284950000000002,24.44117647058824,0.1,0.0
IND395023AAD,IND395006AAA,14,1.8131868131868132,1.8821559392987963,1.9271978021978022,25.0,14.0,15.37185,9.174089068825914,0.14285714285714285,0.0
IND395023AAD,IND395009AAA,4,2.877083333333333,2.6520833333333336,3.0968750000000003,44.5,15.5,15.74085,11.803101851851864,0.5,0.0
IND395023AAD,IND396445AAA,6,1.8198529411764706,1.9939370485036119,1.875,30.0,17.0,22.5622,13.821022727272734,0.16666666666666666,0.0
IND396001AAA,IND395023AAD,4,2.3797814207650276,4.7610084382799025,4.839942401417812,144.0,60.0,78.97635000000001,837.3533697632058,0.25,0.0
IND396191AAC,IND396232AAA,11,2.5,2.4349941724941724,2.741758241758242,36.0,14.0,16.1013,6.1484375,0.36363636363636365,0.0
IND396191AAC,IND421302AAG,8,2.609936507936508,2.614002999625047,2.8193333333333332,327.5,126.0,163.11380000000003,94.4372923076923,0.375,1.0
IND396232AAA,IND396191AAC,10,3.7115384615384617,3.7082417582417584,4.0879120879120885,50.0,14.0,15.832250000000002,43.3717948717949,0.5,0.0
IND396321AAA,IND396001AAA,6,1.521978021978022,1.625018315018315,1.626068376068376,41.0,26.5,25.6663,8.996103896103897,0.16666666666666666,0.0
IND396321AAA,IND396580AAB,11,1.8125,1.8649482551779295,1.9242424242424243,56.0,32.0,42.1252,6.295507812500006,0.09090909090909091,0.0
IND396445AAA,IND396321AAA,6,2.1208333333333336,2.135277777777778,2.2375,52.5,25.0,27.262050000000002,0.0,0.0,0.0
IND396580AAB,IND396321AAA,4,1.9090909090909092,1.870674486803519,2.0161290322580645,61.0,31.0,41.3523,0.0,0.0,0.0
IND400011AAA,IND400072AAB,11,2.357142857142857,2.5521995161701043,2.6830357142857144,34.0,15.0,16.5948,32.375892857142865,0.2727272727272727,0.0
IND400011AAA,IND400072AAD,34,2.9166666666666665,3.058054720856351,3.5464396284829722,51.5,18.0,19.622999999999998,158.55982905982916,0.4117647058823529,0.0
IND400015AAA,IND400072AAB,24,3.40359477124183,3.9886029411764703,4.657843137254901,56.5,17.0,18.0244,385.1797160243409,0.4166666666666667,0.0
IND400015AAB,IND400072AAB,5,4.588235294117647,4.298692810457516,4.647058823529412,78.0,17.0,18.7698,80.40000000000003,0.8,0.0
IND400015AAB,IND421302AAG,14,3.336206896551724,3.3756530471426105,4.464572192513369,102.0,32.0,42.581199999999995,244.74160617059886,0.5,0.0
IND400016AAB,IND400072AAD,10,3.145604395604396,3.4229242979242978,3.9391025641025643,42.5,13.0,14.88645,71.34093406593408,0.5,0.0
IND400037AAA,IND400072AAJ,7,3.3333333333333335,3.2473892567060267,4.064102564102564,44.0,13.0,14.5401,47.08333333333333,0.5714285714285714,0.0
IND400064AAB,IND400072AAB,3,3.076923076923077,2.953379953379953,3.083916083916084,35.0,13.0,12.8154,7.65384615384615,0.6666666666666666,0.0
IND400064AAB,IND400072AAD,12,3.280952380952381,3.509859584859585,4.031593406593406,47.5,14.0,13.4489,85.79394957983195,0.5,0.0
IND400072AAB,IND000000AFT,43,2.6,2.8073739420248387,3.105263157894737,48.0,20.0,22.3706,214.02437500000005,0.32558139534883723,0.0
IND400072AAB,IND400015AAA,38,3.176470588235294,3.7436480376882852,3.9402573529411766,54.0,17.0,18.6316,457.6600547195624,0.42105263157894735,0.0
IND400072AAB,IND400701AAB,3,2.4210526315789473,2.649122807017544,2.7894736842105265,46.0,19.0,22.2049,12.850000000000001,0.3333333333333333,0.0
IND400072AAB,IND401104AAA,45,2.9411764705882355,3.0364062662101876,3.3333333333333335,46.0,15.0,20.0961,168.19176470588224,0.26666666666666666,0.0
IND400072AAB,IND411033AAA,8,1.98,2.0541992372314155,2.240757575757576,198.5,100.0,132.78965,3.973230769230838,0.25,1.0
IND400072AAB,IND421302AAG,39,2.9583333333333335,4.207492915553116,5.45,71.0,23.0,27.4335,1310.001278409091,0.46153846153846156,0.0
IND400072AAB,IND421302AAR,11,2.2222222222222223,2.413319298180958,2.6066433566433567,57.0,25.0,28.8452,77.85763888888891,0.36363636363636365,0.0
IND400072AAC,IND400011AAA,12,3.2132352941176467,3.341973039215686,3.833333333333333,54.5,17.0,18.8958,44.07162629757789,0.4166666666666667,0.0
IND400072AAD,IND421302AAG,63,2.727272727272727,3.7564921765314048,3.8942687747035576,58.0,21.0,25.6982,1617.1871657754011,0.3333333333333333,0.0
IND400102AAB,IND421302AAG,11,2.793103448275862,3.6785290400696407,4.333333333333334,81.0,30.0,33.2652,416.65107758620695,0.45454545454545453,0.0
IND400102AAC,IND400052AAA,6,4.007142857142857,4.451302401302401,4.886904761904762,47.0,11.5,10.92555,72.28480519480519,0.6666666666666666,0.0
IND400102AAC,IND421302AAG,19,2.933333333333333,4.552082064412858,5.704301075268818,88.0,30.0,32.8958,1052.0241666666668,0.47368421052631576,0.0
IND400612AAA,IND421302AAR,6,2.0416666666666665,2.957070707070707,3.3541666666666665,24.5,12.0,14.367149999999999,62.172727272727286,0.3333333333333333,0.0
IND400701AAA,IND410206AAA,9,2.210526315789474,2.3333357904565335,2.5,42.0,20.0,23.6882,22.028571428571432,0.3333333333333333,0.0
IND400701AAB,IND421302AAG,13,2.45,3.234724099429982,3.5,49.0,20.0,22.4581,201.32,0.38461538461538464,0.0
IND400705AAA,IND421302AAH,10,3.5150862068965516,4.062265560443222,4.4685559006211175,93.0,26.0,27.251800000000003,277.22701149425296,0.5,0.0
IND401104AAA,IND400072AAB,24,3.15625,4.533057598039216,6.171875,50.5,16.0,20.23815,617.1172413793104,0.5,0.0
IND401104AAA,IND401208AAA,23,2.5555555555555554,2.639720838755029,3.0540935672514617,44.0,18.0,23.5254,68.52777777777786,0.34782608695652173,0.0
IND401104AAA,IND421302AAG,11,2.28,3.0392628583537675,3.18006993006993,57.0,25.0,27.978900000000003,226.94800000000004,0.36363636363636365,0.0
IND401104AAB,IND400072AAB,4,2.2333333333333334,2.2490196078431373,2.3323529411764703,33.5,15.0,20.06155,1.8725925925926035,0.25,0.0
IND401104AAB,IND421302AAG,16,2.9,3.847766793894511,4.299825174825175,72.5,25.0,28.20695,492.67714285714294,0.4375,0.0
IND401209AAA,IND401104AAA,15,6.333333333333333,5.700520273014552,6.807416267942584,134.0,21.0,26.3625,165.87500000000009,0.6,0.0
IND401209AAB,IND401104AAA,8,8.142857142857142,7.285880420748842,9.090909090909092,171.0,19.5,25.748649999999998,253.68241758241766,0.75,0.0
IND401209AAB,IND421302AAH,14,2.7279411764705883,2.888629012210945,2.7745098039215685,87.5,34.0,35.7916,127.56606037151704,0.21428571428571427,0.0
IND401501AAA,IND401602AAA,10,2.12,2.312648829431438,2.3,54.0,25.0,27.90195,45.83200000000001,0.2,0.0
IND401602AAA,IND401501AAA,10,7.384615384615385,7.326476569407603,8.1875,196.0,26.0,27.98525,345.6512820512821,0.8,0.0
IND402107AAA,IND402109AAA,11,2.3333333333333335,2.3702053207267335,2.502083333333333,70.0,30.0,40.7914,20.717708333333306,0.2727272727272727,0.0
IND402109AAA,IND402301AAA,13,1.9583333333333333,2.066485111917582,2.0851063829787235,93.0,47.0,63.0064,63.31412037037043,0.23076923076923078,0.0
IND402301AAA,IND402107AAA,8,2.273046532045654,2.3601318853303814,2.565792361720808,153.5,67.5,94.64105,79.41355439994598,0.25,0.0
IND403507AAA,IND403726AAB,3,1.6129032258064515,5.07040856206596,6.846992153443766,50.0,30.0,26.0509,338.008064516129,0.3333333333333333,0.0
IND403601AAA,IND403726AAB,3,1.9,5.16036036036036,6.9905405405405405,21.0,14.0,15.2687,224.40375,0.3333333333333333,0.0
IND403702AAA,IND575004AAB,8,1.9968409617198892,2.046486669977156,2.148649904228251,528.0,264.0,301.88185,115.39020555190257,0.125,1.0
IND403726AAA,IND403702AAA,8,1.7723404255319148,1.8280126163940753,1.9860544217687075,86.0,48.0,50.80825,0.0,0.0,1.0
IND403726AAA,IND411033AAA,14,1.9510694831938356,2.0060986556623237,2.007712082262211,757.0,390.0,510.20285,307.34049631851644,0.14285714285714285,1.0
IND403726AAA,IND416510AAA,4,2.5526315789473686,2.6629416005767843,3.013157894736842,194.0,76.0,76.8261,83.4666666666667,0.5,1.0
IND403726AAA,IND581303AAA,13,1.6585365853658536,1.8269397158972132,1.7682926829268293,132.0,82.0,86.2554,152.67195121951224,0.07692307692307693,1.0
IND403726AAB,IND403002AAA,3,1.2916666666666667,1.5567632850241546,1.6893115942028984,31.0,24.0,16.008399999999998,2.125781250000003,0.3333333333333333,0.0
IND403726AAB,IND403401AAA,5,2.0833333333333335,2.084518058431102,2.1739130434782608,50.0,24.0,22.683,0.0,0.0,0.0
IND403726AAB,IND403507AAA,5,1.3333333333333333,1.481572117167223,1.4193548387096775,40.0,29.0,25.0992,12.416666666666679,0.2,0.0
IND403726AAB,IND403601AAA,5,1.4285714285714286,1.490873015873016,1.5555555555555556,22.0,15.0,16.1117,0.0,0.0,0.0
IND410206AAA,IND000000AFT,6,2.4452380952380954,2.9307247899159665,3.6333333333333333,35.5,15.0,18.92605,58.462857142857146,0.3333333333333333,0.0
IND410206AAB,IND000000AFT,20,2.4375,3.0019773391812867,2.8088235294117645,40.5,17.0,20.45785,195.5025,0.25,0.0
IND410401AAA,IND421302AAG,9,2.4776119402985075,2.617039452596959,2.5074626865671643,166.0,67.0,84.9857,195.28358208955223,0.1111111111111111,1.0
IND410505AAB,IND410501AAF,3,4.454545454545454,4.451515151515151,5.377272727272727,49.0,10.0,15.5234,41.47102272727274,0.6666666666666666,0.0
IND411014AAA,IND411033AAA,10,2.4110122358175747,3.4753424701957796,3.4835164835164836,74.0,30.5,30.7317,1054.877530589544,0.4,0.0
IND411014AAA,IND411043AAA,3,4.333333333333333,6.338138138138138,8.207207207207206,65.0,15.0,15.8151,258.89375,0.6666666666666666,0.0
IND411021AAA,IND411033AAA,21,2.0,2.6809084042082936,3.066666666666667,29.0,15.0,12.9607,284.3,0.3333333333333333,0.0
IND411033AAA,IND000000AAL,14,2.698005698005698,3.20082508752165,3.845905172413793,71.5,26.5,24.624650000000003,238.01631428999858,0.42857142857142855,0.0
IND411033AAA,IND000000ACB,13,1.7086614173228347,1.7420920259190344,1.7665024630541872,1736.0,1015.0,1361.399,0.0,0.0,1.0
IND411033AAA,IND400072AAB,5,1.9029126213592233,1.922740851381628,2.0970873786407767,196.0,103.0,131.0094,0.0,0.0,1.0
IND411033AAA,IND403726AAA,20,2.048906129912808,2.069045348661003,2.1080635650491613,798.0,389.0,511.48505,0.0,0.0,1.0
IND411033AAA,IND410505AAB,4,1.5689655172413794,2.0393103448275864,2.0996551724137933,45.5,29.0,31.5519,39.00766283524904,0.25,0.0
IND411033AAA,IND411014AAA,31,2.6785714285714284,3.2270794795983604,3.3694581280788176,77.0,28.0,25.9076,624.9402281746034,0.3870967741935484,0.0
IND411033AAA,IND411021AAA,23,1.9230769230769231,3.5271317303926,4.5576923076923075,25.0,13.0,11.1948,574.3097527472528,0.4782608695652174,0.0
IND411033AAA,IND411036AAA,24,1.75,2.101062243950175,2.4285714285714284,49.0,28.5,25.74895,230.49655172413796,0.4166666666666667,0.0
IND411033AAA,IND413002AAA,17,1.7867298578199051,1.818197062437677,1.849056603773585,377.0,212.0,281.1588,53.04583153813019,0.11764705882352941,1.0
IND411033AAA,IND414001AAA,3,1.7757009345794392,1.8253688355963087,1.859548580497267,190.0,107.0,141.5488,0.0,0.0,1.0
IND411033AAA,IND416012AAA,13,1.6363636363636365,1.6996092143150965,1.6863636363636363,360.0,220.0,249.2718,109.44646464646468,0.07692307692307693,1.0
IND411033AAA,IND421302AAG,92,2.024367028364744,2.200947426871831,2.3555702657644404,205.0,101.0,129.60225,1462.0446007288913,0.2717391304347826,1.0
IND411033AAA,IND431136AAC,12,2.192353461172311,2.1688132612140616,2.2660818713450293,376.0,172.0,235.2019,0.0,0.0,1.0
IND411033AAA,IND431603AAA,15,2.2639751552795033,2.359617069380273,2.4620262292560042,729.0,322.0,446.9457,221.84553571428546,0.2,1.0
IND411033AAA,IND501359AAE,11,1.6479166666666667,1.6876008001008003,1.7229166666666667,791.0,480.0,632.2850999999999,0.0,0.0,1.0
IND411033AAA,IND521225AAB,10,1.9371345029239766,1.9799581310523748,2.062581875626108,1325.0,684.0,911.93355,0.0,0.0,1.0
IND411033AAA,IND562132AAA,10,1.7863293210854185,1.8627400654017834,1.8907150776053214,1102.0,615.0,840.75135,112.49145021645063,0.2,1.0
IND411036AAA,IND411033AAA,21,2.032258064516129,2.5346833703705096,2.642857142857143,60.0,29.0,27.9952,321.1186724565757,0.38095238095238093,0.0
IND412105AAC,IND411017AAA,23,2.3333333333333335,2.438235294117647,2.552380952380952,36.0,16.0,17.9895,72.42440476190475,0.21739130434782608,0.0
IND413002AAA,IND413304AAA,4,1.9811320754716981,1.967774014943826,2.0379172714078373,104.0,53.0,73.1013,0.0,0.0,0.0
IND413002AAA,IND413501AAA,14,1.5638297872340425,1.5703204154002026,1.6138076241134751,74.0,48.0,64.72665,0.0,0.0,1.0
IND413002AAA,IND421302AAG,9,2.442953020134228,2.5086509800423404,2.535593220338983,728.0,297.0,397.4751,374.3868168744008,0.1111111111111111,1.0
IND413002AAA,IND501359AAE,11,1.9144981412639406,1.9366825080974976,2.0762081784386615,515.0,269.0,352.0917,63.039149628252744,0.18181818181818182,1.0
IND413304AAA,IND413002AAA,3,2.0754716981132075,2.0518238993710693,2.077735849056604,104.0,52.0,74.0872,0.0,0.0,0.0
IND413401AAA,IND411033AAA,12,2.04,2.0697603032024925,2.1554093097913323,357.5,175.0,238.4436,10.150117647058835,0.08333333333333333,1.0
IND413501AAA,IND413401AAA,14,1.3857142857142857,1.4141056422569027,1.5073529411764706,48.5,35.0,38.197599999999994,0.0,0.0,1.0
IND413531AAA,IND413517AAA,4,2.578557312252965,2.501235177865613,2.6613142292490117,116.0,46.0,65.23055,10.386363636363669,0.5,0.0
IND413709AAA,IND423109AAA,10,1.982804232804233,2.0527472527472526,2.1574074074074074,54.5,27.0,29.43975,15.51190476190476,0.2,0.0
IND414502AAA,IND431107AAB,7,1.5769230769230769,1.6142578436056696,1.720735785953177,41.0,25.0,26.9384,0.0,0.0,1.0
IND415003AAA,IND412803AAB,7,1.2790697674418605,1.2924199278019877,1.2940199335548175,55.0,43.0,35.6314,0.0,0.0,1.0
IND415124AAA,IND415605AAA,11,1.1017964071856288,1.106899598988637,1.1531996248466923,184.0,167.0,89.2895,0.0,0.0,1.0
IND415408AAC,IND416012AAA,7,6.0,5.1062925170068025,6.114583333333334,291.0,48.0,54.2263,335.21666666666675,0.5714285714285714,1.0
IND415409AAB,IND415124AAA,9,1.7391304347826086,1.8364624505928855,2.0,40.0,23.0,30.4288,9.071428571428584,0.2222222222222222,1.0
IND415605AAA,IND415709AAA,11,2.4,2.297973087518542,2.519230769230769,60.0,24.0,33.771300000000004,0.59375,0.09090909090909091,1.0
IND415612AAA,IND415408AAC,5,2.5568181818181817,2.590542380324989,2.6847826086956523,225.0,90.0,117.0056,30.128977272727326,0.4,1.0
IND415709AAA,IND416012AAA,4,2.416777531411678,2.4108427534359,2.5619482268442315,397.5,163.5,197.7034,24.242581916728284,0.5,1.0
IND416012AAA,IND395023AAA,13,1.7540650406504066,1.7578536657587103,1.863821138211382,863.0,492.0,623.3808,0.0,0.0,1.0
IND416012AAA,IND415003AAA,8,1.9114583333333335,1.9400584695108578,1.9791666666666667,183.5,96.0,121.39605,2.6900641025640937,0.125,1.0
IND416012AAA,IND415612AAA,7,2.845360824742268,3.208664453693909,3.2216494845360826,276.0,97.0,134.45870000000002,287.94080756013744,0.42857142857142855,1.0
IND416012AAA,IND591237AAB,8,2.3014705882352944,2.343160119110368,2.774445564516129,76.0,31.5,40.43745,43.745248868778276,0.375,1.0
IND416404AAA,IND416012AAA,5,4.77,3.920122619954303,4.97,477.0,100.0,138.423,328.17500000000024,0.6,1.0
IND416510AAA,IND416602AAC,6,2.6625,2.7865528990528987,3.091346153846154,106.5,40.0,53.0293,51.84738636363639,0.5,1.0
IND416510AAA,IND416606AAA,8,2.098581560283688,2.0978864734299516,2.2111111111111112,96.0,45.0,47.32905,8.721112929623615,0.25,0.0
IND416602AAC,IND411033AAA,7,2.243150684931507,2.4285961063269252,2.7332916452382063,655.0,292.0,357.5046,252.38627283105006,0.42857142857142855,1.0
IND416606AAA,IND416510AAA,4,12.08108108108108,12.08108108108108,12.08108108108108,1207.0,45.0,46.8537,3498.540540540541,1.0,0.0
IND421301AAA,IND421302AAR,7,3.8,4.2772727272727264,4.699999999999999,38.0,10.0,12.6019,68.13250000000005,0.7142857142857143,0.0
IND421302AAF,IND421302AAR,5,3.0,2.933333333333333,3.111111111111111,27.0,9.0,11.5255,5.500000000000014,0.8,0.0
IND421302AAG,IND000000ACB,23,2.0,2.029505535784675,2.079518268812527,1936.0,968.0,1322.6526,451.3000000000002,0.043478260869565216,1.0
IND421302AAG,IND000000AFT,33,2.611111111111111,3.6962239031311093,4.086956521739131,50.0,20.0,22.6488,795.4995614035088,0.3939393939393939,0.0
IND421302AAG,IND110037AAM,14,2.1051548968912357,2.1067385103967644,2.148870171826186,2119.5,1008.0,1366.89985,0.0,0.0,1.0
IND421302AAG,IND131028AAB,12,1.9296724470134874,1.928252660212367,1.9759031229137305,2003.0,1038.0,1427.3543,0.0,0.0,1.0
IND421302AAG,IND382430AAB,14,2.068408979190562,2.133415155829873,2.1270327259146296,740.5,358.0,492.74085,180.20556370033717,0.07142857142857142,1.0
IND421302AAG,IND395023AAA,6,2.2552631578947366,2.5216660149190946,2.9308688387635757,428.5,189.0,253.55155000000002,325.07478468899524,0.3333333333333333,1.0
IND421302AAG,IND400015AAA,29,2.59375,3.0042122115146825,3.8181818181818183,78.0,32.0,42.5471,454.80758272058836,0.3793103448275862,0.0
IND421302AAG,IND400015AAB,16,2.270665322580645,2.564534930715005,2.91179435483871,71.5,32.0,42.59225,154.62644009216592,0.375,0.0
IND421302AAG,IND400072AAA,15,2.4347826086956523,2.876590752242926,2.9045454545454543,58.0,22.0,27.3854,176.9,0.4,0.0
IND421302AAG,IND400072AAB,66,2.425,2.722215890170436,2.933300395256917,51.5,22.0,27.34735,649.7447535211271,0.30303030303030304,0.0
IND421302AAG,IND400072AAJ,21,2.6,3.0260545562098358,3.6363636363636362,57.0,22.0,27.4716,287.2565384615386,0.38095238095238093,0.0
IND421302AAG,IND400102AAB,22,2.2745358090185674,2.8693497559689463,3.097826086956522,64.5,28.0,32.89195,409.40495137046867,0.36363636363636365,0.0
IND421302AAG,IND400102AAC,39,2.6333333333333333,3.768475479104811,4.2074712643678165,79.0,28.0,33.0576,1424.2905681818183,0.4358974358974359,0.0
IND421302AAG,IND400701AAB,14,2.538095238095238,3.5169127485469813,3.4720238095238094,52.0,20.0,22.791,315.89157894736843,0.35714285714285715,0.0
IND421302AAG,IND401104AAA,51,2.739130434782609,3.2794929652595033,3.5351170568561874,64.0,25.0,28.9244,952.4294642857144,0.35294117647058826,0.0
IND421302AAG,IND401104AAB,4,2.5903703703703704,2.5706481481481482,2.7847222222222223,65.5,26.0,29.20815,11.31101234567901,0.5,0.0
IND421302AAG,IND410401AAA,11,2.462686567164179,2.5400802573925927,2.579487179487179,164.0,67.0,88.8,66.84025186567177,0.2727272727272727,1.0
IND421302AAG,IND411033AAA,72,2.195876288659794,2.2994281988818672,2.4342105263157894,211.0,97.0,130.80165,799.8425625920477,0.2361111111111111,1.0
IND421302AAG,IND413002AAA,7,2.064935064935065,2.108777120779346,2.1353282854475677,636.0,310.0,411.7283,17.496212121212352,0.14285714285714285,1.0
IND421302AAG,IND421401AAC,6,2.571068548387097,2.8279809907834106,2.657366071428571,78.5,31.0,42.894499999999994,48.16527217741934,0.3333333333333333,0.0
IND421302AAG,IND422011AAD,14,1.731958762886598,1.7655049341688687,1.7989690721649485,169.0,97.5,137.0587,0.0,0.0,1.0
IND421302AAG,IND444005AAB,13,2.4066496163682864,2.3946862997137726,2.451776649746193,941.0,391.0,550.0405,0.0,0.0,1.0
IND421302AAG,IND462022AAA,9,2.213381555153707,2.2057629289257874,2.236889692585895,1224.0,553.0,768.194,0.0,0.0,1.0
IND421302AAG,IND501359AAE,17,1.992818671454219,2.005466272786069,2.077338129496403,1110.0,557.0,778.0504,0.0,0.0,1.0
IND421302AAG,IND562132AAA,21,1.8816901408450704,1.8747364580315122,1.928067700987306,1336.0,709.0,968.8259,0.0,0.0,1.0
IND421302AAG,IND712311AAA,4,2.1212011577424024,2.128735319090202,2.1388655651104624,2931.5,1382.0,1933.3753,0.0,0.0,1.0
IND421302AAN,IND400072AAB,12,2.5543478260869565,2.49710665002427,2.795454545454546,51.0,22.0,27.85315,11.250000000000028,0.3333333333333333,0.0
IND421302AAR,IND400612AAA,10,2.390151515151515,2.4690209790209794,2.5738636363636367,28.0,12.0,14.2547,7.82386363636363,0.2,0.0
IND421302AAR,IND421004AAA,15,3.8333333333333335,3.9255322455322457,4.713636363636364,46.0,11.0,13.8218,78.50000000000003,0.4666666666666667,0.0
IND421302AAR,IND421301AAA,10,4.331818181818182,4.910101010101011,4.925,45.0,10.0,12.847199999999999,90.73636363636365,0.6,0.0
IND421401AAC,IND421601AAB,6,2.486842105263158,2.516020955165692,2.519736842105263,46.0,18.5,26.4105,5.497727272727275,0.16666666666666666,0.0
IND421502AAA,IND421302AAR,9,3.125,3.7165786827551535,4.4,50.0,16.0,18.7138,99.96651785714289,0.4444444444444444,0.0
IND421601AAB,IND421302AAG,9,4.264705882352941,5.650504411604981,7.466666666666667,145.0,31.0,42.7648,624.1176470588235,0.5555555555555556,0.0
IND421802AAA,IND411033AAA,7,1.6933333333333334,1.683915457298916,1.8232228298017772,127.0,75.0,80.0409,5.834888888888912,0.14285714285714285,1.0
IND422011AAD,IND421302AAG,14,1.9284651360544216,2.9533502451849225,2.7937577886031497,187.0,97.0,136.31185,1295.6362703634088,0.42857142857142855,1.0
IND422011AAD,IND422103AAC,8,1.3971471471471473,1.6995451333686626,1.6937599364069953,51.0,36.0,40.47245,58.9910371910372,0.25,0.0
IND422103AAC,IND422605AAA,7,1.793103448275862,1.7988651411621377,1.8375,54.0,30.0,38.9855,0.0,0.0,0.0
IND422605AAA,IND413709AAA,7,1.891304347826087,1.8150110561823072,1.9361135758651287,87.0,46.0,50.1062,0.0,0.0,0.0
IND423105AAA,IND423301AAB,5,1.6470588235294117,1.5529411764705883,1.6470588235294117,56.0,34.0,34.463,0.0,0.0,1.0
IND423106AAA,IND423105AAA,6,1.5276497695852536,1.7756556654920033,1.7214285714285713,51.5,34.0,36.742850000000004,33.8813573523251,0.16666666666666666,1.0
IND423109AAA,IND423601AAA,10,2.513888888888889,2.917777777777778,3.75,21.5,9.0,12.374099999999999,59.07685185185187,0.5,0.0
IND423601AAA,IND423701AAB,8,2.170289855072464,2.118726309921962,2.21875,52.0,24.0,33.221000000000004,2.907692307692301,0.125,0.0
IND423701AAB,IND422011AAD,12,2.451048951048951,2.4298331646345006,2.659943181818182,191.5,78.5,109.59885,95.12192513368996,0.25,0.0
IND424006AAA,IND421302AAG,7,2.209756097560976,2.21092623953747,2.2713991020507223,453.0,202.0,284.966,0.0,0.0,1.0
IND424006AAA,IND423106AAA,3,1.303030303030303,1.3394601755257494,1.3728266269249876,86.0,66.0,82.0972,0.0,0.0,1.0
IND424006AAA,IND424304AAC,4,2.062226391494684,2.1408692933083175,2.1646341463414633,83.5,41.0,55.238,4.396011396011403,0.25,1.0
IND424006AAA,IND425412AAA,3,2.012987012987013,1.9877208171945016,2.113160173160173,155.0,76.0,104.8513,0.0,0.0,1.0
IND424304AAC,IND425412AAA,4,1.8819163292847505,1.8880277617119723,2.0064102564102564,72.5,38.5,54.98485,0.0,0.0,1.0
IND425201AAA,IND425508AAB,5,2.1538461538461537,2.1070138964875804,2.2162162162162162,82.0,38.0,41.5469,0.0,0.0,0.0
IND425405AAA,IND424006AAA,8,12.08108108108108,9.860229415461973,12.08108108108108,1024.5,47.0,63.5938,3500.7891891891895,0.75,1.0
IND425406AAA,IND425405AAA,3,1.9523809523809523,1.95988455988456,2.0761904761904764,41.0,21.0,21.5251,0.0,0.0,1.0
IND425409AAA,IND425406AAA,6,2.320707070707071,2.3235690235690236,2.4242424242424243,80.0,36.0,50.4679,1.9578512396694236,0.16666666666666666,1.0
IND425412AAA,IND425409AAA,7,2.225806451612903,2.1790570872397903,2.424030172413793,69.0,30.0,39.0922,1.4598118279570258,0.2857142857142857,1.0
IND425508AAB,IND450331AAA,10,3.0294117647058822,2.956612487100103,3.2291021671826625,54.5,18.0,24.204250000000002,13.398039215686275,0.4,0.0
IND431001AAB,IND431136AAC,11,3.090909090909091,3.789701207883026,3.6,37.0,11.0,14.2987,91.38750000000002,0.45454545454545453,0.0
IND431107AAB,IND431136AAC,6,1.87,1.8706990881458967,1.9849999999999999,93.5,50.0,49.06375,0.0,0.0,1.0
IND431112AAB,IND431136AAC,5,2.9464285714285716,3.088195725161962,3.456140350877193,165.0,56.0,75.64880000000001,77.33080357142865,0.6,0.0
IND431122AAA,IND431127AAA,7,2.0952380952380953,2.100803957946815,2.1385281385281383,44.0,21.0,29.9666,0.0,0.0,1.0
IND431127AAA,IND414502AAA,7,2.107142857142857,2.0888381668456857,2.1403508771929824,118.0,56.0,62.2876,0.0,0.0,1.0
IND431136AAC,IND411033AAA,13,1.9298245614035088,2.0402929403590924,2.167630057803468,330.0,172.0,235.4623,118.51656920077971,0.23076923076923078,1.0
IND431136AAC,IND431001AAA,13,3.0,4.346739746739747,3.2222222222222223,28.0,9.0,13.4222,842.9083333333333,0.3076923076923077,0.0
IND431136AAC,IND431122AAA,9,2.2244897959183674,2.2023981309695597,2.2551020408163267,218.0,98.0,137.81779999999998,0.0,0.0,1.0
IND431136AAC,IND431203AAA,9,2.4727272727272727,2.5278005905888508,2.581818181818182,134.0,55.0,75.0347,55.90766233766237,0.2222222222222222,0.0
IND431203AAA,IND431112AAB,5,1.9166666666666667,1.883503401360544,1.9591836734693877,92.0,48.0,66.8608,0.0,0.0,0.0
IND431514AAA,IND431515AAA,15,2.0454545454545454,2.1054834054834055,2.1428571428571432,43.0,21.0,30.6246,23.414204545454545,0.13333333333333333,1.0
IND431515AAA,IND431517AAB,13,2.933333333333333,2.9316849816849815,3.142857142857143,44.0,15.0,21.5479,10.488888888888894,0.3076923076923077,1.0
IND431517AAB,IND411033AAA,12,2.768272113943029,2.770227780160314,2.861185432924563,639.5,230.5,318.56444999999997,19.21163793103449,0.25,1.0
IND431603AAA,IND413531AAA,4,2.8210526315789473,2.734210526315789,3.0236842105263158,268.0,95.0,134.177,68.26666666666677,0.5,0.0
IND431603AAA,IND431708AAA,14,2.0217391304347827,2.527950310559006,3.141304347826087,46.5,23.0,32.39319999999999,145.38157894736844,0.35714285714285715,1.0
IND431708AAA,IND431514AAA,15,2.0689655172413794,2.030623973727422,2.189655172413793,60.0,29.0,41.4145,4.509482758620692,0.13333333333333333,1.0
IND441206AAB,IND442605AAA,5,2.7333333333333334,2.7056756233461696,2.782608695652174,123.0,45.0,58.0608,22.29666666666668,0.6,0.0
IND441614AAA,IND481001AAA,9,2.2962962962962963,2.2551440329218106,2.3703703703703702,62.0,27.0,38.9986,6.98571428571428,0.1111111111111111,1.0
IND441904AAB,IND441912AAA,12,1.7857142857142856,1.9588464696223316,2.0517241379310347,50.0,29.0,31.0344,50.03361344537818,0.25,0.0
IND441912AAA,IND441107AAB,11,2.7027027027027026,2.9718240318240317,3.168095238095238,200.0,75.0,103.6758,190.2930743243245,0.45454545454545453,0.0
IND442001AAA,IND442101AAB,4,3.730769230769231,3.6085164835164836,4.153846153846153,50.5,13.5,17.883650000000003,33.61538461538463,0.75,1.0
IND442101AAB,IND445001AAB,11,2.210526315789474,2.301019146593309,2.4395448079658606,84.0,37.0,52.0732,9.224342105263162,0.2727272727272727,1.0
IND442605AAA,IND441603AAA,3,2.090909090909091,1.9838054457619674,2.149621212121212,46.0,23.0,31.538400000000003,0.0,0.0,0.0
IND444005AAB,IND421302AAG,14,2.3105185375570265,2.3215733763013318,2.3449736554648846,910.5,393.5,549.77425,0.0,0.0,1.0
IND444005AAB,IND443301AAA,5,2.375,2.3365260006327206,2.3797468354430378,188.0,81.0,110.207,26.71875000000003,0.2,1.0
IND444203AAA,IND444005AAB,5,2.5,2.4581478007087765,2.525,100.0,40.0,50.5628,41.91250000000001,0.2,1.0
IND444602AAA,IND444005AAB,14,2.052982456140351,2.0922872218185846,2.081081081081081,154.0,75.0,96.94239999999999,18.300337950138555,0.14285714285714285,1.0
IND450331AAA,IND452001AAC,7,2.328358208955224,2.3799630394308626,2.467391304347826,157.0,68.0,95.9,17.621393034825843,0.14285714285714285,0.0
IND451666AAA,IND424006AAA,7,2.6097560975609757,2.70566019156119,2.9423076923076925,214.0,79.0,111.7037,89.95640243902443,0.42857142857142855,1.0
IND452001AAC,IND425201AAA,5,2.6666666666666665,6.165765765765765,12.08108108108108,40.0,17.0,23.2094,2236.4,0.4,0.0
IND454001AAA,IND457001AAA,13,1.1555555555555554,1.3696747073151567,1.3444444444444446,103.0,89.0,87.4747,157.7208641975309,0.07692307692307693,1.0
IND457001AAA,IND457226AAA,11,1.075,1.1590130554085383,1.193581081081081,41.0,40.0,37.9953,19.253125000000004,0.09090909090909091,1.0
IND457226AAA,IND382430AAB,11,1.8299319727891157,1.8377714780606405,1.9166416843464624,538.0,294.0,392.2107,0.0,0.0,1.0
IND458001AAB,IND458990AAA,6,1.437830687830688,2.0897038253360094,1.7992724867724867,39.5,28.0,31.090400000000002,93.52637085137086,0.16666666666666666,1.0
IND458664AAA,IND312403AAA,3,2.6818181818181817,3.730976430976431,4.363131313131313,118.0,45.0,53.964,159.13096590909092,0.6666666666666666,1.0
IND458990AAA,IND312605AAB,5,1.6785714285714286,2.086591478696742,2.456140350877193,94.0,57.0,61.976,79.86964285714288,0.4,1.0
IND460001AAA,IND480334AAA,14,2.1893939393939394,2.1729796245421245,2.4469696969696972,144.0,65.0,86.8053,46.81303827751188,0.2857142857142857,1.0
IND461111AAA,IND460001AAA,13,1.8548387096774193,1.85742179554977,1.9344262295081966,115.0,62.0,86.085,0.0,0.0,1.0
IND462001AAA,IND462022AAA,16,3.916666666666667,5.0363976957726955,6.242857142857143,47.5,13.0,14.150300000000001,334.22857142857146,0.5,0.0
IND462011AAA,IND462022AAA,10,2.3068181818181817,2.4006993006993005,2.5528846153846154,26.5,12.0,12.55235,15.731818181818205,0.3,0.0
IND462022AAA,IND000000ACB,13,1.898972602739726,2.0240234938099095,2.0428082191780823,1109.0,584.0,814.2574000000001,590.3894644216136,0.15384615384615385,1.0
IND462022AAA,IND209304AAA,14,2.1121134020618557,2.1262231796646733,2.1413829617198115,821.0,388.0,544.9899499999999,0.0,0.0,1.0
IND462022AAA,IND462011AAA,19,2.8333333333333335,3.0231070099491153,3.675324675324675,32.0,12.0,12.5539,98.01458333333333,0.42105263157894735,0.0
IND462022AAA,IND465669AAB,10,2.125,2.1324790097739292,2.2417690956979808,144.5,68.0,97.11585,15.291666666666657,0.1,1.0
IND462022AAA,IND466001AAA,8,2.8488372093023253,2.9156599214738748,3.125,122.5,43.0,50.074600000000004,53.27549194991062,0.5,1.0
IND462022AAA,IND842003AAB,5,2.5990783410138247,2.614383853899983,2.6064814814814814,563.0,217.0,289.0962,71.15000000000009,0.2,1.0
IND462042AAA,IND462022AAA,5,5.285714285714286,5.113809523809524,5.333333333333333,111.0,20.0,19.2887,130.2642857142857,0.6,0.0
IND465001AAA,IND462022AAA,4,1.6458374858813367,1.6900704272141387,1.796342435718557,285.5,173.5,213.95544999999998,0.0,0.0,1.0
IND465001AAA,IND465333AAA,3,1.3428571428571427,1.4154366094263793,1.4540372670807453,94.0,69.0,66.4411,0.0,0.0,1.0
IND465333AAA,IND462022AAA,3,1.8653846153846154,1.867749564351506,1.9569641523525019,194.0,103.0,146.42010000000002,0.0,0.0,1.0
IND465669AAB,IND465683AAA,11,1.5277777777777777,1.585900761442557,1.6428571428571428,55.0,35.0,39.0004,1.6406250000000142,0.09090909090909091,1.0
IND465683AAA,IND465001AAA,13,1.4492753623188406,1.7330543773896065,1.710144927536232,100.0,68.0,55.097,180.95370370370372,0.23076923076923078,1.0
IND466001AAA,IND466116AAA,9,1.7575757575757576,1.7621654559510347,2.0303030303030303,58.0,33.0,43.8187,0.25584415584415865,0.1111111111111111,1.0
IND466116AAA,IND462022AAA,9,2.4794520547945207,3.1578351345474633,3.824324324324324,181.0,74.0,103.4968,471.7116438356164,0.3333333333333333,1.0
IND470117AAA,IND470227AAB,3,1.7894736842105263,1.9696637426900585,2.1315789473684212,170.0,95.0,122.5636,25.12500000000003,0.3333333333333333,1.0
IND471001AAA,IND472001AAA,6,1.622626582278481,1.5699835936937354,1.628472222222222,129.0,79.5,96.05805000000001,0.0,0.0,1.0
IND472001AAA,IND485001AAC,14,2.3142957870615195,2.3648948380224515,2.3613303591855415,430.5,186.0,242.3127,58.19470251514565,0.14285714285714285,1.0
IND473001AAA,IND473331AAA,8,1.7863247863247862,1.8717155811668007,2.1590447154471546,67.0,39.0,42.668400000000005,7.650953320184101,0.25,1.0
IND473226AAA,IND473001AAA,8,1.6904315196998123,1.7687471477105623,2.2272577455504283,66.5,39.5,32.646,27.451349401068015,0.375,1.0
IND473226AAA,IND474003AAA,7,1.6802721088435375,2.3612546282592715,1.9624167688276724,494.0,294.0,248.7597,1240.6311507936512,0.2857142857142857,1.0
IND473331AAA,IND473226AAA,12,1.9817073170731707,6.02726732792318,12.08108108108108,162.5,81.0,77.32339999999999,4436.369440459111,0.4166666666666667,1.0
IND473443AAA,IND470113AAA,4,1.8389830508474576,1.8601694915254237,1.902542372881356,108.5,59.0,75.0984,0.0,0.0,1.0
IND474003AAA,IND000000ACB,14,1.6068702290076335,1.6936934986584156,1.8239339299815742,421.0,261.5,316.83265,54.29164323021291,0.14285714285714285,1.0
IND474003AAA,IND476111AAA,6,2.623263888888889,2.7092644698491473,2.968637992831541,166.5,63.0,70.92025000000001,61.718276515151615,0.5,1.0
IND476111AAA,IND477001AAA,4,1.9598039215686274,1.815547539770625,2.034313725490196,99.0,51.0,64.8048,0.0,0.0,1.0
IND477001AAB,IND474003AAA,7,3.9245283018867925,5.047205215931276,6.21816037735849,208.0,55.0,76.7885,661.7448113207546,0.5714285714285714,1.0
IND480001AAA,IND480661AAA,6,1.556122448979592,1.660047352274243,1.7588304552590266,78.5,51.5,72.83635000000001,6.964749536178104,0.16666666666666666,1.0
IND480334AAA,IND480106AAA,14,1.4444444444444444,1.5657596371882085,1.6011904761904763,52.0,36.0,38.927949999999996,26.123976608187164,0.14285714285714285,1.0
IND480661AAA,IND481661AAA,3,1.619047619047619,1.5365073549722752,1.6397124887690926,170.0,105.0,125.2843,0.0,0.0,1.0
IND480886AAA,IND480001AAA,5,1.5656565656565657,1.577846532333646,1.59,155.0,99.0,137.6924,0.0,0.0,1.0
IND481661AAA,IND842003AAB,5,3.1780821917808217,3.5643835616438357,4.5479452054794525,232.0,73.0,103.9204,247.60000000000002,0.8,1.0
IND484001AAA,IND484446AAA,3,2.0256410256410255,2.0467310467310464,2.102564102564102,158.0,78.0,106.0722,0.0,0.0,1.0
IND485001AAC,IND471001AAA,7,2.1346153846153846,2.1393379607257392,2.1601941747572813,221.0,104.0,144.08020000000002,0.0,0.0,1.0
IND485001AAC,IND485771AAA,3,3.0606060606060606,5.895713895713896,7.570843570843571,101.0,33.0,43.3326,347.01250000000005,0.6666666666666666,1.0
IND485001AAC,IND486771AAA,5,7.209876543209877,7.6520054291239035,7.775,589.0,81.0,104.8851,950.6586419753089,1.0,1.0
IND486661AAA,IND211002AAB,5,5.236024844720497,5.817463863967487,6.925465838509317,843.0,161.0,195.6941,1333.625,1.0,1.0
IND486771AAA,IND486661AAA,6,1.6875,1.9128968253968255,2.258928571428571,37.0,20.5,25.976300000000002,15.632954545454552,0.3333333333333333,1.0
IND486886AAA,IND486889AAA,7,2.4,2.5743537414965987,2.5149999999999997,48.0,20.0,24.7239,23.633333333333333,0.14285714285714285,1.0
IND486889AAA,IND231205AAA,4,2.1076923076923078,2.0544500185804533,2.230982905982906,143.0,70.0,87.15825000000001,0.0,0.0,1.0
IND486889AAA,IND231216AAA,3,2.5934065934065935,2.6501035196687375,2.7142857142857144,236.0,91.0,110.3874,28.825000000000045,0.6666666666666666,1.0
IND487001AAA,IND487551AAA,3,1.391304347826087,1.446654332408264,1.4891304347826086,64.0,46.0,51.4846,0.0,0.0,1.0
IND487551AAA,IND464668AAA,4,2.638888888888889,2.7117435515873014,2.868489583333333,165.0,63.0,75.55805,42.429012345678984,0.5,1.0
IND488001AAA,IND471001AAA,3,2.1458333333333335,2.183825418850858,2.2431294326241136,103.0,47.0,66.9039,0.0,0.0,1.0
IND492001AAB,IND492007AAA,6,2.840909090909091,2.669191919191919,3.2704545454545455,29.0,10.0,11.13735,14.693181818181824,0.5,0.0
IND493118AAC,IND495334AAB,8,1.6363265306122448,1.5878996146330873,1.6630481980026053,79.0,49.5,54.43005,0.0,0.0,0.0
IND494334AAB,IND493445AAB,9,1.7099236641221374,1.809457596995321,1.9312977099236641,224.0,131.0,173.85,10.75681570338071,0.2222222222222222,1.0
IND495334AAB,IND491995AAB,8,1.599802371541502,1.611445981554677,1.6891414141414143,72.5,45.0,64.41605,0.0,0.0,0.0
IND495677AAA,IND496001AAA,5,2.18018018018018,2.1608434286186577,2.1981981981981984,242.0,111.0,132.0614,11.007207207207216,0.2,1.0
IND500008AAC,IND501359AAE,9,5.363636363636363,6.3571264940830154,10.304347826086957,118.0,22.0,24.5107,836.8909090909091,0.5555555555555556,0.0
IND500008AAD,IND501359AAE,5,2.909090909090909,4.684614484614484,3.5238095238095237,64.0,22.0,25.8901,278.6,0.8,0.0
IND500008AAF,IND500039AAC,13,3.357142857142857,3.6151996696114344,3.7058823529411766,54.0,17.0,20.3317,86.85456349206352,0.46153846153846156,0.0
IND500010AAA,IND501359AAE,6,2.391891891891892,3.645431145431145,2.831081081081081,88.5,36.0,44.8919,294.7007371007371,0.3333333333333333,0.0
IND500010AAB,IND501359AAE,23,3.5135135135135136,3.7266624309042125,4.10383275261324,129.0,36.0,44.9602,359.4594594594597,0.34782608695652173,0.0
IND500018AAA,IND500080AAB,4,3.041666666666667,3.7770833333333336,4.09375,51.5,16.0,14.5286,67.37962962962962,0.75,0.0
IND500032AAA,IND502295AAA,4,1.9795454545454545,2.097924901185771,2.2331521739130435,41.5,21.0,26.69585,11.340454545454548,0.25,0.0
IND500039AAC,IND500035AAD,5,3.142857142857143,3.4314851814851814,3.5384615384615383,44.0,13.0,13.4204,45.67142857142857,0.6,0.0
IND500039AAC,IND501359AAE,9,7.851851851851852,7.141100425822647,10.555555555555555,212.0,27.0,35.1846,448.8476190476191,0.5555555555555556,0.0
IND500039AAC,IND508116AAA,8,1.9642857142857144,2.2182881773399012,2.5147783251231526,55.0,29.0,37.936499999999995,40.37362637362638,0.375,1.0
IND500039AAD,IND501359AAE,8,2.717013888888889,2.975241748805257,3.2983870967741935,84.0,31.0,36.640299999999996,81.13915598290602,0.375,0.0
IND500050AAA,IND501218AAC,3,5.566666666666666,4.403174603174603,5.640476190476191,160.0,28.0,32.4683,104.38875,0.6666666666666666,0.0
IND500050AAA,IND501359AAE,18,2.1534926470588234,3.905195344456869,4.918411330049262,71.0,32.0,36.08905,1132.5208639705884,0.4444444444444444,0.0
IND500055AAC,IND501401AAC,9,2.090909090909091,2.1544289044289044,2.5384615384615383,23.0,11.0,15.9629,12.63961038961039,0.4444444444444444,0.0
IND500080AAB,IND501359AAE,16,3.0487012987012987,3.881555662805663,4.807359307359308,65.5,21.0,26.44105,1235.0763760049476,0.4375,0.0
IND501101AAB,IND509216AAC,4,1.4622641509433962,1.4056603773584906,1.490566037735849,77.5,53.0,56.3488,0.0,0.0,0.0
IND501141AAA,IND501101AAB,4,1.619047619047619,1.626596980255517,1.724738675958188,68.0,41.5,39.27375000000001,0.0,0.0,0.0
IND501359AAE,IND411033AAA,13,2.0448430493273544,2.0659075963998887,2.118834080717489,916.0,448.0,596.5618000000001,0.0,0.0,1.0
IND501359AAE,IND413002AAA,11,1.9477911646586346,2.0864690489593287,2.3003614457831327,485.0,250.0,327.37690000000003,298.69948544176714,0.2727272727272727,1.0
IND501359AAE,IND462022AAA,10,2.1457654723127035,2.163255987592263,2.19299674267101,1317.5,614.0,865.7868,76.77157980456036,0.1,1.0
IND501359AAE,IND500008AAC,14,1.814935064935065,1.8218257932543647,1.9035714285714285,39.0,21.0,27.2718,5.850000000000001,0.07142857142857142,0.0
IND501359AAE,IND500010AAA,10,2.051282051282051,2.2030301455301453,2.5753638253638256,80.0,39.0,47.60825,61.44188034188039,0.4,0.0
IND501359AAE,IND500010AAB,22,2.8375000000000004,3.2488258925693283,3.185096153846154,112.5,40.0,48.2161,459.4343518518518,0.3181818181818182,0.0
IND501359AAE,IND500039AAC,6,1.9988095238095238,2.152774736970139,2.408333333333333,58.0,29.0,36.2654,14.942564935064937,0.3333333333333333,0.0
IND501359AAE,IND500039AAD,6,2.7270114942528734,2.667785193424793,2.9583333333333335,75.5,30.0,36.22695,19.737068965517295,0.5,0.0
IND501359AAE,IND500050AAA,14,1.7298387096774195,2.074924269279108,1.9024193548387096,54.5,30.5,34.68155,124.01986417657047,0.14285714285714285,0.0
IND501359AAE,IND500080AAB,17,2.0,2.691861226447981,2.2,46.0,24.0,29.0442,276.1,0.23529411764705882,0.0
IND501359AAE,IND501141AAA,7,1.6170212765957446,1.6223067965039573,1.6599886813808715,152.0,94.0,109.3605,0.0,0.0,0.0
IND501359AAE,IND506002AAA,10,1.7754898040783686,1.832931494069039,1.8360772357723578,215.5,122.5,168.37345,40.271311475409846,0.1,1.0
IND501359AAE,IND508252AAB,7,2.0434782608695654,2.2403679173532765,2.387755102040816,94.0,46.0,66.4524,43.070833333333354,0.2857142857142857,1.0
IND501359AAE,IND509001AAA,13,1.4736842105263157,1.684734563681932,1.5892857142857142,84.0,56.0,76.8268,111.77046783625732,0.15384615384615385,1.0
IND501359AAE,IND509358AAA,12,1.5555555555555556,2.1163851580518247,2.0092592592592595,42.0,27.0,36.89165,157.6254901960784,0.3333333333333333,1.0
IND501359AAE,IND515004AAA,9,1.786008230452675,1.7859980088273955,1.8888888888888888,434.0,243.0,337.884,0.0,0.0,1.0
IND501359AAE,IND518002AAA,12,1.7789855072463767,1.8395119600337269,1.9185173600250234,245.5,139.0,194.5978,17.117647058823593,0.08333333333333333,1.0
IND501359AAE,IND523002AAA,12,1.7158244481664555,1.7181659216171894,1.7733066933066932,465.0,273.0,363.46555,0.0,0.0,1.0
IND501359AAE,IND533106AAA,12,2.2142857142857144,2.2064681497952514,2.248908554241207,663.5,299.0,421.56845,0.0,0.0,1.0
IND501359AAE,IND562132AAA,4,1.687935627081021,1.6910266370699223,1.7683740288568257,716.5,425.0,542.3396,0.0,0.0,1.0
IND501359AAE,IND585104AAA,14,1.6696428571428572,1.6616944230124464,1.7240017007405308,280.5,168.0,210.8048,0.0,0.0,1.0
IND501359AAE,IND751002AAB,8,2.026566757493188,2.068456870342368,2.077001356852103,1487.5,735.0,1037.9544,15.681198910081775,0.125,1.0
IND501359AAG,IND000000ACN,6,2.822368421052632,3.5628146453089244,4.434210526315789,55.0,20.0,24.6488,125.23319377990428,0.5,0.0
IND501401AAC,IND500010AAA,10,6.404166666666667,6.997556160056161,10.947619047619048,100.0,14.0,14.449200000000001,358.28999999999996,0.5,0.0
IND502110AAA,IND502313AAA,14,1.3472222222222223,1.4008089722375436,1.584834834834835,48.5,36.0,39.8186,0.0,0.0,1.0
IND502220AAC,IND501359AAE,15,1.317829457364341,1.3382247288536202,1.4400133236434107,169.0,128.0,146.9617,0.0,0.0,1.0
IND502286AAB,IND502220AAC,15,2.1875,2.157499618313805,2.3061224489795915,105.0,49.0,57.4331,23.375781250000003,0.06666666666666667,1.0
IND502313AAA,IND503111AAC,5,1.7142857142857142,1.743932411674347,1.7741935483870968,108.0,62.0,85.3094,0.0,0.0,1.0
IND503111AAC,IND501359AAE,13,2.233009708737864,2.4481062948532086,2.8137254901960786,230.0,103.0,137.8776,284.66666666666674,0.3076923076923077,1.0
IND503111AAC,IND503185AAA,15,1.7833333333333334,1.865298196133733,1.992741935483871,107.0,61.0,79.6958,41.411250000000024,0.2,1.0
IND503122AAA,IND502110AAA,14,1.5526315789473684,1.7301220393325656,1.6891891891891893,58.0,37.0,40.5767,67.62036011080333,0.21428571428571427,1.0
IND503185AAA,IND503187AAA,14,1.5357142857142856,1.6032690854119427,1.6296296296296295,43.0,28.0,32.317750000000004,10.13815789473685,0.14285714285714285,1.0
IND503187AAA,IND503122AAA,15,1.5384615384615385,1.6273341473341472,1.6538461538461537,40.0,26.0,28.6293,7.746153846153845,0.06666666666666667,1.0
IND504201AAA,IND505184AAC,4,1.1056140350877193,1.2162792397660818,1.278421052631579,83.5,75.0,59.717,0.0,0.0,1.0
IND504208AAB,IND505001AAB,5,2.142857142857143,2.4772833723653394,3.2295081967213113,135.0,61.0,85.93719999999999,126.61428571428573,0.4,1.0
IND504215AAA,IND505001AAB,10,2.016949152542373,2.1633344873862588,2.5360900058445353,119.0,59.0,65.23935,88.50734463276837,0.4,1.0
IND504251AAA,IND504296AAA,3,1.186046511627907,1.216055907916373,1.2407505285412261,51.0,43.0,39.631,0.0,0.0,1.0
IND504293AAA,IND505001AAB,3,2.26271186440678,2.23126488303684,2.4915254237288136,267.0,118.0,147.64329999999998,36.231250000000045,0.3333333333333333,1.0
IND505001AAA,IND505302AAB,5,1.3823529411764706,1.4389705882352941,1.4705882352941178,47.0,34.0,34.8956,0.0,0.0,1.0
IND505001AAB,IND504208AAB,5,1.4666666666666666,1.5526190185629636,1.5076923076923077,89.0,61.0,84.80789999999999,0.0,0.0,1.0
IND505001AAB,IND505209AAA,3,3.608695652173913,3.196256038647343,3.783514492753623,166.0,46.0,64.65169999999999,74.58750000000003,0.6666666666666666,1.0
IND505122AAA,IND506002AAA,9,2.5365853658536586,3.4167634533488194,2.75,102.0,40.0,48.6676,365.0038327526132,0.3333333333333333,1.0
IND505184AAC,IND505001AAB,6,1.810655737704918,1.9742388007082514,2.1564516129032256,110.0,62.0,68.60145,46.62139344262303,0.3333333333333333,1.0
IND505209AAA,IND504201AAA,4,1.4310344827586206,1.9533377541998231,1.9778735632183908,41.5,29.0,38.8128,46.72413793103449,0.25,1.0
IND505302AAB,IND505325AAA,5,1.1290322580645162,1.178794274509034,1.180327868852459,70.0,62.0,60.1525,0.0,0.0,1.0
IND505327AAA,IND505425AAA,7,1.368421052631579,1.5025115309281607,1.5476190476190477,26.0,19.0,27.481900000000003,7.473684210526315,0.14285714285714285,1.0
IND505467AAA,IND505122AAA,7,1.6304347826086956,1.6364785692260253,1.7602836879432624,75.0,46.0,51.077,0.0,0.0,1.0
IND506001AAC,IND505467AAA,8,1.6202380952380953,1.6693510737628385,1.7714285714285714,57.5,35.0,42.05905,0.0,0.0,1.0
IND506002AAA,IND506132AAA,13,1.1388888888888888,1.25338781106658,1.2432432432432432,46.0,37.0,35.192,21.917669753086436,0.23076923076923078,1.0
IND506002AAA,IND506143AAA,10,1.9565217391304348,2.0430359495576886,2.0714285714285716,42.0,21.5,29.662950000000002,14.533333333333339,0.2,1.0
IND506132AAA,IND122001AAJ,12,1.8403361344537816,1.9289746201510907,1.9779411764705883,63.5,34.0,48.3942,12.583835887296104,0.16666666666666666,1.0
IND506143AAA,IND506167AAB,9,1.736842105263158,1.739732637694454,1.8235294117647058,31.0,18.0,25.87,0.0,0.0,1.0
IND506167AAB,IND501359AAE,9,2.1298701298701297,2.6255014558812024,3.4,164.0,78.0,108.7747,346.54137291280153,0.3333333333333333,1.0
IND506314AAA,IND506002AAA,9,4.0,4.9971813117465285,4.625,92.0,24.0,33.923,514.35,0.5555555555555556,1.0
IND507002AAA,IND507167AAA,4,2.9438095238095237,2.9070009157509156,3.0669642857142856,69.5,24.5,34.58295,15.23259259259261,0.75,1.0
IND507002AAA,IND508206AAA,11,2.129032258064516,2.5042644183773217,2.6129032258064515,64.0,30.0,38.8687,140.6225806451613,0.2727272727272727,1.0
IND507002AAA,IND508213AAB,14,1.8181818181818181,1.7968907390276494,1.926641414141414,80.0,45.0,63.823949999999996,0.0,0.0,1.0
IND507111AAA,IND507117AAB,13,1.625,1.6272647379502219,1.7419354838709677,52.0,31.0,36.7156,0.0,0.0,1.0
IND507117AAB,IND507303AAA,12,2.053363074811256,2.2213216058408682,2.2922062904717855,192.0,93.0,123.4171,163.55752351729984,0.25,1.0
IND507123AAA,IND506314AAA,8,1.357754890081357,1.3638823174914572,1.4724770642201834,146.5,109.0,130.9128,0.0,0.0,1.0
IND507159AAA,IND507002AAA,9,5.166666666666667,5.966002767473356,8.222222222222221,93.0,18.0,24.4406,1183.457142857143,0.5555555555555556,1.0
IND507303AAA,IND507002AAA,11,2.4,3.0791639337093883,3.6636363636363636,132.0,55.0,77.81089999999999,426.5312500000001,0.45454545454545453,1.0
IND508001AAA,IND501359AAE,14,1.7543103448275863,1.7983095076805375,1.8713662790697674,153.5,87.0,116.5094,0.012500000000017053,0.07142857142857142,1.0
IND508116AAA,IND508277AAB,9,1.0681818181818181,1.0893378226711559,1.1333333333333333,48.0,45.0,43.865,0.0,0.0,1.0
IND508206AAA,IND507159AAA,10,1.3513513513513513,1.4122511830716165,1.5902777777777777,50.0,37.0,50.973,0.0,0.0,1.0
IND508207AAB,IND521225AAB,10,2.1695652173913045,2.2120793166528054,2.2478070175438596,249.5,113.5,154.89954999999998,5.410000000000025,0.1,1.0
IND508213AAB,IND508001AAA,14,1.8441295546558705,1.9480047572152834,2.2072072072072073,71.0,37.0,51.31175,32.48363520136377,0.2857142857142857,1.0
IND508223AAA,IND500039AAC,11,1.8045977011494252,1.9070780241850258,2.0139796185001306,158.0,89.0,122.8876,57.876364942528795,0.2727272727272727,1.0
IND508248AAB,IND508377AAB,11,1.8125,1.8046867645129678,1.915079365079365,60.0,34.0,48.7195,4.536718750000006,0.09090909090909091,1.0
IND508252AAB,IND508207AAB,6,1.3634293270643552,1.3500495885982957,1.4275225903614457,112.0,82.0,109.42665,0.0,0.0,1.0
IND508277AAB,IND508223AAA,7,1.3846153846153846,1.379163083293518,1.4289297658862876,34.0,25.0,25.922400000000003,0.0,0.0,1.0
IND508377AAB,IND501359AAE,10,1.891304347826087,2.1376633369317677,2.085395763656633,217.5,115.0,155.28125,259.95000000000005,0.2,1.0
IND509001AAA,IND509203AAA,14,1.5147058823529411,1.555640437993379,1.585115864527629,51.5,34.0,38.34715,11.451934984520143,0.14285714285714285,1.0
IND509103AAB,IND518002AAA,3,2.2542372881355934,2.280148061562439,2.325394506136762,133.0,58.0,76.7957,0.0,0.0,1.0
IND509103AAC,IND518002AAA,5,2.0847457627118646,2.2573707083876577,2.2033898305084745,123.0,59.0,77.69619999999999,46.07627118644069,0.2,1.0
IND509124AAA,IND509103AAB,8,2.0477564102564103,2.0013621794871796,2.3312500000000003,81.0,39.5,45.5189,3.6300493096647273,0.25,1.0
IND509203AAA,IND509301AAA,14,1.49,1.5175457875457874,1.635,38.5,26.0,28.6363,1.4361052631578985,0.07142857142857142,1.0
IND509216AAC,IND501359AAE,6,1.5854700854700856,1.8343447293447293,2.2638461538461536,42.0,25.5,33.5947,23.961188811188805,0.3333333333333333,0.0
IND509301AAA,IND501359AAE,13,1.836734693877551,1.8771009942438512,2.020408163265306,90.0,49.0,66.8635,61.94444444444446,0.07692307692307693,1.0
IND509324AAA,IND508248AAB,7,2.2058823529411766,2.2890028738768238,2.4686274509803923,75.0,34.0,48.359300000000005,12.064950980392197,0.42857142857142855,1.0
IND509358AAA,IND508248AAB,5,2.189655172413793,2.2632963179427237,2.440677966101695,127.0,59.0,82.9442,6.140948275862058,0.4,1.0
IND509358AAA,IND509324AAA,7,1.7037037037037037,2.234967550238486,1.9285714285714284,46.0,28.0,37.6749,106.22962962962964,0.2857142857142857,1.0
IND515004AAA,IND501359AAE,13,1.7172131147540983,1.7379137900801362,1.8524590163934427,419.0,244.0,339.1598,0.0,0.0,1.0
IND515004AAA,IND515401AAB,13,1.775,1.9493391196758432,1.9487179487179487,71.0,40.0,53.526,83.53812500000001,0.23076923076923078,1.0
IND515004AAA,IND515671AAA,7,2.5161290322580645,3.5129913769026673,3.3186553030303028,78.0,32.0,35.7816,267.64086021505375,0.2857142857142857,1.0
IND515004AAA,IND562132AAA,8,1.7251207729468598,1.703420250257385,1.7540760869565217,314.0,184.0,205.1086,0.0,0.0,1.0
IND515134AAA,IND515201AAA,12,1.6497662185856226,1.7028950350776864,1.7789304500292227,96.5,59.0,62.8782,8.116890707188773,0.16666666666666666,0.0
IND515134AAA,IND515591AAA,6,1.5461309523809523,1.517573696145125,1.6116071428571428,75.0,48.0,44.93195,0.0,0.0,1.0
IND515201AAA,IND515134AAA,3,1.6065573770491803,2.1503642987249543,2.4672131147540983,98.0,61.0,64.1522,73.05000000000001,0.3333333333333333,0.0
IND515201AAA,IND515301AAA,11,2.6818181818181817,2.7022483445408345,3.024703557312253,59.0,22.0,31.2836,28.323437500000026,0.36363636363636365,0.0
IND515301AAA,IND561202AAB,12,1.7573529411764706,1.867204520697168,1.9264705882352942,29.5,17.0,17.44555,11.745588235294143,0.25,0.0
IND515401AAB,IND515801AAA,14,2.3861283643892337,2.7273269548093837,2.6623641304347827,51.5,22.0,30.637700000000002,93.5526315789474,0.2857142857142857,1.0
IND515591AAA,IND516269AAA,8,1.6307692307692307,1.6961538461538461,1.7615384615384615,106.0,65.0,71.40445,0.0,0.0,1.0
IND515671AAA,IND515134AAA,7,1.4166666666666667,1.535954381752701,1.590873015873016,51.0,36.0,37.7623,5.10486111111112,0.14285714285714285,1.0
IND515761AAA,IND515004AAA,14,1.7641509433962264,1.7843459774726622,1.885989010989011,93.5,53.0,57.643249999999995,8.391658391261188,0.07142857142857142,1.0
IND515801AAA,IND515865AAB,13,1.5842696629213484,1.626402055906124,1.735632183908046,138.0,87.0,103.616,0.0,0.0,1.0
IND515865AAB,IND515761AAA,13,1.696969696969697,1.6843968531468532,1.75,55.0,33.0,40.6439,0.0,0.0,1.0
IND516101AAA,IND516115AAA,12,2.511904761904762,2.579345238095238,2.6346153846153846,64.0,26.0,36.4729,32.507142857142895,0.16666666666666666,0.0
IND516115AAA,IND517501AAB,11,2.2388059701492535,2.482589730043637,2.466966637401229,150.0,67.0,90.2466,136.77238805970154,0.2727272727272727,0.0
IND516269AAA,IND516390AAA,9,1.5921052631578947,1.6774853801169591,1.6933333333333334,121.0,75.0,82.7305,13.116306390977456,0.1111111111111111,1.0
IND516390AAA,IND515004AAA,9,1.9651162790697674,1.972027450839278,2.0352941176470587,169.0,85.0,98.7011,0.0,0.0,1.0
IND517501AAB,IND517583AAA,13,2.1538461538461537,2.1821948279640586,2.32,56.0,26.0,34.7185,4.733333333333334,0.07692307692307693,0.0
IND517501AAB,IND517644AAA,12,2.447619047619048,2.4247681006664643,2.5802556818181817,77.0,32.0,39.274750000000004,5.871596638655461,0.16666666666666666,1.0
IND517583AAA,IND516101AAA,13,2.152173913043478,2.18143427263455,2.2083333333333335,103.0,48.0,68.3377,0.0,0.0,0.0
IND517644AAA,IND524132AAA,11,2.1142857142857143,2.0928768201495473,2.280952380952381,74.0,35.0,45.097,3.455714285714336,0.18181818181818182,1.0
IND518002AAA,IND501359AAE,12,1.84375,1.8683021180586359,1.9780585106382977,265.0,143.5,199.60555,0.41102941176472996,0.08333333333333333,1.0
IND518002AAA,IND509124AAA,3,1.6,3.077659574468085,3.925,72.0,47.0,61.3278,197.88,0.3333333333333333,1.0
IND518002AAA,IND518401AAA,7,1.935483870967742,1.879739960500329,2.133928571428571,60.0,31.0,31.7606,0.041666666666671404,0.14285714285714285,1.0
IND518002AAA,IND518501AAA,14,1.5080645161290323,1.4950611494897335,1.5800060496067756,86.5,57.0,71.74279999999999,0.0,0.0,1.0
IND518002AAA,IND562132AAA,10,1.5235391588284029,1.5082186251667946,1.5320422535211269,433.0,285.0,346.81885,0.0,0.0,1.0
IND518002AAA,IND584101AAA,10,1.8128574696865707,1.8399069625562419,1.9111111111111112,169.5,93.0,101.94005,0.0,0.0,1.0
IND518102AAA,IND518002AAA,10,1.9694656488549618,1.9783807500135815,2.051050922761449,258.0,132.0,176.06165,0.0,0.0,1.0
IND518124AAA,IND518206AAA,6,1.65,1.6928571428571428,1.8053571428571429,33.0,21.0,19.491799999999998,0.0,0.0,1.0
IND518206AAA,IND518222AAA,3,1.2666666666666666,1.4126262626262627,1.4856060606060606,57.0,45.0,36.512,0.0,0.0,1.0
IND518222AAA,IND518002AAA,4,1.4815509693558475,1.472918341820781,1.754120879120879,59.0,41.5,54.467150000000004,0.0,0.0,1.0
IND518401AAA,IND518422AAB,6,2.378205128205128,2.259797332297332,2.435769230769231,62.0,25.5,36.5498,0.49458041958043,0.16666666666666666,1.0
IND518422AAB,IND518102AAA,10,2.019230769230769,2.0467203848782796,2.10082023239918,154.5,77.0,108.5009,0.0,0.0,1.0
IND518501AAA,IND518124AAA,11,2.7857142857142856,2.714115705495016,3.074074074074074,76.0,28.0,37.8372,36.46116071428577,0.2727272727272727,1.0
IND520011AAA,IND521185AAA,5,2.8181818181818183,2.6864304812834225,3.176470588235294,93.0,32.0,46.6945,36.72500000000001,0.6,0.0
IND521001AAA,IND521225AAB,4,2.2223719676549862,2.2188158539573632,2.3067722371967654,121.0,55.5,74.4136,0.0,0.0,1.0
IND521105AAA,IND521333AAA,4,2.4154040404040407,2.412247474747475,2.4810606060606064,107.5,44.0,43.65745,3.4580246913580197,0.25,1.0
IND521105AAA,IND534001AAA,3,1.8235294117647058,1.886710239651416,1.941176470588235,32.0,17.0,18.558,0.0,0.0,1.0
IND521185AAA,IND521225AAB,4,2.3782828282828286,2.433459595959596,2.8174242424242424,106.0,44.0,58.30970000000001,38.092334455667796,0.5,0.0
IND521225AAB,IND501359AAE,6,1.7490196078431373,1.9071917393724995,2.058283155781998,446.0,255.0,316.0443,73.71860962566859,0.3333333333333333,1.0
IND521225AAB,IND507002AAA,14,1.8008620689655173,2.0453189758504204,2.0541952707856597,208.0,115.0,154.21025,298.5851451905627,0.21428571428571427,1.0
IND521225AAB,IND521201AAA,15,1.6226415094339623,2.063788098693759,1.6981132075471699,85.0,53.0,52.9994,322.70000000000005,0.13333333333333333,1.0
IND521225AAB,IND521301AAA,13,1.8666666666666667,2.3089931345250494,2.723404255319149,84.0,45.0,61.0652,235.7440740740741,0.3076923076923077,1.0
IND521301AAA,IND521001AAA,13,1.92,1.982800788954635,2.16,48.0,25.0,36.3732,7.082000000000008,0.23076923076923078,1.0
IND521333AAA,IND521225AAB,12,2.5879299156391955,2.914464360557902,2.8714349376114083,175.5,68.0,94.2752,308.58507462686566,0.3333333333333333,1.0
IND522647AAA,IND523201AAA,13,1.58,1.5810256410256411,1.64,79.0,50.0,59.9626,0.0,0.0,1.0
IND523002AAA,IND523226AAA,4,1.6578947368421053,1.907230196703881,1.9437134502923976,33.5,19.0,20.2362,10.747368421052634,0.25,1.0
IND523002AAA,IND523230AAA,14,1.6125670041691484,1.6915919918454343,1.7892629751109395,115.0,69.5,78.6791,24.00919250180246,0.07142857142857142,1.0
IND523002AAA,IND600056AAB,11,1.7312252964426877,1.7327709962246411,1.7881846414455111,438.0,253.0,331.1279,0.0,0.0,1.0
IND523105AAA,IND524201AAA,12,1.3194444444444444,1.3002369898789727,1.367171717171717,53.0,42.5,55.373400000000004,0.0,0.0,1.0
IND523226AAA,IND523316AAB,6,1.9660714285714285,1.968562971636742,1.9830357142857142,114.0,60.0,73.01490000000001,0.0,0.0,1.0
IND523230AAA,IND523105AAA,12,1.4482029598308668,1.486554268491482,1.6055555555555556,64.5,45.0,48.327749999999995,0.0,0.0,1.0
IND523316AAB,IND522647AAA,7,1.6545454545454545,1.708186991205859,1.7617845117845117,91.0,55.0,77.9587,0.0,0.0,1.0
IND524003AAA,IND501359AAE,14,1.6933701657458564,1.6977457002862528,1.777700831024931,611.5,361.5,495.9099,0.0,0.0,1.0
IND524101AAB,IND517501AAB,13,2.1315789473684212,2.175098301673644,2.24,162.0,75.0,99.2628,32.42602339181283,0.15384615384615385,1.0
IND524132AAA,IND524101AAB,11,1.6571428571428573,1.6675695175695175,1.7672672672672673,58.0,36.0,39.9062,0.0,0.0,1.0
IND524201AAA,IND523002AAA,12,1.1666666666666667,1.8862288128683147,1.4074074074074074,77.0,67.5,88.0688,532.4000000000001,0.25,1.0
IND530012AAA,IND501359AAE,10,2.018396101488426,2.064848751853041,2.1326889561303153,877.0,433.0,602.57915,0.0,0.0,1.0
IND530012AAA,IND530043AAA,10,2.9879227053140096,3.2771751843376555,3.1666666666666665,54.5,18.0,21.627499999999998,85.43148148148146,0.5,0.0
IND530012AAA,IND531162AAA,6,1.75,1.8834325396825398,1.984375,28.0,16.0,16.0898,5.99545454545455,0.16666666666666666,0.0
IND530012AAA,IND532001AAB,15,1.7375,1.7917636731811315,1.8718578015766771,142.0,82.0,112.342,0.0,0.0,0.0
IND530012AAA,IND751002AAB,3,1.5799373040752351,1.587065452038596,1.610157926485567,504.0,318.0,445.6972,0.0,0.0,1.0
IND530012AAA,IND764001AAC,3,2.8263473053892216,3.1297405189620755,3.3233532934131738,472.0,167.0,231.3367,237.16249999999997,1.0,0.0
IND530012AAC,IND533106AAA,4,1.8071649712516584,1.8459188805741644,1.8929872758820128,243.0,133.5,181.89405,0.0,0.0,1.0
IND530026AAA,IND531036AAA,4,2.869959677419355,2.9994959677419355,3.200100806451613,90.5,31.0,38.5391,37.08729838709678,0.5,0.0
IND530043AAA,IND531163AAA,9,1.7272727272727273,1.7188447623230232,1.8095238095238095,38.0,22.0,26.2057,0.0,0.0,0.0
IND531036AAA,IND530012AAA,4,2.360597439544808,2.3830014224751066,2.459459459459459,88.5,37.0,40.00965,5.080701754385956,0.25,0.0
IND531163AAA,IND535001AAA,9,2.3,2.242881192881193,2.380952380952381,48.0,21.0,27.0287,2.564285714285724,0.1111111111111111,0.0
IND532001AAB,IND530012AAA,15,2.119047619047619,2.235113119133668,2.395798319327731,178.0,84.0,115.1256,123.89464285714286,0.26666666666666666,0.0
IND532001AAB,IND532127AAA,14,1.8833333333333333,2.073706487221241,2.224042338709677,56.5,30.0,34.5011,66.8118421052632,0.35714285714285715,1.0
IND532001AAB,IND532421AAA,13,3.111111111111111,2.7191453369471947,3.2857142857142856,56.0,19.0,27.2073,22.287037037037052,0.3076923076923077,1.0
IND532127AAA,IND535591AAA,14,1.6705426356589148,1.699244222001697,1.7209302325581395,70.5,43.0,48.6219,7.104385964912282,0.07142857142857142,1.0
IND532201AAA,IND532222AAA,14,1.7349999999999999,1.8624482401656315,1.8206521739130435,42.5,24.5,27.6346,28.378526315789472,0.14285714285714285,1.0
IND532222AAA,IND761200AAA,7,2.129032258064516,2.057346105271604,2.3442622950819674,132.0,61.0,59.702,23.226344086021527,0.2857142857142857,1.0
IND532421AAA,IND532201AAA,13,2.1,2.0686513563835542,2.210526315789474,42.0,20.0,27.7652,16.338888888888896,0.07692307692307693,1.0
IND532440AAA,IND532001AAB,11,1.5405405405405406,1.5646986015407067,1.6578947368421053,57.0,37.0,41.5318,0.0,0.0,1.0
IND533003AAA,IND533401AAA,12,1.9711246200607904,2.015401107251411,2.283326096396005,94.5,48.0,62.93545,31.898802074021077,0.25,1.0
IND533106AAA,IND501359AAE,8,2.198653198653199,2.4331554839925866,2.311343642300018,653.0,298.0,419.76765,464.85172235172206,0.25,1.0
IND533106AAA,IND530012AAA,11,1.7803030303030303,1.7271565647806453,1.8270578923563998,235.0,132.0,181.7005,0.0,0.0,1.0
IND533106AAA,IND533242AAA,3,2.74025974025974,3.071314650262019,3.251708817498291,211.0,76.0,94.0226,103.19472402597404,1.0,1.0
IND533106AAA,IND533262AAA,3,2.1041666666666665,2.1589898756295614,2.4776152482269502,101.0,47.0,53.4446,23.788671875000006,0.3333333333333333,1.0
IND533106AAA,IND533308AAB,7,3.0,3.2601126472094215,3.553571428571429,98.0,29.0,33.9879,114.4125,0.5714285714285714,1.0
IND533106AAA,IND534260AAC,3,3.433333333333333,3.2827651146178325,3.682768361581921,206.0,59.0,72.3474,90.74312500000008,0.6666666666666666,1.0
IND533201AAA,IND533262AAA,6,1.9612010796221322,2.2447593342330183,2.147267206477733,75.5,39.0,46.604150000000004,62.24916267942585,0.16666666666666666,1.0
IND533262AAA,IND533106AAA,5,1.8297872340425532,1.7549491211840889,1.8297872340425532,85.0,47.0,53.5566,0.0,0.0,1.0
IND533308AAB,IND533003AAA,8,1.542973286875726,1.5897854036679901,1.7209639953542393,64.0,41.5,44.303700000000006,0.0,0.0,1.0
IND533401AAA,IND533106AAA,11,2.2739726027397262,2.3513211603421413,2.5081649316186976,160.0,69.0,93.1386,76.54520547945211,0.2727272727272727,1.0
IND534001AAA,IND521333AAA,10,1.8076923076923077,1.9855099715099715,1.831923076923077,46.5,26.0,25.002299999999998,41.03333333333334,0.1,1.0
IND535001AAA,IND530012AAA,6,3.150460898007731,3.129742626051341,3.4468412942989213,177.0,57.5,72.22954999999999,122.29738058551621,0.5,0.0
IND535501AAB,IND532440AAA,11,1.5,1.5545045745891413,1.7059800664451825,63.0,42.0,46.0541,0.0,0.0,1.0
IND535558AAA,IND535501AAB,13,1.565217391304348,1.667462971810798,1.6521739130434783,36.0,23.0,25.8238,9.338888888888896,0.23076923076923078,1.0
IND535591AAA,IND535558AAA,3,2.1333333333333333,2.273611111111111,2.3791666666666664,33.0,16.0,19.0487,4.280000000000008,0.3333333333333333,1.0
IND560002AAA,IND560099AAB,14,2.625,2.6851152301985906,3.1630434782608696,59.0,22.0,18.4329,54.40263157894736,0.35714285714285715,0.0
IND560002AAA,IND562132AAA,15,2.235294117647059,2.287012439201507,2.587251828631139,76.0,34.0,26.5282,175.6176470588235,0.26666666666666666,0.0
IND560043AAC,IND560064AAA,27,1.6111111111111112,1.6971742855686784,1.7777777777777777,29.0,18.0,13.7851,34.72890625000002,0.18518518518518517,0.0
IND560043AAC,IND560099AAB,17,2.0357142857142856,2.0018545795927483,2.4375,66.0,34.0,29.9587,71.64780844155848,0.35294117647058826,0.0
IND560043AAC,IND562132AAA,12,2.001190476190476,2.4212349980642665,2.80625,82.0,40.5,29.6662,240.24344537815128,0.3333333333333333,0.0
IND560048AAB,IND560099AAB,19,1.71875,1.9509751194609368,2.3275862068965516,55.0,33.0,27.1854,231.47460937500003,0.3157894736842105,0.0
IND560048AAB,IND562132AAA,11,1.8936170212765957,2.5090308572385354,2.893041978148361,89.0,46.0,36.6959,309.07220744680853,0.45454545454545453,0.0
IND560058AAB,IND560060AAB,32,1.3529411764705883,1.4023245448651795,1.588235294117647,22.5,17.0,16.8716,13.294753577106512,0.1875,0.0
IND560058AAB,IND560099AAB,15,1.837837837837838,2.0653217946680384,2.3528528528528527,68.0,37.0,38.151900000000005,196.49932432432433,0.26666666666666666,0.0
IND560058AAB,IND562132AAA,9,1.6842105263157894,1.6739538239538239,1.8,32.0,20.0,13.6761,1.6026315789473742,0.1111111111111111,0.0
IND560058AAD,IND562132AAA,27,1.7083333333333333,3.0250425630135775,3.7083333333333335,40.0,23.0,15.1598,874.9728515625001,0.37037037037037035,0.0
IND560060AAB,IND560099AAB,9,1.34375,1.3424706254284053,1.375,44.0,33.0,30.8395,0.0,0.0,0.0
IND560060AAB,IND562132AAA,16,1.6770114942528735,2.0666347197944805,1.9666666666666666,50.0,30.0,24.90175,189.5209523809524,0.1875,0.0
IND560064AAD,IND560043AAC,28,2.5714285714285716,2.4954644357743097,2.696428571428571,38.5,15.0,14.39455,17.972727272727283,0.14285714285714285,0.0
IND560067AAC,IND562114AAA,17,2.7777777777777777,3.099405822935235,3.3333333333333335,27.0,10.0,12.6328,68.42424242424246,0.29411764705882354,0.0
IND560078AAC,IND560099AAB,14,3.54,3.513985475314341,4.729166666666667,82.5,24.0,22.5303,164.6282105263158,0.5,0.0
IND560078AAC,IND562132AAA,14,1.5119047619047619,1.7619090376565458,1.7516611295681064,63.5,42.0,34.737849999999995,140.97412280701758,0.14285714285714285,0.0
IND560083AAB,IND562132AAA,24,1.7093023255813953,2.0959566596194503,2.148784355179704,74.0,44.0,41.5286,435.78227746591836,0.375,0.0
IND560085AAA,IND562132AAA,4,1.806766917293233,1.9177375256322624,2.04066985645933,66.0,36.5,29.6078,14.359197994987468,0.25,0.0
IND560099AAB,IND560002AAA,18,2.125,1.999459644255377,2.638157894736842,42.5,21.5,18.8889,70.26249999999999,0.3333333333333333,0.0
IND560099AAB,IND560043AAC,24,1.6100230414746544,1.9056844702391258,2.030791788856305,49.0,30.0,27.4859,229.7164706817099,0.3333333333333333,0.0
IND560099AAB,IND560048AAB,25,1.5161290322580645,1.8771925381484533,1.9142857142857144,48.0,31.0,26.8498,286.8346774193548,0.28,0.0
IND560099AAB,IND560058AAB,29,1.641025641025641,1.9045581153620013,2.3636363636363638,63.0,36.0,32.1224,275.7404223227753,0.3793103448275862,0.0
IND560099AAB,IND560060AAB,21,1.375,1.5416813646720124,1.7222222222222223,44.0,33.0,31.640400000000003,93.38629807692311,0.2857142857142857,0.0
IND560099AAB,IND560078AAC,21,1.8,1.8674077785568468,2.347826086956522,40.0,22.0,20.656,81.72307692307692,0.3333333333333333,0.0
IND560099AAB,IND560085AAA,12,2.359848484848485,2.6355242932760095,3.4342105263157894,54.0,22.0,18.8378,116.57807486631019,0.5,0.0
IND560099AAB,IND560300AAA,81,1.9298245614035088,2.0468007129865358,2.537037037037037,110.0,58.0,53.1806,1009.636474908201,0.4444444444444444,0.0
IND560099AAB,IND562132AAA,83,1.5555555555555556,1.7125264035441667,1.9912280701754386,86.0,57.0,46.4863,865.5709595959597,0.3253012048192771,0.30120481927710846
IND560099AAB,IND632006AAA,8,1.3705882352941177,1.4322620984319248,1.5059714795008914,233.0,168.0,198.33884999999998,0.0,0.0,1.0
IND560099AAB,IND635001AAA,4,2.1180266031367876,2.048903007450747,2.2328263497179694,150.5,68.5,71.2072,2.4979198376458953,0.25,1.0
IND560099AAB,IND683511AAA,14,1.6381190659481653,1.6434823123290578,1.7019021041827047,710.0,432.0,472.08050000000003,85.87792397660826,0.07142857142857142,1.0
IND560300AAA,IND560002AAA,13,1.0909090909090908,1.3754417151475975,1.2727272727272727,35.0,33.0,32.0947,83.05,0.23076923076923078,0.0
IND560300AAA,IND560043AAC,22,1.21875,1.480374122456234,1.653225806451613,38.5,31.5,29.95935,128.62118055555558,0.3181818181818182,0.0
IND560300AAA,IND560058AAB,26,1.343137254901961,1.4684665537606714,1.8014705882352942,46.0,34.5,31.3395,96.39399114484513,0.3076923076923077,0.0
IND560300AAA,IND560078AAC,9,2.6666666666666665,2.781176647030305,3.1904761904761907,112.0,41.0,40.0796,85.35000000000007,0.4444444444444444,0.0
IND560300AAA,IND560085AAA,12,1.4928876244665719,1.6876507146243986,1.7683143669985775,56.0,37.5,36.6518,68.37419462806461,0.16666666666666666,0.0
IND560300AAA,IND560099AAB,61,2.4642857142857144,2.4005176265935058,3.1272727272727274,136.0,57.0,53.2807,611.6940476190473,0.39344262295081966,0.0
IND560300AAA,IND562132AAA,73,1.82,2.0586020329376575,2.26,91.0,50.0,40.6066,959.0900769230766,0.3150684931506849,0.0
IND560300AAA,IND563101AAB,5,1.9661016949152543,1.9860990107582743,2.0,110.0,55.0,64.2559,17.974576271186464,0.2,0.0
IND560300AAB,IND563101AAB,9,1.7413793103448276,1.7438247858723726,1.7454545454545454,100.0,58.0,66.9706,0.0,0.0,0.0
IND560300AAB,IND563130AAA,6,1.8917257683215132,1.8730068181039503,1.9111111111111112,86.0,46.0,55.2915,0.0,0.0,0.0
IND561202AAB,IND515134AAA,11,1.8125,1.8641347278902265,2.0076923076923077,118.0,65.0,65.9192,10.726757812500011,0.18181818181818182,0.0
IND561203AAB,IND562101AAA,9,1.52,1.5663311174422287,1.5384615384615385,38.0,26.0,27.8534,0.0,0.0,0.0
IND561207AAB,IND562108AAA,9,1.326086956521739,1.3085500792404392,1.3488372093023255,60.0,46.0,48.016,0.0,0.0,0.0
IND562101AAA,IND561207AAB,8,1.1430499325236168,1.1391278677462888,1.2203947368421053,44.0,39.0,40.8754,0.0,0.0,0.0
IND562114AAA,IND560048AAB,8,3.217032967032967,3.6374675671550674,3.678571428571429,49.0,14.0,17.05835,71.32290786136939,0.5,0.0
IND562114AAA,IND560067AAC,7,3.4444444444444446,3.933766233766234,4.511111111111111,33.0,10.0,11.492299999999998,52.04768518518518,0.5714285714285714,0.0
IND562117AAA,IND562132AAA,10,1.1562812187812188,1.2354390710616214,1.2638888888888888,104.5,90.0,85.4873,9.829191641691665,0.1,1.0
IND562132AAA,IND000000ACB,35,1.8259162303664922,1.8410810844795504,1.8727641023665524,2790.0,1528.0,2072.8024,57.387328206806615,0.02857142857142857,1.0
IND562132AAA,IND000000ACS,6,1.777217741935484,1.9144090999601753,2.0364583333333335,55.5,30.5,32.16785,14.192357038123163,0.16666666666666666,0.0
IND562132AAA,IND302014AAA,7,1.9436310395314789,1.921974259506588,1.9461935041305927,2655.0,1366.0,1854.4527,0.0,0.0,1.0
IND562132AAA,IND411033AAA,8,1.6819947274154274,1.6489328967985422,1.710254372019078,1060.5,630.0,850.99605,0.0,0.0,1.0
IND562132AAA,IND416012AAA,12,1.6183087259542543,1.631996110729211,1.7312727918665036,708.0,437.0,598.2662,0.0,0.0,1.0
IND562132AAA,IND421302AAG,7,1.7083906464924348,1.709368562805835,1.7452911781664424,1242.0,727.0,977.5999,0.0,0.0,1.0
IND562132AAA,IND462022AAA,7,2.0048496605237633,2.0498167010922748,2.047498007503816,2067.0,1031.0,1393.8468,248.04258001939843,0.14285714285714285,1.0
IND562132AAA,IND515004AAA,9,1.5469613259668509,1.4981686922272903,1.5683060109289617,280.0,183.0,203.4164,0.0,0.0,1.0
IND562132AAA,IND518002AAA,12,1.5867807630965527,1.5826834732553061,1.6581891792418109,453.0,286.0,346.25845000000004,0.0,0.0,1.0
IND562132AAA,IND560002AAA,21,2.4615384615384617,2.5571616700516535,3.2222222222222223,66.0,27.0,24.6125,131.708875739645,0.47619047619047616,0.0
IND562132AAA,IND560043AAC,15,1.8529411764705883,1.8932293236705002,2.0011923688394275,63.0,34.0,28.5357,48.337500000000006,0.2,0.0
IND562132AAA,IND560048AAB,11,1.925,1.9142346741833265,2.4375,77.0,40.0,35.4207,49.96890625,0.36363636363636365,0.0
IND562132AAA,IND560058AAB,13,1.8461538461538463,1.8543623700140908,2.235294117647059,29.0,17.0,13.922,21.322222222222244,0.3076923076923077,0.0
IND562132AAA,IND560058AAD,42,1.805952380952381,2.3942674145681666,2.627272727272727,37.0,20.0,15.86815,584.7952127659576,0.40476190476190477,0.0
IND562132AAA,IND560060AAB,16,1.4735221674876846,1.6857809934318555,1.9722222222222223,40.5,28.0,25.76235,58.581280788177345,0.3125,0.0
IND562132AAA,IND560078AAC,21,2.125,2.229072115160825,2.3870967741935485,68.0,31.0,32.9199,125.50360576923076,0.23809523809523808,0.0
IND562132AAA,IND560083AAB,39,1.5384615384615385,2.032782078182987,1.7564102564102564,62.0,39.0,41.8985,751.3636363636365,0.23076923076923078,0.0
IND562132AAA,IND560085AAA,11,2.0,2.445418851634091,2.989583333333333,54.0,31.0,31.2024,153.0,0.36363636363636365,0.0
IND562132AAA,IND560099AAB,100,1.6569230769230767,1.808498268594275,1.9082767722473604,84.0,51.0,50.462599999999995,803.7948717948723,0.24,0.37
IND562132AAA,IND560300AAA,100,1.7998670212765957,1.8944346126766367,2.146609042553192,87.0,48.0,38.0967,685.1129875886527,0.29,0.0
IND562132AAA,IND570020AAA,9,1.4852941176470589,1.48681765099989,1.5182481751824817,204.0,137.0,166.6831,0.0,0.0,1.0
IND562132AAA,IND572101AAA,3,1.1929824561403508,1.193609022556391,1.236842105263158,68.0,57.0,59.9982,0.0,0.0,0.0
IND562132AAA,IND573201AAB,16,1.4849624060150375,1.5707734967507896,1.5598108952116585,197.5,132.5,165.34975,138.2380952380953,0.125,1.0
IND562132AAA,IND577598AAC,10,1.6425467188179053,1.6670892085647817,1.6837606837606838,194.0,117.5,145.95639999999997,0.937606837606836,0.1,1.0
IND562132AAA,IND583101AAA,10,1.4895566181264943,1.5979616683167854,1.6477354421279655,323.0,219.5,292.50020000000006,70.28090741143234,0.2,1.0
IND562132AAA,IND600056AAB,9,1.9877049180327868,1.9611811633163587,2.041322314049587,484.0,242.0,320.11920000000003,0.0,0.0,1.0
IND562132AAA,IND712311AAA,3,2.221897810218978,2.2210191345942056,2.3183995990466695,3044.0,1370.0,1851.2411,26.295693430657593,0.3333333333333333,1.0
IND562132AAA,IND751002AAB,12,2.113714683307127,2.1324104188208612,2.201671124458132,2212.0,1047.0,1416.83795,100.25188392756718,0.08333333333333333,1.0
IND562159AAA,IND562117AAA,11,1.9259259259259258,1.9756865020501382,2.1076923076923078,52.0,27.0,28.5816,13.72106481481483,0.18181818181818182,1.0
IND563101AAB,IND563131AAA,11,1.565217391304348,1.694584795968195,1.7312252964426877,37.0,24.0,31.3281,20.231250000000003,0.18181818181818182,0.0
IND563116AAA,IND563131AAB,10,1.9166666666666665,2.2187994496044032,2.5408496732026142,32.5,18.0,18.08325,52.48611111111115,0.3,0.0
IND563125AAB,IND560300AAA,3,3.849056603773585,3.8479680696661824,3.8584905660377355,204.0,53.0,59.1122,118.60990566037736,1.0,0.0
IND563125AAB,IND560300AAB,9,3.9615384615384617,4.494182084848244,5.877551020408164,206.0,48.0,53.9733,679.4662087912089,0.5555555555555556,0.0
IND563130AAA,IND563131AAB,8,1.4308712121212122,1.5986270993001306,1.6448051948051947,46.5,33.0,33.60645,17.782692307692322,0.25,0.0
IND563131AAA,IND563125AAB,11,1.8372093023255813,1.8223283359930604,1.91749723145072,79.0,43.0,51.4255,9.976962209302343,0.09090909090909091,0.0
IND563131AAB,IND560300AAA,3,1.5625,1.7646275138363745,1.9760551948051948,125.0,79.0,78.8571,21.427734375,0.3333333333333333,0.0
IND563131AAB,IND563116AAA,12,1.8888888888888888,2.1521757825937393,2.3343653250773997,34.0,18.0,18.20205,50.68431372549022,0.3333333333333333,0.0
IND570020AAA,IND571301AAA,7,2.95,2.68462727748442,3.1346153846153846,60.0,22.0,26.6325,25.831875000000018,0.5714285714285714,1.0
IND570020AAA,IND571602AAA,9,2.4411764705882355,2.466834447656185,2.9411764705882355,83.0,34.0,41.2502,48.21670168067223,0.4444444444444444,1.0
IND571104AAA,IND577598AAB,11,1.9473684210526316,2.052348847324924,2.0999999999999996,37.0,20.0,28.3782,18.147697368421056,0.18181818181818182,1.0
IND571105AAA,IND571213AAA,8,1.721794871794872,1.7750668739155582,1.8623397435897435,68.0,39.0,43.62905,0.0,0.0,1.0
IND571111AAB,IND571313AAB,7,1.7096774193548387,1.7549307431537688,1.8372844827586206,53.0,31.0,33.8642,0.7374999999999972,0.14285714285714285,1.0
IND571114AAA,IND570020AAA,6,4.13499245852187,4.138120775375677,4.292986425339366,213.0,52.0,56.81395,242.04171122994669,0.6666666666666666,1.0
IND571124AAA,IND570020AAA,8,5.096666666666667,5.436061827956989,6.865322580645161,138.5,30.0,38.8739,373.98748717948723,0.5,1.0
IND571213AAA,IND571114AAA,6,1.58955223880597,1.5504296698326547,1.6151628222523744,106.5,67.0,73.65189999999998,0.0,0.0,1.0
IND571301AAA,IND571111AAB,6,1.914855072463768,2.0990208101077665,2.3091666666666666,47.0,23.5,34.0262,12.163636363636364,0.3333333333333333,1.0
IND571313AAB,IND571440AAA,7,1.288888888888889,1.6807679582359112,1.6213272543059776,58.0,46.0,41.067800000000005,89.57925925925926,0.2857142857142857,1.0
IND571401AAA,IND562160AAB,10,0.9891304347826086,0.9788508372821839,1.0,47.0,47.0,38.14795,0.0,0.0,1.0
IND571426AAA,IND571104AAA,10,1.9112179487179488,1.9272485947485947,2.028125,151.0,80.0,86.54355,0.0,0.0,1.0
IND571430AAA,IND571124AAA,7,1.53125,1.5928359552942424,1.6416666666666666,47.0,31.0,33.1114,0.0,0.0,1.0
IND571432AAB,IND571426AAA,11,1.3125,1.4780165425624348,1.6467181467181469,49.0,37.0,40.7991,25.765234375000013,0.2727272727272727,1.0
IND571438AAB,IND571401AAA,9,1.2580645161290323,1.2419743645202488,1.375,40.0,31.0,24.7471,0.0,0.0,1.0
IND571440AAA,IND571430AAA,7,1.06,1.1051540616246498,1.138235294117647,53.0,50.0,35.9105,0.0,0.0,1.0
IND572101AAA,IND561203AAB,8,2.0,2.0,2.158637873754153,83.0,42.5,56.97095,2.1000000000000085,0.125,0.0
IND573116AAA,IND571432AAB,7,1.7619047619047619,1.8060313625097677,1.9333333333333333,74.0,44.0,59.6781,13.687500000000028,0.14285714285714285,1.0
IND573134AAB,IND573201AAB,8,2.09375,2.1962594696969697,2.338778409090909,67.0,32.5,44.4516,28.553846153846195,0.25,1.0
IND573142AAA,IND573201AAB,11,1.868421052631579,2.189725187093608,2.1125,71.0,39.0,42.7941,125.91027960526316,0.18181818181818182,1.0
IND573201AAB,IND572201AAB,4,1.55,1.5379411764705884,1.625,77.5,50.0,55.41545,0.0,0.0,1.0
IND573201AAB,IND573103AAA,3,2.85,3.181196581196581,3.4000000000000004,114.0,40.0,44.1091,61.679062500000015,1.0,1.0
IND573201AAB,IND573116AAA,9,2.090909090909091,2.392391496065331,2.7,69.0,30.0,39.0488,118.48246753246752,0.3333333333333333,1.0
IND573201AAB,IND573134AAB,3,1.6774193548387097,1.86122311827957,2.057459677419355,52.0,32.0,43.0938,8.851612903225814,0.3333333333333333,1.0
IND573201AAB,IND575004AAB,14,3.2430173092053503,3.15727125248211,3.3380806451612903,400.5,124.0,173.32319999999999,66.57477535301678,0.21428571428571427,1.0
IND574104AAA,IND574216AAA,10,1.9673913043478262,1.948381128584644,2.0,90.5,46.5,54.019149999999996,0.0,0.0,0.0
IND574202AAA,IND574239AAA,6,1.5620723362658846,1.644850724991854,1.823626893939394,50.0,31.0,33.981049999999996,0.0,0.0,1.0
IND574211AAA,IND574202AAA,5,2.473684210526316,2.528138974888201,2.6315789473684212,47.0,19.0,26.3832,9.822368421052644,0.4,1.0
IND574216AAA,IND575004AAB,4,2.3769657724329325,2.421331344748815,2.479148181011535,110.5,47.0,66.65355,5.859101654846356,0.25,0.0
IND574221AAA,IND562132AAA,6,2.5903247038174637,2.5764851678096012,2.6159187092223593,553.0,215.0,275.259,0.0,0.0,1.0
IND574227AAA,IND574104AAA,9,1.7857142857142858,2.0434796140678495,2.0,25.0,14.0,18.3005,24.894132653061227,0.2222222222222222,0.0
IND574239AAA,IND574221AAA,7,1.5128205128205128,1.5113911151505135,1.5334586466165412,53.0,35.0,33.2592,0.0,0.0,1.0
IND575004AAB,IND562132AAA,4,2.238,2.231,2.2939999999999996,559.5,250.0,334.09995000000004,0.0,0.0,1.0
IND575004AAB,IND574117AAA,5,2.3448275862068964,2.4597988505747126,2.466666666666667,69.0,30.0,33.8991,22.055172413793102,0.2,1.0
IND575004AAB,IND574211AAA,8,2.1160130718954244,3.1647773692810457,3.0523897058823533,36.0,17.0,24.77365,148.00854700854703,0.25,1.0
IND575004AAB,IND671323AAD,3,1.7407407407407407,1.7084520417853752,1.831908831908832,47.0,26.0,24.3258,0.0,0.0,1.0
IND576101AAA,IND576201AAA,3,1.5666666666666667,1.6060931899641577,1.6833333333333333,47.0,30.0,39.6332,0.0,0.0,1.0
IND576201AAA,IND581320AAA,4,2.0412912912912913,2.185119329856172,2.2061403508771926,74.5,36.5,49.532849999999996,12.798031364698048,0.25,1.0
IND577002AAA,IND580028AAA,11,1.613861386138614,1.6678398642003238,1.6552155215521551,163.0,101.0,140.7195,6.539665841584167,0.09090909090909091,1.0
IND577002AAA,IND581115AAC,12,2.836021505376344,2.665097904196903,2.8666666666666667,85.5,29.5,37.68155,38.280834914611034,0.16666666666666666,0.0
IND577101AAA,IND577132AAD,5,2.1363636363636362,2.0327865117338804,2.142857142857143,45.0,21.0,29.509400000000003,0.0,0.0,1.0
IND577116AAA,IND577101AAA,3,0.925,0.9802025269416573,1.0137820512820515,42.0,40.0,45.1881,0.0,0.0,1.0
IND577132AAD,IND573134AAB,7,1.9090909090909092,1.9373771121351766,2.08125,63.0,32.0,37.7462,0.0,0.0,1.0
IND577201AAA,IND562132AAA,10,1.7943925233644862,1.8048378983931563,1.965212731754367,384.0,214.5,288.7749,0.0,0.0,1.0
IND577401AAA,IND577201AAA,7,1.125,1.120803289439477,1.177115987460815,99.0,88.0,84.8653,0.0,0.0,1.0
IND577501AAA,IND577002AAA,10,1.692764857881137,1.7366870339510847,1.7566986855409505,74.0,44.0,61.3275,10.292971576227387,0.1,1.0
IND577522AAA,IND562132AAA,10,1.4928571428571429,1.4991880781089413,1.6366906474820144,209.0,140.0,183.659,0.0,0.0,1.0
IND577535AAC,IND577522AAA,10,1.5823717948717948,1.5658333333333334,1.7099358974358974,62.0,39.0,56.0231,0.0,0.0,1.0
IND577598AAB,IND573142AAA,11,1.8596491228070176,2.0383121457854103,2.2756686798964623,106.0,57.0,66.37960000000001,84.10789473684217,0.2727272727272727,1.0
IND577598AAC,IND577501AAA,11,1.8387096774193548,1.8777076113036524,1.906158357771261,59.0,32.0,43.3243,4.480645161290326,0.09090909090909091,1.0
IND580028AAA,IND403726AAA,13,2.4532374100719423,2.490311902142225,2.5886524822695036,341.0,141.0,183.2936,126.86636690647504,0.23076923076923078,1.0
IND580028AAA,IND580002AAA,5,3.4285714285714284,6.813384813384813,12.08108108108108,72.0,21.0,26.6246,1273.1285714285716,1.0,1.0
IND580028AAA,IND581402AAA,15,1.4216867469879517,1.4387555461833288,1.5090361445783134,120.0,83.0,93.0582,0.0,0.0,1.0
IND580028AAA,IND590016AAA,7,2.1733333333333333,3.507387387387387,2.236486486486487,161.0,74.0,103.0015,712.6117222222223,0.14285714285714285,1.0
IND580028AAA,IND591115AAB,4,1.7906976744186047,1.7770407564012216,1.8160206718346252,77.0,43.5,59.267849999999996,0.0,0.0,1.0
IND580028AAA,IND591123AAC,13,1.9655172413793103,3.2603998099947415,5.896551724137931,171.0,87.0,111.9689,1432.2953065134102,0.3076923076923077,1.0
IND581110AAE,IND581119AAB,11,1.8636363636363635,1.814722275610225,1.919661733615222,82.0,43.0,54.336400000000005,0.0,0.0,0.0
IND581115AAC,IND581110AAE,13,1.7307692307692308,1.8021597633136095,1.8076923076923077,45.0,26.0,33.9326,9.090277777777779,0.07692307692307693,0.0
IND581119AAB,IND577002AAA,10,1.7958656330749352,1.9127853356619788,1.9888888888888887,80.5,45.0,38.93295,23.542635658914733,0.1,0.0
IND581303AAA,IND581400AAB,12,1.3982469512195121,1.4005152524883544,1.53205574912892,52.5,41.0,44.258300000000006,0.0,0.0,1.0
IND581314AAA,IND403726AAA,9,1.8018018018018018,1.8395118827990278,1.9298245614035088,202.0,113.0,120.1324,4.503861003861033,0.1111111111111111,1.0
IND581320AAA,IND581334AAA,4,1.5584795321637426,1.752923976608187,1.9232456140350878,57.5,38.0,40.4765,17.17530864197532,0.25,1.0
IND581325AAA,IND580028AAA,14,1.9196504688832055,1.981540722333315,2.126810798946444,132.5,68.0,77.76525000000001,7.621310629514966,0.07142857142857142,1.0
IND581334AAA,IND581314AAA,3,1.9038461538461537,1.804027149321267,1.9119230769230768,96.0,51.0,55.1553,0.0,0.0,1.0
IND581343AAC,IND581314AAA,6,1.7288306451612905,1.6716566758668276,1.9303977272727273,54.5,32.5,34.6189,0.583302785923749,0.16666666666666666,1.0
IND581400AAB,IND581325AAA,12,1.1727272727272728,1.2928726815204723,1.5375064004096262,114.0,108.0,120.85589999999999,13.480000000000032,0.25,1.0
IND581402AAA,IND577401AAA,9,1.625,1.6164221535740604,1.6388888888888888,114.0,72.0,76.6258,0.0,0.0,1.0
IND582101AAB,IND580028AAA,12,3.0002415458937195,3.144428170075719,3.25381591119334,136.5,46.0,62.06345,145.13705882352951,0.4166666666666667,1.0
IND582209AAA,IND582101AAB,11,2.111111111111111,2.044693018377229,2.1486486486486487,78.0,37.0,40.4733,0.6496527777777885,0.09090909090909091,1.0
IND583101AAA,IND577535AAC,10,1.8372093023255813,2.03953488372093,2.3023255813953485,79.0,43.0,59.75025,71.40000000000005,0.3,1.0
IND583101AAA,IND583201AAA,11,2.6666666666666665,2.8139124828301516,3.2608695652173916,120.0,46.0,64.3962,98.16250000000014,0.36363636363636365,1.0
IND583119AAA,IND583101AAA,7,4.232558139534884,4.031870415844127,4.461945031712474,182.0,44.0,53.7635,180.40697674418607,0.5714285714285714,1.0
IND583201AAA,IND583119AAA,7,2.3333333333333335,2.955433455433455,3.0740740740740744,63.0,27.0,29.0801,137.58749999999998,0.42857142857142855,1.0
IND583201AAA,IND583227AAA,11,2.0,2.002423568274514,2.113978494623656,60.0,30.0,27.722900000000003,2.0,0.09090909090909091,0.0
IND583227AAA,IND583231AAA,10,1.6958333333333333,1.7553846153846155,1.9487179487179487,67.0,39.0,45.1447,0.0,0.0,0.0
IND583231AAA,IND583201AAA,10,2.3567193675889326,2.5630434782608695,3.010869565217391,53.0,22.0,30.60745,45.57651515151517,0.3,0.0
IND584101AAA,IND509124AAA,9,1.490909090909091,1.5539998987367407,1.5178571428571428,82.0,56.0,51.3161,4.352727272727279,0.1111111111111111,1.0
IND585104AAA,IND585211AAA,11,1.9210526315789473,1.9325716957295904,2.039829302987198,73.0,38.0,47.653400000000005,0.0,0.0,0.0
IND585104AAA,IND585307AAB,4,1.5151515151515151,1.5151515151515151,1.5340909090909092,100.0,66.0,71.89869999999999,0.0,0.0,0.0
IND585104AAA,IND585314AAA,4,1.8421052631578947,2.241565452091768,2.2533738191632926,70.0,38.5,41.28625,49.447368421052644,0.25,0.0
IND585104AAA,IND585330AAE,14,1.8372093023255813,1.8219319440249673,1.8604651162790697,79.0,43.0,60.18175,0.0,0.0,1.0
IND585104AAA,IND586128AAA,9,1.9324324324324325,1.891303850822148,2.0273972602739727,142.0,73.0,92.4929,0.0,0.0,0.0
IND585211AAA,IND585104AAA,3,2.210526315789474,3.301868670289723,3.9257759784075574,84.0,38.0,47.5274,126.7592105263158,0.3333333333333333,0.0
IND585211AAA,IND585222AAA,11,1.5,1.5837878787878787,1.5916666666666668,36.0,24.0,25.332,11.287500000000001,0.09090909090909091,0.0
IND585222AAA,IND585211AAA,4,1.4123076923076923,1.476096866096866,1.5614814814814815,36.0,26.0,26.2468,0.0,0.0,0.0
IND585222AAA,IND585307AAB,11,1.5405405405405406,1.5646853146853146,1.6111111111111112,57.0,36.0,39.6567,0.0,0.0,0.0
IND585307AAB,IND585104AAA,11,4.253731343283582,4.715563705722537,6.110294117647059,285.0,67.0,73.00760000000001,660.125,0.7272727272727273,0.0
IND585307AAB,IND585222AAA,4,1.4106606606606606,1.408033033033033,1.445945945945946,51.5,37.0,39.698949999999996,0.0,0.0,0.0
IND585314AAA,IND585104AAA,9,5.282051282051282,5.023069459472968,5.605263157894737,193.0,37.0,40.7013,267.8395604395604,0.6666666666666666,0.0
IND585314AAA,IND586211AAA,3,1.9381443298969072,1.8752147766323024,1.9690721649484537,188.0,97.0,104.968,0.0,0.0,0.0
IND585330AAE,IND585401AAA,15,1.8823529411764706,1.8926050420168068,1.8857142857142857,64.0,34.0,48.5523,21.051470588235304,0.06666666666666667,1.0
IND585401AAA,IND502286AAB,15,2.4285714285714284,2.5214878220663812,2.7051495016611296,105.0,42.0,40.4343,45.83035714285725,0.26666666666666666,1.0
IND586101AAA,IND416404AAA,4,2.2519762845849804,2.6653820816864293,2.832509881422925,102.0,44.5,62.198,73.13333333333334,0.25,1.0
IND586128AAA,IND585104AAA,4,3.0410958904109586,3.0936716187536177,3.3025757283426587,222.0,73.0,92.7846,90.43089802130908,0.75,0.0
IND586128AAA,IND586211AAA,9,1.6595744680851063,1.6398312319411612,1.6888888888888889,76.0,47.0,48.2317,0.0,0.0,0.0
IND586211AAA,IND585314AAA,9,1.8350515463917525,1.8265201412752958,1.875,178.0,97.0,104.8689,0.0,0.0,0.0
IND586211AAA,IND586128AAA,3,1.7916666666666667,1.7816193853427897,1.8426418439716312,86.0,47.0,48.5216,0.0,0.0,0.0
IND587103AAB,IND582209AAA,12,1.901639344262295,1.9464708561020034,2.033333333333333,116.0,61.0,66.52935,0.0,0.0,1.0
IND590016AAA,IND591302AAB,3,1.4516129032258065,1.4800830889540568,1.5383064516129032,45.0,32.0,37.0471,0.0,0.0,1.0
IND591102AAA,IND591307AAC,12,2.0375,2.1157610307981143,2.2837704106877785,84.5,42.0,45.84915,3.7997058823529386,0.08333333333333333,1.0
IND591115AAB,IND590016AAA,4,1.8333333333333335,1.836021505376344,1.8758064516129034,55.5,30.5,43.001549999999995,0.0,0.0,1.0
IND591123AAC,IND587103AAB,13,1.7058823529411764,1.7082648908620053,1.7254901960784315,87.0,52.0,61.4419,0.0,0.0,1.0
IND591201AAA,IND591304AAA,8,1.4344262295081966,1.4573428961748633,1.5125,87.5,60.0,73.78635,0.0,0.0,1.0
IND591302AAB,IND580028AAA,5,1.8518518518518519,1.9105269497139417,2.0365853658536586,150.0,81.0,100.5714,0.0,0.0,1.0
IND591304AAA,IND586101AAA,8,1.5010332950631458,1.5280247781876815,1.6065610859728507,99.5,67.0,76.62555,0.0,0.0,1.0
IND600008AAA,IND600044AAC,11,2.2162162162162162,2.410235354972197,2.613442389758179,82.0,37.0,44.1964,106.41621621621623,0.36363636363636365,0.0
IND600008AAC,IND600056AAB,11,2.3947368421052633,2.974025460867566,3.262091038406828,91.0,37.0,44.6605,256.44605263157894,0.2727272727272727,0.0
IND600016AAA,IND600119AAA,4,1.9545454545454546,2.1743157380254154,2.372800586510264,44.0,26.0,22.13855,33.42020202020201,0.25,0.0
IND600016AAB,IND600044AAC,18,2.0298573975044563,2.459203378321025,2.680258467023173,68.0,33.0,37.04,247.1851604278076,0.3888888888888889,0.0
IND600016AAC,IND600119AAA,6,1.9635416666666667,2.0863320707070705,2.9015151515151514,50.0,32.0,34.21695,46.215198863636374,0.5,0.0
IND600032AAB,IND600044AAD,12,1.8954545454545455,1.9416278166278167,2.3545454545454545,19.0,11.0,10.10115,28.813048128342242,0.3333333333333333,0.0
IND600032AAB,IND600056AAB,45,1.875,2.3173131171660586,2.65625,60.0,33.0,36.66,671.080625,0.35555555555555557,0.0
IND600032AAB,IND600076AAB,31,2.1875,2.276260504201681,2.8,35.0,16.0,16.7916,99.74999999999997,0.3870967741935484,0.0
IND600044AAD,IND600032AAB,7,2.5833333333333335,2.5581585081585083,3.253846153846154,31.0,11.0,10.5967,23.112499999999994,0.42857142857142855,0.0
IND600044AAD,IND600048AAA,8,4.290909090909091,4.640617715617716,4.818181818181818,47.5,11.0,12.687850000000001,90.06307692307695,0.875,0.0
IND600044AAD,IND600056AAB,12,1.8611111111111112,1.9509241384241385,2.258928571428571,67.0,36.0,36.59675,39.855882352941165,0.4166666666666667,0.0
IND600044AAD,IND603001AAA,10,2.8632183908045974,2.763207267334075,3.216666666666667,84.5,30.0,38.2886,46.5457088122606,0.4,0.0
IND600044AAE,IND600056AAB,22,2.042063492063492,2.2545117069310616,2.592857142857143,72.5,35.0,36.43105,187.32144620811303,0.36363636363636365,0.0
IND600056AAA,IND602105AAB,4,3.166666666666667,3.15224358974359,3.3958333333333335,39.5,12.5,16.45895,14.837037037037042,0.75,0.0
IND600056AAB,IND501359AAE,5,1.8024691358024691,1.7756056170718257,1.8251028806584362,876.0,486.0,678.4175,0.0,0.0,1.0
IND600056AAB,IND524003AAA,14,1.6099999999999999,1.6296954785292044,1.6821192052980132,241.5,150.5,186.65370000000001,0.0,0.0,1.0
IND600056AAB,IND560099AAB,13,1.7191489361702128,1.766254825162148,1.774468085106383,404.0,235.0,313.45320000000004,46.366382978723436,0.15384615384615385,1.0
IND600056AAB,IND562132AAA,11,1.8473895582329318,1.8567011079449998,1.888,461.0,250.0,322.453,0.0,0.0,1.0
IND600056AAB,IND600008AAC,21,3.0,3.3320939589321945,4.21875,102.0,35.0,43.796,472.1423076923079,0.42857142857142855,0.0
IND600056AAB,IND600016AAC,9,2.323529411764706,2.3622568471833176,2.8285714285714287,79.0,33.0,36.8296,54.749789915966375,0.4444444444444444,0.0
IND600056AAB,IND600032AAB,36,2.1470588235294117,2.2848052293172074,2.8515625,72.0,33.0,36.73615,288.78335724533713,0.4444444444444444,0.0
IND600056AAB,IND600044AAD,4,1.7247899159663866,1.6798319327731093,1.7586134453781512,59.5,34.5,35.8792,0.0,0.0,0.0
IND600056AAB,IND600044AAE,26,1.9003267973856208,1.980199640493758,2.151033386327504,66.5,35.0,35.9044,43.120008433481004,0.19230769230769232,0.0
IND600056AAB,IND600076AAB,8,2.039118065433855,2.0572216013005487,2.1596525096525094,75.5,36.0,45.38235,4.531075610022981,0.125,0.0
IND600056AAB,IND600110AAA,20,2.64015444015444,2.752201844701845,2.8896396396396398,96.0,37.0,45.12735,128.32359845559853,0.25,0.0
IND600056AAB,IND600116AAB,12,4.545092838196286,3.8412206620539955,4.917241379310345,125.0,29.0,33.4287,135.06465907317846,0.5833333333333334,0.0
IND600056AAB,IND605010AAB,13,1.4316546762589928,1.5242775679122254,1.525179856115108,198.0,139.0,152.5844,75.91388888888892,0.07692307692307693,1.0
IND600056AAB,IND605601AAA,6,1.3458093763821317,1.5350228785471305,1.3605680868838763,181.0,135.0,152.96405,91.89805144545858,0.16666666666666666,1.0
IND600056AAB,IND631501AAA,6,2.4171122994652405,2.3031788472964947,2.481283422459893,80.0,34.0,44.4848,2.9041322314049722,0.16666666666666666,0.0
IND600056AAB,IND632006AAA,13,1.7142857142857142,1.8175059643876088,1.8214285714285714,144.0,84.0,107.3825,99.67063492063497,0.07692307692307693,1.0
IND600056AAB,IND635802AAB,3,1.3174603174603174,1.3231508940170358,1.3784271284271283,166.0,127.0,153.35670000000002,0.0,0.0,1.0
IND600076AAB,IND600032AAB,13,2.526315789473684,2.4550157444894287,2.611111111111111,46.0,18.0,19.451,8.463157894736867,0.15384615384615385,0.0
IND600110AAA,IND600056AAB,6,2.27027027027027,2.2334044570886675,2.324324324324324,84.5,37.0,47.6327,0.0,0.0,0.0
IND600116AAB,IND602024AAA,7,3.5238095238095237,3.5606790084454834,4.866666666666667,74.0,18.0,21.835,108.83333333333337,0.5714285714285714,0.0
IND600119AAA,IND600016AAC,5,3.619047619047619,5.345714285714285,8.80952380952381,76.0,20.0,21.5946,238.68095238095242,0.6,0.0
IND602001AAB,IND609001AAA,11,2.2962962962962963,2.3687516187516184,2.3333333333333335,62.0,27.0,36.5822,17.10925925925926,0.09090909090909091,1.0
IND602024AAA,IND600116AAB,3,3.3684210526315788,3.360902255639098,4.041353383458647,64.0,17.0,19.5747,34.625657894736854,0.6666666666666666,0.0
IND602024AAA,IND602001AAA,6,2.4545454545454546,2.5164141414141414,2.4886363636363638,28.0,11.0,16.7747,3.563636363636366,0.16666666666666666,0.0
IND603001AAA,IND603301AAA,11,1.4285714285714286,1.4450810627281216,1.7305555555555556,49.0,35.0,37.5596,6.937499999999993,0.2727272727272727,0.0
IND603102AAA,IND600056AAB,12,1.8582089552238807,1.9648250117697954,1.9565217391304348,125.0,68.0,73.2681,75.79666374012291,0.08333333333333333,1.0
IND603203AAA,IND600044AAD,7,4.2,3.8831043956043954,4.483333333333333,62.0,15.0,18.431,39.777499999999996,0.5714285714285714,0.0
IND603301AAA,IND600044AAD,11,2.396551724137931,2.4358216885393973,2.6559322033898303,139.0,58.0,74.95939999999999,50.4063038793104,0.2727272727272727,0.0
IND604303AAA,IND603102AAA,4,1.9483805668016194,1.9557607962213226,1.9930836707152495,75.0,39.0,53.4901,0.0,0.0,1.0
IND605010AAB,IND600056AAB,3,1.6923076923076923,1.653846153846154,1.7153846153846155,220.0,130.0,152.2299,0.0,0.0,1.0
IND605010AAB,IND604303AAA,4,1.400462962962963,1.5038789462911564,1.8963675213675213,72.5,50.5,34.0346,16.334362139917715,0.25,1.0
IND605010AAB,IND607001AAA,11,1.793103448275862,1.7666815942678011,1.9494252873563218,52.0,29.0,25.6768,0.0,0.0,1.0
IND605601AAA,IND600056AAB,6,1.72,1.7287204301075267,1.784,215.0,125.0,151.9599,0.0,0.0,1.0
IND605601AAA,IND607106AAA,12,2.1363636363636362,2.2162157287157287,2.2795454545454548,46.0,20.5,27.29655,19.786096256684502,0.08333333333333333,0.0
IND605601AAA,IND636102AAA,6,1.6653558052434456,1.7152933832709112,1.8904494382022472,149.0,89.5,121.38215,0.0,0.0,1.0
IND606003AAA,IND606105AAA,11,1.6,1.6194805194805193,1.6904761904761905,24.0,15.0,16.107200000000002,0.0,0.0,0.0
IND606105AAA,IND606201AAC,11,1.6730769230769231,1.6431870466629825,1.7065656565656566,88.0,54.0,72.83539999999999,0.0,0.0,0.0
IND606201AAC,IND605601AAA,12,2.273293029871977,2.2606424330845196,2.3758904109589043,167.5,73.5,98.45835,11.375502050037682,0.16666666666666666,0.0
IND606801AAB,IND632006AAA,9,2.576923076923077,2.5341422669685008,2.642857142857143,134.0,55.0,64.5543,34.26332417582421,0.2222222222222222,1.0
IND606803AAA,IND606801AAB,10,1.3614130434782608,1.4229466403162054,1.5345833333333334,32.0,24.0,24.999900000000004,0.0,0.0,1.0
IND607001AAA,IND608001AAA,10,2.0,2.0584765553731073,2.310344827586207,56.5,28.0,39.6363,9.500000000000014,0.3,1.0
IND607106AAA,IND607801AAA,12,2.16025641025641,2.3488733488733486,2.54020979020979,27.0,12.0,17.6402,22.92556561085976,0.3333333333333333,0.0
IND607801AAA,IND606003AAA,12,2.1277173913043477,2.2490349408897354,2.4565217391304346,50.0,23.0,32.4232,49.146323529411795,0.25,0.0
IND608001AAA,IND609110AAA,7,2.7333333333333334,2.567857142857143,2.9333333333333336,41.0,16.0,21.1767,15.570555555555572,0.42857142857142855,1.0
IND608301AAA,IND639104AAB,11,1.9411764705882353,1.8679649400837002,1.9793859649122805,229.0,119.0,148.53779999999998,0.0,0.0,1.0
IND609001AAA,IND614018AAA,12,2.1880479251899474,2.2573356233444732,2.3728813559322033,129.0,59.0,71.81790000000001,27.293610547667356,0.08333333333333333,1.0
IND609110AAA,IND609602AAA,7,1.9655172413793103,1.9442835198595567,2.0339080459770114,57.0,29.0,41.6848,0.0,0.0,1.0
IND609602AAA,IND611001AAA,10,3.1944444444444446,3.0946581196581198,3.3581730769230766,52.5,16.5,21.499200000000002,15.093518518518522,0.5,1.0
IND610001AAA,IND605010AAB,10,2.071428571428571,2.061458987473894,2.1666666666666665,261.0,126.0,149.45915000000002,0.0,0.0,1.0
IND610001AAA,IND614715AAA,12,1.7061538461538461,1.7133954451345756,1.738076923076923,43.0,25.0,27.8336,5.401882352941186,0.08333333333333333,0.0
IND611001AAA,IND610001AAA,10,2.34375,2.4953431372549018,2.6470588235294117,38.5,17.0,23.65435,26.11562500000003,0.4,1.0
IND614018AAA,IND613104AAA,10,2.0083333333333333,2.002492933860938,2.1413934426229506,121.5,60.0,64.76665,1.6166666666666742,0.1,1.0
IND614602AAA,IND614804AAA,11,1.5,1.510540184453228,1.5208333333333335,36.0,24.0,22.6755,0.0,0.0,1.0
IND614616AAA,IND630002AAA,11,1.6875,1.6783441082378032,1.7741935483870968,53.0,32.0,31.2257,0.3062500000000057,0.09090909090909091,1.0
IND614620AAA,IND630561AAA,12,1.9797297297297298,1.9542218931260027,2.0613661606812292,146.5,74.0,105.50735,0.0,0.0,0.0
IND614715AAA,IND614809AAA,12,1.4804318488529016,1.4899910031488979,1.5657894736842106,57.0,38.0,32.86315,0.0,0.0,0.0
IND614804AAA,IND614616AAA,11,1.1851851851851851,1.2359307359307359,1.3148148148148149,32.0,27.0,25.4239,0.0,0.0,1.0
IND614809AAA,IND610001AAA,12,2.2523784355179703,2.332627213441167,2.407142857142857,99.0,44.0,55.0867,23.07614413630148,0.16666666666666666,0.0
IND620020AAA,IND621112AAA,24,1.7596153846153846,1.8603956807081807,2.0227272727272725,22.5,13.5,15.641,23.302387267904532,0.25,0.0
IND621010AAA,IND621212AAA,11,1.5294117647058822,1.5983722675673138,1.7781954887218046,52.0,35.0,37.4173,4.450000000000017,0.09090909090909091,1.0
IND621211AAA,IND621010AAA,10,1.7613636363636362,1.704004329004329,1.9090909090909092,37.0,22.0,24.27475,0.0,0.0,1.0
IND621212AAA,IND621704AAA,11,1.5454545454545454,1.6869086118097976,1.8940217391304348,35.0,23.0,30.7652,8.790625000000006,0.18181818181818182,1.0
IND621306AAA,IND625106AAA,12,1.3373538011695907,1.3691815162305472,1.4858672583445882,96.0,73.0,72.35735,5.367634158926734,0.08333333333333333,1.0
IND621704AAA,IND621802AAA,12,2.032795698924731,2.0661290322580643,2.1083333333333334,61.0,30.0,38.7775,3.2013282732447976,0.08333333333333333,1.0
IND621802AAA,IND608301AAA,9,2.5555555555555554,2.390432098765432,2.625,42.0,17.0,24.2885,0.9178571428571516,0.1111111111111111,1.0
IND622407AAA,IND622001AAA,9,1.4848484848484849,1.489007724301842,1.5294117647058822,50.0,34.0,36.7775,0.0,0.0,1.0
IND623315AAB,IND614620AAA,12,1.5086206896551724,1.529572982326041,1.5333333333333334,45.5,30.0,35.15495,0.0,0.0,0.0
IND623407AAA,IND623315AAB,12,1.0416666666666667,1.1048931623931624,1.12,26.5,25.0,18.2816,1.426470588235297,0.08333333333333333,0.0
IND623503AAA,IND623526AAA,7,0.9068975515463917,0.9388341474966638,0.97212441314554,64.0,71.0,52.6836,0.0,0.0,1.0
IND623526AAA,IND623704AAA,8,1.0607789142407553,1.0841947285601887,1.124,131.0,125.0,113.12165,0.0,0.0,1.0
IND623701AAA,IND623503AAA,7,1.1777777777777778,1.231467042567875,1.2855072463768116,53.0,46.0,46.3482,0.0,0.0,1.0
IND623704AAA,IND626607AAB,7,1.2708333333333333,1.2678008842848183,1.3364066193853428,59.0,47.0,48.7821,0.0,0.0,1.0
IND624001AAA,IND624619AAA,8,1.4914529914529915,1.489188548754469,1.5963541666666667,40.0,27.5,29.551949999999998,0.0,0.0,1.0
IND624001AAA,IND625008AAA,9,1.3958333333333333,1.4627173091458805,1.6458333333333333,68.0,49.0,67.7051,0.0,0.0,1.0
IND624101AAA,IND624202AAA,8,0.9068975515463917,0.9068975515463917,0.9068975515463917,85.0,120.5,55.96045,0.0,0.0,1.0
IND624202AAA,IND625218AAA,8,1.5217391304347827,1.5260416666666667,1.5683876811594204,35.0,23.0,26.152700000000003,0.0,0.0,1.0
IND624601AAA,IND624101AAA,12,0.9068975515463917,0.9068975515463918,0.9068975515463917,104.5,133.0,60.057199999999995,0.0,0.0,1.0
IND624619AAA,IND624601AAA,6,1.2705570291777188,1.2806883218952185,1.410919540229885,35.0,26.5,27.545099999999998,0.0,0.0,1.0
IND625008AAA,IND626123AAA,12,1.824829931972789,1.879309807256236,1.8425510204081634,88.5,49.0,60.401399999999995,25.10984393757505,0.08333333333333333,1.0
IND625106AAA,IND625008AAA,13,1.7173913043478262,1.6745282972279938,1.8604651162790697,77.0,43.0,44.142300000000006,0.19305555555554577,0.07692307692307693,1.0
IND625516AAA,IND685514AAA,5,1.8125,1.8528330249768732,1.9782608695652173,87.0,47.0,33.4105,0.0,0.0,1.0
IND625531AAA,IND625516AAA,6,1.2826086956521738,1.2957337793600512,1.3039855072463769,59.0,46.0,41.638549999999995,0.0,0.0,1.0
IND625532AAA,IND625531AAA,5,1.5454545454545454,1.5076174791392183,1.565217391304348,70.0,46.0,42.0712,0.0,0.0,1.0
IND626117AAA,IND626138AAA,9,1.24,1.2359480848369737,1.28,32.0,25.0,20.7746,0.0,0.0,1.0
IND626123AAA,IND627756AAA,12,1.8775510204081634,1.9029903628117915,1.978954081632653,92.0,49.0,48.1635,0.0,0.0,1.0
IND626138AAA,IND625008AAA,11,1.5396825396825398,1.5670918579598412,1.5737704918032787,94.0,61.0,66.4281,54.96418650793652,0.09090909090909091,1.0
IND626607AAB,IND625008AAA,7,1.52,1.5025091004924973,1.5367857142857142,76.0,50.0,53.8978,0.0,0.0,1.0
IND627005AAA,IND627117AAA,11,1.6341463414634145,1.7322062084257206,1.8536585365853657,67.0,41.0,49.8261,14.129496951219522,0.18181818181818182,1.0
IND627005AAA,IND627811AAA,6,1.4067796610169492,1.487617702448211,1.6271186440677967,83.0,59.0,63.20415,7.25454545454545,0.16666666666666666,1.0
IND627005AAA,IND628801AAA,12,1.6207716701902748,1.6754786234437395,1.6744186046511629,70.0,44.0,45.05715,44.69813145131202,0.16666666666666666,0.0
IND627117AAA,IND629001AAA,11,1.9375,1.98308117368515,2.2794117647058822,62.0,32.0,35.1044,22.440234375000017,0.2727272727272727,1.0
IND627401AAA,IND627005AAA,10,2.2192192192192195,2.236108966108966,2.2430555555555554,80.0,36.0,37.975899999999996,1.7671671671671731,0.2,1.0
IND627657AAA,IND628613AAA,12,1.0285714285714285,1.0565476190476188,1.0636904761904762,37.0,35.0,28.524549999999998,0.0,0.0,0.0
IND627756AAA,IND626117AAA,12,1.6490147783251232,1.6704501915708814,1.7321428571428572,48.0,29.0,31.47825,0.0,0.0,1.0
IND627811AAA,IND627401AAA,6,1.7125237191650853,1.7383876717842561,2.0307486631016043,56.0,32.0,34.2061,0.0,0.0,1.0
IND628204AAA,IND627657AAA,12,1.2380952380952381,1.233207510646535,1.25,50.0,41.0,42.59235,0.0,0.0,0.0
IND628613AAA,IND627005AAA,10,1.7446808510638299,1.7555587434966005,1.7659574468085106,82.5,47.0,39.774,6.934042553191503,0.1,0.0
IND628801AAA,IND628204AAA,12,1.4375,1.4634803921568629,1.5,23.5,16.0,17.979349999999997,0.0,0.0,0.0
IND629179AAA,IND627005AAA,11,2.0416666666666665,2.1702895781189118,2.0842105263157897,196.0,95.0,109.6053,101.0714843750001,0.18181818181818182,1.0
IND630002AAA,IND622407AAA,9,1.4583333333333333,1.466333470380649,1.5,68.0,47.0,49.8296,0.0,0.0,1.0
IND630561AAA,IND623407AAA,11,1.84375,1.8765495867768593,1.9848484848484849,59.0,33.0,46.9658,8.176660156250009,0.09090909090909091,0.0
IND630561AAA,IND623701AAA,5,1.411764705882353,1.535389378423434,1.5384615384615385,54.0,39.0,42.6597,1.4911764705882433,0.2,1.0
IND631003AAA,IND600056AAB,5,2.717948717948718,2.8824358974358977,3.6,106.0,39.0,42.421800000000005,79.45128205128206,0.6,0.0
IND631102AAA,IND600056AAB,12,2.0707196029776673,1.9953050210850316,2.1129032258064515,128.5,62.0,76.02340000000001,9.19813165961179,0.08333333333333333,1.0
IND631501AAA,IND631003AAA,5,2.6538461538461537,2.799430199430199,2.8846153846153846,69.0,26.0,28.8665,28.174038461538487,0.4,0.0
IND632006AAA,IND600056AAB,17,1.783132530120482,1.823631205837218,1.9390243902439024,148.0,83.0,105.9961,22.095454545454544,0.058823529411764705,1.0
IND632006AAA,IND632301AAA,10,1.9375,1.9826499698119715,2.1033868092691623,62.0,32.0,40.3792,5.933333333333337,0.1,1.0
IND632006AAA,IND632402AAA,8,2.9523809523809526,4.6057790745290745,6.141233766233767,62.0,21.5,23.6773,365.392673992674,0.5,1.0
IND632006AAA,IND635802AAB,3,1.3488372093023255,1.2560097094980816,1.3562367864693445,58.0,44.0,47.557,0.0,0.0,1.0
IND632301AAA,IND606803AAA,9,2.15,2.0629705577074,2.3,41.0,20.0,23.2538,0.19303571428572752,0.1111111111111111,1.0
IND632402AAA,IND631102AAA,11,1.52,1.617727272727273,1.74,38.0,25.0,26.6491,3.9750000000000085,0.18181818181818182,1.0
IND635001AAA,IND562132AAA,4,1.7584745762711864,1.774345822182575,1.8305084745762712,207.5,118.0,113.72505,0.0,0.0,1.0
IND635001AAA,IND636705AAB,4,1.3942307692307692,1.3605769230769231,1.4423076923076923,72.5,52.0,55.552800000000005,0.0,0.0,1.0
IND635601AAB,IND635802AAB,7,4.617647058823529,4.671104805558587,5.79004329004329,157.0,34.0,41.415,210.47916666666677,0.7142857142857143,0.0
IND635802AAB,IND562132AAA,6,1.7587985114300904,1.7406073374036761,1.7986633249791144,295.5,168.0,195.6802,0.0,0.0,1.0
IND635802AAB,IND635601AAB,7,1.853658536585366,1.842298199767712,1.984375,69.0,41.0,49.7089,0.0,0.0,0.0
IND636005AAA,IND636016AAA,3,2.0,2.1222222222222222,2.333333333333333,18.0,9.0,10.0184,3.3000000000000007,0.3333333333333333,0.0
IND636016AAA,IND637211AAA,10,1.5108695652173911,1.5201361440491876,1.5628019323671498,69.0,46.0,53.3804,0.0,0.0,0.0
IND636102AAA,IND605601AAA,5,1.3523809523809525,1.3775280957133784,1.4299065420560748,142.0,105.0,130.5501,0.0,0.0,1.0
IND636352AAA,IND636705AAB,5,1.6,1.6037671957671957,1.7407407407407407,40.0,25.0,27.303,0.0,0.0,1.0
IND636705AAB,IND562132AAA,5,1.8376623376623376,1.784214495182237,1.864516129032258,283.0,155.0,151.5052,0.0,0.0,1.0
IND636705AAB,IND635001AAA,4,1.433061224489796,1.421530612244898,1.605,71.0,50.0,53.146950000000004,0.0,0.0,1.0
IND637211AAA,IND636402AAA,11,1.4754098360655739,1.5145906446805442,1.5737704918032787,90.0,61.0,65.0082,0.0,0.0,0.0
IND637301AAA,IND638001AAA,10,1.8529411764705883,1.9107155142758856,1.9736842105263157,32.0,18.0,21.73915,2.6294117647058854,0.1,1.0
IND637408AAA,IND637001AAA,10,1.7586206896551726,1.8526033686453478,2.208791208791209,51.0,29.0,34.407650000000004,25.735632183908045,0.4,1.0
IND638001AAA,IND638052AAA,3,2.1666666666666665,2.133986928104575,2.1715686274509802,37.0,17.0,18.6761,0.0,0.0,1.0
IND638401AAA,IND638452AAA,10,1.02,1.13448790191767,1.2008333333333332,26.0,25.0,26.667749999999998,5.832000000000001,0.1,0.0
IND638501AAB,IND641062AAD,11,1.4473684210526316,1.5427272727272727,1.66,110.0,75.0,80.297,40.53865131578948,0.18181818181818182,0.0
IND638657AAA,IND638701AAA,12,1.4747126436781608,1.5397822977911966,1.5721264367816092,43.5,29.0,31.625950000000003,5.665882352941175,0.08333333333333333,0.0
IND638701AAA,IND641607AAA,12,2.2386363636363633,2.457629007465964,2.81,53.5,23.5,25.71315,74.1094919786097,0.3333333333333333,0.0
IND639001AAA,IND624001AAA,9,1.709090909090909,1.6806617386806064,1.7636363636363637,94.0,55.0,75.358,0.0,0.0,1.0
IND641008AAA,IND641001AAA,3,2.0588235294117645,2.2670825906120022,2.446078431372549,34.0,12.0,12.6194,6.0955882352941195,0.3333333333333333,0.0
IND641011AAA,IND641062AAD,5,3.857142857142857,3.7381605975723624,4.638888888888889,135.0,35.0,35.807900000000004,115.13214285714292,0.8,0.0
IND641062AAD,IND638401AAA,9,1.813953488372093,1.9016779890231834,1.9,78.0,43.0,54.008,23.176744186046506,0.1111111111111111,0.0
IND641062AAD,IND641607AAA,12,1.7000000000000002,1.7810291613452531,2.0,49.5,30.0,29.886200000000002,10.78117647058825,0.16666666666666666,1.0
IND641062AAD,IND642126AAA,12,1.482781582952816,1.6831037578191737,1.827286190299889,107.5,72.0,71.57885,111.25979049153909,0.16666666666666666,0.0
IND641062AAD,IND643231AAA,11,2.459016393442623,2.4411402485489293,2.5546610169491526,146.0,60.0,70.3282,0.24795081967212695,0.09090909090909091,0.0
IND641607AAA,IND641062AAD,20,2.9065628476084537,2.794872212511256,3.2985632183908047,85.5,29.0,33.912850000000006,128.84149054505002,0.4,1.0
IND641607AAA,IND641654AAA,7,2.0,2.14390756302521,2.1213235294117645,34.0,16.0,18.3289,13.200000000000003,0.14285714285714285,0.0
IND641607AAA,IND641664AAA,3,1.9,2.0,2.05,38.0,20.0,22.0254,0.0,0.0,0.0
IND641654AAA,IND641664AAA,7,1.6,1.5478021978021979,1.625,39.0,25.0,29.409,0.0,0.0,0.0
IND641664AAA,IND638657AAA,11,1.4473684210526316,1.5528769476137896,1.59009009009009,55.0,38.0,40.6633,16.543174342105274,0.18181818181818182,0.0
IND642001AAA,IND641062AAD,12,1.619517543859649,1.6462708495376372,1.7324561403508771,91.5,57.0,64.3744,20.531733746130058,0.08333333333333333,0.0
IND642126AAA,IND642001AAA,12,1.370967741935484,1.3819878955011742,1.4193548387096775,42.0,31.0,30.80585,0.0,0.0,0.0
IND643001AAA,IND643212AAA,4,2.483187134502924,2.4728247984826934,2.629623044096728,92.0,36.5,50.13015,7.9778265107213,0.5,0.0
IND643217AAA,IND643001AAA,7,0.9591836734693877,1.0106997104471724,1.102272727272727,47.0,49.0,41.2956,0.0,0.0,0.0
IND643231AAA,IND643217AAA,9,1.2352941176470589,1.3021694543277487,1.3448275862068966,38.0,34.0,22.1994,15.042857142857159,0.2222222222222222,0.0
IND670645AAB,IND673592AAA,6,2.598752598752599,3.4253388003388,3.8653846153846154,99.0,37.0,36.1424,204.98374598374602,0.5,0.0
IND673104AAA,IND673506AAA,12,1.6875,1.8005717418546368,2.1578947368421053,28.0,17.0,16.1896,16.803676470588254,0.3333333333333333,0.0
IND673121AAA,IND670645AAB,8,2.207157258064516,2.340460698575618,2.303679435483871,69.5,31.5,30.5652,27.708684863523573,0.125,0.0
IND673305AAA,IND673104AAA,10,1.266798418972332,1.2752616224355355,1.4047619047619047,28.0,22.0,20.94725,0.0,0.0,0.0
IND673506AAA,IND670643AAA,12,1.490036231884058,1.4460606706450696,1.565217391304348,33.5,23.5,21.83895,0.0,0.0,0.0
IND673573AAA,IND673592AAA,12,1.60193019566367,1.6306526684485616,1.6910714285714286,97.5,62.0,59.90395,0.0,0.0,1.0
IND673592AAA,IND562132AAA,12,2.07847533632287,2.1193505389936935,2.267229696063777,464.5,224.0,285.06345,51.33342126088121,0.16666666666666666,1.0
IND673592AAA,IND673121AAA,11,2.0,2.250668449197861,2.625,32.0,17.0,18.16,45.500000000000014,0.36363636363636365,0.0
IND676306AAA,IND676509AAA,5,1.625,1.6138721804511278,1.7,30.0,20.0,20.5067,0.0,0.0,0.0
IND676509AAA,IND679322AAA,3,2.0952380952380953,1.9150793650793652,2.1226190476190476,43.0,20.0,21.070400000000003,0.0,0.0,0.0
IND678683AAA,IND000000ABD,13,1.2121212121212122,1.2893642305407012,1.2424242424242424,41.0,34.0,32.2254,20.04882154882155,0.07692307692307693,1.0
IND679303AAA,IND679531AAA,9,2.8125,2.7004901960784315,2.9375,46.0,16.0,17.1335,6.668526785714313,0.3333333333333333,0.0
IND679329AAA,IND673639AAA,3,1.619047619047619,1.6119047619047617,1.6428571428571428,34.0,21.0,22.4575,0.0,0.0,0.0
IND679531AAA,IND680587AAA,9,1.36,1.3940058479532165,1.4210526315789473,34.0,25.0,21.6484,0.0,0.0,0.0
IND680012AAA,IND679303AAA,7,1.4385964912280702,1.4654940923737916,1.487155388471178,82.0,57.0,54.781,0.0,0.0,0.0
IND68004AAA,IND678683AAA,14,2.419590643274854,3.099096276727856,3.7653508771929824,89.5,37.0,32.89785,400.77947060634045,0.42857142857142855,1.0
IND68004AAA,IND683511AAA,6,2.3693019943019946,2.307645272267914,2.5370475113122173,125.5,52.5,56.272450000000006,8.17642773892777,0.3333333333333333,0.0
IND680104AAA,IND679576AAA,12,1.4705882352941178,1.5440354984858067,1.7336647727272727,50.0,33.0,30.8647,12.3044982698962,0.16666666666666666,1.0
IND680307AAA,IND680712AAA,4,1.7095238095238097,1.6778138528138529,1.815909090909091,35.0,21.0,20.030299999999997,0.0,0.0,0.0
IND680587AAA,IND68004AAA,6,1.6781183932346724,1.854660646622224,1.9204545454545454,73.0,43.5,43.0277,17.487747453392288,0.16666666666666666,0.0
IND680587AAA,IND683511AAA,3,2.7375,2.8125,2.8875,219.0,80.0,91.7184,46.66875000000002,1.0,0.0
IND680712AAA,IND683511AAA,6,1.6842105263157894,1.7978012573648003,1.9459242618741976,64.0,39.0,42.16935,8.82153110047848,0.16666666666666666,0.0
IND683511AAA,IND000000ABA,10,1.1668520578420467,1.22596588802373,1.3233870967741936,35.0,30.0,29.326950000000004,0.0,0.0,0.0
IND683511AAA,IND000000ADM,8,1.6107692307692307,1.7001691595441595,1.82375,40.5,25.0,22.9723,23.337301775147935,0.125,0.0
IND683511AAA,IND562132AAA,8,2.062069097594607,2.046083183514549,2.19424882629108,881.5,426.0,483.7042,85.48759943901666,0.125,1.0
IND683511AAA,IND680012AAA,6,1.526315789473684,1.564327485380117,1.557017543859649,87.0,57.0,59.82095,0.0,0.0,0.0
IND683511AAA,IND68004AAA,13,1.4,2.1038138381375466,1.4680851063829787,69.0,48.0,53.6268,417.03999999999996,0.15384615384615385,1.0
IND683511AAA,IND680104AAA,11,1.5,1.7021271895217043,1.7333333333333334,121.0,80.0,79.1653,130.25,0.18181818181818182,1.0
IND683511AAA,IND686028AAB,7,1.9873417721518987,2.3846730349216787,2.0506329113924053,157.0,79.0,80.2878,220.5538502109705,0.14285714285714285,1.0
IND683565AAA,IND683511AAA,9,1.894736842105263,1.9209969367864106,2.05,36.0,20.0,15.9314,3.5563909774436127,0.1111111111111111,0.0
IND683572AAA,IND680307AAA,7,1.8461538461538463,1.8308358308358308,2.090909090909091,24.0,12.0,13.9758,9.638461538461542,0.14285714285714285,0.0
IND685514AAA,IND625008AAA,6,1.5558823529411763,1.5437166779926959,1.5849373477201532,264.0,169.0,151.0704,0.0,0.0,1.0
IND686028AAB,IND689101AAA,10,1.333846153846154,1.4142364672364671,1.426153846153846,34.0,25.5,27.84,4.32517948717949,0.2,0.0
IND686507AAA,IND686513AAA,10,2.4097222222222223,2.4458333333333333,2.5555555555555554,21.5,9.0,13.05035,3.5599537037037123,0.2,0.0
IND686513AAA,IND686540AAA,4,2.548809523809524,2.4230534105534107,2.6064189189189193,90.5,36.5,40.62705,3.6233068783068774,0.5,0.0
IND688009AAA,IND686028AAB,10,3.3777777777777778,5.023381642512078,6.0815217391304355,152.0,46.0,45.80330000000001,912.4081481481483,0.5,0.0
IND688524AAA,IND683511AAA,7,2.269230769230769,2.2593578970049557,2.5,118.0,51.0,54.2155,18.54439102564109,0.42857142857142855,1.0
IND689101AAA,IND690548AAA,4,1.44,1.4219230769230768,1.4849999999999999,35.5,25.0,25.1496,0.0,0.0,0.0
IND689645AAA,IND691551AAA,11,1.75,1.9578787878787878,1.8958333333333335,42.0,24.0,26.4686,57.882812500000014,0.18181818181818182,0.0
IND690548AAA,IND688009AAA,9,1.21875,1.2940236659994726,1.3333333333333333,39.0,32.0,28.4422,4.714843750000007,0.1111111111111111,0.0
IND691001AAB,IND683511AAA,9,1.255952380952381,1.3601249178172254,1.4911242603550297,211.0,168.0,175.9663,0.0,0.0,1.0
IND691001AAB,IND691506AAA,15,1.4230769230769231,1.4304509879222522,1.5292307692307694,37.0,25.0,23.6438,0.0,0.0,0.0
IND691305AAA,IND689645AAA,11,2.259259259259259,2.2606606356606354,2.335648148148148,60.0,27.0,29.1326,0.3656250000000085,0.09090909090909091,0.0
IND691506AAA,IND691305AAA,14,1.54093567251462,1.6187720383209105,1.7214285714285715,28.5,19.0,18.32365,3.7799322868574947,0.07142857142857142,0.0
IND691551AAA,IND691001AAB,14,2.263157894736842,3.4497389737239574,2.7598684210526314,89.0,40.0,41.85315,665.5279778393352,0.42857142857142855,0.0
IND691574AAA,IND695614AAA,14,1.525,1.6275510204081631,1.6,31.0,20.0,21.951349999999998,14.252500000000012,0.21428571428571427,0.0
IND695012AAA,IND691001AAB,12,1.547008547008547,1.6410416261978762,1.6173992673992674,100.0,65.0,63.7633,46.40196078431373,0.08333333333333333,1.0
IND695012AAB,IND695012AAA,3,3.3,3.636796536796537,3.8642857142857143,62.0,14.0,13.8356,34.271875000000016,1.0,0.0
IND695101AAB,IND691574AAA,13,1.2666666666666666,1.2186777275012568,1.2941176470588236,19.0,15.0,14.6765,0.0,0.0,0.0
IND695121AAA,IND695572AAB,11,1.8461538461538463,1.822977022977023,1.8571428571428572,26.0,14.0,13.3164,0.0,0.0,0.0
IND695572AAB,IND695541AAA,9,1.4545454545454546,1.357142857142857,1.5454545454545454,31.0,22.0,20.4442,0.0,0.0,0.0
IND695582AAA,IND695101AAB,12,1.133399209486166,1.3308904259991217,1.3522727272727273,26.0,22.5,20.11285,27.839839572192524,0.25,0.0
IND700026AAC,IND712311AAA,3,5.911764705882353,5.905523170229053,6.46939586645469,201.0,36.0,34.0733,206.3965073529412,1.0,0.0
IND700028AAB,IND712311AAA,8,3.7074303405572757,4.56803417194284,4.694444444444445,65.5,18.0,22.7504,270.89152179090263,0.5,0.0
IND700053AAA,IND712311AAA,6,7.5264367816091955,6.434099616858238,8.504597701149425,219.0,29.0,29.081049999999998,332.3097805642633,0.6666666666666666,0.0
IND700053AAA,IND743513AAA,4,3.0,3.1206896551724137,3.3655172413793104,78.0,27.0,31.329950000000004,40.2,0.5,0.0
IND700065AAA,IND712311AAA,23,3.75,4.670853553278187,4.903679653679654,82.0,21.0,21.888,1760.171875,0.43478260869565216,0.0
IND700065AAB,IND712310AAA,11,5.0,4.971763085399449,5.954545454545455,115.0,22.0,22.3165,176.29687500000009,0.5454545454545454,0.0
IND700088AAA,IND712311AAA,5,2.5,2.6834975369458127,2.689655172413793,70.0,29.0,30.1216,31.512500000000017,0.4,0.0
IND700136AAG,IND712310AAA,16,4.559941520467836,4.7736454186937936,5.137499999999999,89.5,19.5,23.5321,216.86260094681148,0.5,0.0
IND711303AAA,IND721134AAB,11,0.9068975515463917,0.9539289036096673,0.9068975515463917,30.0,37.0,44.986,0.0,0.0,0.0
IND712103AAA,IND712310AAE,18,3.7281609195402297,3.8547011192624376,4.423809523809524,107.5,30.0,31.2524,190.36500000000007,0.3888888888888889,0.0
IND712124AAA,IND712103AAA,20,2.844444444444444,2.9042929292929296,3.05,31.0,11.0,11.44705,13.001777777777793,0.25,0.0
IND712310AAE,IND711303AAA,12,2.271062271062271,2.533126290956843,2.466768292682927,92.0,40.5,54.45455,134.59534583063993,0.25,0.0
IND712310AAE,IND712124AAA,21,3.6842105263157894,3.7364820782114014,4.157894736842105,68.0,19.0,19.1213,131.32793522267212,0.42857142857142855,0.0
IND712311AAA,IND000000ACB,9,1.933649289099526,2.032513623030004,1.9430740037950665,2040.0,1055.0,1435.2395,598.2490521327018,0.2222222222222222,1.0
IND712311AAA,IND700026AAC,29,2.5,2.906534196520318,3.0588235294117645,90.0,36.0,33.6401,486.22426470588255,0.41379310344827586,0.0
IND712311AAA,IND700028AAB,22,3.3421052631578947,3.794522290574922,4.546992481203008,63.5,19.0,18.9328,338.94035087719305,0.45454545454545453,0.0
IND712311AAA,IND700053AAA,15,2.8,3.5680842911877395,4.283333333333333,84.0,29.0,29.399,388.05000000000007,0.4666666666666667,0.0
IND712311AAA,IND700065AAA,28,3.4772727272727275,3.8537070460595304,4.840415019762846,75.0,22.0,21.20965,360.39586776859505,0.35714285714285715,0.0
IND712311AAA,IND700088AAA,23,3.7666666666666666,4.885222214568832,5.416666666666666,113.0,29.0,29.3387,987.2420833333335,0.4782608695652174,0.0
IND712311AAA,IND712410AAC,4,4.6154970760233915,4.493299473562631,5.073886639676113,171.0,37.5,43.97935,156.04051332033794,0.75,1.0
IND712311AAA,IND713103AAA,6,2.1633547632963177,2.1363237872589127,2.310490940970193,126.5,59.0,82.56360000000001,8.25438871473358,0.16666666666666666,1.0
IND712311AAA,IND713205AAB,7,2.055045871559633,2.1013176813048227,2.1714285714285717,222.0,106.0,149.2643,58.28577981651381,0.14285714285714285,1.0
IND712311AAA,IND721306AAA,8,2.089108910891089,2.1522277227722775,2.1930693069306932,211.0,101.0,131.20175,15.330769230769192,0.125,1.0
IND712311AAA,IND732103AAB,3,2.800925925925926,2.843719494688487,2.9330211024978468,605.0,215.0,304.3677,128.0720486111113,1.0,1.0
IND712311AAA,IND742101AAC,8,2.9466398799010953,2.979461669226835,3.1545664792309087,443.0,152.5,211.84115,174.53160747765122,0.375,1.0
IND712311AAA,IND742102AAB,3,3.2337662337662336,3.2127760194987083,3.3583797155225725,498.0,153.0,211.7647,171.2439935064936,1.0,1.0
IND712311AAA,IND751002AAB,23,1.9387096774193548,2.265922597462817,2.326803159960141,601.0,312.0,434.9746,1712.9857661290323,0.34782608695652173,1.0
IND712311AAA,IND781018AAB,5,3.102189781021898,3.4848463510664063,3.4339622641509435,2125.0,688.0,953.5618,1895.6698905109495,1.0,1.0
IND712311AAA,IND826004AAA,3,1.7527472527472527,1.6671063453850339,1.768419080919081,314.0,182.0,257.9808,0.0,0.0,1.0
IND712311AAA,IND834002AAB,11,2.3629893238434163,2.4805011273965927,2.6777003484320554,664.0,285.0,396.74,413.31125444839904,0.36363636363636365,1.0
IND713103AAA,IND713205AAB,4,2.007300792657489,2.008552357113058,2.1176470588235294,98.5,51.0,69.79105,0.0,0.0,1.0
IND713128AAB,IND731204AAB,11,2.8,3.0852737905369483,3.888888888888889,52.0,18.0,24.8792,84.92750000000001,0.36363636363636365,1.0
IND713130AAA,IND741123AAB,10,2.0625,2.1683114801864805,2.14453125,132.0,64.0,73.11275,46.42291666666674,0.2,0.0
IND713148AAA,IND713128AAB,10,2.7043650793650795,2.922796451914099,3.0285714285714285,97.0,35.0,40.93835,101.3981481481481,0.4,1.0
IND713205AAB,IND712311AAA,7,8.095238095238095,7.090585784386323,8.314285714285713,850.0,105.0,148.5513,1004.2222222222233,0.8571428571428571,1.0
IND713205AAB,IND713148AAA,3,4.444444444444445,4.4259259259259265,5.055555555555555,80.0,18.0,22.3882,61.25,0.6666666666666666,1.0
IND713205AAB,IND713303AAA,5,2.6538461538461537,3.1339438339438344,4.392857142857143,69.0,27.0,36.3498,118.14615384615388,0.4,1.0
IND713205AAB,IND722101AAC,4,2.7745098039215685,2.8551309412653954,3.2706971677559915,141.5,51.0,53.3044,96.93464052287584,0.5,0.0
IND713205AAB,IND722143AAB,8,3.7800000000000002,4.349847020933978,4.7592592592592595,94.5,25.0,32.3291,232.91907692307694,0.625,1.0
IND713205AAB,IND722202AAA,3,4.055555555555555,4.7860623781676415,6.054093567251462,73.0,19.0,17.5708,108.10104166666669,0.6666666666666666,0.0
IND713303AAA,IND713364AAB,6,4.166666666666666,3.865468409586057,4.541666666666666,75.0,18.0,23.33255,57.54545454545462,0.6666666666666666,1.0
IND713364AAB,IND712311AAA,11,4.624161073825503,3.5455209068390676,4.941757524927779,689.0,146.0,207.3223,514.9915687919469,0.5454545454545454,1.0
IND721102AAA,IND712311AAA,8,8.320652173913043,7.709998831229546,8.597826086956522,769.0,92.0,125.39615,1020.3653846153852,0.875,1.0
IND721134AAB,IND721139AAC,10,1.5916666666666668,1.614688832054561,1.625,25.0,16.0,18.2402,4.456944444444446,0.2,0.0
IND721212AAA,IND712310AAE,6,2.3266666666666667,2.4179781997187058,2.4535864978902953,176.5,77.0,99.3879,32.131818181818176,0.16666666666666666,0.0
IND721253AAC,IND721306AAA,9,2.238095238095238,2.5942190251395605,2.5853658536585367,94.0,42.0,52.5072,105.31275510204087,0.4444444444444444,1.0
IND721306AAA,IND721102AAA,4,1.9444444444444444,2.75,2.8055555555555554,35.0,18.0,18.8789,53.111111111111114,0.25,1.0
IND721306AAA,IND721507AAA,10,2.0454545454545454,2.436492847825109,2.5638297872340425,90.0,44.0,50.557100000000005,165.73181818181823,0.4,1.0
IND721501AAC,IND721253AAC,5,1.858695652173913,1.8825578348720005,1.9120879120879122,171.0,92.0,100.1757,0.0,0.0,1.0
IND721602AAB,IND721139AAC,4,1.8271505376344086,2.142741935483871,2.1907258064516126,111.5,60.0,70.1466,56.30071684587813,0.25,0.0
IND721636AAB,IND721602AAB,3,1.75,1.668103448275862,1.8125,45.0,28.0,30.4079,0.0,0.0,0.0
IND722101AAA,IND722122AAA,7,1.9444444444444444,1.9314798383121363,1.993961352657005,37.0,21.0,30.0546,0.0,0.0,0.0
IND722122AAA,IND713205AAB,6,1.8785714285714286,2.0196394798789705,2.0125244618395306,132.5,71.5,86.24235000000002,32.98883116883118,0.16666666666666666,0.0
IND722140AAA,IND722151AAA,4,1.0227272727272727,1.0653503473270916,1.1396103896103895,45.0,43.5,46.25975,0.0,0.0,1.0
IND722143AAB,IND723133AAA,9,1.411764705882353,1.500573187041485,1.4615384615384615,74.0,52.0,45.1762,20.1483193277311,0.1111111111111111,1.0
IND722151AAA,IND723130AAA,3,12.08108108108108,8.566131348740045,12.08108108108108,942.0,69.0,88.3888,1149.002195945946,0.6666666666666666,1.0
IND722202AAA,IND722101AAC,3,1.5517241379310345,1.5432098765432098,1.590676883780332,44.0,29.0,32.3165,0.0,0.0,0.0
IND723101AAA,IND723202AAA,13,1.8461538461538463,2.0323886639676116,2.289473684210526,72.0,39.0,46.325,71.65000000000002,0.3076923076923077,1.0
IND723130AAA,IND723101AAA,14,2.333333333333333,2.473098330241187,3.1136363636363633,49.0,21.0,30.5855,97.0491228070176,0.5,1.0
IND723130AAA,IND723131AAA,4,1.2000000000000002,3.8906784335355766,3.98027027027027,60.0,49.5,34.64575,619.3355555555555,0.25,1.0
IND723131AAA,IND722140AAA,6,1.333165322580645,1.339435687520365,1.3813920454545454,42.0,31.0,33.635149999999996,0.0,0.0,1.0
IND723133AAA,IND723130AAA,12,1.3333333333333333,1.501462542087542,1.7443181818181819,60.0,45.0,30.382350000000002,41.0411764705883,0.25,1.0
IND723202AAA,IND713205AAB,13,2.2275862068965515,2.2262212013156746,2.458904109589041,325.0,145.0,195.4442,76.80793103448292,0.23076923076923078,1.0
IND731204AAB,IND731301AAA,11,2.4285714285714284,2.3004247267883633,2.6134615384615385,51.0,21.0,19.0581,6.391964285714323,0.2727272727272727,1.0
IND731224AAA,IND742147AAA,8,2.168202764976958,2.2198374635370604,2.3139204545454546,66.5,31.0,28.87925,3.276887628500546,0.25,0.0
IND731237AAB,IND731224AAA,9,3.238095238095238,3.382037163616111,3.75,64.0,20.0,28.0297,69.90000000000006,0.5555555555555556,0.0
IND731301AAA,IND713205AAB,12,1.8714285714285714,2.0472906417958803,1.9624252363496044,131.0,71.0,76.603,164.11025210084034,0.08333333333333333,1.0
IND732103AAB,IND732202AAA,3,4.111111111111111,4.733796296296297,5.211805555555555,74.0,18.0,23.2893,76.05833333333335,1.0,0.0
IND732138AAA,IND733124AAA,3,2.0277777777777777,1.9836601307189543,2.072712418300654,72.0,36.0,41.021800000000006,0.0,0.0,0.3333333333333333
IND732202AAA,IND732204AAB,6,3.0,2.977777777777778,3.066666666666667,45.0,15.0,20.3689,12.363636363636374,0.6666666666666666,0.0
IND732204AAB,IND732139AAA,4,0.9068975515463917,0.9068975515463917,0.9068975515463917,39.0,58.0,40.7078,0.0,0.0,0.0
IND733129AAA,IND732103AAB,3,3.7906976744186047,3.9147286821705425,4.383720930232558,163.0,43.0,60.4425,112.78750000000002,0.6666666666666666,0.0
IND733140AAA,IND733102AAA,6,2.024166666666667,2.0288247863247864,2.340544871794872,49.5,25.0,33.7765,5.926886363636342,0.3333333333333333,0.16666666666666666
IND734214AAB,IND000000AFF,3,3.1794871794871793,3.1153846153846154,3.2286324786324787,118.0,36.0,40.4697,34.239423076923046,1.0,1.0
IND735224AAA,IND736146AAA,8,1.5091185410334347,1.5653159827760892,1.745,72.5,48.5,57.6228,0.27486555997194273,0.125,1.0
IND736135AAA,IND736101AAA,6,2.0890269151138714,2.072803657694962,2.188858695652174,48.5,23.0,22.63475,0.0,0.0,1.0
IND736135AAA,IND736165AAA,5,2.5526315789473686,2.5499306825622616,2.7027027027027026,96.0,37.0,38.8109,7.521052631578968,0.4,1.0
IND736146AAA,IND736135AAA,8,1.631578947368421,1.737148064547922,2.0075067476383266,93.0,57.0,52.1802,9.837246963562762,0.25,1.0
IND741123AAB,IND741126AAB,11,2.393939393939394,2.456095041322314,2.53125,78.0,32.0,43.649,13.255208333333343,0.18181818181818182,0.0
IND741126AAB,IND741156AAA,13,2.588235294117647,2.7204562594268475,2.7058823529411766,43.0,17.0,23.778,43.14901960784313,0.23076923076923078,0.0
IND741156AAA,IND742101AAC,8,2.6875,3.0975913367546433,3.0757575757575757,86.0,32.0,44.245149999999995,127.53653846153851,0.5,0.0
IND741156AAA,IND742102AAB,6,2.5056818181818183,2.9081439393939394,3.635653409090909,81.5,32.0,44.33595,89.51435950413229,0.5,0.0
IND741165AAB,IND742121AAB,9,1.4285714285714286,1.5043478260869565,1.6666666666666667,100.0,69.0,81.4277,0.0,0.0,0.0
IND742101AAC,IND712311AAA,7,2.919254658385093,2.9461155667072174,3.1763842281879198,453.0,160.0,218.2368,174.58333333333343,0.5714285714285714,1.0
IND742101AAC,IND713130AAA,3,1.684782608695652,1.7239435023446241,1.756369798971482,155.0,92.0,96.0117,0.0,0.0,0.0
IND742101AAC,IND731237AAB,7,2.6333333333333333,2.8347184932879186,2.989247311827957,79.0,30.0,42.0135,40.95805555555556,0.2857142857142857,0.0
IND742101AAC,IND742303AAB,7,2.5,2.599225897255454,2.997536945812808,70.0,29.0,38.274,38.989583333333385,0.42857142857142855,0.0
IND742102AAB,IND712311AAA,4,2.59375,2.8938653523489934,2.9657403523489934,415.0,160.0,218.87335000000002,211.52708333333334,0.5,1.0
IND742102AAB,IND713130AAA,6,2.152575587905935,2.2028720228714493,2.343653250773994,193.5,93.0,96.75755000000001,19.199295021887423,0.16666666666666666,0.0
IND742102AAB,IND731237AAB,5,2.9655172413793105,3.3507993008104244,3.935483870967742,88.0,30.0,42.2272,74.7448275862069,0.6,0.0
IND742102AAB,IND742303AAB,6,2.142857142857143,2.114250744997871,2.2426108374384235,60.0,28.0,37.69485,0.0,0.0,0.0
IND742121AAA,IND742101AAC,6,3.6818181818181817,4.855369574119574,4.072443181818182,73.5,22.0,25.135550000000002,247.89338842975206,0.6666666666666666,0.0
IND742121AAA,IND742102AAB,5,3.5652173913043477,3.6071611253196934,3.727272727272727,82.0,22.0,25.3586,50.20000000000003,0.8,0.0
IND742121AAB,IND742121AAA,9,3.4615384615384617,3.417053317053317,3.6923076923076925,44.0,13.0,14.453,37.88736263736268,0.5555555555555556,0.0
IND742137AAA,IND742401AAA,3,2.2333333333333334,2.2174771588564695,2.3089743589743588,62.0,29.0,26.5929,0.0,0.0,0.0
IND742147AAA,IND742137AAA,3,1.8333333333333333,1.811858076563959,2.011904761904762,33.0,18.0,15.5169,0.0,0.0,0.0
IND742148AAA,IND742225AAA,9,4.25,4.335714285714285,5.2,61.0,14.0,20.6804,76.18482142857144,0.6666666666666666,0.0
IND742149AAA,IND742148AAA,9,2.8333333333333335,2.7620437466451957,2.9444444444444446,53.0,18.0,26.0217,16.364285714285735,0.3333333333333333,0.0
IND742223AAA,IND742226AAA,10,1.5795454545454546,1.7928744895766173,1.8474371373307543,70.0,45.0,46.41595,54.056060606060626,0.2,0.0
IND742225AAA,IND742223AAA,9,4.666666666666667,4.559259259259259,4.777777777777778,42.0,9.0,13.9207,34.357142857142854,0.7777777777777778,0.0
IND742226AAA,IND742101AAC,6,2.0945945945945947,2.097769197769198,2.3513513513513513,77.5,36.5,33.30995,3.7684275184275293,0.3333333333333333,0.0
IND742226AAA,IND742102AAB,5,1.7777777777777777,1.7186786786786787,1.7777777777777777,64.0,36.0,33.0899,0.0,0.0,0.0
IND742303AAB,IND741165AAB,12,3.2837837837837838,3.1128691191191193,3.4220394736842104,121.0,37.0,52.90875,17.679491255961878,0.4166666666666667,0.0
IND742401AAA,IND742101AAC,5,3.0677966101694913,3.2050111537842376,3.378787878787879,184.0,66.0,59.2229,117.51525423728819,0.6,0.0
IND742401AAA,IND742102AAB,5,3.0606060606060606,3.189142356399819,3.727272727272727,202.0,66.0,59.1862,129.94015151515157,0.6,0.0
IND743347AAA,IND700053AAA,4,3.817460317460317,3.7807210109208182,3.918265813788202,240.5,63.0,82.8519,142.62433862433872,1.0,0.0
IND743513AAA,IND743347AAA,8,1.9861111111111112,2.1269036894036892,2.255791505791506,72.5,36.0,51.94585,22.81752136752138,0.25,0.0
IND751002AAB,IND530012AAA,10,1.6707648776925885,1.671367389545729,1.7608370198532586,557.0,332.0,454.2031,0.0,0.0,1.0
IND751002AAB,IND562132AAA,9,2.260869565217391,2.246763285828113,2.357615894039735,2392.0,1058.0,1423.655,120.55714285714294,0.1111111111111111,1.0
IND751002AAB,IND712311AAA,22,2.0387669942118727,2.3045632627301393,2.4600490759911047,657.5,322.0,433.60485,1970.8726522187826,0.2727272727272727,1.0
IND751002AAB,IND754103AAA,6,10.703832752613241,10.229891912818742,11.882239382239382,444.5,42.0,58.52615,751.9872030408615,0.8333333333333334,1.0
IND751002AAB,IND756100AAC,10,1.8132507027855866,1.829272181307065,1.967313936063936,163.5,88.0,123.93430000000001,0.0,0.0,1.0
IND751002AAB,IND760003AAB,8,2.0000829279080055,2.2853564938561237,2.536231884057971,269.0,135.5,181.32594999999998,251.6758794610962,0.375,1.0
IND751014AAA,IND751002AAB,4,2.642857142857143,3.799107142857143,4.15625,18.5,7.0,10.69915,42.57142857142858,0.5,0.0
IND751015AAA,IND751002AAB,4,2.0,2.178571428571429,2.2142857142857144,14.0,7.0,10.178149999999999,3.900000000000002,0.25,0.0
IND751015AAA,IND752056AAA,4,2.283625730994152,2.4212246302029583,2.965686274509804,42.0,17.5,25.29655,24.426250812215727,0.5,0.0
IND756019AAA,IND757025AAA,4,2.3771929824561404,2.295175438596491,2.4473684210526314,44.0,19.0,27.0089,0.6370370370370395,0.25,1.0
IND756032AAA,IND712311AAA,7,2.762962962962963,3.0431913803639867,3.21091187982651,373.0,137.0,189.5344,629.7179320987655,0.42857142857142855,1.0
IND756100AAC,IND758001AAA,3,2.8660714285714284,3.5901397515527953,4.367818322981367,321.0,115.0,158.3426,389.1170200892858,0.6666666666666666,1.0
IND756100AAC,IND758034AAA,8,2.2945228684359122,2.4427554966504244,2.4459876543209877,374.0,162.0,222.8754,252.28503496503492,0.25,1.0
IND757037AAA,IND756100AAC,5,2.7563025210084033,2.698045539472074,2.809917355371901,328.0,119.0,165.3055,32.384873949579855,0.6,1.0
IND761200AAA,IND532001AAB,7,2.1153846153846154,2.112077138547727,2.253205128205128,110.0,50.0,71.4701,0.12980769230772182,0.14285714285714285,1.0
IND764001AAC,IND764059AAA,7,2.533333333333333,2.8465821812596004,3.280241935483871,76.0,31.0,44.0106,96.1688888888889,0.42857142857142855,0.0
IND764059AAA,IND764071AAB,3,1.8888888888888888,1.9305555555555554,2.0069444444444446,17.0,9.0,12.7983,0.0,0.0,0.0
IND770001AAA,IND770017AAB,3,1.4838709677419355,1.4858631389567403,1.5780010576414596,92.0,62.0,65.3797,0.0,0.0,1.0
IND781001AAA,IND781018AAB,4,2.838549075391181,2.506737000158053,3.0618776671408248,106.5,37.0,28.284750000000003,33.39772403982934,0.75,0.0
IND781003AAA,IND781018AAB,3,3.108108108108108,2.9729729729729732,3.135135135135135,115.0,37.0,28.2131,26.43750000000003,0.6666666666666666,0.0
IND781005AAA,IND781018AAB,6,1.4027777777777777,2.302736006683375,2.2035818713450293,50.5,36.0,35.461650000000006,95.17878787878789,0.3333333333333333,0.0
IND781014AAA,IND781102AAA,3,2.3529411764705883,2.5065359477124183,2.6209150326797386,41.0,18.0,22.9088,7.860294117647065,0.3333333333333333,0.0
IND781014AAA,IND781124AAA,5,2.0434782608695654,2.1208695652173915,2.3,46.0,23.0,32.7611,0.5250000000000057,0.2,0.0
IND781018AAB,IND110037AAM,12,2.549546142208775,2.5688232394152375,2.5748042652577117,3370.5,1323.0,1807.9502,323.65294117647136,0.08333333333333333,1.0
IND781018AAB,IND712311AAA,3,2.8415697674418605,2.757638309615789,2.871580831622522,1955.0,689.0,954.6646,287.8237191133719,0.6666666666666666,1.0
IND781018AAB,IND781005AAA,5,1.8048780487804879,1.640609756097561,2.05,74.0,40.0,39.3575,0.4878048780487916,0.2,0.0
IND781018AAB,IND781022AAA,7,1.135135135135135,1.256066761693288,1.3609530583214795,42.0,37.0,38.74,10.0864864864865,0.14285714285714285,0.0
IND781018AAB,IND781354AAA,8,1.7037037037037037,1.7681397306397306,1.9583333333333333,92.0,54.0,64.85095,4.032763532763553,0.125,1.0
IND781018AAB,IND784001AAA,4,2.162991346053592,2.127706879244304,2.3182280262746326,299.5,138.5,177.5864,0.0,0.0,1.0
IND781018AAB,IND784125AAA,4,1.7153846153846155,1.7307692307692308,1.7576923076923077,111.5,65.0,80.40955,0.0,0.0,1.0
IND781018AAB,IND788026AAC,12,2.7214859437751002,2.853661149976249,2.7670682730923692,679.0,249.0,341.1541,536.9329411764706,0.16666666666666666,1.0
IND781018AAB,IND793001AAA,10,2.0251020408163267,1.9927727038009924,2.099108910891089,201.0,99.5,126.4936,0.0,0.0,1.0
IND781022AAA,IND781018AAB,10,1.1294117647058823,1.656912318301266,2.1978609625668453,39.0,34.0,35.3221,139.23843137254903,0.4,0.0
IND781124AAA,IND781018AAB,3,4.709677419354839,4.90752688172043,5.161290322580646,146.0,31.0,32.274,132.8935483870968,1.0,0.0
IND781335AAA,IND000000AET,4,1.8025490196078433,1.837549019607843,1.9048039215686274,91.0,51.0,69.3818,0.0,0.0,1.0
IND783301AAA,IND783348AAA,11,1.9090909090909092,2.084796831955923,2.15625,63.0,33.0,43.2133,46.643750000000026,0.2727272727272727,1.0
IND783348AAA,IND783129AAA,10,1.8764044943820224,1.9169050051072525,2.0280898876404496,167.0,89.0,101.53845,11.93857677902622,0.1,1.0
IND783370AAC,IND783301AAA,8,2.65625,2.863380192502533,2.971884498480243,127.5,48.0,67.64439999999999,91.92307692307696,0.375,1.0
IND784001AAA,IND791111AAC,3,2.3949579831932772,2.3893557422969187,2.491596638655462,285.0,119.0,167.8739,14.03125,0.3333333333333333,1.0
IND784125AAA,IND784110AAA,3,2.5833333333333335,2.596605308790183,2.7622549019607847,124.0,49.0,62.4792,21.395312500000017,0.6666666666666666,1.0
IND784168AAB,IND784176AAA,6,2.5272938443670148,2.4981865232186156,2.849012775842044,105.0,41.0,58.5142,33.67839721254357,0.5,1.0
IND784176AAA,IND781018AAB,4,2.337814610190301,2.399462860650706,2.4539441375076736,422.0,180.0,236.67995,32.92105586249238,0.25,1.0
IND785001AAA,IND785682AAA,11,2.0238095238095237,2.255430077169208,2.7039337474120084,85.0,46.0,62.6307,112.94568452380965,0.45454545454545453,1.0
IND785621AAA,IND785001AAA,3,1.5909090909090908,1.6464098347819276,1.714059196617336,70.0,44.0,49.2488,0.0,0.0,1.0
IND785634AAA,IND785001AAA,3,12.08108108108108,12.08108108108108,12.08108108108108,468.0,16.0,19.7611,1149.5690878378377,1.0,0.0
IND785682AAA,IND786001AAB,10,2.1179315476190474,2.166957701686351,2.2841316598360657,135.5,63.0,88.27799999999999,8.794320436507945,0.1,1.0
IND785690AAB,IND785682AAA,10,4.327272727272727,5.214773254995778,7.000710227272727,147.0,33.0,46.062200000000004,469.1515151515151,0.6,0.0
IND786001AAB,IND785675AAA,3,3.2142857142857144,2.9134920634920634,3.303571428571429,90.0,28.0,40.2528,26.875,0.6666666666666666,1.0
IND786001AAB,IND786171AAA,8,3.169642857142857,3.245812798523665,3.6151063829787233,156.0,50.0,71.4307,157.06730769230765,0.5,0.0
IND786001AAB,IND786184AAA,7,2.230769230769231,3.297592883307169,4.282051282051282,29.0,13.0,19.841900000000003,117.44326923076923,0.42857142857142855,0.0
IND786001AAB,IND786602AAA,10,1.5647058823529412,1.781344537815126,1.8726190476190476,54.0,35.0,37.254999999999995,45.46196078431372,0.2,0.0
IND786125AAA,IND786190AAA,5,3.0625,3.4444047619047624,4.25,49.0,15.0,22.4799,54.18593750000001,0.6,0.0
IND786171AAA,IND786181AAC,6,2.416666666666667,2.465277777777778,2.8125,22.0,8.5,13.0436,11.15909090909092,0.5,0.0
IND786181AAC,IND786001AAB,8,2.958333333333333,3.5108477011494252,4.129166666666666,177.5,60.0,84.917,323.2307692307694,0.5,0.0
IND786181AAC,IND792120AAB,7,5.0625,5.4500138143031505,5.367647058823529,162.0,33.0,48.081900000000005,245.24114583333335,0.8571428571428571,0.0
IND786181AAC,IND792121AAB,7,3.0344827586206895,3.296980081387878,3.603448275862069,88.0,29.0,42.2057,87.70000000000005,0.5714285714285714,0.0
IND786184AAA,IND786125AAA,4,2.8666666666666667,3.05,3.25,41.5,14.5,20.726100000000002,21.19703703703705,0.5,0.0
IND786190AAA,IND792103AAB,6,2.3843843843843846,2.3053489060748587,2.455705705705706,87.0,37.0,49.9456,0.9787878787878981,0.16666666666666666,0.0
IND787001AAA,IND787057AAA,8,2.7429787234042555,2.770851063829787,2.9627659574468086,132.5,47.0,66.50375,48.56215384615385,0.375,1.0
IND787057AAA,IND787059AAB,10,2.12,2.292277591973244,2.8197115384615383,53.0,24.5,27.167650000000002,53.17600000000002,0.5,1.0
IND788026AAC,IND781018AAB,18,2.398080125379567,2.4253008003207803,2.6408442829186467,586.5,245.0,337.37215000000003,81.89332941522161,0.2222222222222222,1.0
IND788026AAC,IND788151AAA,13,2.5454545454545454,2.864048994483777,2.857142857142857,56.0,22.0,29.7473,86.48636363636362,0.3076923076923077,1.0
IND788121AAA,IND796081AAA,3,3.5,3.48,3.7,182.0,50.0,71.14580000000001,81.07500000000002,1.0,1.0
IND788151AAA,IND788713AAA,12,2.6901270772238517,2.888471196952843,3.240625,86.0,32.5,46.4666,79.33262032085563,0.3333333333333333,1.0
IND788713AAA,IND788806AAA,10,2.9230769230769234,3.0693223443223445,3.4395604395604393,38.0,13.0,19.651049999999998,36.4769230769231,0.5,1.0
IND788806AAA,IND788026AAC,9,3.75,4.679706176765,4.647058823529412,63.0,16.0,23.4921,208.40625000000006,0.6666666666666666,1.0
IND791125AAB,IND791102AAA,4,1.9503858024691358,2.014960232668566,2.0455929487179487,157.0,80.5,109.68465,1.5779526748971477,0.25,1.0
IND792103AAB,IND792001AAA,5,0.9068975515463917,0.9068975515463917,0.9068975515463917,64.0,93.0,130.3641,0.0,0.0,0.0
IND792121AAB,IND786181AAC,7,3.870967741935484,7.0843256230353,12.08108108108108,120.0,29.0,42.3438,2539.9543010752686,0.7142857142857143,0.0
IND792130AAB,IND786001AAB,9,2.8354430379746836,3.0428856071261134,3.275,241.0,84.0,105.1452,153.5112115732369,0.4444444444444444,0.0
IND794101AAA,IND781018AAB,9,2.408805031446541,2.409042996471216,2.440993788819876,383.0,159.0,207.3622,32.041981132075534,0.1111111111111111,1.0
IND796009AAA,IND796321AAB,4,4.950381679389313,5.113997802452001,5.465648854961832,648.5,131.0,186.14965,684.8142493638679,1.0,1.0
IND796321AAB,IND796009AAA,3,4.046875,6.71186322295578,8.06397804054054,525.0,131.0,185.792,1779.5584960937501,1.0,1.0
IND798601AAA,IND785001AAA,4,3.843643198906357,3.878716678058783,3.9667634996582364,294.0,76.5,105.56455,194.85420369104588,1.0,0.0
IND801103AAA,IND802301AAA,11,2.6666666666666665,3.0222816399286985,3.354166666666667,42.0,16.0,22.882900000000003,59.48750000000005,0.45454545454545453,1.0
IND802101AAA,IND802119AAA,10,2.5384615384615383,2.770879120879121,3.2527472527472527,33.0,13.0,18.40215,30.50769230769231,0.4,1.0
IND802119AAA,IND802158AAB,12,1.864864864864865,1.9019796111901375,1.945945945945946,69.0,37.0,51.8673,8.768521462639114,0.08333333333333333,1.0
IND802158AAB,IND821115AAB,7,2.408450704225352,2.5553308741336913,2.46018779342723,171.0,71.0,86.5799,105.67183098591553,0.14285714285714285,1.0
IND802212AAA,IND821115AAB,5,12.08108108108108,9.987941787941788,12.08108108108108,997.0,42.0,45.5383,2649.8641891891893,0.8,1.0
IND802213AAB,IND802212AAA,5,3.5,3.5341993464052286,3.8125,59.0,17.0,19.7494,36.037500000000016,0.6,1.0
IND802301AAA,IND804401AAA,10,2.333091436865022,2.2859941944847604,2.440584179970972,122.5,52.5,70.21005,37.12075471698111,0.1,1.0
IND803101AAA,IND805110AAD,9,2.260869565217391,2.3249942489072923,2.590909090909091,52.0,23.0,32.2741,13.47142857142859,0.3333333333333333,1.0
IND803116AAA,IND803108AAB,13,2.2285714285714286,2.3256723668488375,2.5454545454545454,78.0,33.0,40.590900000000005,15.340952380952388,0.3076923076923077,1.0
IND803213AAA,IND811105AAA,3,1.8043478260869565,2.237520128824477,2.467391304347826,83.0,46.0,52.7775,42.08125000000001,0.3333333333333333,1.0
IND804420AAA,IND803101AAA,11,2.8421052631578947,3.133446816341553,3.784412955465587,108.0,39.0,55.2679,192.67105263157902,0.45454545454545453,1.0
IND804452AAA,IND804420AAA,6,2.962121212121212,3.1136363636363638,3.2272727272727275,34.0,11.5,16.881999999999998,21.473553719008272,0.5,1.0
IND805110AAD,IND803116AAA,9,2.3333333333333335,2.43787306430327,2.45,49.0,21.0,24.829,39.05,0.2222222222222222,1.0
IND811399AAA,IND110044AAB,29,2.9444444444444446,4.485537839422488,7.133333333333334,53.0,16.0,13.9541,971.2513888888889,0.4827586206896552,0.0
IND811399AAA,IND209304AAA,6,1.6231389637444336,1.6824050968972308,1.802528975832511,525.0,323.5,435.66369999999995,0.0,0.0,1.0
IND812002AAA,IND813203AAA,12,4.478260869565217,5.206482527134701,7.265692640692641,103.0,22.5,31.87935,324.53529411764714,0.5,1.0
IND813102AAA,IND812002AAA,12,2.15,2.1766768292682928,2.2375,86.0,40.0,43.4935,29.258823529411814,0.16666666666666666,1.0
IND814101AAB,IND816107AAA,7,1.4883720930232558,1.4988734868446174,1.652900294039027,128.0,87.0,89.27680000000001,0.0,0.0,1.0
IND814112AAA,IND814133AAB,6,2.558373205741627,2.6449333561175665,2.8684210526315788,143.5,55.5,78.96825,99.10736407133541,0.5,1.0
IND814133AAB,IND816109AAA,11,2.578125,2.5900141525141525,2.6796875,165.0,64.0,89.8322,90.850830078125,0.18181818181818182,1.0
IND815301AAA,IND814133AAB,3,2.4224137931034484,2.3958770614692653,2.5025112443778115,281.0,115.0,144.9505,11.550915948275872,0.3333333333333333,1.0
IND815351AAA,IND814101AAB,8,1.092783505154639,1.1404891853648675,1.2089144936325045,106.0,97.0,80.5241,0.0,0.0,1.0
IND815353AAA,IND814133AAB,3,1.8387096774193548,1.7419354838709677,1.9193548387096775,171.0,93.0,116.25,0.0,0.0,1.0
IND816107AAA,IND826004AAA,7,1.9744897959183674,1.9220624283828671,2.020408163265306,387.0,196.0,278.3127,0.0,0.0,1.0
IND816109AAA,IND826004AAA,8,1.8813469927769435,2.210568189944933,2.622532718300794,445.0,236.0,300.684,510.8346027318888,0.375,1.0
IND821109AAA,IND802213AAB,8,5.077651515151516,5.167850378787879,5.3515625,165.0,32.0,44.9854,176.62424242424254,1.0,1.0
IND821115AAB,IND000000ACB,7,2.0834621329211744,2.1643713271417844,2.1844271176914667,1348.0,647.0,870.3398000000001,115.67500000000041,0.14285714285714285,1.0
IND821115AAB,IND209304AAA,5,1.9323076923076923,1.9359772079772077,1.9846153846153847,628.0,325.0,457.1267,0.0,0.0,1.0
IND821115AAB,IND802101AAA,6,2.2156756756756755,2.234172593646278,2.4036273115220483,165.0,76.0,84.54055,0.918152334152353,0.16666666666666666,1.0
IND821115AAB,IND821109AAA,4,2.3,2.26875,2.325,92.0,40.0,53.230050000000006,0.0,0.0,1.0
IND821307AAA,IND824101AAA,5,2.0952380952380953,2.069047619047619,2.1,42.0,20.0,29.1833,0.0,0.0,1.0
IND824101AAA,IND821115AAB,4,2.030952380952381,2.507900432900433,2.6227272727272726,63.0,31.5,42.0412,58.57793650793651,0.25,1.0
IND824101AAA,IND821307AAA,3,1.9545454545454546,1.911725955204216,1.9545454545454546,43.0,22.0,32.1673,0.0,0.0,1.0
IND825301AAA,IND825409AAA,8,2.7045731707317073,2.7026386469221837,2.9634146341463414,109.5,41.0,58.3537,41.97099437148219,0.375,1.0
IND825409AAA,IND000000ACB,8,1.979261101123973,1.9778532944654075,2.006446592192795,1527.0,773.0,1051.5256,0.0,0.0,1.0
IND826004AAA,IND209304AAA,3,1.743006993006993,1.7479497683137197,1.770104895104895,997.0,572.0,796.3543000000001,0.0,0.0,1.0
IND826004AAA,IND814112AAA,3,1.7565217391304349,1.8729468599033818,2.0615942028985508,202.0,115.0,130.618,20.600000000000023,0.3333333333333333,1.0
IND826004AAA,IND815351AAA,6,3.4722222222222223,3.549339986839987,4.196581196581197,127.0,38.0,53.0085,118.92424242424242,0.6666666666666666,1.0
IND828111AAA,IND826004AAA,4,7.998873873873873,7.827399514899515,12.08108108108108,129.5,12.0,13.893699999999999,305.945995995996,0.5,0.0
IND828401AAB,IND826004AAA,6,2.678571428571429,2.887987012987013,3.107142857142857,59.0,21.5,29.56185,47.558441558441565,0.5,0.0
IND829121AAA,IND834002AAB,6,7.232462877624168,7.034111035565292,7.411290322580645,452.0,62.0,85.52250000000001,553.5238095238096,0.8333333333333334,0.0
IND829122AAA,IND825301AAA,7,2.054054054054054,2.200772200772201,2.1756756756756754,76.0,37.0,48.9393,28.55833333333335,0.14285714285714285,1.0
IND832109AAB,IND834002AAB,15,2.574712643678161,2.8292631203777954,2.9885057471264367,224.0,87.0,120.2854,355.4879310344828,0.3333333333333333,1.0
IND834002AAB,IND000000ACB,8,1.988838757437159,1.9961684476908665,2.0387014348694747,1696.0,853.0,1162.63,0.0,0.0,1.0
IND834002AAB,IND826004AAA,14,2.3992313460817396,2.4854960674264874,2.5098425196850394,305.5,127.0,169.17165,85.23451098218004,0.14285714285714285,0.0
IND834002AAB,IND827013AAA,14,4.447315855181024,4.533921175133053,4.929775280898877,398.0,89.0,123.55885,466.748607004402,0.5714285714285714,0.0
IND834002AAB,IND829122AAA,7,2.5161290322580645,2.5421947004608296,2.703125,78.0,32.0,43.9317,16.287096774193557,0.2857142857142857,1.0
IND834002AAB,IND832109AAB,9,2.4022988505747125,2.374458299936073,2.4482758620689653,202.0,87.0,120.1571,0.025000000000062528,0.1111111111111111,1.0
IND841101AAA,IND841207AAB,3,2.611111111111111,4.714814814814814,5.805555555555555,47.0,15.0,22.268,90.96666666666667,0.6666666666666666,1.0
IND841424AAA,IND841226AAB,3,2.3488372093023258,2.275201628690001,2.40169133192389,101.0,44.0,62.9374,0.18081395348838214,0.3333333333333333,1.0
IND841424AAA,IND841428AAA,6,3.5727882327492972,3.540204773235273,3.721014492753623,244.0,69.0,97.31190000000001,116.42089552238801,0.8333333333333334,1.0
IND842001AAA,IND843105AAB,14,3.0294117647058822,3.0512079831932772,3.34375,49.0,16.0,23.60215,47.21671826625391,0.35714285714285715,1.0
IND842001AAA,IND843109AAB,11,3.6,3.5592680047225502,4.1,37.0,10.0,14.6928,34.53500000000001,0.5454545454545454,0.0
IND842001AAA,IND843126AAA,3,3.0,5.314814814814815,6.944444444444445,54.0,18.0,26.2572,151.675,0.6666666666666666,0.0
IND842001AAA,IND843301AAA,5,3.4782608695652173,3.706290471785384,4.0,160.0,46.0,63.1267,133.10000000000008,0.8,1.0
IND842001AAA,IND843329AAB,7,1.3793103448275863,1.3651801918589577,1.3826376285541442,79.0,58.0,70.415,0.0,0.0,1.0
IND842001AAA,IND845401AAA,3,2.0655737704918034,2.3062841530054645,2.4344262295081966,126.0,61.0,84.7759,28.974999999999994,0.3333333333333333,1.0
IND842001AAA,IND845412AAB,11,2.342857142857143,2.2641595481167673,2.4058823529411764,80.0,34.0,49.3673,1.0125000000000028,0.09090909090909091,1.0
IND842001AAA,IND845418AAB,6,1.9875,2.1597222222222223,2.1574074074074074,159.0,80.0,101.6531,67.33511363636367,0.16666666666666666,1.0
IND842001AAA,IND845438AAA,4,2.5907787864309606,2.616993321202387,2.7721533785363572,237.0,91.5,130.29145,44.6385836385837,0.5,1.0
IND842001AAA,IND846004AAA,15,2.2448979591836733,2.464004801920768,2.48,111.0,50.0,68.45830000000001,151.24387755102046,0.26666666666666666,1.0
IND842001AAA,IND847212AAA,15,2.2054794520547945,2.375076103500761,2.7945205479452055,161.0,73.0,100.5925,194.8125000000001,0.3333333333333333,1.0
IND842001AAA,IND848114AAA,14,2.3125,2.383807094266278,2.3435374149659864,111.5,48.0,69.27965,57.77894736842106,0.14285714285714285,1.0
IND842001AAA,IND854326AAB,12,1.9830000965903603,2.016313709391803,2.1607686177919443,403.5,204.0,289.0652,86.23036800927264,0.16666666666666666,1.0
IND842003AAB,IND480886AAA,7,2.212121212121212,2.2705443406935943,2.3271908271908273,146.0,66.0,93.3886,41.808333333333366,0.14285714285714285,1.0
IND842003AAB,IND483501AAA,8,2.4827586206896552,2.708905610753945,2.65948275862069,144.0,58.0,80.42410000000001,146.49681697612735,0.5,1.0
IND842003AAB,IND487001AAB,3,1.8181818181818181,1.9331973581973585,2.0372960372960374,140.0,78.0,93.486,2.715909090909122,0.3333333333333333,1.0
IND843105AAB,IND848101AAA,14,1.975,2.435923412427172,2.868181818181818,38.5,20.0,27.87175,117.02184210526315,0.2857142857142857,1.0
IND843109AAB,IND843126AAA,6,1.0692640692640691,1.185957806965172,1.3262987012987013,46.5,42.5,44.9756,0.0,0.0,0.0
IND843126AAA,IND842001AAA,7,2.5,4.063520453226336,3.5347222222222223,45.0,18.0,25.9384,437.95833333333337,0.42857142857142855,0.0
IND843301AAA,IND843320AAA,13,2.64,2.6168047337278106,3.0,66.0,25.0,28.1183,25.39244444444448,0.38461538461538464,1.0
IND843320AAA,IND847223AAA,7,2.15,2.3510204081632655,2.7785714285714285,43.0,20.0,23.465,46.561875000000015,0.42857142857142855,1.0
IND843329AAB,IND843301AAA,7,3.3157894736842106,3.3417293233082708,3.736842105263158,63.0,19.0,26.2254,46.116666666666674,0.5714285714285714,1.0
IND844505AAB,IND842001AAA,11,12.08108108108108,11.649613401966343,12.08108108108108,625.0,52.0,73.7507,1555.4969594594604,0.9090909090909091,1.0
IND845305AAA,IND842001AAA,14,6.03125,6.013431210112912,7.182291666666666,579.0,96.0,136.21275,1040.968256578948,0.7142857142857143,1.0
IND845401AAA,IND845305AAA,15,2.5714285714285716,2.6393942814995444,2.7884920634920634,90.0,36.0,48.9709,34.2071428571428,0.26666666666666666,1.0
IND845412AAB,IND845401AAA,11,1.8518518518518519,1.9759823400999872,2.039230769230769,51.0,26.0,35.857,53.30787037037039,0.18181818181818182,1.0
IND845418AAB,IND845438AAA,6,2.173321234119782,2.195540706520743,2.278526645768025,123.0,57.0,72.4673,3.294258373205764,0.16666666666666666,1.0
IND845438AAA,IND845455AAB,12,2.0615530303030303,2.1608846709504914,2.3257575757575757,67.0,32.5,38.68175,55.353308823529474,0.25,1.0
IND845455AAB,IND842001AAA,11,2.4881889763779528,2.50144518298849,2.7828083989501313,316.0,126.0,170.1049,87.15014763779538,0.45454545454545453,1.0
IND846004AAA,IND847103AAA,15,1.7916666666666667,1.8881642512077295,1.875,43.0,24.0,26.2448,21.22500000000001,0.13333333333333333,1.0
IND847103AAA,IND847404AAB,13,2.0,2.1175572135012364,2.375,66.0,33.0,33.3459,33.90000000000002,0.3076923076923077,1.0
IND847212AAA,IND847226AAA,14,1.7817460317460316,2.1574655503226934,1.8981481481481481,48.0,27.0,36.9174,113.79532163742692,0.21428571428571427,1.0
IND847223AAA,IND842001AAA,9,10.584615384615384,10.630902777777777,10.84375,685.0,65.0,85.9796,1154.746593406594,1.0,1.0
IND847226AAA,IND842001AAA,14,9.011904761904763,8.928008732212415,9.160714285714285,757.0,84.0,119.03935,807.3166666666656,1.0,1.0
IND847404AAB,IND842001AAA,13,8.48,8.736939987466304,9.051948051948052,639.0,76.0,107.926,1125.652,0.9230769230769231,1.0
IND848101AAA,IND844505AAB,11,4.222222222222222,3.7505550864683994,4.304953560371517,73.0,18.0,25.2416,47.90694444444449,0.5454545454545454,1.0
IND848114AAA,IND848210AAA,15,1.7083333333333333,1.6995555555555555,1.7966666666666666,41.0,24.0,23.6211,0.0,0.0,1.0
IND848210AAA,IND851127AAA,14,1.8304843304843306,1.9591617909224224,2.2403846153846154,48.0,26.0,29.03,53.42607587344429,0.2857142857142857,1.0
IND851127AAA,IND842001AAA,13,4.239583333333333,4.05391363022942,4.625,407.0,96.0,130.911,282.4138888888891,0.5384615384615384,1.0
IND851127AAA,IND851112AAB,4,2.269230769230769,2.293091168091168,2.3315527065527064,59.0,26.0,32.1446,2.184615384615384,0.25,1.0
IND852111AAA,IND854326AAB,11,4.036144578313253,4.028900709392956,4.507458405048766,335.0,83.0,117.4963,314.08659638554235,0.5454545454545454,1.0
IND852113AAA,IND852139AAB,13,3.0416666666666665,3.2399704142011836,3.5833333333333335,73.0,24.0,35.1625,119.73020833333337,0.46153846153846156,1.0
IND852131AAA,IND852201AAA,7,2.8484848484848486,2.8228818800247373,3.0454545454545454,94.0,33.0,36.0427,29.94999999999999,0.42857142857142855,1.0
IND852139AAB,IND854326AAB,15,2.986842105263158,3.0547719298245615,3.437456140350877,227.0,75.0,106.8365,216.0409539473685,0.4666666666666667,1.0
IND852201AAA,IND852113AAA,12,3.514705882352941,3.795708634330925,4.2631578947368425,60.0,17.0,22.85785,80.9852941176471,0.4166666666666667,1.0
IND853204AAA,IND851204AAA,11,2.0434782608695654,2.2134826526130875,2.1630434782608696,94.0,46.0,65.2145,70.23750000000001,0.18181818181818182,1.0
IND854105AAB,IND851204AAA,4,2.3917693169092944,2.416937290033595,2.469232922732363,226.0,95.0,135.0675,6.477423167848713,0.25,1.0
IND854105AAB,IND853204AAA,5,3.020408163265306,3.1387755102040815,3.0408163265306123,149.0,49.0,70.35510000000001,63.3132653061225,0.8,1.0
IND854311AAA,IND854334AAA,7,1.7777777777777777,2.296908939014202,2.805263157894737,32.0,19.0,25.3079,60.2462962962963,0.42857142857142855,1.0
IND854326AAB,IND000000ACB,12,2.2497308934338,2.1988879674868227,2.3280409041980623,2090.0,929.0,1269.19135,0.0,0.0,1.0
IND854326AAB,IND852131AAA,7,2.4947368421052634,2.481330987042073,2.6210526315789475,237.0,95.0,134.6026,66.94166666666666,0.2857142857142857,1.0
IND854326AAB,IND852201AAA,3,4.814814814814815,4.495433102479173,4.938271604938272,390.0,81.0,113.3937,238.61111111111126,1.0,1.0
IND854326AAB,IND854105AAB,11,2.65,3.6045454545454545,4.4,53.0,20.0,29.4944,240.60937500000003,0.45454545454545453,1.0
IND854326AAB,IND854311AAA,14,1.799777530589544,2.4468571229938023,1.9418798665183536,55.5,31.0,43.131150000000005,278.7482465897781,0.21428571428571427,1.0
IND854334AAA,IND852118A1B,3,1.2272727272727273,1.2289666854884247,1.2564935064935066,27.0,22.0,24.6605,0.0,0.0,1.0
IND854334AAA,IND852118AAA,7,1.3333333333333333,1.3197278911564625,1.3636363636363635,28.0,21.0,23.877,0.0,0.0,1.0
IND854335AAA,IND852111AAA,12,2.25,2.258800186741363,2.4309523809523808,46.0,20.0,28.74935,6.817647058823553,0.25,1.0
