facility,facility_name,betweenness,pagerank,clustering_coeff,in_degree,out_degree,weighted_in_degree,weighted_out_degree,in_legs,in_excess_minutes,in_late_legs,out_legs,out_excess_minutes,out_late_legs,legs_touched,late_legs_touched,excess_minutes_touched,sla_contribution_pct,betweenness_score,weighted_in_degree_score,weighted_out_degree_score,excess_minutes_touched_score,chokepoint_score
IND000000ACB,Gurgaon_Bilaspur_HB (Haryana),0.1407969770365147,0.018044542736175714,0.005944041554413749,35,42,687,767,694.0,18560.47668877581,168.0,777.0,14488.682523164274,163.0,1471.0,331.0,33049.15921194008,6.025239521274592,1.0,1.0,1.0,1.0,1.0
IND562132AAA,Bangalore_Nelmngla_H (Karnataka),0.07168150701430893,0.01608321442711251,0.007997740483076728,31,28,506,564,512.0,4701.393410902444,97.0,574.0,4106.252456153987,126.0,1086.0,223.0,8807.645867056432,1.6057345249620343,0.5091125429185802,0.7365356622998545,0.7353324641460235,0.2665013597040128,0.5391883552366818
IND421302AAG,Bhiwandi_Mankoli_HB (Maharashtra),0.04193693910712643,0.00878599910088639,0.012875585085849685,21,26,406,553,414.0,10153.041578354847,130.0,554.0,7521.087098475661,141.0,968.0,271.0,17674.128676830507,3.2221956971679484,0.2978539737841842,0.5909752547307132,0.7209908735332464,0.5347830050225651,0.5003378677328977
IND501359AAE,Hyderabad_Shamshbd_H (Telangana),0.0828698005860222,0.014472706414707702,0.005727205461793847,26,22,302,243,307.0,6470.098343630933,65.0,251.0,1769.4004109938633,39.0,558.0,104.0,8239.498754624798,1.5021548116698313,0.5885765613030918,0.4395924308588064,0.31681877444589307,0.24931038946515804,0.41961163488331155
IND712311AAA,Kolkata_Dankuni_HB (West Bengal),0.04809279998598452,0.008093155444826848,0.007532690485641613,16,17,155,207,162.0,13327.84978197976,68.0,212.0,7925.844297250364,85.0,374.0,153.0,21253.694079230125,3.8747913893371257,0.3415755153145937,0.22561863173216884,0.26988265971316816,0.6430933368964963,0.37942502287329927
IND160002AAC,Chandigarh_Mehmdpur_H (Punjab),0.03291337996399774,0.009816812295299187,0.004275046855430748,21,20,312,286,322.0,9031.89584445655,89.0,296.0,2224.363234017742,47.0,618.0,136.0,11256.259078474293,2.052144704390134,0.233764819790569,0.45414847161572053,0.3728813559322034,0.3405913901255196,0.3323714999676638
IND411033AAA,Pune_Tathawde_H (Maharashtra),0.03457826549695821,0.007180394700880747,0.010684390158577192,16,17,253,317,263.0,3860.104176292574,64.0,319.0,3729.7610592821306,74.0,582.0,138.0,7589.8652355747045,1.3837191949503842,0.2455895447811396,0.3682678311499272,0.4132985658409387,0.22965380713324227,0.29968307185488263
IND131028AAB,Sonipat_Kundli_H (Haryana),0.033640980382710156,0.006348739547088666,0.006420903096507836,16,12,257,192,262.0,3423.3677260000704,71.0,200.0,3952.5183181165444,50.0,462.0,121.0,7375.886044116614,1.3447083422737487,0.23893254735139383,0.37409024745269287,0.2503259452411995,0.22317923420732097,0.26430443866359654
IND560099AAB,Bengaluru_Bomsndra_HB (Karnataka),0.009516838283279096,0.006681151961412112,0.035271663401011524,9,12,262,340,264.0,2219.0412199721222,79.0,343.0,3117.8247986085653,116.0,607.0,195.0,5336.8660185806875,0.9729716828403423,0.06759263219700357,0.3813682678311499,0.44328552803129073,0.16148265631679282,0.22895884452063758
IND600056AAB,MAA_Poonamallee_HB (Tamil Nadu),0.028846701325776655,0.00624647021802976,0.007950288118176925,14,17,181,220,186.0,3824.2365722757277,41.0,222.0,1443.4678868910032,53.0,408.0,94.0,5267.704459166731,0.9603627399482823,0.204881538886275,0.26346433770014555,0.28683181225554105,0.1593899689061863,0.22161526082788013
IND382430AAB,Ahmedabad_East_H_1 (Gujarat),0.033384212439613,0.005009950623797796,0.0058115457153514885,14,12,167,203,170.0,1630.408769957135,43.0,203.0,2644.4244234917082,41.0,373.0,84.0,4274.833193448843,0.779350958335997,0.2371088722377544,0.2430858806404658,0.2646675358539765,0.12934771399280925,0.2168757170803048
IND209304AAA,Kanpur_Central_H_6 (Uttar Pradesh),0.02850452656152138,0.006477233243659515,0.0034003559753981805,15,11,111,135,111.0,7063.290432602032,31.0,138.0,2029.981458444224,37.0,249.0,68.0,9093.271891046255,1.6578074142301598,0.20245126821244844,0.1615720524017467,0.1760104302477184,0.2751438193247898,0.20716039523544744
IND842001AAA,Muzaffrpur_Bbganj_I (Bihar),0.023038490007401925,0.0061266832237471865,0.0078344315977927,9,13,104,120,107.0,6552.425465019305,72.0,122.0,1198.3702751365822,37.0,229.0,109.0,7750.795740155887,1.41305866559056,0.16362915236047332,0.15138282387190685,0.15645371577574968,0.23452323523424645,0.17746832006425858
IND110037AAM,Delhi_Airport_H (Delhi),0.017774473434098784,0.004093983090404858,0.012871569660205284,14,13,126,175,133.0,2377.770812086944,27.0,185.0,2725.2284649446415,56.0,318.0,83.0,5102.999277031586,0.9303351024403098,0.12624186831432538,0.18340611353711792,0.22816166883963493,0.15440632677844227,0.16509979207997502
IND560300AAA,Bengaluru_KGAirprt_HB (Karnataka),0.005518594597909066,0.004362071024038954,0.03825024874172423,4,8,187,221,187.0,1834.787102532231,69.0,227.0,2052.706400475109,73.0,414.0,142.0,3887.49350300734,0.7087345049478805,0.03919540542747489,0.27219796215429404,0.288135593220339,0.11762760674416362,0.15519200466058372
IND751002AAB,Bhubaneshwar_Hub (Orissa),0.028255423333143542,0.0022531658457513415,0.022205187600901656,7,6,67,65,73.0,1918.5309171272788,16.0,65.0,3095.092877577883,15.0,138.0,31.0,5013.623794705161,0.9140409303286151,0.2006820311619027,0.0975254730713246,0.0847457627118644,0.15170200738098738,0.14461845990855057
IND400072AAB,Mumbai Hub (Maharashtra),0.004419255515309721,0.003273236665687497,0.024458895058631493,10,7,160,187,161.0,1811.0940425283602,57.0,189.0,2249.1583424926553,68.0,350.0,125.0,4060.2523850210155,0.7402304240084764,0.031387431806604894,0.2328966521106259,0.2438070404172099,0.12285493736718475,0.13704007397967508
IND462022AAA,Bhopal_Trnsport_H (Madhya Pradesh),0.030945190720001403,0.0036463178350019344,0.01632489609459457,10,6,85,69,89.0,1302.271907555679,20.0,74.0,864.7740074919725,19.0,163.0,39.0,2167.0459150476518,0.3950772426018185,0.21978590287471858,0.12372634643377002,0.08996088657105607,0.06557037960181257,0.13605510750756986
IND211002AAB,Allahabad_Central_H_1 (Uttar Pradesh),0.007876589333345013,0.002064469792828848,0.0,4,4,32,37,32.0,8352.083328079874,19.0,37.0,376.23125,15.0,69.0,34.0,8728.314578079875,1.5912715241168411,0.05594288669494854,0.046579330422125184,0.048239895697522815,0.2641009570653915,0.10456909483350946
IND781018AAB,Guwahati_Hub (Assam),0.009832734025639566,0.0024667168258983505,0.0,9,9,62,65,70.0,2860.635623949142,28.0,72.0,1399.1765110543768,11.0,142.0,39.0,4259.812135003519,0.7766124476702417,0.06983625808308026,0.09024745269286755,0.0847457627118644,0.12889320746969332,0.09166463527744781
IND302014AAA,Jaipur_Hub (Rajasthan),0.022012513194258912,0.003270224523349046,0.010662928295334426,8,6,66,59,69.0,231.72260412213362,9.0,61.0,69.35364775017922,6.0,130.0,15.0,301.0762518723128,0.05488964242826777,0.15634222877207174,0.09606986899563319,0.07692307692307693,0.009109951933770807,0.09159585723740983
IND121004AAB,FBD_Balabhgarh_DPC (Haryana),0.006310250132490069,0.0038311144328023222,0.007302076824914098,7,6,110,117,112.0,1194.124027463872,49.0,117.0,561.7798805716217,24.0,229.0,73.0,1755.9039080354937,0.320121354809949,0.04481807965844004,0.16011644832605532,0.15254237288135594,0.053130062909470824,0.09150060784930397
IND000000ACA,Ludhiana_MilrGanj_HB (Punjab),0.009380515857199795,0.004004491618845215,0.018664649042948508,8,5,100,100,105.0,499.8146714436913,23.0,106.0,716.9440519316236,25.0,211.0,48.0,1216.7587233753147,0.22182902448204822,0.06662441236055107,0.14556040756914118,0.1303780964797914,0.03681663172041367,0.08771040306608281
IND395023AAA,Surat_HUB (Gujarat),0.016787367674175168,0.0019130717562619364,0.05520314880344269,4,7,59,69,62.0,339.22478468899527,3.0,71.0,820.667747905775,10.0,133.0,13.0,1159.8925325947703,0.2114616678446821,0.1192310234744705,0.0858806404657933,0.08996088657105607,0.03509597703095943,0.08567315788117441
IND580028AAA,Hubli_Adargchi_IP (Karnataka),0.011515686386152708,0.0028411657675363093,0.006854064660373206,4,6,42,57,48.0,302.02116766684367,9.0,58.0,3544.901967070679,13.0,106.0,22.0,3846.9231347375226,0.7013380630376833,0.08178930136522886,0.0611353711790393,0.07431551499348109,0.1164000303326233,0.08481644029549001
IND530012AAA,Visakhapatnam_Gajuwaka_IP (Andhra Pradesh),0.020239226695982375,0.0026839919603487174,0.008862218909952875,5,6,46,47,51.0,518.8227251970452,11.0,52.0,599.014436026936,11.0,103.0,22.0,1117.8371612239812,0.20379449289356832,0.1437475940320329,0.06695778748180495,0.061277705345501955,0.03382346746116695,0.08441462334196463
IND854326AAB,Purnia_Central_H_2 (Bihar),0.0156152138017423,0.0015762784107202325,0.015780750127409152,3,5,38,47,41.0,767.1579183421835,18.0,51.0,982.955042224699,16.0,92.0,34.0,1750.1129605668825,0.3190655988879981,0.11090588825421022,0.055312954876273655,0.061277705345501955,0.052954840676691026,0.07537390310250146
IND683511AAA,Aluva_Peedika_H (Kerala),0.011802018228881522,0.0023982024552287604,0.004782151923717076,8,7,60,63,65.0,240.69526600957548,14.0,63.0,876.668751425135,7.0,128.0,21.0,1117.3640174347106,0.20370823337210583,0.08382295186508694,0.08733624454148471,0.08213820078226858,0.033809151097284995,0.07168520999185234
IND401104AAA,Mumbai_MiraRd_IP (Maharashtra),0.0011825559852662285,0.0017263969748255552,0.022940980940372002,4,3,119,58,119.0,1540.1786465740145,45.0,59.0,919.2263524904216,25.0,178.0,70.0,2459.404999064436,0.44837764568091276,0.00839901544874462,0.17321688500727803,0.07561929595827901,0.07441656785555671,0.07131103356406121
IND713205AAB,Durgapur_Central_I_1 (West Bengal),0.012168282096540367,0.0024829297428012246,0.010797646005325037,5,6,42,30,43.0,336.79279412066825,7.0,35.0,1942.3697598308568,23.0,78.0,30.0,2279.162553951525,0.4155173875199994,0.08642431359435089,0.0611353711790393,0.03911342894393742,0.06896279991074943,0.0675389697603055
IND518002AAA,Kurnool_AbbasNgr_I (Andhra Pradesh),0.013297732558394178,0.003465073258165736,0.009669189706838686,6,6,46,56,49.0,235.7939182452643,4.0,58.0,562.3612675070029,5.0,107.0,9.0,798.1551857522672,0.14551281436434818,0.09444615103451763,0.06695778748180495,0.07301173402868318,0.024150544364345213,0.0670876932552651
IND110044AAB,Del_Okhla_PC (Delhi),0.0023881061146904113,0.00048472220507230607,0.058395898236096734,2,6,39,130,39.0,987.4367337164751,16.0,130.0,1052.5347898213192,41.0,169.0,57.0,2039.9715235377944,0.37191012839606596,0.016961345086770385,0.056768558951965066,0.1694915254237288,0.06172536827505096,0.06661982972427115
IND515004AAA,Anantapur_KamaStrt_I (Andhra Pradesh),0.014420613264774286,0.0022677639249858474,0.009436323090681497,4,4,41,41,41.0,8.391658391261188,1.0,41.0,351.1789852150538,5.0,82.0,6.0,359.570643606315,0.06555383871200549,0.1024213272777469,0.05967976710334789,0.05345501955671447,0.010879872655774203,0.061194390043167436
IND424006AAA,Dhule_MIDCAvdn_I (Maharashtra),0.0023536148984534795,0.0010237249756423622,0.010949530136597635,2,4,15,17,19.0,6000.811775669398,13.0,24.0,89.80434472934476,3.0,43.0,16.0,6090.616120398743,1.1103889427928475,0.016716373802848666,0.021834061135371178,0.02216427640156454,0.1842895936123637,0.0607227967414751
IND403726AAA,Goa_Hub (Goa),0.012897524954121208,0.001766112999968419,0.0,3,4,42,39,43.0,131.37022791033607,4.0,42.0,543.4791142046954,5.0,85.0,9.0,674.8493421150315,0.12303274951541354,0.09160370645441007,0.0611353711790393,0.05084745762711865,0.02041956159269614,0.05956275341844915
IND000000AFT,Mumbai_Sanpada_I (Maharashtra),0.0019753064790928483,0.0016685521132747308,0.01424850441414115,4,4,102,46,103.0,1287.6726268796992,35.0,50.0,318.40340702947856,16.0,153.0,51.0,1606.0760339091778,0.29280602061989536,0.014029466545866013,0.14847161572052403,0.05997392438070404,0.048596577710483195,0.05874856573891952
IND313001AAB,Udaipur_Mangri_I (Rajasthan),0.014053801917492632,0.0019015370831464108,0.007907658448389513,4,4,38,35,38.0,162.55916240777225,8.0,36.0,294.59491123988226,7.0,74.0,15.0,457.1540736476545,0.08334441352015953,0.09981607711540481,0.055312954876273655,0.04563233376792699,0.01383254777272799,0.05858282166241382
IND110064AAA,Delhi_Mayapuri_PC (Delhi),0.0,0.0009302979906315563,0.0,1,1,38,26,39.0,492.17108111426296,16.0,29.0,4860.856639723636,15.0,68.0,31.0,5353.027720837899,0.9759181459121183,0.0,0.055312954876273655,0.03389830508474576,0.16197167638999857,0.05833517108970353
IND521225AAB,Vijayawada_Rynapadu_H (Andhra Pradesh),0.007085481278386819,0.0022851823623318123,0.014162879653188812,6,4,45,48,46.0,520.1124090825335,8.0,51.0,1071.8561622236389,13.0,97.0,21.0,1591.9685713061724,0.29023406891984055,0.05032410089706152,0.06550218340611354,0.06258148631029987,0.048169714730020186,0.055272597939759256
IND244901AAB,Rampur_RoshnBgh_I (Uttar Pradesh),0.009444570973068382,0.002250519269071897,0.0,4,5,36,44,43.0,1068.504736745854,10.0,45.0,210.80373549738886,9.0,88.0,19.0,1279.3084722432427,0.2332325587295604,0.0670793590306914,0.05240174672489083,0.05736636245110821,0.03870925925949278,0.05510871231081499
IND473226AAA,Guna_Raghogrh_D (Madhya Pradesh),0.0007790635032564089,0.0006516656617642818,0.05009243222976643,1,2,12,15,12.0,4436.369440459111,5.0,15.0,1268.0825001947192,5.0,27.0,10.0,5704.451940653829,1.0399867984424087,0.0055332402701683304,0.017467248908296942,0.01955671447196871,0.17260505491446546,0.05249269049922841
IND302014AAB,Jaipur_Central_I_7 (Rajasthan),8.869169889496714e-05,0.0024771201185360384,0.0,5,9,43,104,46.0,877.9954270662605,19.0,106.0,632.6070657281524,37.0,152.0,56.0,1510.602492794413,0.2754001026819622,0.0006299261586558465,0.06259097525473072,0.13559322033898305,0.04570774351949803,0.05128424915414681
IND821115AAB,Sasaram_Central_I_2 (Bihar),0.0055142147609265986,0.0018585380561163467,0.007876023547031286,4,4,30,22,30.0,2814.113956683041,6.0,23.0,116.59315233415276,2.0,53.0,8.0,2930.707109017194,0.5343014079508323,0.03916429796284991,0.043668122270742356,0.028683181225554105,0.08867720628603408,0.05034706655776528
IND306401AAB,Pali_Nayagaon_I (Rajasthan),0.011866073344750108,0.0014912153329624841,0.03695106288363054,2,4,23,44,25.0,32.563680028462954,3.0,44.0,304.04853553704385,11.0,69.0,14.0,336.6122155655068,0.061368254834039834,0.08427789853522726,0.033478893740902474,0.05736636245110821,0.010185197553948505,0.050212615114218796
IND305001AAC,Ajmer_FoySGRRD_I (Rajasthan),0.008693428930575205,0.0023891452613800275,0.013563320094675035,4,3,47,30,47.0,230.9553356867204,13.0,31.0,694.7133111187779,8.0,78.0,21.0,925.6686468054984,0.16875997596702108,0.061744428847507325,0.06841339155749636,0.03911342894393742,0.028008841037961127,0.050118124456404595
IND834002AAB,Ranchi_Hub (Jharkhand),0.003991126450273521,0.0011489504444268973,0.016699435225438194,4,5,41,52,42.0,1322.3229950066916,14.0,52.0,568.2952147607757,13.0,94.0,27.0,1890.6182097674673,0.3446813119837808,0.028346677139513093,0.05967976710334789,0.06779661016949153,0.05720624230235848,0.04971817302898709
IND560002AAA,Bengaluru_KHRoad_I (Karnataka),0.00929510903604168,0.0011979385576132463,0.14840594253410003,3,2,52,29,52.0,285.021375739645,19.0,29.0,230.02027863777087,9.0,81.0,28.0,515.0416543774159,0.09389798122114724,0.06601781680036396,0.07569141193595343,0.03780964797913951,0.015584107634161548,0.049702474771686364
IND400072AAD,Mumbai_Chndivli_PC (Maharashtra),0.0006673776602034873,0.000632990509253826,0.0,3,1,56,63,56.0,315.6947127055952,25.0,63.0,1617.1871657754011,21.0,119.0,46.0,1932.8818784809964,0.35238646192159867,0.004739999922231339,0.08151382823871907,0.08213820078226858,0.05848505452394928,0.049010669407965814
IND600032AAB,Chennai_Hub (Tamil Nadu),0.00039035297106241706,0.002044712844731552,0.11618388568084324,3,3,56,88,56.0,320.35901514007395,21.0,89.0,823.1103397950089,33.0,145.0,54.0,1143.469354935083,0.2084675348180146,0.002772452784701349,0.08151382823871907,0.11473272490221642,0.03459904524657219,0.048869430414475626
IND560043AAC,HBR Layout PC (Karnataka),0.0007943929326950451,0.0014484348318721065,0.044056838983230505,4,3,89,56,89.0,424.6478785099928,22.0,56.0,346.62016006970975,15.0,145.0,37.0,771.2680385797025,0.14061098007804854,0.005642116396355761,0.12954876273653565,0.07301173402868318,0.023336994252521163,0.04832108865489858
IND413002AAA,Solapur_Central_I_2 (Maharashtra),0.008355634003302397,0.001400346603706633,0.05083265037453677,4,4,38,38,39.0,392.88319576777633,7.0,38.0,437.4259665026535,3.0,77.0,10.0,830.3091622704299,0.15137485184738875,0.059345265638305736,0.055312954876273655,0.04954367666232073,0.02512345796592773,0.04802303377260782
IND585104AAA,Gulbarga_Nehrugnj_I (Karnataka),0.006347478746841043,0.002465803745299052,0.0,5,5,41,42,41.0,1145.1546689871852,18.0,42.0,49.447368421052644,1.0,83.0,19.0,1194.602037408238,0.21778960734912856,0.04508249310775237,0.05967976710334789,0.054758800521512385,0.03614621569485039,0.04770314003639798
IND533106AAA,Rajamundry_AtoNgrRd_I (Andhra Pradesh),0.008381913025197203,0.0018744001071461795,0.005887829025013812,4,6,32,35,39.0,95.04770037741132,5.0,38.0,942.1562194431724,15.0,77.0,20.0,1037.2039198205837,0.18909413123787142,0.05953191042605562,0.046579330422125184,0.04563233376792699,0.031383670403507875,0.047124419088006866
IND431136AAC,Aurangabad_Central_H_1 (Maharashtra),0.005530639149610852,0.001627885377700515,0.00949178330630772,4,4,34,44,35.0,168.71830357142866,8.0,45.0,1090.765898205109,10.0,80.0,18.0,1259.4842017765375,0.22961836760504684,0.039280950955193586,0.049490538573508006,0.05736636245110821,0.038109417359141404,0.04464706737902635
IND416012AAA,Kolhapur_Shivaji_I (Maharashtra),0.0058892383025503795,0.002159626560042226,0.02054496827925542,5,4,41,36,41.0,797.08071322986,10.0,38.0,334.37612053147984,7.0,79.0,17.0,1131.4568337613398,0.20627751488855037,0.04182787462136383,0.05967976710334789,0.0469361147327249,0.03423557091136419,0.04452182521253295
IND249407AAA,Haridwar (Uttarakhand),0.0019736640402244227,0.0012736530258311552,0.030495175909580535,3,3,33,37,34.0,2003.0069974378137,16.0,37.0,674.0820463671339,11.0,71.0,27.0,2677.0890438049473,0.48806393546245663,0.014017801246631644,0.048034934497816595,0.048239895697522815,0.08100324206849299,0.04441200699251221
IND573201AAB,Hassan_Pandrnga_I (Karnataka),0.008620614140741683,0.0019131054016167527,0.008706625052884573,3,5,35,33,37.0,292.7022209972047,6.0,33.0,255.5879182887101,10.0,70.0,16.0,548.2901392859148,0.09995956009546894,0.061227267248117036,0.050946142649199416,0.04302477183833116,0.0165901388222859,0.04437126113991855
IND826004AAA,Dhanbad_Kalynpur_I (Jharkhand),0.008296506204039086,0.0029227312339514034,0.0049432141718726294,6,3,42,12,43.0,949.5735512685064,10.0,15.0,139.52424242424246,5.0,58.0,15.0,1089.0977936927488,0.19855497766248015,0.05892531486586851,0.0611353711790393,0.01564537157757497,0.032953872947523485,0.044218476991257694
IND212402AAA,Phulpur_Shekhpur_D (Uttar Pradesh),0.0007757786255195582,0.0006778531012876099,0.0,1,1,8,7,8.0,2.657538461538472,1.0,7.0,5008.067792792793,7.0,15.0,8.0,5010.725331254331,0.9135125073081407,0.005509909671699596,0.011644832605531296,0.009126466753585397,0.1516143058018869,0.04398630470738992
IND474003AAA,Gwalior_HrihrNgr_I (Madhya Pradesh),0.003137058238692356,0.0012020449961857025,0.01889836569001446,4,2,23,20,29.0,2939.5589527287384,11.0,24.0,139.14325307869785,6.0,53.0,17.0,3078.7022058074363,0.5612826058813766,0.02228072153764198,0.033478893740902474,0.02607561929595828,0.09315523538932134,0.04299796399287718
IND507002AAA,Khammam_NSTRoad_I (Telangana),0.003957730193282206,0.001795684416519209,0.013568232087895678,3,3,34,29,36.0,1908.5735380477056,13.0,32.0,162.48017323775395,7.0,68.0,20.0,2071.0537112854595,0.37757676653423833,0.028109482721747615,0.049490538573508006,0.03780964797913951,0.06266585173934543,0.042964819197977525
IND384205AAA,Mehsana_Panchot_IP (Gujarat),0.008282819213468875,0.0024146053169586987,0.004599619422596887,4,4,36,32,37.0,345.43814173630085,8.0,33.0,77.08907203907206,5.0,70.0,13.0,422.5272137753729,0.07703154113323561,0.05882810403891544,0.05240174672489083,0.041720990873533245,0.012784809775817875,0.04261058637725968
IND575004AAB,Mangalore_Kuntikna_H (Karnataka),0.008704378523031374,0.001639704902259792,0.008706625052884573,3,4,26,20,31.0,771.4955111311942,7.0,25.0,173.60281716670104,4.0,56.0,11.0,945.0983282978953,0.17230222901082837,0.06182219750906978,0.03784570596797671,0.02607561929595828,0.028596743482552738,0.041571220051599606
IND271001AAA,Gonda_KotwaliN_D (Uttar Pradesh),5.474796228084391e-07,0.0011275920197874245,0.2448570357561652,1,1,9,5,9.0,209.97767857142867,4.0,6.0,4671.45213963964,5.0,15.0,9.0,4881.429818211069,0.8899404572564019,3.88843307812251e-06,0.013100436681222707,0.00651890482398957,0.1477020878778512,0.04085075122208259
IND263153AAB,Rudrapur_UdhamNgr_H (Uttarakhand),0.006698960664684061,0.00267925540112642,0.007834798584285096,4,4,29,38,32.0,530.0821156760182,6.0,39.0,155.99461279461286,8.0,71.0,14.0,686.0767284706311,0.12507963039236905,0.04757886714390702,0.042212518195050945,0.04954367666232073,0.020759279353247923,0.040193662310153776
IND273014AAB,Gorakhpur_Matriprm_IP (Uttar Pradesh),0.003532338526360049,0.001634099661031362,0.0,4,4,34,30,35.0,1527.1079759884651,23.0,31.0,278.84584893158967,8.0,66.0,31.0,1805.9538249200548,0.3292460267967757,0.02508817022004643,0.049490538573508006,0.03911342894393742,0.05464447108438376,0.04016277085160127
IND532001AAB,Srikakulam_Kuslpram_I (Andhra Pradesh),0.007096430870842987,0.0025709562652236682,0.0,3,3,33,42,35.0,40.23814102564107,2.0,43.0,219.28518866610978,14.0,78.0,16.0,259.52332969175086,0.0473140697082115,0.05040186955862396,0.048034934497816595,0.054758800521512385,0.007852645449388304,0.040162562711731256
IND473331AAA,Ashokngr_Bypassrd_D (Madhya Pradesh),0.00038980549143960864,0.0005662642969233366,0.1502772966892993,1,1,8,12,8.0,7.650953320184101,2.0,12.0,4436.369440459111,5.0,20.0,7.0,4444.020393779295,0.8101957189965512,0.0027685643516232265,0.011644832605531296,0.01564537157757497,0.13446697282918316,0.04004378156698517
IND000000ACT,Delhi_Gateway_HB (Delhi),0.0,0.00017023117673190812,0.14454234796032817,0,3,0,117,0.0,0.0,0.0,117.0,1217.7760346425655,37.0,117.0,37.0,1217.7760346425655,0.2220144919553225,0.0,0.0,0.15254237288135594,0.03684741347981417,0.03972032794622474
IND144001AAB,Jalandhar_DPC (Punjab),0.002368944327892116,0.0028816398189998784,0.02298363194730901,5,4,57,42,57.0,357.234312464813,12.0,43.0,449.78376152842884,12.0,100.0,24.0,807.0180739932418,0.14712862020557113,0.016825249929036095,0.08296943231441048,0.054758800521512385,0.024418717245359767,0.03953916335368715
IND523002AAA,Ongole_SubhVRTL_I (Andhra Pradesh),0.007671284474791849,0.0015368195125279925,0.014480791270443567,2,3,24,29,25.0,660.2166666666667,4.0,31.0,116.73156092285512,3.0,56.0,7.0,776.9482275895218,0.14164654346684144,0.0544847242906526,0.034934497816593885,0.03780964797913951,0.023508865160745875,0.03949569895106156
IND742101AAC,Baharampur_Chuanpur_I (West Bengal),0.006086878446384226,0.0021834566079989067,0.0,5,4,33,24,34.0,700.8618827913242,17.0,26.0,393.59763888888904,11.0,60.0,28.0,1094.4595216802131,0.19953248196645418,0.04323159896256606,0.048034934497816595,0.03129074315514994,0.033116107876196864,0.03927522213654064
IND560058AAB,Bengaluru_Peenya_IP (Karnataka),4.379836982467513e-06,0.001405868080910659,0.11278228776118737,3,3,68,56,68.0,393.4566356898427,23.0,56.0,211.39670948037823,11.0,124.0,34.0,604.8533451702209,0.11027167912272047,3.110746462498008e-05,0.09898107714701601,0.07301173402868318,0.018301625808129423,0.03898485629979093
IND400102AAC,Mumbai_Jogshwri_I (Maharashtra),0.0004062298801238618,0.0006971255283357643,0.0,1,2,39,25,39.0,1424.2905681818183,17.0,25.0,1124.3089718614722,13.0,64.0,30.0,2548.5995400432903,0.4646388301165391,0.0028852173439669017,0.056768558951965066,0.03259452411994785,0.07711541233770709,0.03816129576919777
IND110037AAK,Delhi_Kapshera_L (Delhi),0.0,0.0006902768915053517,0.0,1,1,26,34,26.0,127.84848613469158,6.0,34.0,2704.685829959514,15.0,60.0,21.0,2832.5343160942057,0.5164033855521326,0.0,0.03784570596797671,0.04432855280312908,0.08570669825303334,0.037861526317479494
IND395023AAD,Surat_Central_I_4 (Gujarat),2.6826501517613517e-05,0.0033619187717935,0.0,5,5,28,41,28.0,2291.806731107744,23.0,41.0,142.45189011853876,9.0,69.0,32.0,2434.2586212262827,0.44379317354364256,0.00019053322082800296,0.040756914119359534,0.05345501955671447,0.07365568986538175,0.03732299582885004
IND416510AAA,Sawantwadi_LaxmiNgr_D (Maharashtra),0.0011989803739504816,0.0007991639602407535,0.0,2,2,8,14,8.0,3582.0072072072076,6.0,14.0,60.568499293260004,5.0,22.0,11.0,3642.5757065004677,0.6640831909004248,0.008515668441088295,0.011644832605531296,0.018252933507170794,0.11021689487291009,0.036514260895148844
IND422011AAD,Nashik_TgrniaRD_I (Maharashtra),0.00473843613540704,0.0010877443488880073,0.0,2,2,26,22,26.0,95.12192513368996,3.0,24.0,1354.6273075544461,8.0,50.0,11.0,1449.749232688136,0.26430585772887805,0.03365438829115031,0.03784570596797671,0.028683181225554105,0.04386644826245283,0.03605142540622198
IND400015AAA,Mumbai_CottonGreen_DPC (Maharashtra),0.0,0.001127650192472022,0.24558314526799568,2,1,67,24,68.0,912.4676374401508,27.0,25.0,417.7047160243409,11.0,93.0,38.0,1330.1723534644916,0.24250562571968715,0.0,0.0975254730713246,0.03129074315514994,0.04024829633136094,0.03582531732813514
IND485001AAC,Satna_Central_I_2 (Madhya Pradesh),0.00318468896587669,0.0016254395137124665,0.016565831122816184,2,3,27,15,27.0,147.7447025151456,4.0,19.0,1966.0203073171215,9.0,46.0,13.0,2113.765009832267,0.3853635245076819,0.022619015215438635,0.039301310043668124,0.01955671447196871,0.06395820832466445,0.035677812309697
IND723130AAA,Hura_Central_D_1 (West Bengal),0.0039544453155453555,0.001377464265758956,0.0,2,2,15,18,17.0,1329.8483303997277,6.0,18.0,716.3846783625731,8.0,35.0,14.0,2046.2330087623009,0.37305166872980444,0.028086152123278883,0.021834061135371178,0.02346805736636245,0.06191482801846992,0.03436928394811182
IND201301AAF,Noida_Sec 02_DPC (Uttar Pradesh),0.0008228618730810839,0.002404337297725702,0.016564900584822014,8,2,68,25,68.0,698.9408348461969,21.0,25.0,85.57189542483661,3.0,93.0,24.0,784.5127302710335,0.14302563877825758,0.005844314916418131,0.09898107714701601,0.03259452411994785,0.02373775154883828,0.034295068361348685
IND506002AAA,Warangal_HunterRd_I (Telangana),0.005128241626846649,0.002014390636471135,0.0,3,2,28,23,28.0,919.6251442280231,9.0,25.0,36.451003086419774,5.0,53.0,14.0,956.0761473144429,0.17430361090897986,0.036422952642773544,0.040756914119359534,0.02998696219035202,0.028928909845580258,0.03412903614830811
IND786181AAC,Margherita_CivilHPL_D (Assam),1.9709266421103807e-05,0.0009490745857574143,0.03903920936721536,2,3,13,22,15.0,2574.080227684157,10.0,22.0,656.1719150641028,14.0,37.0,24.0,3230.2521427482598,0.5889118918080403,0.00013998359081241032,0.018922852983988356,0.028683181225554105,0.09774082668890488,0.03400540777091905
IND425405AAA,Shirpur_KrantiNgr_D (Maharashtra),0.0015690765989689864,0.0008335284259858046,0.0,1,1,3,8,5.0,0.0,0.0,9.0,3500.7891891891895,6.0,14.0,6.0,3500.7891891891895,0.6382338879814219,0.01114424920189911,0.004366812227074236,0.010430247718383311,0.10592672469332944,0.03334158038308856
IND342005AAD,Jodhpur_Basni_I (Rajasthan),0.005160542924592347,0.0012773192257212356,0.017320554587133424,2,3,25,14,25.0,973.3509171367109,11.0,15.0,262.4321941736076,3.0,40.0,14.0,1235.7831113103184,0.22529738787728495,0.03665237019438277,0.036390101892285295,0.018252933507170794,0.03739227081044324,0.033105004350535996
IND742102AAB,Berhampore_Central_I_2 (West Bengal),0.006026655687875297,0.0017656859774824432,0.0,5,4,24,21,24.0,440.8985045257775,13.0,21.0,305.4712059414277,6.0,45.0,19.0,746.3697104672052,0.13607173024131192,0.04280387132397258,0.034934497816593885,0.027379400260756193,0.022583621739991344,0.033090040013858256
IND176310AAA,Chamba_Bangotu_D (Himachal Pradesh),1.6424388684253174e-06,0.0011275920197874245,0.0,1,1,10,13,10.0,2360.278416511194,1.0,13.0,1010.2739316239326,12.0,23.0,13.0,3370.5523481351265,0.6144902230726518,1.1665299234367529e-05,0.01455604075691412,0.01694915254237288,0.1019860241079115,0.031801627541567304
IND632006AAA,Vellore_GndhiNgr_IP (Tamil Nadu),0.003687822739237646,0.0011474273798077698,0.017009582511480725,3,4,30,38,30.0,133.93395909645918,3.0,40.0,393.42146187146193,6.0,70.0,9.0,527.3554209679211,0.09614292163373293,0.026192485214233223,0.043668122270742356,0.04954367666232073,0.01595669703988708,0.03179890387156602
IND125001AAA,Hisar_ModelTwn_P (Haryana),0.004397356330397383,0.0009350149783787962,0.00875478916446036,3,5,20,27,22.0,482.89184188705605,8.0,30.0,566.9964482821215,9.0,52.0,17.0,1049.8882901691775,0.19140663695206275,0.031231894483479995,0.02911208151382824,0.035202086049543675,0.03176747352137997,0.031735864962237376
IND641062AAD,Coimbatore_Karayam_H (Tamil Nadu),4.872568642995108e-05,0.0017031331798415374,0.00586369805044147,4,4,48,44,53.0,533.116397118277,19.0,46.0,192.28232863451268,8.0,99.0,27.0,725.3987257527897,0.13224848000093392,0.0003460705439529033,0.06986899563318777,0.05736636245110821,0.0219490826105711,0.031055466959885487
IND560058AAD,Bengaluru_Peenya_L (Karnataka),0.0,0.001188189719436489,0.0,1,1,42,27,43.0,584.7952127659576,17.0,27.0,874.9728515625001,10.0,70.0,27.0,1459.7680643284575,0.26613240526581056,0.0,0.0611353711790393,0.035202086049543675,0.04416959762779892,0.030309890852666325
IND700065AAA,CCU_Beliaghata_DPC (West Bengal),0.0,0.001100781998040076,0.0,1,1,28,23,30.0,360.39586776859505,10.0,23.0,1760.171875,10.0,53.0,20.0,2120.567742768595,0.38660374048648455,0.0,0.040756914119359534,0.02998696219035202,0.06416404511744647,0.03018978654130393
IND788026AAC,Silchar_Sirikona_H (Assam),0.002376609042611434,0.001190966636302514,0.0,2,2,21,31,23.0,995.2308578431374,10.0,34.0,331.1177882896805,11.0,57.0,21.0,1326.348646132818,0.24180852016293627,0.01687968799212981,0.03056768558951965,0.04041720990873533,0.040132598763772225,0.030138019587839487
IND416606AAA,Malvan_BllvMarg_D (Maharashtra),0.0,0.0005585000090938959,0.0,1,1,8,4,8.0,8.721112929623615,2.0,4.0,3498.540540540541,4.0,12.0,6.0,3507.2616534701647,0.6394138922089327,0.0,0.011644832605531296,0.005215123859191656,0.1061225682317223,0.029902633350875164
IND605010AAB,Pondicherry_Vasanthm_I (Pondicherry),0.007105190544807923,0.0012094351481400014,0.0,2,3,23,18,23.0,75.91388888888892,1.0,18.0,16.334362139917715,1.0,41.0,2.0,92.24825102880664,0.01681791068580099,0.05046408448787393,0.033478893740902474,0.02346805736636245,0.0027912435059914914,0.029749630668706735
IND560048AAB,Bengaluru_Hoodi_IP (Karnataka),0.0007774210643879835,0.0010698193922268199,0.047377238325179295,3,2,44,30,46.0,408.1264915307242,15.0,30.0,540.5468168218085,11.0,76.0,26.0,948.6733083525328,0.17295398874168375,0.005521574970933963,0.06404657933042213,0.03911342894393742,0.02870491507117657,0.029740781662492936
IND121002AAB,Faridabad_Mthurard_L (Haryana),0.0,0.0009302979906315563,0.0,1,1,38,24,38.0,629.2967406624384,16.0,24.0,974.777115987461,9.0,62.0,25.0,1604.0738566498994,0.2924410008179137,0.0,0.055312954876273655,0.03129074315514994,0.048535995919387134,0.029454738586131502
IND208012AAA,Kanpur_Central_D_7 (Uttar Pradesh),0.0,0.0007013798612436336,0.0,1,1,13,8,13.0,3.700000000000003,2.0,8.0,3105.6097713097715,6.0,21.0,8.0,3109.3097713097713,0.566862714958646,0.0,0.018922852983988356,0.010430247718383311,0.09408135775467572,0.029390959579143262
IND560060AAB,Bengaluru_Kengeri_IP (Karnataka),0.0,0.0015914589089526653,0.12629822257838344,3,2,69,25,69.0,165.26233244220697,17.0,25.0,189.5209523809524,3.0,94.0,20.0,354.78328482315936,0.06468104847979984,0.0,0.10043668122270742,0.03259452411994785,0.010735016965120928,0.029289995309811287
IND151001AAA,Bhatinda_DPC (Punjab),0.0027811964838668707,0.001476659729150725,0.0,3,3,30,33,32.0,487.84752252252264,6.0,35.0,170.53633634020616,3.0,67.0,9.0,658.3838588627289,0.12003090369560168,0.01975324003686235,0.043668122270742356,0.04302477183833116,0.019921349727555743,0.02923255026660546
IND411014AAA,PNQ Vadgaon Sheri DPC (Maharashtra),0.0004062298801238618,0.0007672317748264716,0.0,1,2,31,13,34.0,701.9212996031747,15.0,15.0,1332.8998520181153,8.0,49.0,23.0,2034.82115162129,0.37097115671991593,0.0028852173439669017,0.04512372634643377,0.01694915254237288,0.0615695285490393,0.028816783985409572
IND202001AAB,Aligarh_KhirByps_I (Uttar Pradesh),0.004366149991897302,0.001029306401898619,0.0,2,2,26,11,28.0,803.2707181857945,6.0,14.0,112.27252939368327,4.0,42.0,10.0,915.5432475794778,0.16691399994100278,0.03101025379802701,0.03784570596797671,0.014341590612777053,0.027702467155312927,0.028216664934288437
IND600044AAD,Chennai_Chrompet_DPC (Tamil Nadu),0.0023782514814798595,0.0010984099925293578,0.023294755741317816,4,4,34,37,35.0,120.0385186743193,12.0,39.0,226.55923216390894,21.0,74.0,33.0,346.59775083822825,0.06318873206253606,0.01689135329136418,0.049490538573508006,0.048239895697522815,0.010487339439274103,0.028079895366002153
IND206001AAA,Etawah_MhraChng_D (Uttar Pradesh),0.00857708951072841,0.0007312057896209299,0.0,1,1,11,13,11.0,0.7712765957446948,1.0,13.0,0.0,0.0,24.0,1.0,0.7712765957446948,0.0001406125401470467,0.060918136818406285,0.01601164483260553,0.01694915254237288,2.333725317484162e-05,0.027919341674731594
IND206122AAA,Auraiya_AryaNagr_D (Uttar Pradesh),0.008594608858658282,0.000660522270127347,0.0,1,1,12,11,12.0,14.388235294117635,2.0,11.0,0.7712765957446948,1.0,23.0,3.0,15.15951188986233,0.0027637523114061907,0.06104256667690622,0.017467248908296942,0.014341590612777053,0.0004586958413267429,0.02784134020146366
IND577002AAA,Davangere_Central_I_1 (Karnataka),0.006156408358480897,0.001354222502393097,0.0,2,2,20,23,23.0,44.029069704875795,3.0,24.0,47.00383408952854,4.0,47.0,7.0,91.03290379440433,0.01659633899189397,0.04372542996348761,0.02911208151382824,0.02998696219035202,0.0027544695830420927,0.02781232662381724
IND500039AAC,Hyderabad_Uppal_I (Telangana),0.0031677170975696286,0.0012234531712051722,0.0,3,3,30,22,32.0,163.34849336965726,12.0,24.0,554.8012454212455,12.0,56.0,24.0,718.1497387909028,0.1309269068119801,0.022498473790016838,0.043668122270742356,0.028683181225554105,0.021729743083190083,0.027777162296562706
IND431603AAA,Nanded_Aswningr_I (Maharashtra),0.0024319044845150864,0.0004591024338744388,0.0,1,2,15,18,19.0,1311.438452257202,6.0,20.0,297.6565789473686,9.0,39.0,15.0,1609.0950312045707,0.2933564183380996,0.017272419733020187,0.021834061135371178,0.02346805736636245,0.04868792639732974,0.027277752206236225
IND421302AAR,Mumbai_East_I_21 (Maharashtra),0.0012258068754680952,0.0015555271054436515,0.0,5,3,38,35,38.0,313.62938401875914,19.0,36.0,202.67689393939398,16.0,74.0,35.0,516.3062779581531,0.09412853655628695,0.008706201661916298,0.055312954876273655,0.04563233376792699,0.015622372558622331,0.02714182145016642
IND560078AAC,BLR_JPNagar_Pc (Karnataka),0.0,0.001180924315406039,0.18830123439443214,3,2,51,28,51.0,292.57668269230777,16.0,28.0,305.6023333333334,9.0,79.0,25.0,598.1790160256412,0.10905487262298393,0.0,0.07423580786026202,0.03650586701434159,0.018099674251607877,0.02667325353782269
IND560083AAB,Bengaluru_Bnnrghta_L (Karnataka),0.0,0.0011154783949575903,0.0,1,1,39,24,40.0,751.3636363636365,9.0,25.0,435.78227746591836,9.0,65.0,18.0,1187.145913829555,0.21643027078707894,0.0,0.056768558951965066,0.03129074315514994,0.035920608636865414,0.026592012580639354
IND205001AAB,Mainpuri_Agraroad_I (Uttar Pradesh),0.005505455086961664,0.001178999091615879,0.0,2,2,13,11,15.0,53.31523668639056,2.0,13.0,713.4851190476192,6.0,28.0,8.0,766.8003557340097,0.13979647042357407,0.03910208303359995,0.018922852983988356,0.014341590612777053,0.023201811302266902,0.02613907060667979
IND110085AAB,Delhi_Rohini_DPC (Delhi),0.0016052102540743433,0.0011489640071725771,0.016882396652265163,3,4,35,17,36.0,488.0280320533557,14.0,18.0,452.2573412698413,8.0,54.0,22.0,940.285373323197,0.17142477230030517,0.011400885785055196,0.050946142649199416,0.02216427640156454,0.02845111330346608,0.02572517216078863
IND605601AAA,Villupuram_Thirumtr_IP (Tamil Nadu),0.004741173533521083,0.0015803443593587793,0.0,3,3,23,24,23.0,103.27355349549626,3.0,24.0,19.786096256684502,1.0,47.0,4.0,123.05964975218076,0.022435180889357413,0.03367383045654093,0.033478893740902474,0.03129074315514994,0.003723533447946884,0.02567065140098653
IND811399AAA,Noida_Sector02_C (Uttar Pradesh),0.0020333393191105426,0.00030948258180591896,0.11791852147740918,1,2,7,35,7.0,242.4561403508772,3.0,35.0,971.2513888888889,14.0,42.0,17.0,1213.707529239766,0.22127275691182977,0.014441640452146997,0.010189228529839884,0.04563233376792699,0.03672430882299949,0.025399963823554694
IND691001AAB,Kollam_Central_H_1 (Kerala),0.002343212785620119,0.0012472253674886253,0.0,2,2,26,24,26.0,711.9299386236489,7.0,26.0,0.0,0.0,52.0,7.0,711.9299386236489,0.12979296614069583,0.01664249357436434,0.03784570596797671,0.03129074315514994,0.02154154464439268,0.02503754873675102
IND802212AAA,Bikramgang_Dehrird_D (Bihar),0.0007757786255195582,0.0006458930696529546,0.0,1,1,5,5,5.0,36.037500000000016,3.0,5.0,2649.8641891891893,4.0,10.0,7.0,2685.9016891891893,0.4896705814565529,0.005509909671699596,0.00727802037845706,0.00651890482398957,0.08126989470336722,0.02500532710142599
IND390022AAA,Vadodara_Karelibaug_DPC (Gujarat),0.0029520101261831036,0.0013009441591315175,0.06980687719080132,3,3,22,35,24.0,221.60670329984114,5.0,36.0,56.91176470588234,3.0,60.0,8.0,278.5184680057235,0.05077710056317123,0.020966431157236568,0.03202328966521106,0.04563233376792699,0.00842739950567637,0.0249762254680795
IND174001AAA,BilaspurHP_Indsarea_D (Himachal Pradesh),0.0012252593958452867,0.0008636060324270811,0.0,2,1,24,10,24.0,1564.398299255332,14.0,10.0,59.6564102564103,4.0,34.0,18.0,1624.0547095117422,0.296083738703011,0.008702313228838176,0.034934497816593885,0.01303780964797914,0.04914057568293598,0.02492541504374196
IND244001AAA,Moradabad_DC (Uttar Pradesh),0.0036117230716672727,0.0005357532057317922,0.16453077026998703,1,1,13,9,13.0,1163.3321428571426,6.0,9.0,3.9607142857143174,1.0,22.0,7.0,1167.292857142857,0.212810831605595,0.02565199301637419,0.018922852983988356,0.011734028683181226,0.03531989572434068,0.023939547820250054
IND792121AAB,Jairampur_Mdiclcly_D (Arunachal Pradesh),0.0,0.0004269783976356938,0.0,1,1,7,7,7.0,87.70000000000005,4.0,7.0,2539.9543010752686,5.0,14.0,9.0,2627.6543010752684,0.47905141675634405,0.0,0.010189228529839884,0.009126466753585397,0.07950744780599268,0.02374000100818323
IND583101AAA,Bellary_Dc (Karnataka),0.0039703222246068,0.0009424815363778552,0.04104489042006171,2,2,17,21,18.0,267.09621748895177,7.0,21.0,169.56250000000017,7.0,39.0,14.0,436.65871748895194,0.07960787580257067,0.028198916682544435,0.024745269286754003,0.027379400260756193,0.01321240019114298,0.023597654796178334
IND570020AAA,Mysore_Yadvgiri_IP (Karnataka),0.002870435662384646,0.0015826784104762462,0.0,3,2,23,16,23.0,616.029198409434,8.0,17.0,118.05691001400558,9.0,40.0,17.0,734.0861084234396,0.13383228917041876,0.020387054628596316,0.033478893740902474,0.020860495436766623,0.022211945051789007,0.02355633321848978
IND271210AAA,Tulsipur_Central_DPP_1 (Uttar Pradesh),5.474796228084391e-07,0.0011275920197874245,0.2448570357561652,1,1,6,9,7.0,2326.2596396396398,2.0,9.0,209.97767857142867,4.0,16.0,6.0,2536.2373182110687,0.4623850557594791,3.88843307812251e-06,0.008733624454148471,0.011734028683181226,0.07674135677541748,0.02328023077289765
IND500080AAB,Hyderabad_Chikdply_I (Telangana),0.00038871053219399174,0.00117562999086043,0.0,2,1,21,16,21.0,343.47962962962964,7.0,16.0,1235.0763760049476,7.0,37.0,14.0,1578.5560056345773,0.28778880487400094,0.0027607874854669815,0.03056768558951965,0.020860495436766623,0.04776387791022147,0.023192881302726065
IND176303AAA,Dalhousie_Banikhet_D (Himachal Pradesh),1.6424388684253174e-06,0.0011275920197874245,0.0,1,1,9,10,10.0,0.6087084148727939,1.0,10.0,2360.278416511194,1.0,20.0,2.0,2360.8871249260665,0.43041671103190043,1.1665299234367529e-05,0.013100436681222707,0.01303780964797914,0.07143561837037958,0.023090636713167294
IND68004AAA,Thrissur_Poothole_D (Kerala),0.002330620754295525,0.0009661786445734776,0.061146555111670366,2,2,19,20,19.0,434.5277474533923,3.0,20.0,408.9558983452682,8.0,39.0,11.0,843.4836457986605,0.15377671079688962,0.01655305961356752,0.027656477438136828,0.02607561929595828,0.025522090906746113,0.022920512938254187
IND244235AAA,Gajraula_JawaharN_D (Uttar Pradesh),0.005195034140829278,0.0005919873640394666,0.0,1,1,15,14,15.0,221.69173553718997,4.0,14.0,27.504831066874658,1.0,29.0,5.0,249.19656660406463,0.045431382748348174,0.036897341478304486,0.021834061135371178,0.018252933507170794,0.007540178707905958,0.02281651312289145
IND301001AAB,Alwar_Central_I_1 (Rajasthan),0.0012236169569768613,0.0012178821207307349,0.025378368497256748,3,1,24,8,26.0,1245.9287197261292,8.0,12.0,103.33441558441564,2.0,38.0,10.0,1349.2631353105448,0.2459860934838811,0.008690647929603808,0.034934497816593885,0.010430247718383311,0.04082594436541913,0.022321161973711555
IND786001AAB,Dibrugarh_Bokule_H (Assam),5.474796228084391e-05,0.001312847300019697,0.01115405981920439,3,4,27,28,31.0,548.7916345738477,12.0,29.0,346.84753770739064,11.0,60.0,23.0,895.6391722812383,0.16328525948342254,0.00038884330781225094,0.039301310043668124,0.03650586701434159,0.027100210523893133,0.022072583200309515
IND388320AAA,Anand_Vaghasi_IP (Gujarat),0.002397960747900963,0.0018395533636988396,0.027759387020605503,4,2,38,12,38.0,143.2395806399483,7.0,13.0,88.3463036437247,3.0,51.0,10.0,231.58588428367298,0.04222075404723736,0.01703133688217659,0.055312954876273655,0.01564537157757497,0.007007315459934759,0.021904462064515223
IND122001AAA,GGN_DPC (Haryana),0.0008124597602477236,0.0009502997488920734,0.0,1,2,39,16,41.0,483.905826499209,12.0,18.0,91.06004901960785,7.0,59.0,19.0,574.9658755188168,0.10482285175075286,0.005770434687933803,0.056768558951965066,0.020860495436766623,0.01739729207123344,0.02189478603633153
IND515134AAA,Puttaprthi_Gokulam_D (Andhra Pradesh),0.003971964663475226,0.0015646485121397523,0.0,3,2,21,18,21.0,88.88161892361114,4.0,18.0,8.116890707188773,2.0,39.0,6.0,96.99850963079992,0.017683937130875092,0.028210581981778806,0.03056768558951965,0.02346805736636245,0.0029349766210014826,0.021414596440049373
IND244221AAA,Amroha_SamitiRd_D (Uttar Pradesh),0.004967282617740968,0.0007793745381953415,0.0,1,1,14,15,14.0,93.79691731557062,3.0,15.0,41.78496621621633,3.0,29.0,6.0,135.58188353178696,0.024718127253580333,0.03527975331780552,0.020378457059679767,0.01955671447196871,0.004102430644674422,0.02136055562873023
IND610001AAA,Thiruvarur_Bypasrd_D (Tamil Nadu),0.003515914137675796,0.0018821806954625977,0.024627799381110066,2,2,22,22,22.0,49.19176913630151,6.0,22.0,5.401882352941186,1.0,44.0,7.0,54.593651489242696,0.009953046746340113,0.024971517227702755,0.03202328966521106,0.028683181225554105,0.001651892295932266,0.021294298281832064
IND591123AAC,Ramdurg_GndhiNGR_D (Karnataka),0.0012154047626347349,0.0007211316031964307,0.0,1,1,13,13,13.0,1432.2953065134102,4.0,13.0,0.0,0.0,26.0,4.0,1432.2953065134102,0.2611238074650585,0.008632321433431971,0.018922852983988356,0.01694915254237288,0.04333832813501492,0.021030295640727167
IND500050AAA,Patancheru_Ameenpur_I (Telangana),0.0004062298801238618,0.0008790347641810085,0.0,1,2,14,21,16.0,124.01986417657047,2.0,21.0,1236.9096139705885,10.0,37.0,12.0,1360.929478147159,0.2481130011451965,0.0028852173439669017,0.020378457059679767,0.027379400260756193,0.041178944051789346,0.020856133547422946
IND271201AAA,Balrampur_PBRDDPP_D (Uttar Pradesh),5.474796228084391e-07,0.0011275920197874245,0.2448570357561652,1,1,5,6,5.0,2347.0625,4.0,6.0,1.8700000000000117,1.0,11.0,5.0,2348.9325,0.42823724625022064,3.88843307812251e-06,0.00727802037845706,0.007822685788787484,0.07107389585727711,0.02078997614934553
IND452001AAC,Jalgaon_DC (Maharashtra),1.6424388684253174e-06,0.0011275920197874245,0.0,1,1,7,5,8.0,52.60472636815919,2.0,5.0,2236.4,2.0,13.0,4.0,2289.0047263681595,0.4173117280609981,1.1665299234367529e-05,0.010189228529839884,0.00651890482398957,0.06926060392910638,0.020660860507774513
IND785001AAA,Jorhat_RicMilRd_D (Assam),2.1351705289529124e-05,0.000604357407695751,0.0,3,1,10,11,14.0,1734.7562580402596,10.0,14.0,220.79092261904776,7.0,28.0,17.0,1955.5471806593073,0.3565186056040029,0.00015164889004677787,0.01455604075691412,0.014341590612777053,0.05917086023637184,0.020625318444547566
IND796321AAB,Champhai_AwmpiVng_D (Mizoram),0.0,0.0011275920197874245,0.0,1,1,4,3,4.0,684.8142493638679,4.0,3.0,1779.5584960937501,3.0,7.0,7.0,2464.3727454576183,0.44928332263650245,0.0,0.005822416302765648,0.003911342894393742,0.07456688170654834,0.020588472266068962
IND796009AAA,Aizawl_HunthrVg_I (Mizoram),0.0,0.0011275920197874245,0.0,1,1,3,4,3.0,1779.5584960937501,3.0,4.0,684.8142493638679,4.0,7.0,7.0,2464.3727454576183,0.44928332263650245,0.0,0.004366812227074236,0.005215123859191656,0.07456688170654834,0.020558107643890263
IND201007AAA,GZB_Mohan_Nagar_DPC (Uttar Pradesh),0.0008146496787389574,0.001902108850998868,0.050316449197590485,5,1,43,11,46.0,276.74513009865956,16.0,16.0,111.40951390951392,5.0,62.0,21.0,388.1546440081735,0.07076502873935071,0.005785988420246294,0.06259097525473072,0.014341590612777053,0.011744766077678007,0.020347800640007258
IND110030AAD,Delhi_Kishangarh_DPC (Delhi),0.0,0.0006800107959655359,0.17105151246245992,2,1,44,7,44.0,299.0807674864818,12.0,7.0,439.9145390070922,5.0,51.0,17.0,738.9953064935739,0.13472729209742973,0.0,0.06404657933042213,0.009126466753585397,0.02236048735020732,0.020224731054353337
IND844505AAB,HazratJandaha_HajiprRD_D (Bihar),0.0007757786255195582,0.0008765165616710668,0.0,1,1,11,11,11.0,47.90694444444449,6.0,11.0,1555.4969594594604,10.0,22.0,16.0,1603.4039039039048,0.29231886077384583,0.005509909671699596,0.01601164483260553,0.014341590612777053,0.048515724518783616,0.02012804660386728
IND842003AAB,Jabalpur_Adhartal_IP (Madhya Pradesh),0.0024483288731993397,0.0010348406374259852,0.0,2,3,10,18,16.0,464.63926790868555,8.0,25.0,354.80330024511073,10.0,41.0,18.0,819.4425681537963,0.14939374751994383,0.01738907272536386,0.01455604075691412,0.02346805736636245,0.024794657041010172,0.01988965933878521
IND425201AAA,Bhusawal_Samarth_D (Maharashtra),1.6424388684253174e-06,0.0011275920197874245,0.0,1,1,5,5,5.0,2236.4,2.0,5.0,0.0,0.0,10.0,2.0,2236.4,0.40772128510035666,1.1665299234367529e-05,0.00727802037845706,0.00651890482398957,0.06766889244165789,0.019680691005635825
IND686028AAB,Kottayam_Central_H_1 (Kerala),0.001221974518108436,0.0015891867070971395,0.0,2,1,17,10,18.0,1132.9619983591188,6.0,11.0,67.54184615384617,3.0,29.0,9.0,1200.5038445129649,0.21886557425002,0.00867898263036944,0.024745269286754003,0.01303780964797914,0.03632479231360427,0.019675457785977
IND249201AAA,Rishikesh_DC (Uttarakhand),0.0,0.0004920380371570176,0.0,1,1,11,12,11.0,134.41814903846154,1.0,12.0,1622.7529411764706,6.0,23.0,7.0,1757.171090214932,0.32035237660688015,0.0,0.01601164483260553,0.01564537157757497,0.053168405251898115,0.01962350459501063
IND712310AAE,Kolkata_North_I_4 (West Bengal),6.5697554737012695e-06,0.0009570820907168155,0.04681177749456289,2,2,24,33,26.0,245.90515151515154,9.0,34.0,265.92328105331205,12.0,60.0,21.0,511.8284325684636,0.09331217415387015,4.6661196937470115e-05,0.034934497816593885,0.04302477183833116,0.01548688211056059,0.019479905877553272
IND209801AAA,Unnao_VikasRam_D (Uttar Pradesh),0.0,0.0007013798612436336,0.0,1,1,13,4,13.0,295.2080808080807,6.0,4.0,1620.1024024024023,3.0,17.0,9.0,1915.310483210483,0.34918299569878514,0.0,0.018922852983988356,0.005215123859191656,0.0579533800217984,0.019315940374085603
IND444005AAB,Akola_Gaurkshn_I (Maharashtra),0.0011825559852662285,0.0006352801145757555,0.0,3,2,32,19,32.0,60.212837950138564,3.0,20.0,198.21875000000006,2.0,52.0,5.0,258.43158795013863,0.04711503270861937,0.00839901544874462,0.046579330422125184,0.024771838331160364,0.00781961157598139,0.019164792051713075
IND700053AAA,CCU_New Alipore_DPC (West Bengal),0.001586048467276048,0.0012413958233526323,0.07817586978167565,2,2,19,10,19.0,530.6743386243388,11.0,11.0,372.5097805642633,6.0,30.0,17.0,903.1841191886022,0.1646607895536624,0.011264790627320909,0.027656477438136828,0.01303780964797914,0.027328505194234944,0.018913660435344246
IND411021AAA,PNQ Pashan DPC (Maharashtra),0.0,0.0006131671043504551,0.0,1,1,23,21,23.0,574.3097527472528,11.0,21.0,284.3,7.0,44.0,18.0,858.6097527472527,0.15653437300563824,0.0,0.033478893740902474,0.027379400260756193,0.025979775982835053,0.018666602796040495
IND500010AAB,Hyderabad_Alwal_L (Telangana),0.0,0.0012840653855804946,0.0,1,1,22,23,22.0,459.4343518518518,7.0,23.0,359.4594594594597,8.0,45.0,15.0,818.8938113113115,0.14929370287452018,0.0,0.03202328966521106,0.02998696219035202,0.024778052780703105,0.018596563566288395
IND110043AAA,Delhi_Nangli_IP (Delhi),0.0007938454530722367,0.0012517933843358647,0.0,2,2,18,27,18.0,182.7132964948754,8.0,27.0,370.815925925926,11.0,45.0,19.0,553.5292224208015,0.10091470484082021,0.005638227963277638,0.026200873362445413,0.035202086049543675,0.016748662768425925,0.018441137361651476
IND585401AAA,Bidar (Karnataka),0.0038805355664662164,0.0009082587820518917,0.0,1,1,15,15,15.0,21.051470588235304,1.0,15.0,45.83035714285725,4.0,30.0,5.0,66.88182773109256,0.012193321745833359,0.027561213657732345,0.021834061135371178,0.01955671447196871,0.002023707390018241,0.018430506749178857
IND502286AAB,Narayankhed_Datatrya_D (Telangana),0.003863016218536346,0.0009417140863713393,0.0,1,1,15,15,15.0,45.83035714285725,4.0,15.0,23.375781250000003,1.0,30.0,5.0,69.20613839285726,0.012617070149512114,0.027436783799232423,0.021834061135371178,0.01955671447196871,0.0020940362793814824,0.018404538521044695
IND563125AAB,Chintamani_Central_D_2 (Karnataka),0.002390296033181645,0.0007336954469684048,0.0,1,2,11,12,12.0,9.976962209302343,1.0,12.0,798.0761144515864,8.0,24.0,9.0,808.0530766608887,0.1473173130233744,0.016976898819082875,0.01601164483260553,0.01564537157757497,0.024450034310372206,0.018385826446308158
IND577501AAA,Chitradurga_DC (Karnataka),0.005009438548697218,0.0005209636742037674,0.0,1,1,11,10,12.0,4.480645161290326,1.0,10.0,10.292971576227387,1.0,22.0,2.0,14.773616737517713,0.0026933992138261763,0.03557916266482096,0.01601164483260553,0.01303780964797914,0.0004470194428480427,0.01837435268951628
IND577598AAC,Hiriyur_TahurDPP_D (Karnataka),0.005026957896627088,0.0004126022583282368,0.0,1,1,10,11,10.0,0.937606837606836,1.0,11.0,4.480645161290326,1.0,21.0,2.0,5.418251998897162,0.0009878092774047251,0.03570359252332088,0.01455604075691412,0.014341590612777053,0.0001639452297152432,0.018316769964529356
IND110095AAB,Delhi_Jhilmil_L (Delhi),0.0,0.0006902768915053517,0.0,1,0,26,0,26.0,1407.5651740237693,13.0,1.0,0.0,0.0,27.0,13.0,1407.5651740237693,0.2566152216130738,0.0,0.03784570596797671,0.0,0.04259004487821405,0.018216652413148855
IND845305AAA,Raxaul_KairiyaT_D (Bihar),0.0007757786255195582,0.0008930563904316158,0.26288655156785756,1,1,15,14,15.0,34.2071428571428,4.0,14.0,1040.968256578948,10.0,29.0,14.0,1075.1753994360909,0.19601676603754795,0.005509909671699596,0.021834061135371178,0.018252933507170794,0.032532609756911725,0.01807901975283118
IND486661AAA,Sidhi_Padra_D (Madhya Pradesh),0.0019320555888909816,0.0007066474987184769,0.0,1,1,6,5,6.0,15.632954545454552,2.0,5.0,1333.625,5.0,11.0,7.0,1349.2579545454546,0.24598514897118198,0.013722280332694336,0.008733624454148471,0.00651890482398957,0.04082578760605781,0.01805975087358508
IND205135AAA,Shikohabad_Katrmira_D (Uttar Pradesh),0.0038608263000451124,0.0008081245552192922,0.0,1,1,7,8,7.0,516.9875000000001,3.0,8.0,55.11457489878544,3.0,15.0,6.0,572.1020748987855,0.10430074816057651,0.027421230066919933,0.010189228529839884,0.010430247718383311,0.017310639318536585,0.01804898560270076
IND583201AAA,Hospet (Karnataka),0.0019906359085314846,0.0013691418323568316,0.06862842789584997,2,2,21,18,21.0,143.7390151515153,7.0,19.0,155.99583333333334,5.0,40.0,12.0,299.7348484848486,0.054645089256663906,0.014138342672053444,0.03056768558951965,0.02346805736636245,0.00906936380930864,0.018022909478722288
IND502220AAC,Zahirabad_Mohim_D (Telangana),0.003845496870606476,0.0009705782304067083,0.0,1,1,15,15,15.0,23.375781250000003,1.0,15.0,0.0,0.0,30.0,1.0,23.375781250000003,0.004261672138917377,0.027312353940732503,0.021834061135371178,0.01955671447196871,0.0007073033567993084,0.01801430483992418
IND400011AAA,LowerParel_CP (Maharashtra),0.00038980549143960864,0.0003149399203865224,0.0,1,2,12,45,13.0,48.671626297577895,6.0,45.0,190.93572191697203,17.0,58.0,23.0,239.60734821454992,0.04368315861810273,0.0027685643516232265,0.017467248908296942,0.05867014341590613,0.0072500285613312666,0.018008983128241562
IND627005AAA,Tirunelveli_VdkkuSrt_I (Tamil Nadu),2.354162378076288e-05,0.0015164606305820725,0.009649183574425775,3,3,31,29,31.0,109.77269409535877,5.0,30.0,66.082173857077,5.0,61.0,10.0,175.85486795243577,0.0320603526885712,0.00016720262235926788,0.04512372634643377,0.03780964797913951,0.005321008828838904,0.017975447990150127
IND847404AAB,Jhanjharpur_Nagar_D (Bihar),0.0007757786255195582,0.0009078420687308752,0.0,1,1,13,13,13.0,33.90000000000002,4.0,13.0,1125.652,12.0,26.0,16.0,1159.5520000000001,0.21139958485990376,0.005509909671699596,0.018922852983988356,0.01694915254237288,0.03508567321074463,0.017874287793053265
IND585330AAE,Humnabad_EBroad_D (Karnataka),0.0038980549143960864,0.0008683796965674259,0.0,1,1,14,15,14.0,0.0,0.0,15.0,21.051470588235304,1.0,29.0,1.0,21.051470588235304,0.0038379237352386244,0.027685643516232265,0.020378457059679767,0.01955671447196871,0.0006369744674360665,0.017836253153870003
IND201301AAM,Noida_Sector63_L (Uttar Pradesh),0.0,0.0007102786497658688,0.0,1,1,27,21,27.0,380.9498046875001,9.0,21.0,194.01781376518215,5.0,48.0,14.0,574.9676184526822,0.10482316950752062,0.0,0.039301310043668124,0.027379400260756193,0.017397344808849375,0.017685478263097208
IND382715AAA,Kadi_KaranNGR_D (Gujarat),0.004209570819774088,0.0009406907212375645,0.12878934383271284,1,1,12,12,12.0,19.15294117647059,2.0,12.0,49.400000000000034,3.0,24.0,5.0,68.55294117647063,0.012497984830030296,0.02989816193768397,0.017467248908296942,0.01564537157757497,0.0020742718668529288,0.017605448742077003
IND140901AAA,Chandigarh_Mullanpr_DC (Chandigarh),0.0003870680933255664,0.0008443322309018277,0.09462816435199745,2,2,27,26,27.0,201.09070713391742,5.0,26.0,33.027777777777814,3.0,53.0,8.0,234.11848491169525,0.04268247609280309,0.002749122186232614,0.039301310043668124,0.03389830508474576,0.007083946777899038,0.017373102485338954
IND625008AAA,Madurai_Kappalur_H (Tamil Nadu),4.051349208782449e-05,0.0038308538495441134,0.0,5,1,46,12,46.0,55.15724206349206,2.0,12.0,25.10984393757505,1.0,58.0,3.0,80.26708600106711,0.014633607340196713,0.00028774404778106566,0.06695778748180495,0.01564537157757497,0.002428717943664601,0.01722852171451551
IND312001AAA,Chittaurgarh_DC (Rajasthan),0.003184141486253882,0.0013036787241227483,0.0,2,2,16,17,16.0,0.0,0.0,17.0,0.0,0.0,33.0,0.0,0.0,0.0,0.022615126782360516,0.023289665211062592,0.02216427640156454,0.0,0.017006082696351607
IND486771AAA,Churhat_Central_DPP_1 (Madhya Pradesh),0.0019495749368208515,0.0006309816947238507,0.0,1,1,5,6,8.0,1180.1515295076804,8.0,6.0,15.632954545454552,2.0,14.0,10.0,1195.784484053135,0.21800518088947018,0.013846710191194255,0.00727802037845706,0.007822685788787484,0.03618199411321541,0.016911988328670753
IND581303AAA,Karwar_Central_D_1 (Karnataka),0.0035241263320179225,0.0006708254877250113,0.0,1,1,13,12,13.0,152.67195121951224,1.0,14.0,0.0,0.0,27.0,1.0,152.67195121951224,0.02783384195582118,0.025029843723874592,0.018922852983988356,0.01564537157757497,0.004619541158080492,0.016828975505188897
IND211008AAA,Allahabad_Central_D_3 (Uttar Pradesh),0.0,0.00017023117673190812,0.0,0,1,0,6,0.0,0.0,0.0,6.0,2001.6036931818182,6.0,6.0,6.0,2001.6036931818182,0.3649152343255727,0.0,0.0,0.007822685788787484,0.06056443615844466,0.01670564619736866
IND673592AAA,SultnBthry_Kollgpra_D (Kerala),0.001169416474318826,0.0008252859912760694,0.03111374971030943,2,2,18,23,18.0,204.98374598374602,3.0,24.0,131.50842126088122,7.0,42.0,10.0,336.49216724462724,0.06134636865282756,0.00830569305486968,0.026200873362445413,0.02998696219035202,0.010181565137156607,0.016689950964053027
IND411036AAA,Pune_Mundhawa_L (Maharashtra),0.0,0.0006324251881599573,0.0,1,1,24,21,24.0,230.49655172413796,10.0,21.0,321.1186724565757,8.0,45.0,18.0,551.6152241807137,0.1005657610820434,0.0,0.034934497816593885,0.027379400260756193,0.016690749094198584,0.01663546688901966
IND641607AAA,Tirupur_Koliplm_I (Tamil Nadu),3.3943736614123224e-05,0.0012168376830696298,0.025179328487594004,2,3,24,30,24.0,84.89066844919795,6.0,30.0,142.04149054505,9.0,54.0,15.0,226.93215899424797,0.041372326728551796,0.00024108285084359558,0.034934497816593885,0.03911342894393742,0.0068665032456335946,0.01661059016130992
IND175015AAA,JognderNgr_Dhelu_D (Himachal Pradesh),4.379836982467513e-06,0.0004379594628337477,0.0,1,1,11,13,11.0,4.518750000000011,1.0,13.0,1311.6175438596483,12.0,24.0,13.0,1316.1362938596483,0.23994669160243087,3.110746462498008e-05,0.01601164483260553,0.01694915254237288,0.03982359385966319,0.016558945552530225
IND152026AAA,Muktsar_DPC (Punjab),0.00043196142239585844,0.0008445394470981362,0.0660931287796867,1,2,20,19,21.0,13.272580645161298,1.0,21.0,592.6777089072548,9.0,42.0,10.0,605.950289552416,0.11047166462316414,0.00306797369863866,0.02911208151382824,0.024771838331160364,0.01833481710280535,0.01643427903922259
IND245304AAA,Pilkhuwa_HapurRD_D (Uttar Pradesh),0.0004084197986150956,0.0030704027651072894,0.0,2,2,26,27,26.0,65.7783783783784,8.0,27.0,39.43259158926727,5.0,53.0,13.0,105.21096996764567,0.019181162529897836,0.002900771076279392,0.03784570596797671,0.035202086049543675,0.0031834688832154856,0.016420695501005736
IND678683AAA,Vadakkencherry_Robinson_D (Kerala),0.002305436691646337,0.0007452166951687908,0.0,1,1,14,13,14.0,400.77947060634045,6.0,13.0,20.04882154882155,1.0,27.0,7.0,420.828292155162,0.07672180830088131,0.016374191691973888,0.020378457059679767,0.01694915254237288,0.01273340388045709,0.016379839982715663
IND847223AAA,Benipatti_WardNo1_D (Bihar),0.0011628467188451246,0.0008856051420623473,0.0,1,1,7,9,7.0,46.561875000000015,3.0,9.0,1154.746593406594,9.0,16.0,12.0,1201.308468406594,0.21901226638377647,0.00825903185793221,0.010189228529839884,0.011734028683181226,0.0363491385878459,0.016362597239841972
IND362001AAA,Junagadh_DPC (Gujarat),3.9966012465016056e-05,0.0017770771356903454,0.0,3,3,26,25,26.0,232.18948521149082,4.0,26.0,44.738888888888894,2.0,52.0,6.0,276.9283741003797,0.050487208267286324,0.0002838556147029432,0.03784570596797671,0.03259452411994785,0.008379286514506255,0.016282217111357508
IND342301AAA,Phalodi_PalikDPP_D (Rajasthan),0.0015493673325478825,0.0007937463517662694,0.0,2,1,9,10,11.0,119.99166666666667,1.0,10.0,826.0355325213263,7.0,21.0,8.0,946.027199187993,0.1724715727923536,0.0110042656110867,0.013100436681222707,0.01303780964797914,0.028624849216926825,0.01623535453395242
IND506167AAB,Jangaon_Hanmkond_D (Telangana),0.0034715682882283123,0.0009477096560739821,0.0,1,1,9,9,9.0,0.0,0.0,9.0,346.54137291280153,3.0,18.0,3.0,346.54137291280153,0.06317845372225422,0.02465655414837483,0.013100436681222707,0.011734028683181226,0.010485633558496164,0.01621809541443602
IND503111AAC,Kamareddy_Devenply_I (Telangana),0.0019517648553120854,0.0008874083228912538,0.0,1,2,5,28,9.0,0.0,0.0,29.0,326.07791666666674,7.0,38.0,7.0,326.07791666666674,0.05944773172338596,0.013862263923506746,0.00727802037845706,0.03650586701434159,0.009866451203056945,0.016075182652551326
IND501359AAF,Hyderabad_Shamshbd_P (Telangana),0.0,0.0007273769501429763,0.0,3,0,42,0,42.0,508.26747699079635,17.0,0.0,0.0,0.0,42.0,17.0,508.26747699079635,0.09266297124548535,0.0,0.0611353711790393,0.0,0.015379134873941611,0.016071857954293264
IND581325AAA,Dandeli_RKComplx_D (Karnataka),0.003489087636158182,0.0007998536498286069,0.0,1,1,12,14,14.0,13.480000000000032,3.0,14.0,7.621310629514966,1.0,28.0,4.0,21.101310629514998,0.003847010144503519,0.02478098400687475,0.017467248908296942,0.018252933507170794,0.0006384825252041954,0.01597700151680076
IND581402AAA,Sirsi_Vidygiri_D (Karnataka),0.003690560137351688,0.0008058855149602034,0.0,1,1,15,9,15.0,0.0,0.0,10.0,0.0,0.0,25.0,0.0,0.0,0.0,0.026211927379623835,0.021834061135371178,0.011734028683181226,0.0,0.01588779254657882
IND700088AAA,Kolkata_TrtllaRD_L (West Bengal),0.0,0.0009346122085207603,0.0,1,1,23,5,23.0,987.2420833333335,11.0,5.0,31.512500000000017,2.0,28.0,13.0,1018.7545833333336,0.18573060629518204,0.0,0.033478893740902474,0.00651890482398957,0.030825431194790438,0.015705917511676017
IND631501AAA,Kanchipuram_DC (Tamil Nadu),0.00040568240050105337,0.00031505397168664904,0.21463414400111064,1,1,6,5,6.0,2.9041322314049722,1.0,6.0,1533.2789934164934,3.0,12.0,4.0,1536.1831256478984,0.28006374447265414,0.002881328910888779,0.008733624454148471,0.00651890482398957,0.04648176117875042,0.015679411269126288
IND847226AAA,Jaynagar_Wardno6_D (Bihar),0.0003881630525711833,0.0008675216700863953,0.2718207902831701,1,1,14,14,14.0,113.79532163742692,3.0,14.0,807.3166666666656,14.0,28.0,17.0,921.1119883040925,0.1679292450333971,0.002756899052388859,0.020378457059679767,0.018252933507170794,0.027870965866245424,0.01565893424826757
IND600076AAB,Chennai_Madhavaram_DPC (Tamil Nadu),0.0,0.0009753627930360132,0.17628064376360764,2,1,39,13,39.0,104.28107561002295,13.0,14.0,8.463157894736867,2.0,53.0,15.0,112.74423350475982,0.020554562588184295,0.0,0.056768558951965066,0.01694915254237288,0.003411410038656212,0.015596394808531644
IND400102AAB,Mumbai_Jogeshwri_L (Maharashtra),0.0,0.0004674536314828013,0.0,1,1,22,11,22.0,409.40495137046867,8.0,11.0,416.65107758620695,5.0,33.0,13.0,826.0560289566756,0.15059945702518027,0.0,0.03202328966521106,0.014341590612777053,0.024994766845936465,0.015521667767081741
IND723101AAA,Purulia_GariDPP_D (West Bengal),0.0027198787661123253,0.0010811082569189452,0.0,1,1,14,13,14.0,97.0491228070176,7.0,13.0,71.65000000000002,4.0,27.0,11.0,168.6991228070176,0.030755778548640714,0.019317735532112624,0.020378457059679767,0.01694915254237288,0.005104490608223085,0.01550285200870572
IND581400AAB,Mallapur_ShtDRDPP_D (Karnataka),0.0035066069840880526,0.0007405345937991454,0.0,1,1,12,12,13.0,0.0,0.0,12.0,13.480000000000032,3.0,25.0,3.0,13.480000000000032,0.0024575580947741103,0.024905413865374672,0.017467248908296942,0.01564537157757497,0.00040787724472972207,0.015441388261237948
IND691551AAA,Adoor_Town_D (Kerala),0.0011710589131872513,0.0009523391370791286,0.0,1,1,11,14,11.0,57.882812500000014,2.0,14.0,665.5279778393352,6.0,25.0,8.0,723.4107903393352,0.1318860566502497,0.008317358354104049,0.01601164483260553,0.018252933507170794,0.02188893174861706,0.015236224029045946
IND370001AAA,Bhuj_DC (Gujarat),1.0949592456168782e-06,0.0016556450729865427,0.0,2,2,13,10,13.0,397.67758943721725,3.0,11.0,764.2230286738351,5.0,24.0,8.0,1161.9006181110524,0.21182776478945492,7.77686615624502e-06,0.018922852983988356,0.01303780964797914,0.03515673759383501,0.015184038828006938
IND507159AAA,Kusumnchi_SKRoad_D (Telangana),0.0003881630525711833,0.0008072259659207886,0.20352348131843517,1,1,10,9,11.0,0.0,0.0,10.0,1183.457142857143,5.0,21.0,5.0,1183.457142857143,0.21575776567112803,0.002756899052388859,0.01455604075691412,0.011734028683181226,0.03580899396767651,0.0151751770482743
IND600008AAC,Chennai_Egmore_DPC (Tamil Nadu),0.0,0.0006771109590735013,0.0,1,1,21,11,24.0,556.5586996336998,12.0,12.0,256.44605263157894,3.0,36.0,15.0,813.0047522652787,0.14822006009045632,0.0,0.03056768558951965,0.014341590612777053,0.024599861892146243,0.015131820713495902
IND721306AAA,Kharagpur_DC (West Bengal),0.0015871434265216648,0.0007038311260646528,0.04460473327083312,2,2,17,14,19.0,120.64352433281006,5.0,16.0,218.84292929292934,5.0,35.0,10.0,339.4864536257394,0.06189226128887904,0.011272567493477154,0.024745269286754003,0.018252933507170794,0.01027216612225006,0.015113080712064478
IND600044AAE,Chennai_Chrompet_L (Tamil Nadu),0.0,0.0007977966215357853,0.0,1,1,26,22,26.0,43.120008433481004,5.0,22.0,187.32144620811303,8.0,48.0,13.0,230.44145464159402,0.04201211144109562,0.0,0.03784570596797671,0.028683181225554105,0.006972687358362193,0.015048949278296711
IND723202AAA,Jhalda_GMukrDPP_D (West Bengal),0.0027023594181824553,0.0010896107709383843,0.0,1,1,13,13,13.0,71.65000000000002,4.0,13.0,76.80793103448292,3.0,26.0,7.0,148.45793103448295,0.02706557790409565,0.019193305673612705,0.018922852983988356,0.01694915254237288,0.0044920335214109685,0.015015066471389437
IND283203AAA,Firozabad_Sudmpuri_D (Uttar Pradesh),0.0038433069521152424,0.0008573045730259548,0.0,1,1,8,10,8.0,55.11457489878544,3.0,10.0,0.0,0.0,18.0,3.0,55.11457489878544,0.01004801703876438,0.027296800208420013,0.011644832605531296,0.01303780964797914,0.0016676543734544845,0.014907322117012713
IND517501AAB,Tirupati_Balajicly_I (Andhra Pradesh),1.3139510947402539e-05,0.0019042667239543432,0.0,2,2,24,25,24.0,169.19841145151437,5.0,25.0,10.604929971988796,3.0,49.0,8.0,179.80334142350318,0.03278020453878059,9.332239387494023e-05,0.034934497816593885,0.03259452411994785,0.005440481564763784,0.014898587616355522
IND500010AAA,Hyderabad_Alwal_I (Telangana),0.0007774210643879835,0.0009442477395831053,0.0,2,1,20,6,21.0,426.5485470085471,10.0,7.0,294.7007371007371,2.0,28.0,12.0,721.2492841092842,0.1314919893555489,0.005521574970933963,0.02911208151382824,0.007822685788787484,0.021823528988559247,0.014775386947489845
IND508001AAA,Nalgonda_HydRoad_DC (Telangana),0.0027040018570508805,0.000941485796521043,0.0,1,1,14,14,15.0,39.108635201363796,5.0,14.0,0.012500000000017053,1.0,29.0,6.0,39.12113520136381,0.007132230155108591,0.019204970972847072,0.020378457059679767,0.018252933507170794,0.001183725581352461,0.014743949349204703
IND508213AAB,Suryapet_Krishna_D (Telangana),0.002721521204980751,0.0009072065536437437,0.0,1,1,14,14,14.0,0.0,0.0,14.0,32.48363520136377,4.0,28.0,4.0,32.48363520136377,0.005922138029436245,0.019329400831346995,0.020378457059679767,0.018252933507170794,0.0009828883994612487,0.014737290504206873
IND560300AAB,Bangalore_East_I_20 (Karnataka),0.0012164997218803517,0.0006378812656988776,0.0,1,2,9,15,11.0,679.4662087912089,5.0,16.0,0.0,0.0,27.0,5.0,679.4662087912089,0.12387445708755988,0.008640098299588216,0.013100436681222707,0.01955671447196871,0.020559258540705318,0.01469527927067049
IND177033AAA,Nadaun_Ward6_D (Himachal Pradesh),0.0007785160236336004,0.0004379594628337477,0.0,1,1,9,12,9.0,0.15607142857142264,1.0,12.0,907.287595935325,5.0,21.0,6.0,907.4436673638965,0.1654373538784602,0.005529351837090209,0.013100436681222707,0.01564537157757497,0.027457390414823413,0.014548782398446963
IND160102AAC,Chandigarh_Raiprvlg_L (Chandigarh),0.0,0.0008707443061970011,0.0,1,1,24,24,24.0,85.66595769342229,9.0,24.0,86.35456389452338,4.0,48.0,13.0,172.02052158794567,0.031361307514519245,0.0,0.034934497816593885,0.03129074315514994,0.005204989345865043,0.014546295530815026
IND700026AAC,CCU_Lake Avenue_DPC (West Bengal),0.0,0.001134015955943939,0.0,1,1,29,3,29.0,486.22426470588255,12.0,5.0,206.3965073529412,3.0,34.0,15.0,692.6207720588237,0.12627268434583475,0.0,0.042212518195050945,0.003911342894393742,0.020957288735157655,0.01446409440167835
IND756100AAC,Bhadrak_Central_I_2 (Orissa),0.0008146496787389574,0.0006095976117211428,0.0,2,2,15,11,16.0,32.384873949579855,3.0,13.0,641.4020550543207,4.0,29.0,7.0,673.7869290039006,0.1228390594604244,0.005785988420246294,0.021834061135371178,0.014341590612777053,0.02038741514369519,0.014357080082639646
IND600044AAC,Chennai_Chrompet_PC (Tamil Nadu),0.0,0.000604357407695751,0.0,3,0,40,0,40.0,353.60137664402384,11.0,0.0,0.0,0.0,40.0,11.0,353.60137664402384,0.06446557310792195,0.0,0.05822416302765648,0.0,0.010699254839629139,0.01431964631543858
IND000000AEL,Delhi_PunjabiB_L (Delhi),0.0,0.0005102610671606981,0.0,1,1,17,15,17.0,406.9543650793652,5.0,15.0,312.70000000000005,4.0,32.0,9.0,719.6543650793652,0.1312012173842962,0.0,0.024745269286754003,0.01955671447196871,0.02177526999898281,0.014304214251490244
IND721102AAA,Midnapore_Talkui_D (West Bengal),0.0011628467188451246,0.000341179027971811,0.26762839962499874,1,1,4,8,4.0,53.111111111111114,1.0,8.0,1020.3653846153852,7.0,12.0,8.0,1073.4764957264963,0.19570703647050375,0.00825903185793221,0.005822416302765648,0.010430247718383311,0.032481204403489575,0.014261495055378458
IND396191AAC,Vapi_IndEstat_I (Gujarat),0.0007938454530722367,0.0009473005500373939,0.06515608335151703,2,2,20,19,21.0,88.93819253261358,7.0,21.0,100.5857298076923,7.0,42.0,14.0,189.5239223403059,0.03455237755940337,0.005638227963277638,0.02911208151382824,0.024771838331160364,0.005734606472888249,0.014183815374366956
IND563131AAB,Bangarapet_KolarRd_D (Karnataka),0.0015668866804777527,0.0015284316016210948,0.0,2,2,18,15,19.0,70.26880341880347,5.0,17.0,72.11204810049023,5.0,36.0,10.0,142.38085151929369,0.025957656839174337,0.01112869546958662,0.026200873362445413,0.01955671447196871,0.004308153517801263,0.014123599360688457
IND506143AAA,Ghanpur_Palakrty_D (Telangana),0.003489087636158182,0.0009136599930613307,0.0,1,1,10,9,10.0,14.533333333333339,2.0,9.0,0.0,0.0,19.0,2.0,14.533333333333339,0.0026495928024765332,0.02478098400687475,0.01455604075691412,0.011734028683181226,0.00043974895821503076,0.014041295529978988
IND332001AAB,Sikar_FatehpRd_I (Rajasthan),0.0012236169569768613,0.0006641293350311188,0.021210660913573192,2,2,10,18,12.0,240.71334881334877,3.0,25.0,203.66279595849187,5.0,37.0,8.0,444.37614477184064,0.08101485101695448,0.008690647929603808,0.01455604075691412,0.02346805736636245,0.013445913765070773,0.014008024841284342
IND851127AAA,Manjhaul_Purbari_D (Bihar),0.001180913546397803,0.0008765165616710668,0.0,1,2,14,17,14.0,53.42607587344429,4.0,17.0,284.5985042735045,8.0,31.0,12.0,338.0245801469488,0.06162574504248903,0.008387350149510251,0.020378457059679767,0.02216427640156454,0.01022793281908444,0.01400110244934856
IND560085AAA,Bengaluru_Banshkri_DC (Karnataka),0.0,0.0008385872559732069,0.15544014550738805,3,1,35,4,35.0,337.95226949437483,12.0,4.0,14.359197994987468,1.0,39.0,13.0,352.3114674893623,0.06423040792360728,0.0,0.050946142649199416,0.005215123859191656,0.010660224825389154,0.013897309508025504
IND380054AAA,AMD_Memnagar (Gujarat),0.0,0.0007158141848881616,0.0,1,1,26,14,26.0,287.8743833017077,7.0,14.0,62.82260061919501,6.0,40.0,13.0,350.6969839209027,0.06393606911332926,0.0,0.03784570596797671,0.018252933507170794,0.010611373852869517,0.01387257135824688
IND577201AAA,Shimoga_DC (Karnataka),0.0036555214414919477,0.0008975984840734888,0.0,1,1,7,10,9.0,17.683333333333366,1.0,11.0,0.0,0.0,20.0,1.0,17.683333333333366,0.0032238738112701903,0.025963067662623993,0.010189228529839884,0.01303780964797914,0.0005350615191125554,0.013866246697260342
IND403726AAB,Goa_ZuariNgr_IP (Goa),3.2848777368506348e-06,0.0007681694375796131,0.0,2,4,6,18,9.0,955.6931674207578,5.0,19.0,14.542447916666681,2.0,28.0,7.0,970.2356153374245,0.17688504379158917,2.3330598468735058e-05,0.008733624454148471,0.02346805736636245,0.029357346403744378,0.013787838674502336
IND816109AAA,Sahebganj_BaraLoha_D (Jharkhand),0.0015521047306619247,0.0011312394457420362,0.0,1,1,11,8,12.0,94.28416341145837,3.0,8.0,510.8346027318888,3.0,20.0,6.0,605.1187661433472,0.11032006840024491,0.011023707776477314,0.01601164483260553,0.010430247718383311,0.01830965690421342,0.013724090458018184
IND785682AAA,Sivasagar_Babupaty_D (Assam),3.2848777368506346e-05,0.0008287072913828127,0.0,2,1,21,10,21.0,582.0971996753248,11.0,11.0,63.26098710317463,2.0,32.0,13.0,645.3581867784994,0.11765617477345992,0.00023330598468735057,0.03056768558951965,0.01303780964797914,0.019527219516838504,0.013684561021349958
IND140301AAA,Chandigarh_Kharar_DC (Chandigarh),0.0008108173213792983,0.0005788638355865458,0.04894897625388021,1,2,14,25,14.0,118.62597984322517,3.0,25.0,19.47701525054469,6.0,39.0,9.0,138.10299509376986,0.025177754711071407,0.005758769388699436,0.020378457059679767,0.03259452411994785,0.004178714326985833,0.013654844103716784
IND635802AAB,Ambur_Central_D_2 (Tamil Nadu),0.0019632619273910624,0.0007600164221371308,0.04266292084323827,3,2,13,13,13.0,210.47916666666677,5.0,13.0,0.0,0.0,26.0,5.0,210.47916666666677,0.03837275814710496,0.013943921018147317,0.018922852983988356,0.01694915254237288,0.006368669330341825,0.013646940794209264
IND000000ABD,Pallakad_ChndrNgr_D (Kerala),0.002287917343716467,0.0008040171016881093,0.0,1,1,13,12,13.0,20.04882154882155,1.0,12.0,114.88823529411764,1.0,25.0,2.0,134.93705684293917,0.02460056797695539,0.01624976183347397,0.018922852983988356,0.01564537157757497,0.0040829195071985,0.01362179143082818
IND722143AAB,Mejia_Central_D_1 (West Bengal),0.0028249948536915458,0.0007332231736054594,0.0,1,1,8,9,8.0,232.91907692307694,5.0,9.0,20.1483193277311,1.0,17.0,6.0,253.06739625080803,0.046137079241808536,0.020064314683112146,0.011644832605531296,0.011734028683181226,0.0076573021004231545,0.013612607921937544
IND577401AAA,Sagara_Vardhard_D (Karnataka),0.0036730407894218177,0.0008556331443585032,0.0,1,1,9,7,9.0,0.0,0.0,8.0,0.0,0.0,17.0,0.0,0.0,0.0,0.026087497521123913,0.013100436681222707,0.009126466753585397,0.0,0.01357600481935499
IND147001AAB,Patiala (Punjab),0.0012000753331960984,0.000402504061569659,0.0,2,2,12,13,12.0,28.825876010781684,1.0,13.0,449.74545454545455,4.0,25.0,5.0,478.57133055623626,0.08724902428303355,0.00852344530724454,0.017467248908296942,0.01694915254237288,0.014480590186492153,0.013486633694292594
IND121102AAA,Palwal (Haryana),0.0,0.000949735527296681,0.0,1,1,28,11,28.0,112.57272074190178,8.0,11.0,205.188125,6.0,39.0,14.0,317.7608457419018,0.05793143461834394,0.0,0.040756914119359534,0.014341590612777053,0.009614793638293236,0.013423399356000626
IND723133AAA,Rghunthpur_barkarRd_D (West Bengal),0.002807475505761676,0.0007936086391453684,0.0,1,1,9,12,10.0,32.79831932773111,2.0,12.0,41.0411764705883,3.0,22.0,5.0,73.8394957983194,0.013461784170118571,0.019939884824612227,0.013100436681222707,0.01564537157757497,0.0022342322031491347,0.013286679391161097
IND505001AAB,Karimnagar_KamnHbRD_I (Telangana),9.307153587743464e-06,0.00277277190076037,0.0,4,2,24,8,30.0,477.43530553570895,11.0,15.0,74.58750000000003,2.0,45.0,13.0,552.022805535709,0.10064006782226952,6.610336232808266e-05,0.034934497816593885,0.010430247718383311,0.01670308167283944,0.013271855702020129
IND585307AAB,Chincholi_Mainroad_D (Karnataka),0.0,0.001015716684777636,0.0,2,2,15,15,15.0,0.0,0.0,15.0,660.125,8.0,30.0,8.0,660.125,0.1203483336285427,0.0,0.021834061135371178,0.01955671447196871,0.019974033099199342,0.013271663396267813
IND563101AAB,Kolar_Ambedkar_D (Karnataka),0.0024253347290413853,0.0005795175914828268,0.0,2,1,14,11,14.0,17.974576271186464,1.0,12.0,20.231250000000003,2.0,26.0,3.0,38.20582627118647,0.006965358873908564,0.017225758536082717,0.020378457059679767,0.014341590612777053,0.0011560302041627544,0.013262032573161001
IND852139AAB,Triveninganj_Central_D_1 (Bihar),0.0011628467188451246,0.000726850185886008,0.0,1,1,13,15,14.0,136.87187500000005,7.0,15.0,216.0409539473685,7.0,29.0,14.0,352.91282894736855,0.06434004299178298,0.00825903185793221,0.018922852983988356,0.01955671447196871,0.010678420793829677,0.013256179839925105
IND400015AAB,Mumbai_CotnGren_M (Maharashtra),0.0,0.00038639296200528494,0.2950367546942766,1,2,16,19,16.0,154.62644009216592,6.0,19.0,325.1416061705989,11.0,35.0,17.0,479.7680462627648,0.08746719923642543,0.0,0.023289665211062592,0.024771838331160364,0.014516800357493908,0.013241500797818068
IND145001AAA,Pathankot_DC (Punjab),1.6424388684253174e-06,0.0011275920197874245,0.0,1,1,13,6,13.0,1010.2739316239326,12.0,7.0,23.331737012987006,2.0,20.0,14.0,1033.6056686369197,0.1884381289141738,1.1665299234367529e-05,0.018922852983988356,0.007822685788787484,0.03127479467808961,0.0131718892788096
IND700028AAB,CCU_DumDum_DPC (West Bengal),0.0,0.0009013782506168971,0.0,1,1,22,8,22.0,338.94035087719305,10.0,8.0,270.89152179090263,4.0,30.0,14.0,609.8318726680957,0.11117932159693839,0.0,0.03202328966521106,0.010430247718383311,0.018452265873310753,0.013103773945046564
IND431708AAA,Loha_SivjiCWK_D (Maharashtra),0.001600830417091876,0.00047384118930134925,0.0,1,1,14,15,14.0,145.38157894736844,5.0,15.0,4.509482758620692,2.0,29.0,7.0,149.89106170598913,0.027326854008148247,0.011369778320430218,0.020378457059679767,0.01955671447196871,0.004535397125983045,0.013100305999976034
IND515671AAA,Dharmavram_SaiNgr_D (Andhra Pradesh),0.0028249948536915458,0.0004991578656073063,0.0,1,1,7,7,7.0,267.64086021505375,2.0,8.0,16.204861111111143,2.0,15.0,4.0,283.8457213261649,0.05174831974125454,0.020064314683112146,0.010189228529839884,0.009126466753585397,0.008588591301397356,0.013032797021123647
IND607001AAA,Cuddalore_KtsiGrsm_D (Tamil Nadu),0.002826637292559971,0.0007982150933608209,0.0,1,1,11,10,11.0,0.0,0.0,10.0,9.500000000000014,3.0,21.0,3.0,9.500000000000014,0.0017319585979491117,0.020075979982346514,0.01601164483260553,0.01303780964797914,0.0002874505804845961,0.012908346535059364
IND380005AAA,Amd_Chandkheda_Dc (Gujarat),0.0008108173213792983,0.0006528622993316707,0.2460396167944393,1,1,23,5,23.0,265.26860119047626,7.0,8.0,116.66380952380955,5.0,31.0,12.0,381.9324107142858,0.06963064448126714,0.005758769388699436,0.033478893740902474,0.00651890482398957,0.011556494017442366,0.012904252503383803
IND209101AAA,Akbarpur_NehruNGR_D (Uttar Pradesh),0.001619444724267363,0.0006196646790110605,0.0,1,1,11,10,11.0,385.1041666666667,5.0,10.0,15.860370370370386,2.0,21.0,7.0,400.9645370370371,0.07310041867305057,0.011501985045086384,0.01601164483260553,0.01303780964797914,0.012132367255266683,0.01286867747571384
IND500008AAC,Hyderabad_Tolichwk_I (Telangana),0.0,0.0008790347641810085,0.0,1,1,14,9,14.0,5.850000000000001,1.0,10.0,842.5075757575758,6.0,24.0,7.0,848.3575757575758,0.15466528394406276,0.0,0.020378457059679767,0.011734028683181226,0.025669566064212584,0.012839888664625345
IND248001AAA,Dehradun (Uttarakhand),0.0015531996899075418,0.000909063140908795,0.0,2,1,17,11,17.0,2.3659481343691837,2.0,11.0,146.25065165876788,1.0,28.0,3.0,148.61659979313706,0.027094505032598477,0.011031484642633559,0.024745269286754003,0.014341590612777053,0.004496834513703589,0.012802600233253855
IND507303AAA,Sathupally_VidyaNGR_D (Telangana),0.0007785160236336004,0.0004379594628337477,0.0,1,1,12,11,12.0,163.55752351729984,3.0,11.0,426.5312500000001,5.0,23.0,8.0,590.0887735173,0.10757992893121392,0.005529351837090209,0.017467248908296942,0.014341590612777053,0.017854880051051684,0.012760761059959293
IND424304AAC,Sakri_DhuleRoad_D (Maharashtra),0.0,0.00037502302938608297,0.16424295204896452,1,1,4,4,6.0,4.396011396011403,1.0,6.0,1386.1745173745176,2.0,12.0,3.0,1390.5705287705289,0.25351690351144807,0.0,0.005822416302765648,0.005215123859191656,0.042075821652616814,0.012726463445545663
IND611001AAA,Nagapttinm_Sttyapar_D (Tamil Nadu),0.0027565599008404908,0.0009588479214035264,0.0,1,1,10,10,10.0,15.093518518518522,5.0,10.0,26.11562500000003,4.0,20.0,9.0,41.20914351851855,0.007512897940107054,0.019578260548346833,0.01455604075691412,0.01303780964797914,0.001246904444807492,0.012682887384101917
IND136118AAA,Kurukshetra_DC (Haryana),0.0012203320792400108,0.0005919873640394666,0.0,1,1,15,15,15.0,178.28922872340436,2.0,15.0,0.0,0.0,30.0,2.0,178.28922872340436,0.03250416448518058,0.008667317331135073,0.021834061135371178,0.01955671447196871,0.005394667609546678,0.012660383089751924
IND283122AAB,Kirauli_AchneraRD_D (Uttar Pradesh),5.474796228084391e-07,0.0003149399203865224,0.0,1,1,12,3,12.0,34.61052631578948,4.0,4.0,1070.8640202702704,2.0,16.0,6.0,1105.47454658606,0.2015406469235389,3.88843307812251e-06,0.017467248908296942,0.003911342894393742,0.03344940001337981,0.012639429315460433
IND131028AAA,Sonipat_Kundli_P (Haryana),0.0,0.0003149399203865224,0.0,1,0,42,0,42.0,49.86015473887814,16.0,0.0,0.0,0.0,42.0,16.0,49.86015473887814,0.009090076178428738,0.0,0.0611353711790393,0.0,0.0015086663602886616,0.012604240825880025
IND854311AAA,Araria_Wardn13_D (Bihar),0.0012203320792400108,0.0005692835310497642,0.0,1,1,14,7,15.0,298.7149132564448,4.0,9.0,183.28796296296298,5.0,24.0,9.0,482.00287621940777,0.08787463428467406,0.008667317331135073,0.020378457059679767,0.009126466753585397,0.014584421743632999,0.012580651264458557
IND524201AAA,Kavali_Kacheri_D (Andhra Pradesh),0.0007757786255195582,0.0008935352956039133,0.0,1,1,12,12,12.0,0.0,0.0,12.0,532.4000000000001,3.0,24.0,3.0,532.4000000000001,0.09706260605769536,0.005509909671699596,0.017467248908296942,0.01564537157757497,0.016109335689473557,0.01257832640463763
IND210427AAA,Mahoba_Mlkpura_D (Uttar Pradesh),0.0007757786255195582,0.0007924999167108768,0.0,1,1,9,8,9.0,66.11184210526318,6.0,8.0,719.3694313509177,4.0,17.0,10.0,785.4812734561808,0.1432022152726787,0.005509909671699596,0.013100436681222707,0.010430247718383311,0.023767057685764068,0.012576369686457079
IND722151AAA,Simlapal_Central_D_1 (West Bengal),0.0007757786255195582,0.0006261662421880536,0.0,1,1,4,3,4.0,0.0,0.0,3.0,1149.002195945946,2.0,7.0,2.0,1149.002195945946,0.20947623498220927,0.005509909671699596,0.005822416302765648,0.003911342894393742,0.0347664577055513,0.01256683465091456
IND285001AAD,Orai_Ajnari_D (Uttar Pradesh),0.0015844060284076228,0.0007629548788877828,0.0,1,1,15,14,15.0,61.66250000000002,5.0,14.0,12.39624202551834,1.0,29.0,6.0,74.05874202551837,0.013501755263620165,0.011253125328086542,0.021834061135371178,0.018252933507170794,0.0022408661458099134,0.012516209329791163
IND573142AAA,Ramanathapura_Central_D_2 (Karnataka),0.001935340466627832,0.0009040067997777976,0.0,1,1,11,11,12.0,84.10789473684217,3.0,11.0,125.91027960526316,2.0,23.0,5.0,210.01817434210534,0.038288713976566774,0.013745610931163069,0.01601164483260553,0.014341590612777053,0.006354720644942443,0.0124702910762192
IND342902AAA,Gotan_DKLogDPP_D (Rajasthan),0.00269359974421752,0.0008286525981540396,0.05773518195711141,2,1,8,5,8.0,182.5398936170213,1.0,5.0,96.6451612903225,2.0,13.0,3.0,279.1850549073438,0.050898626975333504,0.019131090744362745,0.011644832605531296,0.00651890482398957,0.008447569062709442,0.012440521512108496
IND160055AAA,Chandigarh_Mohali (Chandigarh),0.0,0.0009378647587662171,0.1370375642943517,2,1,27,14,27.0,56.77897116823067,4.0,14.0,65.23796534017977,3.0,41.0,7.0,122.01693650841044,0.022245082345384422,0.0,0.039301310043668124,0.018252933507170794,0.0036919830766625936,0.012433844479333432
IND431514AAA,Gangakher_Busstand_D (Maharashtra),0.0015833110691620058,0.000573080667439767,0.0,1,1,15,15,15.0,4.509482758620692,2.0,15.0,23.414204545454545,2.0,30.0,4.0,27.923687304075237,0.005090807401340578,0.011245348461930297,0.021834061135371178,0.01955671447196871,0.0008449136973501855,0.012425255507481128
IND712124AAA,Hooghly_DC (West Bengal),1.0949592456168782e-06,0.0006883759562616482,0.28087066496737734,1,1,21,20,21.0,131.32793522267212,9.0,20.0,13.001777777777793,5.0,41.0,14.0,144.3297130004499,0.026312956565332273,7.77686615624502e-06,0.03056768558951965,0.02607561929595828,0.004367122082437308,0.0124231634008596
IND121001AAA,Faridabad (Haryana),0.0,0.0006991805574722896,0.0,1,1,19,22,19.0,15.024621212121215,3.0,22.0,134.47438271604943,9.0,41.0,12.0,149.49900392817065,0.027255377393497142,0.0,0.027656477438136828,0.028683181225554105,0.004523534259054896,0.012398815297501913
IND142001AAB,Moga_DPC (Punjab),0.0004494807703257285,0.0007929369283290939,0.11701491554711518,2,1,20,20,20.0,0.0,0.0,21.0,28.23091397849464,2.0,41.0,2.0,28.23091397849464,0.005146818336106893,0.00319240355713858,0.02911208151382824,0.02607561929595828,0.0008542097484977865,0.012368433844080255
IND400701AAB,Mumbai_Pawane_L (Maharashtra),0.0,0.00040402740568285905,0.21509649897413408,2,1,17,13,17.0,328.74157894736845,6.0,13.0,201.32,5.0,30.0,11.0,530.0615789473684,0.09663628516846055,0.0,0.024745269286754003,0.01694915254237288,0.01603857984852657,0.01234852932795702
IND532127AAA,Rajam_SamathBv_D (Andhra Pradesh),0.001619444724267363,0.0008987801205498408,0.0,1,1,14,14,14.0,66.8118421052632,5.0,14.0,7.104385964912282,1.0,28.0,6.0,73.91622807017548,0.01347577334043239,0.011501985045086384,0.020378457059679767,0.018252933507170794,0.0022365539648424955,0.012311111370360969
IND741156AAA,Plassey_BtaiRoad_D (West Bengal),0.0011628467188451246,0.0009471052231793947,0.0,1,2,13,14,13.0,43.14901960784313,3.0,14.0,217.0508979656708,7.0,27.0,10.0,260.1999175735139,0.04743741941337863,0.00825903185793221,0.018922852983988356,0.018252933507170794,0.007873117615636898,0.012294097852417328
IND563131AAA,Mulbagal_Sunku_D (Karnataka),0.002407815381111515,0.0006628894141966227,0.0,1,1,11,11,11.0,20.231250000000003,2.0,11.0,9.976962209302343,1.0,22.0,3.0,30.208212209302346,0.005507302406797101,0.017101328677582794,0.01601164483260553,0.014341590612777053,0.0009140387510490327,0.012284621813992752
IND688009AAA,Alappuzha_Pazhvedu_D (Kerala),1.6424388684253174e-06,0.001413696068446617,0.0,1,1,9,10,9.0,4.714843750000007,1.0,10.0,912.4081481481483,5.0,19.0,6.0,917.1229918981483,0.1672020053889273,1.1665299234367529e-05,0.013100436681222707,0.01303780964797914,0.027750266989146514,0.012169298867859026
IND246174AAA,SrinagarUK_Srikot_D (Uttarakhand),5.474796228084391e-07,0.0011275920197874245,0.10627740504237346,1,1,10,11,10.0,822.279103232534,3.0,11.0,17.60156250000003,1.0,21.0,4.0,839.880665732534,0.15311984634386147,3.88843307812251e-06,0.01455604075691412,0.014341590612777053,0.025413072095011115,0.012134155249268357
IND712103AAA,Hoogly_Bandel_D (West Bengal),2.1899184912337564e-06,0.000756247951740906,0.28087066496737734,1,1,20,18,20.0,13.001777777777793,5.0,18.0,190.36500000000007,7.0,38.0,12.0,203.36677777777786,0.03707608834836087,1.555373231249004e-05,0.02911208151382824,0.02346805736636245,0.006153462981421476,0.01205983732770288
IND580002AAA,Dharwad_Dc (Karnataka),0.0,0.00038211595614133986,0.0,1,0,5,0,7.0,1287.15,6.0,2.0,112.30714285714288,1.0,9.0,7.0,1399.457142857143,0.25513703484554984,0.0,0.00727802037845706,0.0,0.042344712429221006,0.012041782182996664
IND246424AAA,Chamoli_CGRoad_D (Uttarakhand),5.474796228084391e-07,0.0011275920197874245,0.10627740504237346,1,1,11,10,11.0,0.0,0.0,10.0,822.279103232534,3.0,21.0,3.0,822.279103232534,0.14991088029026003,3.88843307812251e-06,0.01601164483260553,0.01303780964797914,0.024880484794162598,0.012031373046234927
IND608001AAA,Chidambaram_ARBNorth_DC (Tamil Nadu),0.002809117944630101,0.0008493611004881474,0.0,1,1,10,7,10.0,9.500000000000014,3.0,7.0,15.570555555555572,3.0,17.0,6.0,25.070555555555586,0.004570648868400558,0.019951550123846595,0.01455604075691412,0.009126466753585397,0.0007585837628963956,0.011909189986170311
IND431515AAA,Parli_JirgeNgr_D (Maharashtra),0.0015657917212321358,0.0006574848185066618,0.0,1,1,15,13,15.0,23.414204545454545,2.0,13.0,10.488888888888894,4.0,28.0,6.0,33.90309343434344,0.006180921491650854,0.011120918603430377,0.021834061135371178,0.01694915254237288,0.0010258383039921588,0.011905423822747483
IND147105AAA,Patran_MheshNGR_D (Punjab),0.0003881630525711833,0.0004887109113240448,0.2502438849139574,1,1,6,6,8.0,26.928100470957617,1.0,7.0,979.6590909090911,5.0,15.0,6.0,1006.5871913800487,0.18351235165222327,0.002756899052388859,0.008733624454148471,0.007822685788787484,0.03045727078637409,0.011890494413516814
IND577535AAC,Molakalmuru_KnsgraRD_D (Karnataka),0.002332810672786759,0.0005510606905556587,0.0,1,1,10,10,10.0,71.40000000000005,3.0,10.0,0.0,0.0,20.0,3.0,71.40000000000005,0.013017036199322787,0.01656861334588001,0.01455604075691412,0.01303780964797914,0.002160418047010542,0.011857889263789292
IND852201AAA,Saharsa_Gangjala_D (Bihar),0.0011978854147048647,0.0005700946350618544,0.08957339334496778,2,1,10,12,11.0,290.13611111111123,7.0,13.0,81.0852941176471,6.0,24.0,13.0,371.22140522875833,0.06767790573986299,0.00850789157493205,0.01455604075691412,0.01564537157757497,0.011232400886454096,0.011826144739737558
IND521333AAA,Kaikaluru_Atapaka_D (Andhra Pradesh),0.0007785160236336004,0.00045035329209511287,0.055095395270544543,2,1,14,12,14.0,44.49135802469136,2.0,12.0,308.58507462686566,4.0,26.0,6.0,353.076432651557,0.06436986981726987,0.005529351837090209,0.020378457059679767,0.01564537157757497,0.01068337110748635,0.011810881647304108
IND515401AAB,Gooty_StatonRd_D (Andhra Pradesh),0.0012154047626347349,0.0007810950275005047,0.0,1,1,13,14,13.0,83.53812500000001,3.0,14.0,93.5526315789474,4.0,27.0,7.0,177.0907565789474,0.03228566931307587,0.008632321433431971,0.018922852983988356,0.018252933507170794,0.005358404292323649,0.01179607087301393
IND814133AAB,Godda_Central_D_2 (Jharkhand),0.001569624078591795,0.0011337905840122084,0.0,3,1,12,11,12.0,110.65828001961128,4.0,11.0,90.850830078125,2.0,23.0,6.0,201.50911009773628,0.03673741429461558,0.011148137634977235,0.017467248908296942,0.014341590612777053,0.006097253754792484,0.01178792951515495
IND852113AAA,Madhepura_Krishnpr_D (Bihar),0.0011803660667749946,0.0006548743250384735,0.0,1,1,12,13,13.0,119.08529411764712,6.0,14.0,141.30520833333338,7.0,27.0,13.0,260.39050245098053,0.04747216521518572,0.008383461716432129,0.017467248908296942,0.01694915254237288,0.007878884324443147,0.011787212971995998
IND516390AAA,Pulivendula_RTCStand_D (Andhra Pradesh),0.0027023594181824553,0.0007573608416832014,0.0,1,1,9,9,9.0,13.116306390977456,1.0,9.0,0.0,0.0,18.0,1.0,13.116306390977456,0.002391252592335606,0.019193305673612705,0.013100436681222707,0.011734028683181226,0.0003968726195684508,0.011783768213537346
IND342601AAA,Piparcity_BsstdDPP_D (Rajasthan),0.003117348972271252,0.0006359276230933382,0.05773518195711141,1,2,6,6,6.0,79.89230055658632,2.0,6.0,11.962500000000006,1.0,12.0,3.0,91.85480055658633,0.016746180167040034,0.022140737946829567,0.008733624454148471,0.007822685788787484,0.002779338498977632,0.011755354954721946
IND577598AAB,Madikeri_MuthpTmp_D (Karnataka),0.0019528598145577023,0.0008631607249863102,0.0,1,1,11,11,11.0,18.147697368421056,2.0,11.0,84.10789473684217,3.0,22.0,5.0,102.25559210526322,0.018642363361588178,0.01387004078966299,0.01601164483260553,0.014341590612777053,0.003094045190363574,0.011698672663049458
IND509358AAA,Kadthal_GndhiDPP_D (Telangana),0.0012154047626347349,0.000777777108831137,0.05570450593258521,1,2,12,12,12.0,157.6254901960784,4.0,12.0,112.3705779054917,4.0,24.0,8.0,269.99606810157013,0.04922336963799659,0.008632321433431971,0.017467248908296942,0.01564537157757497,0.008169529105721555,0.011686218875305961
IND609602AAA,Karaikal_Thalthru_DC (Pondicherry),0.0027740792487703607,0.0009267606537846685,0.0,1,1,7,10,7.0,0.0,0.0,10.0,15.093518518518522,5.0,17.0,5.0,15.093518518518522,0.002751720965416027,0.019702690406846753,0.010189228529839884,0.01303780964797914,0.00045669901681085726,0.011655524032162882
IND846004AAA,Darbhanga (Bihar),0.0008108173213792983,0.0008208198493857292,0.0,1,1,15,15,15.0,151.24387755102046,4.0,15.0,21.22500000000001,2.0,30.0,6.0,172.46887755102046,0.03144304793190758,0.005758769388699436,0.021834061135371178,0.01955671447196871,0.005218555680796578,0.011598363327711926
IND110024AAA,Delhi_Lajpat_IP (Delhi),0.00040677735974667026,0.002311176615890141,0.05677389142588781,3,1,26,9,26.0,66.72468438914035,8.0,9.0,19.300000000000008,4.0,35.0,12.0,86.02468438914036,0.01568328334354002,0.0028891057770450246,0.03784570596797671,0.011734028683181226,0.0026029311014381614,0.011577866727556887
IND516269AAA,Rayachoti_Madnpali_D (Andhra Pradesh),0.0027198787661123253,0.0006916538819144434,0.0,1,1,8,9,8.0,0.0,0.0,9.0,13.116306390977456,1.0,17.0,1.0,13.116306390977456,0.002391252592335606,0.019317735532112624,0.011644832605531296,0.011734028683181226,0.0003968726195684508,0.011536197848874035
IND571426AAA,Krishnarajpet_MuruPost_D (Karnataka),0.0019878985104174423,0.0007590140695310316,0.0,1,1,11,10,12.0,101.13190104166667,4.0,10.0,0.0,0.0,22.0,4.0,101.13190104166667,0.018437501635374005,0.014118900506662832,0.01601164483260553,0.01303780964797914,0.0030600445957829235,0.011516517222394657
IND380021AAA,AMD_Rakhial (Gujarat),0.0,0.00017023117673190812,0.0,0,1,0,21,0.0,0.0,0.0,21.0,796.496449704142,10.0,21.0,10.0,796.496449704142,0.14521040782116096,0.0,0.0,0.027379400260756193,0.024100354402250022,0.011500968652713744
IND400072AAJ,Mumbai_Tejpal_I (Maharashtra),0.0,0.0005986522635578296,0.0,2,0,28,0,28.0,334.3398717948719,12.0,2.0,105.60000000000001,2.0,30.0,14.0,439.9398717948719,0.08020606774060603,0.0,0.040756914119359534,0.0,0.01331168121323732,0.011479303127181237
IND506314AAA,Rayaparthi_Perkadrd_D (Telangana),0.0011628467188451246,0.0011378198170045534,0.0,1,1,8,9,8.0,0.0,0.0,9.0,514.35,5.0,17.0,5.0,514.35,0.09377188472159204,0.00825903185793221,0.011644832605531296,0.011734028683181226,0.015563179586552822,0.011457228304656984
IND848114AAA,DalsinghSarai_Wardno13_D (Bihar),0.0012159522422575432,0.0007774472712088077,0.0,1,1,14,15,14.0,57.77894736842106,2.0,15.0,0.0,0.0,29.0,2.0,57.77894736842106,0.01053376259738799,0.008636209866510093,0.020378457059679767,0.01955671447196871,0.0017482728379833196,0.011446775969104057
IND843301AAA,Sitamari_Durma_D (Bihar),0.0011978854147048647,0.0007896742944644034,0.06939209145529997,2,1,12,13,12.0,179.21666666666675,8.0,13.0,25.39244444444448,5.0,25.0,13.0,204.60911111111125,0.03730257991659092,0.00850789157493205,0.017467248908296942,0.01694915254237288,0.006191053448560639,0.011408805703500344
IND848210AAA,Rusera_Wardno4_D (Bihar),0.0011984328943276733,0.0008306828867730704,0.0,1,1,15,14,15.0,0.0,0.0,14.0,53.42607587344429,4.0,29.0,4.0,53.42607587344429,0.009740184364599296,0.008511780008010172,0.021834061135371178,0.018252933507170794,0.001616563844509012,0.011400662892439207
IND209111AAA,Pukhrayan_Arulimod_D (Uttar Pradesh),0.0016019253763374928,0.0006965169671847292,0.0,1,1,10,15,10.0,15.860370370370386,2.0,15.0,61.66250000000002,5.0,25.0,7.0,77.52287037037041,0.014133305460595503,0.011377555186586463,0.01455604075691412,0.01955671447196871,0.002345683588294215,0.01139111625815538
IND847212AAA,Madhubani_Bardivan_D (Bihar),0.00040568240050105337,0.0008208198493857292,0.2718207902831701,1,1,15,14,15.0,194.8125000000001,5.0,14.0,113.79532163742692,3.0,29.0,8.0,308.60782163742704,0.05626273369255652,0.002881328910888779,0.021834061135371178,0.018252933507170794,0.009337841839133155,0.011360324507102754
IND590016AAA,Belgaum_Dc (Karnataka),0.0007932979734494283,0.0007557634712855884,0.10281096990559808,2,1,11,3,11.0,712.6117222222223,1.0,3.0,0.0,0.0,14.0,1.0,712.6117222222223,0.1299172630844316,0.005634339530199516,0.01601164483260553,0.003911342894393742,0.02156217402241108,0.011347159886572455
IND131021AAA,Sonipat_AmzonDev_V (Haryana),0.0,0.00017023117673190812,0.0,0,1,0,42,0.0,0.0,0.0,42.0,49.86015473887814,16.0,42.0,16.0,49.86015473887814,0.009090076178428738,0.0,0.0,0.054758800521512385,0.0015086663602886616,0.011328926694374642
IND562114AAA,Hoskote_DC (Karnataka),0.0003892580118168002,0.0004752350868387586,0.0,1,2,17,15,17.0,68.42424242424246,5.0,15.0,123.37059304655457,8.0,32.0,13.0,191.79483547079704,0.034966390982724395,0.0027646759185451044,0.024745269286754003,0.01955671447196871,0.0058033196621082245,0.011278863238762385
IND577522AAA,Challakere_Shivangr_D (Karnataka),0.002315291324856889,0.0006392513100961731,0.0,1,1,10,10,10.0,0.0,0.0,10.0,0.0,0.0,20.0,0.0,0.0,0.0,0.016444183487380092,0.01455604075691412,0.01303780964797914,0.0,0.011274234301561685
IND731237AAB,Morgram_Kntgorya_D (West Bengal),0.001619444724267363,0.0010697084147222712,0.0,2,1,12,9,12.0,115.70288314176246,5.0,9.0,69.90000000000006,5.0,21.0,10.0,185.6028831417625,0.033837527290686245,0.011501985045086384,0.017467248908296942,0.011734028683181226,0.005615963841969917,0.011269941244568349
IND502110AAA,Medak_Dwaraka_D (Telangana),0.001173248831678485,0.0007923095521856703,0.0,1,1,14,14,14.0,67.62036011080333,3.0,14.0,0.0,0.0,28.0,3.0,67.62036011080333,0.012327964641086401,0.008332912086416537,0.020378457059679767,0.018252933507170794,0.002046053870150297,0.011154310811153473
IND515801AAA,Guntakal_Verpatem_D (Andhra Pradesh),0.0011978854147048647,0.0008344488552828365,0.0,1,1,14,13,14.0,93.5526315789474,4.0,14.0,0.0,0.0,28.0,4.0,93.5526315789474,0.017055714170939297,0.00850789157493205,0.020378457059679767,0.01694915254237288,0.0028307113950768368,0.011150961820405958
IND607801AAA,Neyveli_NJVNgr_D (Tamil Nadu),0.0016019253763374928,0.0008861059386078001,0.0,1,1,12,12,12.0,22.92556561085976,4.0,12.0,49.146323529411795,3.0,24.0,7.0,72.07188914027155,0.013139529270202984,0.011377555186586463,0.017467248908296942,0.01564537157757497,0.0021807480389465774,0.011149855422216288
IND423701AAB,Vaijiapur_YeolaRD_D (Maharashtra),0.001935340466627832,0.0008565903146838574,0.0,1,1,8,12,10.0,7.4571428571428555,2.0,12.0,95.12192513368996,3.0,22.0,5.0,102.57906799083281,0.018701336713297805,0.013745610931163069,0.011644832605531296,0.01564537157757497,0.0031038329094246002,0.011044962889884475
IND573116AAA,Channaraya_patna_D (Karnataka),0.0020229372062771822,0.0006141588956587984,0.0,1,1,9,7,9.0,118.48246753246752,3.0,9.0,89.05416666666669,2.0,18.0,5.0,207.5366341991342,0.037836300841116804,0.01436776022366267,0.013100436681222707,0.009126466753585397,0.006279634312880034,0.011044005343463564
IND585211AAA,Chittapur_GlbrgaRD_D (Karnataka),0.0007927504938266198,0.0009536908068182076,0.0,2,2,15,14,15.0,0.0,0.0,14.0,138.0467105263158,2.0,29.0,2.0,138.0467105263158,0.025167493391015205,0.005630451097121393,0.021834061135371178,0.018252933507170794,0.004177011271029308,0.011032309630258207
IND731301AAA,Nanoor_Central_DPP_1 (West Bengal),0.0011628467188451246,0.000672344696713718,0.0,1,1,11,12,12.0,73.49196428571433,4.0,12.0,164.11025210084034,1.0,24.0,5.0,237.6022163865547,0.043317600164469276,0.00825903185793221,0.01601164483260553,0.01564537157757497,0.007189357371025438,0.011019403775068734
IND431517AAB,Ambajogai_BnsllNgr_D (Maharashtra),0.0015482723733022657,0.000729187690170157,0.0,1,1,13,12,13.0,10.488888888888894,4.0,12.0,19.21163793103449,3.0,25.0,7.0,29.700526819923383,0.005414745556777308,0.010996488744930456,0.018922852983988356,0.01564537157757497,0.0008986772289563453,0.010987085280277411
IND843105AAB,Dholi_WardNo4_D (Bihar),0.0008108173213792983,0.0007774472712088077,0.0,1,1,14,14,14.0,47.21671826625391,5.0,14.0,117.02184210526315,4.0,28.0,9.0,164.23856037151705,0.029942567026340294,0.005758769388699436,0.020378457059679767,0.018252933507170794,0.004969523107025989,0.010984228176171413
IND423109AAA,Shirdi_SaiBansi_D (Maharashtra),0.0019703791624875724,0.00074960717642814,0.0,1,1,10,10,12.0,15.51190476190476,2.0,10.0,59.07685185185187,5.0,22.0,7.0,74.58875661375663,0.013598382981845188,0.01399447064816291,0.01455604075691412,0.01303780964797914,0.002256903303815639,0.01098106063378958
IND143001AAA,Amritsar_DPC (Punjab),0.0,0.0011914710147868247,0.1703460975005756,2,1,23,14,24.0,2.717225070095438,1.0,14.0,80.41018119068167,3.0,38.0,4.0,83.12740626077711,0.015155076420901215,0.0,0.033478893740902474,0.018252933507170794,0.0025152653877725467,0.01097518179655779
IND382421AAA,Gandhinagar_DC (Gujarat),0.0007932979734494283,0.0007253786909470542,0.15253165684521666,1,2,5,19,5.0,85.35499999999999,2.0,19.0,257.27575604838717,6.0,24.0,8.0,342.6307560483872,0.06246550356419031,0.005634339530199516,0.00727802037845706,0.024771838331160364,0.010367306286103663,0.010973817149019231
IND607106AAA,Panruti_GandhiRd_D (Tamil Nadu),0.001619444724267363,0.0008403409259740525,0.0,1,1,12,12,12.0,19.786096256684502,1.0,12.0,22.92556561085976,4.0,24.0,5.0,42.711661867544265,0.0077868242109672,0.011501985045086384,0.017467248908296942,0.01564537157757497,0.0012923675786618285,0.010971310757620074
IND465683AAA,Pachore_Shop3DPP_D (Madhya Pradesh),0.0011978854147048647,0.0006968356754744752,0.0,1,1,11,13,11.0,1.6406250000000142,1.0,13.0,180.95370370370372,3.0,24.0,4.0,182.59432870370375,0.03328903342475006,0.00850789157493205,0.01601164483260553,0.01694915254237288,0.005524931134639444,0.010951154309881762
IND395006AAA,Surat_Varachha_DC (Gujarat),0.0,0.0011218943854621169,0.0,1,1,14,3,14.0,9.174089068825914,2.0,3.0,795.965,3.0,17.0,5.0,805.1390890688259,0.14678605977449122,0.0,0.020378457059679767,0.003911342894393742,0.024361863002491855,0.010948425741437666
IND742121AAA,Nowda_AmtlaDPP_D (West Bengal),0.0011639416780907415,0.0011365285281530442,0.0,1,2,9,11,9.0,37.88736263736268,5.0,11.0,298.09338842975205,8.0,20.0,13.0,335.98075106711474,0.06125313163748303,0.008266808724088455,0.013100436681222707,0.014341590612777053,0.010166090729041325,0.010923311194491242
IND609110AAA,Sirkazhi_Pngktgudi_D (Tamil Nadu),0.002791598596700231,0.000890962844337137,0.0,1,1,7,7,7.0,15.570555555555572,3.0,7.0,0.0,0.0,14.0,3.0,15.570555555555572,0.002838690270451447,0.019827120265346675,0.010189228529839884,0.009126466753585397,0.0004711331824117996,0.010920414445159341
IND246761AAA,Dhampur_NaginaRD_D (Uttar Pradesh),0.0019703791624875724,0.000783630958521505,0.0,1,1,11,10,11.0,22.85806451612909,3.0,11.0,0.0,0.0,22.0,3.0,22.85806451612909,0.00416728646012476,0.01399447064816291,0.01601164483260553,0.01303780964797914,0.0006916383067279628,0.010880865199655945
IND788713AAA,Karimganj_Alngjuri_D (Assam),0.0007932979734494283,0.0006761774504989172,0.0,1,1,12,10,13.0,98.8742869875223,5.0,11.0,270.78525641025647,6.0,24.0,11.0,369.65954339777875,0.06739316047386577,0.005634339530199516,0.017467248908296942,0.01303780964797914,0.011185142140143378,0.010869316081860892
IND845401AAA,Motihari_RajaBzr_D (Bihar),0.0007932979734494283,0.00085028427136386,0.1449397466157932,2,1,14,15,14.0,82.28287037037038,3.0,15.0,34.2071428571428,4.0,29.0,7.0,116.49001322751317,0.021237461051010202,0.005634339530199516,0.020378457059679767,0.01955671447196871,0.0035247496760954624,0.010840240560923392
IND712310AAA,Kolkata_Dankuni_P (West Bengal),0.0,0.0004596486640411367,0.0,2,0,27,0,27.0,393.1594759468116,14.0,0.0,0.0,0.0,27.0,14.0,393.1594759468116,0.0716774668138154,0.0,0.039301310043668124,0.0,0.011896202061466361,0.010834312524100215
IND571104AAA,Koppa_BMRd_D (Karnataka),0.0019703791624875724,0.0008153348388013325,0.0,1,1,10,11,10.0,0.0,0.0,11.0,18.147697368421056,2.0,21.0,2.0,18.147697368421056,0.003308532683180555,0.01399447064816291,0.01455604075691412,0.014341590612777053,0.0005491122255801476,0.01081486905719029
IND532201AAA,Tekkali_AmvdiDPP_D (Andhra Pradesh),0.0011978854147048647,0.0008893475599603171,0.0,1,1,13,14,14.0,22.63055555555558,2.0,14.0,28.378526315789472,2.0,28.0,4.0,51.00908187134505,0.009299538728480642,0.00850789157493205,0.018922852983988356,0.018252933507170794,0.0015434305467267792,0.010798776986139744
IND403702AAA,Canacona_CharRsta_D (Goa),0.00219210840972499,0.0004782892142661255,0.0,1,1,8,8,8.0,0.0,0.0,8.0,115.39020555190257,1.0,16.0,1.0,115.39020555190257,0.021036953539445548,0.015569286044802526,0.011644832605531296,0.010430247718383311,0.003491471744013812,0.010737134116467258
IND221010AAB,Varanasi_MahmurGj_IP (Uttar Pradesh),0.0,0.00017023117673190812,0.0,0,1,0,3,2.0,81.66666666666667,2.0,5.0,1233.9196307915058,5.0,7.0,7.0,1315.5862974581726,0.2398464209712333,0.0,0.0,0.003911342894393742,0.03980695209283491,0.010734006602087476
IND000000AAL,Pune_PC (Maharashtra),0.0,0.0004398443500649368,0.0,1,1,14,14,14.0,238.01631428999858,6.0,14.0,159.2811403508772,5.0,28.0,11.0,397.2974546408758,0.07243186763248012,0.0,0.020378457059679767,0.018252933507170794,0.01202140883806022,0.010731630322885167
IND110035AAC,Delhi_North_R_8 (Delhi),0.0,0.000667557623424804,0.0,1,0,25,0,25.0,455.57619047619045,11.0,2.0,0.0,0.0,27.0,11.0,455.57619047619045,0.08305674738064622,0.0,0.036390101892285295,0.0,0.013784804253404389,0.010724221441808157
IND515591AAA,Kadiri_GVManu_D (Andhra Pradesh),0.0027373981140421957,0.0006128502464165905,0.0,1,1,6,8,7.0,11.100000000000023,1.0,8.0,0.0,0.0,15.0,1.0,11.100000000000023,0.002023656888130016,0.019442165390612547,0.008733624454148471,0.010430247718383311,0.00033586330982937043,0.01072149814867809
IND600116AAB,Chennai_Porur_DPC (Tamil Nadu),0.0008135547194933405,0.0006692431942407397,0.0,2,1,15,7,17.0,173.92365030124864,10.0,11.0,155.27914614121516,6.0,28.0,16.0,329.2027964424638,0.06001743302814901,0.005778211554090049,0.021834061135371178,0.009126466753585397,0.009961003677319833,0.01070473054105279
IND508377AAB,Haliya_PeroorRD_D (Telangana),0.0011628467188451246,0.0009506807153614178,0.0,1,1,11,10,11.0,4.536718750000006,1.0,10.0,259.95000000000005,2.0,21.0,3.0,264.48671875,0.04821895227183268,0.00825903185793221,0.01601164483260553,0.01303780964797914,0.008002827456331948,0.010701258910476196
IND122413AAE,Gurgaon_Bilaspur_P (Haryana),0.0,0.0003149399203865224,0.0,1,0,32,0,32.0,182.00054054054067,8.0,0.0,0.0,0.0,32.0,8.0,182.00054054054067,0.033180779054797355,0.0,0.046579330422125184,0.0,0.005506964318619854,0.010692607164080001
IND713128AAB,Guskhara_Itachnda_D (West Bengal),0.0011978854147048647,0.0004944406899210897,0.0,1,1,10,11,10.0,101.3981481481481,4.0,12.0,152.02750000000003,5.0,22.0,9.0,253.42564814814813,0.04620239265800115,0.00850789157493205,0.01455604075691412,0.014341590612777053,0.007668142070512641,0.010674323842792611
IND606003AAA,Virudhchlm_SelamRd_D (Tamil Nadu),0.0015844060284076228,0.0009216147809036602,0.0,1,1,12,11,12.0,49.146323529411795,3.0,11.0,0.0,0.0,23.0,3.0,49.146323529411795,0.008959936588879301,0.011253125328086542,0.017467248908296942,0.014341590612777053,0.00148706728707507,0.010672128590813856
IND246149AAA,Kotdwara_Nzbadrd_D (Uttarakhand),0.0,0.0005505483754161284,0.0,1,1,13,11,13.0,291.8977582846005,5.0,11.0,236.10129310344826,5.0,24.0,10.0,527.9990513880488,0.09626026281689522,0.0,0.018922852983988356,0.014341590612777053,0.015976171980716894,0.010646931714532305
IND305601AAC,Nasirabad_Central_DPP_2 (Rajasthan),0.0015570320472672009,0.0006471155666774125,0.0,1,1,9,13,9.0,45.88506493506493,1.0,13.0,54.797794117647086,4.0,22.0,5.0,100.68285905271202,0.018355636147625566,0.011058703674180418,0.013100436681222707,0.01694915254237288,0.0030464575031106107,0.010642078506459917
IND535501AAB,Parvathipuram_Central_D_2 (Andhra Pradesh),0.0015668866804777527,0.0009877393281494916,0.0,1,1,13,11,13.0,9.338888888888896,3.0,12.0,0.0,0.0,25.0,3.0,9.338888888888896,0.0017025862006739502,0.01112869546958662,0.018922852983988356,0.014341590612777053,0.00028257568759918465,0.010618576055608194
IND246763AAA,Najibabad_KotdwrRD_D (Uttar Pradesh),0.0019878985104174423,0.0007209841723998529,0.0,1,1,9,11,9.0,0.0,0.0,11.0,22.85806451612909,3.0,20.0,3.0,22.85806451612909,0.00416728646012476,0.014118900506662832,0.013100436681222707,0.014341590612777053,0.0006916383067279628,0.010602930212813933
IND503122AAA,Yellareddy_JKRoad_D (Telangana),0.0007839908198616848,0.0007301604773316615,0.0,1,1,15,14,15.0,7.746153846153845,1.0,14.0,67.62036011080333,3.0,29.0,4.0,75.36651395695718,0.013740177036337214,0.005568236167871433,0.021834061135371178,0.018252933507170794,0.002280436651160813,0.010536390750053599
IND848101AAA,Samastipur_Haripur_D (Bihar),0.0007932979734494283,0.0008306828867730704,0.0,1,1,14,11,15.0,162.5051754385965,5.0,11.0,47.90694444444449,6.0,26.0,11.0,210.412119883041,0.03836053475201385,0.005634339530199516,0.020378457059679767,0.014341590612777053,0.006366640631723629,0.010507688527992103
IND741126AAB,Nakashipara_MaxDPP_D (West Bengal),0.0011803660667749946,0.0009150651948748068,0.0,1,1,11,13,12.0,85.5135416666667,3.0,13.0,43.14901960784313,3.0,25.0,6.0,128.6625612745098,0.02345665570879383,0.008383461716432129,0.01601164483260553,0.01694915254237288,0.0038930660973676536,0.010499637600088842
IND313324AAA,Rajsamand_kankroli_D (Rajasthan),0.0019320555888909816,0.0010369998962906158,0.0,1,1,5,14,5.0,0.0,0.0,14.0,77.14087346024638,4.0,19.0,4.0,77.14087346024638,0.014063663057134525,0.013722280332694336,0.00727802037845706,0.018252933507170794,0.0023341251426564806,0.010492520179232709
IND532421AAA,Narasnpeta_HudcoDPP_D (Andhra Pradesh),0.0012154047626347349,0.0008467409102771314,0.0,1,1,13,13,13.0,22.287037037037052,4.0,13.0,16.338888888888896,1.0,26.0,5.0,38.62592592592595,0.007041947843279248,0.008632321433431971,0.018922852983988356,0.01694915254237288,0.0011687415609644642,0.010487898997214553
IND515761AAA,Kalyandurg_Shankrpa_D (Andhra Pradesh),0.0011628467188451246,0.0009177013113294169,0.0,1,1,13,14,14.0,0.0,0.0,14.0,8.391658391261188,1.0,28.0,1.0,8.391658391261188,0.0015298952528206952,0.00825903185793221,0.018922852983988356,0.018252933507170794,0.000253914429031206,0.010389297055765905
IND509001AAA,Mahabubnagar_DC (Telangana),0.0008108173213792983,0.0008284059365060728,0.0,1,1,13,14,13.0,111.77046783625732,2.0,14.0,11.451934984520143,2.0,27.0,4.0,123.22240282077746,0.02246485263425201,0.005758769388699436,0.018922852983988356,0.018252933507170794,0.003728458023109386,0.01038284109005398
IND742303AAB,Domkal_Central_D_2 (West Bengal),0.0012164997218803517,0.0011412424692117916,0.0,2,1,13,12,13.0,38.989583333333385,3.0,12.0,17.679491255961878,5.0,25.0,8.0,56.66907458929526,0.010331420102394665,0.008640098299588216,0.018922852983988356,0.01564537157757497,0.0017146903564439764,0.010366351906279535
IND134109AAA,Chandigarh_Panchkula (Chandigarh),0.0,0.00017023117673190812,0.0,0,1,0,9,0.0,0.0,0.0,9.0,1056.6882239382242,8.0,9.0,8.0,1056.6882239382242,0.19264634261067168,0.0,0.0,0.011734028683181226,0.031973225617082,0.010340112140906745
IND582101AAB,Gadag_Cdosclrd_D (Karnataka),0.0011628467188451246,0.000881264990557447,0.0,1,1,11,12,13.0,0.6496527777777885,1.0,12.0,145.13705882352951,5.0,25.0,6.0,145.7867116013073,0.02657858406574856,0.00825903185793221,0.01601164483260553,0.01564537157757497,0.004411207881761698,0.010324866402752798
IND423601AAA,Kopargaon_NkshtrPz_D (Maharashtra),0.0019528598145577023,0.0008074821211171493,0.0,1,1,10,8,10.0,59.07685185185187,5.0,10.0,2.907692307692301,1.0,20.0,6.0,61.98454415954417,0.011300490968113556,0.01387004078966299,0.01455604075691412,0.010430247718383311,0.001875525599972003,0.010320653371434535
IND136128AAA,Pehowa_WdN14DPP_D (Haryana),0.0008146496787389574,0.0006735777138781394,0.0,1,1,15,15,15.0,0.0,0.0,15.0,0.2750000000000057,1.0,30.0,1.0,0.2750000000000057,5.0135643624843675e-05,0.005785988420246294,0.021834061135371178,0.01955671447196871,8.320937856133206e-06,0.010305331303018212
IND389001AAA,Godhra_DC (Gujarat),0.0008135547194933405,0.000484990604514362,0.0,1,1,15,15,15.0,0.0,0.0,15.0,0.48749999999999716,1.0,30.0,1.0,0.48749999999999716,8.887682278949324e-05,0.005778211554090049,0.021834061135371178,0.01955671447196871,1.4750753472235746e-05,0.010304216853767555
IND606201AAC,Chinnasalem_VkotRoad_D (Tamil Nadu),0.0015493673325478825,0.0009810023230211826,0.0,1,1,11,12,11.0,0.0,0.0,12.0,11.375502050037682,2.0,23.0,2.0,11.375502050037682,0.00207388406121584,0.0110042656110867,0.01601164483260553,0.01564537157757497,0.00034419943869337265,0.010268946105589788
IND843320AAA,Pupri_SngihiRD_D (Bihar),0.0011803660667749946,0.0008414319288190315,0.0,1,1,13,7,14.0,179.7257777777778,6.0,7.0,46.561875000000015,3.0,21.0,9.0,226.28765277777782,0.04125482587770473,0.008383461716432129,0.018922852983988356,0.009126466753585397,0.006847001804996723,0.010255825999515175
IND518501AAA,Nandyal_SrnvsNgr_D (Andhra Pradesh),0.0012154047626347349,0.0009064775215343552,0.0,1,1,14,11,14.0,0.0,0.0,11.0,36.46116071428577,3.0,25.0,3.0,36.46116071428577,0.006647286398980161,0.008632321433431971,0.020378457059679767,0.014341590612777053,0.00110324019078564,0.010241132083888963
IND305901AAA,Beawar_DC (Rajasthan),0.00040677735974667026,0.000983038579114316,0.0,1,1,12,4,12.0,617.0422459893048,4.0,4.0,3.192388324463792,1.0,16.0,5.0,620.2346343137685,0.1130758639626898,0.0028891057770450246,0.017467248908296942,0.005215123859191656,0.0187670321758046,0.010239419619414629
IND136027AAA,Kaithal_DC (Haryana),0.0004078723189922871,0.0007430225507935593,0.0,1,1,15,14,15.0,0.2750000000000057,1.0,14.0,157.77213622291032,4.0,29.0,5.0,158.04713622291032,0.02881379962763196,0.002896882643201269,0.021834061135371178,0.018252933507170794,0.004782183268547742,0.010226853670765776
IND788151AAA,Hailakandi_kalibari_D (Assam),0.0008108173213792983,0.0005950366167729992,0.0,1,1,13,12,13.0,86.48636363636362,4.0,13.0,82.8242869875223,5.0,26.0,9.0,169.31065062388592,0.03086726706025231,0.005758769388699436,0.018922852983988356,0.01564537157757497,0.0051229941899011144,0.010209962745832746
IND401104AAB,Mumbai_MiraRoad_M (Maharashtra),0.0,0.00022427162305025235,0.22149321068586278,1,2,4,20,4.0,11.31101234567901,2.0,20.0,494.5497354497355,8.0,24.0,10.0,505.8607477954145,0.09222419700097201,0.0,0.005822416302765648,0.02607561929595828,0.015306312168227745,0.010206185161801723
IND506132AAA,Khanpur_Nrsampt_D (Telangana),0.0012154047626347349,0.0011366886379601576,0.0,1,1,13,12,13.0,21.917669753086436,3.0,12.0,12.583835887296104,2.0,25.0,5.0,34.50150564038254,0.006290018877478971,0.008632321433431971,0.018922852983988356,0.01564537157757497,0.0010439450340968962,0.010195943672538078
IND571432AAB,Nagamangala_MandyaRD_D (Karnataka),0.0020054178583473123,0.000692251359051353,0.0,1,1,7,11,7.0,13.687500000000028,1.0,11.0,25.765234375000013,3.0,18.0,4.0,39.45273437500004,0.007192684475093021,0.014243330365162751,0.010189228529839884,0.014341590612777053,0.0011937590945050869,0.010189769229956621
IND741123AAB,Chapra_NagarDPP_D (West Bengal),0.0011978854147048647,0.0008770726759281698,0.0,1,1,10,11,11.0,176.00625000000005,3.0,11.0,13.255208333333343,2.0,22.0,5.0,189.2614583333334,0.03450452737061093,0.00850789157493205,0.01455604075691412,0.014341590612777053,0.0057266648485555585,0.01018895453730334
IND431001AAA,Aurangabad (Maharashtra),0.0,0.0005792261573010288,0.0,1,0,13,0,13.0,842.9083333333333,4.0,0.0,0.0,0.0,13.0,4.0,842.9083333333333,0.15367182475785476,0.0,0.018922852983988356,0.0,0.025504683127575763,0.010160741378691612
IND244601AAB,Thakurdwara_Fathuluh_D (Uttar Pradesh),0.001935340466627832,0.0008815012916667816,0.0,1,1,8,8,8.0,0.0,0.0,8.0,122.53814339981011,3.0,16.0,3.0,122.53814339981011,0.02234010431979179,0.013745610931163069,0.011644832605531296,0.010430247718383311,0.0037077537317663205,0.010152918323631575
IND852111AAA,Simrahi_Bazar_D (Bihar),0.0003892580118168002,0.0003149399203865224,0.0,1,1,12,11,13.0,39.04264705882356,4.0,14.0,334.053263052209,7.0,27.0,11.0,373.09591011103254,0.06801964940804746,0.0027646759185451044,0.017467248908296942,0.014341590612777053,0.011289119572404721,0.010151684368806766
IND847103AAA,Benipur_Javahar_D (Bihar),0.0007932979734494283,0.0008675216700863953,0.0,1,1,15,13,15.0,21.22500000000001,2.0,13.0,33.90000000000002,4.0,28.0,6.0,55.12500000000003,0.010049917653888915,0.005634339530199516,0.021834061135371178,0.01694915254237288,0.001667969815706668,0.010145654025045308
IND243503AAB,Faridpur_ShjnprRD_D (Uttar Pradesh),0.0003892580118168002,0.0003149399203865224,0.0,1,1,9,7,9.0,60.91538461538464,3.0,7.0,563.9625000000001,3.0,16.0,6.0,624.8778846153847,0.11392238157135441,0.0027646759185451044,0.013100436681222707,0.009126466753585397,0.018907527438387216,0.010139899118049212
IND311001AAA,Bhilwara_DC (Rajasthan),0.0019495749368208515,0.0010178261798543962,0.0,1,1,13,5,14.0,24.39166666666671,1.0,5.0,0.0,0.0,19.0,1.0,24.39166666666671,0.004446879663330746,0.013846710191194255,0.018922852983988356,0.00651890482398957,0.0007380419728758009,0.010119210621732525
IND515865AAB,Rayadurgam_RailGate_D (Andhra Pradesh),0.0011803660667749946,0.0008793254565041135,0.0,1,1,13,13,13.0,0.0,0.0,13.0,0.0,0.0,26.0,0.0,0.0,0.0,0.008383461716432129,0.018922852983988356,0.01694915254237288,0.0,0.010108612706023493
IND742226AAA,Sagardighi_UtBzrDPP_D (West Bengal),0.0015570320472672009,0.0006314452445443021,0.0,1,2,10,11,10.0,54.056060606060626,2.0,11.0,3.7684275184275293,2.0,21.0,4.0,57.824488124488155,0.010542065197811938,0.011058703674180418,0.01455604075691412,0.014341590612777053,0.0017496508081693402,0.010087485261943715
IND382345AAA,Amdavad_East (Gujarat),0.0,0.0006738462611838343,0.0,1,0,24,0,24.0,409.40880324543605,8.0,0.0,0.0,0.0,24.0,8.0,409.40880324543605,0.07463990493231455,0.0,0.034934497816593885,0.0,0.012387873489305708,0.010083867935645204
IND203390AAA,Anupshahar_DcntCLY_D (Uttar Pradesh),6.5697554737012695e-06,0.0006314452445443021,0.0,1,1,11,14,13.0,12.065625000000011,1.0,14.0,412.88064692982476,4.0,27.0,5.0,424.9462719298248,0.07747256308792425,4.6661196937470115e-05,0.01601164483260553,0.018252933507170794,0.012858005530630842,0.01008374846954109
IND421302AAH,Bhiwandi_Mankoli_GW (Maharashtra),0.0,0.00040702730271218607,0.0,2,0,24,0,24.0,404.79307186577,8.0,0.0,0.0,0.0,24.0,8.0,404.79307186577,0.07379840433770023,0.0,0.034934497816593885,0.0,0.012248210893048237,0.010048952286580837
IND521301AAA,Gudivada_GvrCompx_D (Andhra Pradesh),0.00040568240050105337,0.0006963922666196695,0.16530619065945568,1,1,13,13,13.0,235.7440740740741,4.0,13.0,7.082000000000008,3.0,26.0,7.0,242.82607407407409,0.044269969136717886,0.002881328910888779,0.018922852983988356,0.01694915254237288,0.007347420626251371,0.010019721380646163
IND515201AAA,Hindupur_Parigi_D (Andhra Pradesh),0.0008108173213792983,0.0010554693161012733,0.0,1,2,12,14,12.0,8.116890707188773,2.0,14.0,101.37343750000004,5.0,26.0,7.0,109.49032820718881,0.01996133845586427,0.005758769388699436,0.017467248908296942,0.018252933507170794,0.003312953515853192,0.00998784414810165
IND425409AAA,Shahada_Nandrbar_D (Maharashtra),0.0007883706568441522,0.0007167857230318158,0.0,1,1,7,6,9.0,1.4598118279570258,2.0,9.0,582.7745179063362,2.0,18.0,4.0,584.2343297342932,0.10651259690529936,0.0055993436324964126,0.010189228529839884,0.007822685788787484,0.01767773654959487,0.009981587272497934
IND302004AAA,Jaipur_NgrNigam_DC (Rajasthan),0.0,0.0005753256527657504,0.0,1,1,20,8,20.0,120.69705882352949,9.0,8.0,152.10054945054947,4.0,28.0,13.0,272.7976082740789,0.0497341224368678,0.0,0.02911208151382824,0.010430247718383311,0.008254297984546667,0.009972040342578977
IND606105AAA,Pennadam_EastmnRD_D (Tamil Nadu),0.0015668866804777527,0.0009552202298607087,0.0,1,1,11,11,11.0,0.0,0.0,11.0,0.0,0.0,22.0,0.0,0.0,0.0,0.01112869546958662,0.01601164483260553,0.014341590612777053,0.0,0.009965690503431834
IND532440AAA,Palakonda_VadaiDPP_D (Andhra Pradesh),0.0015493673325478825,0.0010103210667810106,0.0,1,1,11,11,11.0,0.0,0.0,11.0,0.0,0.0,22.0,0.0,0.0,0.0,0.0110042656110867,0.01601164483260553,0.014341590612777053,0.0,0.009922140052956862
IND854105AAB,Katihar_Central_D_2 (Bihar),0.0008135547194933405,0.00048377231226736647,0.06768481746674729,1,2,11,9,11.0,240.60937500000003,5.0,9.0,69.79068847397122,5.0,20.0,10.0,310.4000634739713,0.05658947986712567,0.005778211554090049,0.01601164483260553,0.011734028683181226,0.009392071413478779,0.009919526600458565
IND465001AAA,Shajapur_MhpraRD_D (Madhya Pradesh),0.0011803660667749946,0.000762604851103948,0.044241991112568324,1,2,13,7,13.0,180.95370370370372,3.0,9.0,0.0,0.0,22.0,3.0,180.95370370370372,0.032989928732670024,0.008383461716432129,0.018922852983988356,0.009126466753585397,0.00547528917583865,0.009912897842225658
IND713364AAB,Rupnarayanpur_Salanpur_D (West Bengal),0.0003881630525711833,0.0006141078696108011,0.0,1,1,6,11,6.0,57.54545454545462,4.0,11.0,514.9915687919469,6.0,17.0,10.0,572.5370233374015,0.10438004423298972,0.002756899052388859,0.008733624454148471,0.014341590612777053,0.017323799969185115,0.009910907674017484
IND587103AAB,Bagalkot_Sector4_D (Karnataka),0.0011978854147048647,0.0007835407144955724,0.0,1,1,13,12,13.0,0.0,0.0,14.0,0.0,0.0,27.0,0.0,0.0,0.0,0.00850789157493205,0.018922852983988356,0.01564537157757497,0.0,0.009891406963538883
IND509301AAA,Jadcherla_Badeplly_D (Telangana),0.0007757786255195582,0.0009134303254619355,0.0,1,1,14,13,14.0,1.4361052631578985,1.0,13.0,61.94444444444446,1.0,27.0,2.0,63.380549707602356,0.011554998737770822,0.005509909671699596,0.020378457059679767,0.01694915254237288,0.0019177658741982178,0.009873431774054942
IND843126AAA,Saraiya_Wardno4_D (Bihar),0.0003881630525711833,0.00085028427136386,0.17606378277087148,2,1,9,7,9.0,151.675,2.0,9.0,437.95833333333337,3.0,18.0,5.0,589.6333333333334,0.10749689697937473,0.002756899052388859,0.013100436681222707,0.009126466753585397,0.017841099362077242,0.009870570195817031
IND244501AAA,Kanth_Dayanand_D (Uttar Pradesh),0.0019528598145577023,0.0008366409963777593,0.0,1,1,10,8,10.0,0.0,0.0,8.0,0.0,0.0,18.0,0.0,0.0,0.0,0.01387004078966299,0.01455604075691412,0.010430247718383311,0.0,0.009851771971441534
IND151506AAA,Jhunir_BhaRDDPP_D (Punjab),0.0007757786255195582,0.0008236238002323482,0.0,1,1,5,11,5.0,2.482692307692311,1.0,11.0,472.8891891891893,5.0,16.0,6.0,475.37188149688166,0.0866657281454494,0.005509909671699596,0.00727802037845706,0.014341590612777053,0.014383781398140323,0.009848335932876762
IND581314AAA,Ankola_Kakrmath_D (Karnataka),0.001946290059084001,0.0007761539881989165,0.0,2,1,9,9,9.0,0.583302785923749,1.0,10.0,4.503861003861033,1.0,19.0,2.0,5.087163789784782,0.0009274481120940135,0.01382337959272552,0.013100436681222707,0.011734028683181226,0.00015392717730461594,0.009843557724660872
IND785634AAA,Mariani_Mainroad_D (Assam),0.0,0.00017023117673190812,0.0,0,1,0,3,2.0,46.978817733990155,1.0,3.0,1149.5690878378377,3.0,5.0,4.0,1196.5479055718279,0.21814436135927645,0.0,0.0,0.003911342894393742,0.0362050936878157,0.009833542000832673
IND421601AAB,Asangaon_Shahapur_D (Maharashtra),0.0003881630525711833,0.000383866500219382,0.2491406071815256,1,1,6,9,6.0,5.497727272727275,1.0,9.0,624.1176470588235,5.0,15.0,6.0,629.6153743315508,0.11478608010257646,0.002756899052388859,0.008733624454148471,0.011734028683181226,0.019050874193013715,0.009821163844055469
IND509203AAA,Bijnapally_nagar_D (Telangana),0.0007932979734494283,0.0008742354902299259,0.0,1,1,14,14,14.0,11.451934984520143,2.0,14.0,1.4361052631578985,1.0,28.0,3.0,12.888040247678042,0.002349637065018963,0.005634339530199516,0.020378457059679767,0.018252933507170794,0.00038996575268461953,0.009795788387111098
IND413709AAA,Shrirampur_DavkharRd_D (Maharashtra),0.0019878985104174423,0.0006814262754688987,0.0,1,1,7,10,9.0,0.0,0.0,12.0,20.061355311355314,3.0,21.0,3.0,20.061355311355314,0.0036574144018961963,0.014118900506662832,0.010189228529839884,0.01303780964797914,0.0006070156031112434,0.009738776713673607
IND122004AAA,Gurgaon_Begumpur_CP (Haryana),0.0,0.00017023117673190812,0.0,0,1,0,32,0.0,0.0,0.0,33.0,182.00054054054067,8.0,33.0,8.0,182.00054054054067,0.033180779054797355,0.0,0.0,0.041720990873533245,0.005506964318619854,0.009720939254361613
IND274301AAB,Kaptanganj_Subshngr_D (Uttar Pradesh),0.0007872756975985354,0.0004379594628337477,0.0,1,1,8,10,10.0,35.73740573152338,3.0,10.0,337.05555555555543,7.0,20.0,10.0,372.7929612870788,0.0679644183743227,0.0055915667663401685,0.011644832605531296,0.01303780964797914,0.011279952960267603,0.009713565058988047
IND731204AAB,Bolpur_WebelDPP_D (West Bengal),0.0011803660667749946,0.0005906114074064038,0.0,1,1,11,11,11.0,84.92750000000001,4.0,11.0,6.391964285714323,3.0,22.0,7.0,91.31946428571433,0.016648582245236795,0.008383461716432129,0.01601164483260553,0.014341590612777053,0.002763140317733778,0.009695643769261207
IND508207AAB,Miryalguda_Ragvendr_D (Telangana),0.002129695732724828,0.0006160990733791242,0.0,1,1,6,10,6.0,0.0,0.0,10.0,5.410000000000025,1.0,16.0,1.0,5.410000000000025,0.0009863048436741814,0.01512600467389656,0.008733624454148471,0.01303780964797914,0.00016369554109701788,0.009689312341563573
IND335513AAA,Hanumangarh_DC (Rajasthan),0.001221974518108436,0.0005201890031973566,0.0,3,2,13,10,13.0,20.599999999999994,2.0,11.0,6.401576994434151,1.0,24.0,3.0,27.001576994434146,0.004922696150915272,0.00867898263036944,0.018922852983988356,0.01303780964797914,0.0008170125243210105,0.009634029578103056
IND422103AAC,Sinnar_Central_D_1 (Maharashtra),0.0020229372062771822,0.0005071036058250798,0.0,1,1,8,7,8.0,58.9910371910372,2.0,7.0,0.0,0.0,15.0,2.0,58.9910371910372,0.010754740427889743,0.01436776022366267,0.011644832605531296,0.009126466753585397,0.0017849481983107387,0.009629212999682958
IND509124AAA,JoguGadwal_ColctrOf_D (Telangana),0.0007932979734494283,0.0009194757697576376,0.09868495833637934,2,1,12,8,12.0,202.2327272727273,2.0,11.0,70.96338264299808,3.0,23.0,5.0,273.1961099157254,0.04980677384155689,0.005634339530199516,0.017467248908296942,0.010430247718383311,0.008266355829621966,0.009618107118311372
IND586128AAA,Sindagi_KalyanNg_D (Karnataka),0.0007927504938266198,0.0007950281668942177,0.0,2,2,12,13,12.0,0.0,0.0,13.0,90.43089802130908,3.0,25.0,3.0,90.43089802130908,0.016486586457712143,0.005630451097121393,0.017467248908296942,0.01694915254237288,0.0027362541189440604,0.009538001703862469
IND532222AAA,Palasa_Central_DPP_1 (Andhra Pradesh),0.0011803660667749946,0.0009251934944412577,0.0,1,1,14,7,14.0,28.378526315789472,2.0,8.0,63.334677419354875,3.0,22.0,5.0,91.71320373514435,0.016720365447846487,0.008383461716432129,0.020378457059679767,0.009126466753585397,0.0027750540686072877,0.009528959880556099
IND110078AAA,Janakpuri (Delhi),0.0,0.001036894299611432,0.0,1,1,22,8,22.0,91.05092592592595,8.0,8.0,45.230769230769255,4.0,30.0,12.0,136.2816951566952,0.02484571091260187,0.0,0.03202328966521106,0.010430247718383311,0.004123605513917553,0.009521608855198264
IND151302AAA,TalwandiSabo_Wardno3_D (Punjab),0.0008108173213792983,0.0007030446078468229,0.0,1,1,14,13,14.0,4.797898840206187,1.0,13.0,0.0,0.0,27.0,1.0,4.797898840206187,0.0008747118050931753,0.005758769388699436,0.020378457059679767,0.01694915254237288,0.00014517461123406705,0.00951738485926385
IND221706AAA,Ratanpura_MubarDPP_D (Uttar Pradesh),0.0011759862297925272,0.000941495055481962,0.0,1,1,5,8,5.0,49.881818181818176,2.0,8.0,352.81988742964376,7.0,13.0,9.0,402.70170561146193,0.07341712436237291,0.008352354251807149,0.00727802037845706,0.010430247718383311,0.012184930425279105,0.009511210213820353
IND201301AAL,Dadri_ICDCant_D (Uttar Pradesh),1.6424388684253174e-06,0.00045065035384474124,0.0,1,2,20,12,20.0,73.42318181818186,9.0,12.0,0.0,0.0,32.0,9.0,73.42318181818186,0.01338588537250324,1.1665299234367529e-05,0.02911208151382824,0.01564537157757497,0.0022216353931223567,0.009510982321293259
IND466116AAA,Ashta_ShantiNg_D (Madhya Pradesh),0.0003881630525711833,0.0006204565244568846,0.19166375898650773,1,1,9,9,9.0,0.25584415584415865,1.0,9.0,471.7116438356164,3.0,18.0,4.0,471.9674879914606,0.08604506829255296,0.002756899052388859,0.013100436681222707,0.011734028683181226,0.014280771409789663,0.009502000593664304
IND263645AAA,Ranikhet_Subhash_D (Uttarakhand),0.0011978854147048647,0.0008245633471678183,0.0,1,1,11,11,12.0,0.0,0.0,11.0,56.754560810810815,2.0,23.0,2.0,56.754560810810815,0.010347005217800987,0.00850789157493205,0.01601164483260553,0.014341590612777053,0.0017172769947595638,0.009477728388992626
IND212601AAA,Fatehpur_Kotwali_D (Uttar Pradesh),0.0008108173213792983,0.000660522270127347,0.0,1,1,12,12,12.0,79.83178226514485,2.0,12.0,30.987967914438485,1.0,24.0,3.0,110.81975017958334,0.02020370727853702,0.005758769388699436,0.017467248908296942,0.01564537157757497,0.0033531791071872746,0.009476388160016004
IND246725AAB,Chandpur_NorprRD_D (Uttar Pradesh),0.0020229372062771822,0.0005618233376726868,0.0,1,1,9,7,9.0,0.0,0.0,7.0,0.0,0.0,16.0,0.0,0.0,0.0,0.01436776022366267,0.013100436681222707,0.009126466753585397,0.0,0.009474096765243556
IND508248AAB,Devarakonda_DindiRD_D (Telangana),0.0011803660667749946,0.0009181330828969032,0.05570450593258521,2,1,12,11,12.0,18.205899256254256,5.0,11.0,4.536718750000006,1.0,23.0,6.0,22.74261800625426,0.0041462392416636105,0.008383461716432129,0.017467248908296942,0.014341590612777053,0.0006881451313302322,0.009468015787798602
IND723131AAA,Manbazar_Central_DPP_1 (West Bengal),0.0008108173213792983,0.0004304817710710615,0.0,1,1,4,6,4.0,619.3355555555555,1.0,6.0,0.0,0.0,10.0,1.0,619.3355555555555,0.11291195162737186,0.005758769388699436,0.005822416302765648,0.007822685788787484,0.018739827890441475,0.009429546676965796
IND523230AAA,Kanigiri_Tiglgndi_D (Andhra Pradesh),0.0008108173213792983,0.000800847646998241,0.0,1,1,14,12,14.0,24.00919250180246,1.0,12.0,0.0,0.0,26.0,1.0,24.00919250180246,0.004377150250874953,0.005758769388699436,0.020378457059679767,0.01564537157757497,0.0007264690864852126,0.009401952285117053
IND285205AAB,Konch_Central_D_2 (Uttar Pradesh),0.0015668866804777527,0.000818195038210806,0.0,1,1,14,4,14.0,12.39624202551834,1.0,4.0,35.32736111111117,2.0,18.0,3.0,47.723603136629514,0.008700558397641745,0.01112869546958662,0.020378457059679767,0.005215123859191656,0.001444018676256908,0.009374764267193829
IND246701AAA,Bijnor_NaginaRd_D (Uttar Pradesh),0.0020054178583473123,0.0006479449181964473,0.0,1,1,7,9,7.0,0.0,0.0,9.0,0.0,0.0,16.0,0.0,0.0,0.0,0.014243330365162751,0.010189228529839884,0.011734028683181226,0.0,0.009369817070411185
IND845455AAB,Narktiganj_Central_DPP_2 (Bihar),0.0007757786255195582,0.0007732676384458982,0.19606358341413416,1,1,12,11,12.0,55.353308823529474,3.0,13.0,87.15014763779538,5.0,25.0,8.0,142.50345646132484,0.02598000912164822,0.005509909671699596,0.017467248908296942,0.014341590612777053,0.004311863292723067,0.009368202112490424
IND413501AAA,Osmanabad_Kakdepot_D (Maharashtra),0.00046043036278189725,0.0006087852918663739,0.0,1,1,14,14,15.0,64.11666666666667,1.0,15.0,0.0,0.0,30.0,1.0,64.11666666666667,0.011689201274228464,0.00327017221870103,0.020378457059679767,0.018252933507170794,0.0019400392686390172,0.009355848207075228
IND585314AAA,Aland_RazaviRd_D (Karnataka),0.0,0.0008976638646319146,0.0,2,2,13,12,13.0,49.447368421052644,1.0,12.0,267.8395604395604,6.0,25.0,7.0,317.28692886061305,0.05784503415336907,0.0,0.018922852983988356,0.01564537157757497,0.009600453882227142,0.00931375838286945
IND582209AAA,Rona_GadagRD_D (Karnataka),0.0011803660667749946,0.0008363132812415232,0.0,1,1,12,11,12.0,0.0,0.0,11.0,0.6496527777777885,1.0,23.0,1.0,0.6496527777777885,0.00011843912780565925,0.008383461716432129,0.017467248908296942,0.014341590612777053,1.9657165061647935e-05,0.009300893796231457
IND812002AAA,Bhagalpur_Pbroad_DC (Bihar),5.474796228084391e-07,0.0003149399203865224,0.0,1,1,12,12,12.0,29.258823529411814,2.0,12.0,324.53529411764714,6.0,24.0,8.0,353.79411764705895,0.06450071199606762,3.88843307812251e-06,0.017467248908296942,0.01564537157757497,0.010705086788387625,0.009300156745848632
IND207302AAA,Jalesar_ChngiDPP_D (Uttar Pradesh),0.0011677740354504005,0.0005425375147555801,0.0,1,1,6,6,6.0,0.0,0.0,6.0,407.6692840772673,3.0,12.0,3.0,407.6692840772673,0.07432277070288221,0.008294027755635312,0.008733624454148471,0.007822685788787484,0.012335239195131584,0.009297981561842446
IND713130AAA,Katwa_BSarani_D (West Bengal),0.0012154047626347349,0.000831638488901643,0.0,2,1,9,10,9.0,19.199295021887423,1.0,11.0,118.68125000000009,3.0,20.0,4.0,137.8805450218875,0.02513719952005972,0.008632321433431971,0.013100436681222707,0.01303780964797914,0.0041719834425341055,0.009291957628175085
IND533401AAA,Tuni_Eaglvari_D (Andhra Pradesh),0.0007757786255195582,0.0006682276341553243,0.0,1,1,12,11,12.0,31.898802074021077,3.0,12.0,98.52853881278543,4.0,24.0,7.0,130.42734088680652,0.023778395205951996,0.005509909671699596,0.017467248908296942,0.014341590612777053,0.003946464720944714,0.009276852469545835
IND508252AAB,Choutuppal_Nagaram_D (Telangana),0.0021472150806546983,0.0005246329704564584,0.0,1,1,7,6,7.0,43.070833333333354,2.0,6.0,0.0,0.0,13.0,2.0,43.070833333333354,0.00785230527499998,0.015250434532396481,0.010189228529839884,0.007822685788787484,0.0013032353730128366,0.009265843793317451
IND502313AAA,Narsapur_Xroad_D (Telangana),0.001562506843495285,0.0008436910560484614,0.0,1,1,14,5,14.0,0.0,0.0,5.0,0.0,0.0,19.0,0.0,0.0,0.0,0.01109758800496164,0.020378457059679767,0.00651890482398957,0.0,0.009263628178470441
IND581115AAC,Ranebennur_SriRmNGR_D (Karnataka),0.0008108173213792983,0.0007703380349507761,0.0,1,1,12,13,12.0,38.280834914611034,2.0,13.0,9.090277777777779,1.0,25.0,3.0,47.37111269238881,0.00863629536021042,0.005758769388699436,0.017467248908296942,0.01694915254237288,0.0014333530359608804,0.009257187835168988
IND731224AAA,Rampurhat_SrifoDPP_D (West Bengal),0.0016019253763374928,0.0010794225777055598,0.0,1,1,9,8,9.0,69.90000000000006,5.0,8.0,3.276887628500546,2.0,17.0,7.0,73.17688762850061,0.013340983126246046,0.011377555186586463,0.013100436681222707,0.010430247718383311,0.002214183034407214,0.00924182695382827
IND832109AAB,Jamshedpur_Central_I_3 (Jharkhand),0.0,0.00033929586369711565,0.0,1,1,9,15,9.0,0.025000000000062528,1.0,15.0,355.4879310344828,5.0,24.0,6.0,355.5129310344829,0.06481407132497488,0.0,0.013100436681222707,0.01955671447196871,0.010757094567962332,0.009220703872628867
IND600016AAC,Chennai_Perungudi_DPC (Tamil Nadu),0.00040677735974667026,0.002303924259963881,0.0,2,1,14,6,14.0,293.4307422969188,7.0,7.0,46.215198863636374,3.0,21.0,10.0,339.6459411605552,0.06192133768963588,0.0028891057770450246,0.020378457059679767,0.007822685788787484,0.010276991889035624,0.009220663563918114
IND263002AAA,Nainital_Sookhtal_D (Uttarakhand),0.0012154047626347349,0.0007696771197614553,0.0,1,1,10,11,10.0,55.18467127414502,3.0,11.0,0.0,0.0,21.0,3.0,55.18467127414502,0.010060796409289547,0.008632321433431971,0.01455604075691412,0.014341590612777053,0.0016697753464846926,0.009218282612260598
IND396001AAA,Valsad_DC (Gujarat),9.307153587743464e-06,0.0006199653953259544,0.0,1,1,6,4,6.0,8.996103896103897,1.0,4.0,837.3533697632058,1.0,10.0,2.0,846.3494736593098,0.1542991839762047,6.610336232808266e-05,0.008733624454148471,0.005215123859191656,0.02560880499960007,0.009215087089382871
IND523105AAA,Kandukur_LICOffce_D (Andhra Pradesh),0.0007932979734494283,0.0008510186670905641,0.0,1,1,12,12,13.0,81.97500000000002,1.0,12.0,0.0,0.0,25.0,1.0,81.97500000000002,0.014944979585987186,0.005634339530199516,0.017467248908296942,0.01564537157757497,0.002480395930023657,0.009214641915250127
IND788806AAA,Badarpur_Konapara_D (Assam),0.0007757786255195582,0.0007454643886474279,0.0,1,1,10,9,11.0,39.968589743589774,6.0,10.0,227.9479166666667,7.0,21.0,13.0,267.9165064102565,0.04884424176944541,0.005509909671699596,0.01455604075691412,0.011734028683181226,0.008106605819898225,0.009213133728088484
IND742401AAA,Ghanashyampur_NditaDPP_D (West Bengal),0.0015493673325478825,0.0010989318967975844,0.0,1,2,3,10,3.0,0.0,0.0,10.0,247.45540575243976,6.0,13.0,6.0,247.45540575243976,0.045113949221255105,0.0110042656110867,0.004366812227074236,0.01303780964797914,0.007487494739746313,0.009204291023827598
IND380015AAB,AMD_Satellite (Gujarat),0.0,0.0006528622993316707,0.0,1,0,23,0,23.0,327.9648809523809,7.0,0.0,0.0,0.0,23.0,7.0,327.9648809523809,0.05979174688324549,0.0,0.033478893740902474,0.0,0.009923546885086653,0.009176665469452158
IND583119AAA,Sandur_WrdN1DPP_D (Karnataka),0.0011612042799766993,0.0006238643953381985,0.24626934252037025,1,1,7,7,7.0,137.58749999999998,3.0,7.0,180.40697674418607,4.0,14.0,7.0,317.99447674418604,0.05797402822078117,0.008247366558697842,0.010189228529839884,0.009126466753585397,0.009621862834843321,0.00915518306094013
IND303702AAB,Chomu_ShsmlDPP_D (Rajasthan),0.002033886798733351,0.0004530506517321444,0.042421321827146384,1,2,6,8,6.0,33.418181818181836,2.0,8.0,0.0,0.0,14.0,2.0,33.418181818181836,0.006092516560823856,0.014445528885225122,0.008733624454148471,0.010430247718383311,0.0010111658697238032,0.009141501011766098
IND507117AAB,Manuguru_AskNagar_D (Telangana),0.00038980549143960864,0.0003149399203865224,0.0,1,1,13,12,14.0,0.0,0.0,12.0,163.55752351729984,3.0,26.0,3.0,163.55752351729984,0.02981840622263696,0.0027685643516232265,0.018922852983988356,0.01564537157757497,0.004948916323965343,0.00911987151637213
IND503187AAA,Banswada_Menagrdn_D (Telangana),0.0003947328080448846,0.0006585504050038916,0.0,1,1,14,15,14.0,10.13815789473685,2.0,15.0,7.746153846153845,1.0,29.0,3.0,17.884311740890695,0.0032605144724250357,0.002803560249326329,0.020378457059679767,0.01955671447196871,0.0005411427148933159,0.009103566072317238
IND201304AAA,Noida_Sec-83_DC (Uttar Pradesh),0.0,0.0011515165455526998,0.0,1,1,12,14,13.0,191.7607843137255,2.0,14.0,65.17813765182187,3.0,27.0,5.0,256.93892196554737,0.04684290263642158,0.0,0.017467248908296942,0.018252933507170794,0.007774446554535035,0.009087648121727306
IND370201AAA,Gandhidham_Sector1A_IP (Gujarat),0.0008108173213792983,0.00042203871895787117,0.0,1,1,12,7,13.0,221.16438725490212,3.0,8.0,10.166666666666686,1.0,21.0,4.0,231.3310539215688,0.04217429555916738,0.005758769388699436,0.017467248908296942,0.009126466753585397,0.006999604814091396,0.00908421362194412
IND505122AAA,Jammikunta_ConduDPP_D (Telangana),0.0007785160236336004,0.0004379594628337477,0.0,1,1,7,9,8.0,0.0,0.0,9.0,365.0038327526132,3.0,17.0,3.0,365.0038327526132,0.06654437120213338,0.005529351837090209,0.010189228529839884,0.011734028683181226,0.01104426985303589,0.009080992048844768
IND501401AAC,Medchal_MROoffce_D (Telangana),0.0003892580118168002,0.0003149399203865224,0.0,1,1,9,10,10.0,12.63961038961039,4.0,10.0,358.28999999999996,5.0,20.0,9.0,370.92961038961033,0.06762470820507356,0.0027646759185451044,0.013100436681222707,0.01303780964797914,0.011223571771096674,0.009001178780105324
IND632402AAA,Ranipet_MBTRd_DC (Tamil Nadu),0.00040568240050105337,0.0003755185578276599,0.0,1,1,8,11,8.0,365.392673992674,4.0,11.0,3.9750000000000085,2.0,19.0,6.0,369.36767399267404,0.06733994934485003,0.002881328910888779,0.011644832605531296,0.014341590612777053,0.011176310768572532,0.008999827454615876
IND462011AAA,Bhopal MP Nagar (Madhya Pradesh),0.0,0.0010237666404590666,0.0,1,1,19,10,19.0,98.01458333333333,8.0,10.0,15.731818181818205,3.0,29.0,11.0,113.74640151515155,0.02073726927262509,0.0,0.027656477438136828,0.01303780964797914,0.0034417335940593904,0.008999290815738041
IND571301AAA,Nanjangud_RPRoad_D (Karnataka),0.0020503111874176044,0.0007597756928107184,0.0,1,1,7,6,7.0,25.831875000000018,4.0,6.0,12.163636363636364,2.0,13.0,6.0,37.99551136363638,0.006927016062076118,0.014562181877568798,0.010189228529839884,0.007822685788787484,0.0011496665049775085,0.008986563147118931
IND282005AAA,Agra (Uttar Pradesh),0.0,0.0004379594628337477,0.0,1,0,3,0,3.0,1070.8640202702704,2.0,0.0,0.0,0.0,3.0,2.0,1070.8640202702704,0.19523075233067833,0.0,0.004366812227074236,0.0,0.03240215623650075,0.008973901504540034
IND457001AAA,Ratlam_Khjurwli_DC (Madhya Pradesh),0.00038980549143960864,0.0003149399203865224,0.0,1,1,13,11,13.0,157.7208641975309,1.0,13.0,19.253125000000004,1.0,26.0,2.0,176.9739891975309,0.03226438128463331,0.0027685643516232265,0.018922852983988356,0.014341590612777053,0.00535487115005314,0.008960604029934496
IND741165AAB,Nazirpur_Central_D_1 (West Bengal),0.0011989803739504816,0.0011402181820327603,0.0,1,1,12,9,12.0,17.679491255961878,5.0,9.0,0.0,0.0,21.0,5.0,17.679491255961878,0.0032231733566451862,0.008515668441088295,0.017467248908296942,0.011734028683181226,0.0005349452657051133,0.008954475789102816
IND465669AAB,Narsinghgarh_Central_D_1 (Madhya Pradesh),0.0012154047626347349,0.0006194603681672546,0.0,1,1,10,11,10.0,15.291666666666657,1.0,11.0,1.6406250000000142,1.0,21.0,2.0,16.93229166666667,0.003086950330006884,0.008632321433431971,0.01455604075691412,0.014341590612777053,0.0005123365335281913,0.008928922909021472
IND535591AAA,Salur_ward9_D (Andhra Pradesh),0.0016019253763374928,0.0009335327630044551,0.0,1,1,14,3,14.0,7.104385964912282,1.0,3.0,4.280000000000008,1.0,17.0,2.0,11.38438596491229,0.0020755037004527377,0.011377555186586463,0.020378457059679767,0.003911342894393742,0.0003444682477973392,0.008926221368069297
IND302020AAA,Jaipur_VarunCly_DC (Rajasthan),0.0,0.00043354258615390555,0.0,1,1,13,13,13.0,36.10879629629632,5.0,13.0,194.32098765432096,6.0,26.0,11.0,230.42978395061726,0.04200998374071866,0.0,0.018922852983988356,0.01694915254237288,0.006972334227109991,0.008917484662049745
IND122001AAJ,Mahbubabad_Yellanda_D (Telangana),0.0011978854147048647,0.00113754057678022,0.0,1,1,12,9,12.0,12.583835887296104,2.0,9.0,0.0,0.0,21.0,2.0,12.583835887296104,0.002294177132650847,0.00850789157493205,0.017467248908296942,0.011734028683181226,0.0003807611505817003,0.008913207857167276
IND262802AAA,Gola_BkgnRoad_D (Uttar Pradesh),1.6424388684253174e-06,0.0005425375147555801,0.0,1,1,14,15,14.0,31.0919956140351,2.0,15.0,90.39999999999998,3.0,29.0,5.0,121.49199561403508,0.022149379619549846,1.1665299234367529e-05,0.020378457059679767,0.01955671447196871,0.00367609943826172,0.008910142020627156
IND422605AAA,Sangamner_JawanChk_D (Maharashtra),0.0020054178583473123,0.0006013396468952459,0.0,1,1,7,7,7.0,0.0,0.0,7.0,0.0,0.0,14.0,0.0,0.0,0.0,0.014243330365162751,0.010189228529839884,0.009126466753585397,0.0,0.008848304684492018
IND273304AAA,Nichlaul_Wardno13_D (Uttar Pradesh),0.0,0.00017023117673190812,0.0,0,1,0,12,1.0,32.40833333333333,1.0,12.0,720.3122227579556,7.0,13.0,8.0,752.7205560912889,0.1372295619974045,0.0,0.0,0.01564537157757497,0.0227757853464346,0.008823020652123644
IND742223AAA,Jangipur_Central_D_1 (West Bengal),0.001169416474318826,0.0005425375147555801,0.0,1,1,9,10,9.0,34.357142857142854,7.0,10.0,54.056060606060626,2.0,19.0,9.0,88.41320346320347,0.016118737674770445,0.00830569305486968,0.013100436681222707,0.01303780964797914,0.0026752028061053164,0.008803442536571086
IND845438AAA,Bettiah_BypassRd_D (Bihar),0.0007932979734494283,0.0007094629329741572,0.127069908245531,2,1,10,12,10.0,47.93284201178946,3.0,12.0,55.353308823529474,3.0,22.0,6.0,103.28615083531894,0.018830245998768338,0.005634339530199516,0.01455604075691412,0.01564537157757497,0.003125227790908625,0.008793608250194804
IND581110AAE,Haveri_GuttalRD_D (Karnataka),0.0007932979734494283,0.0008251535215928235,0.0,1,1,13,11,14.0,11.273611111111116,2.0,13.0,10.193462469733674,1.0,27.0,3.0,21.46707358084479,0.003913692911700032,0.005634339530199516,0.018922852983988356,0.014341590612777053,0.0006495497644336172,0.008787294996031318
IND533003AAA,Kakinada_DC (Andhra Pradesh),0.0007932979734494283,0.0005858275169748503,0.0,1,1,8,12,10.0,121.95714285714291,2.0,14.0,44.647087788306806,4.0,24.0,6.0,166.60423064544972,0.03037385576011401,0.005634339530199516,0.011644832605531296,0.01564537157757497,0.005041103453707788,0.00869033553561803
IND263601AAA,Almora_SuzkiSrv_D (Uttarakhand),0.0011803660667749946,0.0008712530076551894,0.0,1,1,11,8,11.0,56.754560810810815,2.0,10.0,0.0,0.0,21.0,2.0,56.754560810810815,0.010347005217800987,0.008383461716432129,0.01601164483260553,0.010430247718383311,0.0017172769947595638,0.008651909359638905
IND401209AAB,Mumbai_Vasai_CP (Maharashtra),0.0,0.00017023117673190812,0.0,0,2,0,22,0.0,0.0,0.0,23.0,383.68181128726803,10.0,23.0,10.0,383.68181128726803,0.0699495802037549,0.0,0.0,0.028683181225554105,0.01160942730272698,0.008638993070792566
IND210001AAA,Banda_GayatriN_D (Uttar Pradesh),0.0007932979734494283,0.0007312057896209299,0.0,1,1,12,9,12.0,30.987967914438485,1.0,9.0,66.11184210526318,6.0,21.0,7.0,97.09981001970166,0.01770240534977341,0.005634339530199516,0.017467248908296942,0.011734028683181226,0.0029380417636954955,0.008546784794789338
IND000000AEM,Gurgaon_Bilaspur_RP (Haryana),0.0,0.00017023117673190812,0.0,0,2,0,22,0.0,0.0,0.0,22.0,370.3638005604288,7.0,22.0,7.0,370.3638005604288,0.06752155460523619,0.0,0.0,0.028683181225554105,0.011206451522271189,0.008538249125678618
IND370110AAA,Anjar_DC (Gujarat),0.0,0.0007248986298966744,0.0,1,1,4,10,4.0,618.1813620071684,4.0,11.0,10.197511312217209,1.0,15.0,5.0,628.3788733193857,0.11456065183316676,0.0,0.005822416302765648,0.01303780964797914,0.01901346019999091,0.008525410240146684
IND341510AAB,Merta_Central_DPP_1 (Rajasthan),0.0015493673325478825,0.0008446983919411185,0.0,1,1,7,8,8.0,33.90265151515153,3.0,8.0,37.40769230769234,1.0,16.0,4.0,71.31034382284388,0.013000690853334907,0.0110042656110867,0.010189228529839884,0.010430247718383311,0.002157705234361324,0.008514814522115315
IND243301AAB,Aonla_KdidmCLY_D (Uttar Pradesh),0.0007757786255195582,0.000658089792496274,0.0,1,1,8,7,8.0,0.0,0.0,9.0,320.75,1.0,17.0,1.0,320.75,0.05847639160970282,0.005509909671699596,0.011644832605531296,0.009126466753585397,0.009705239335835166,0.00850903809087699
IND845412AAB,Chakia_Wardno10_D (Bihar),0.0008108173213792983,0.0006473295366780435,0.17193268827952202,1,1,11,11,11.0,1.0125000000000028,1.0,11.0,53.30787037037039,2.0,22.0,3.0,54.32037037037039,0.009903224474394004,0.005758769388699436,0.01601164483260553,0.014341590612777053,0.0016436233679053896,0.008497122217097667
IND401501AAA,Boisar_OstwlEmp_D (Maharashtra),0.0,0.0011275920197874245,0.0,1,1,10,10,10.0,345.6512820512821,8.0,10.0,45.83200000000001,2.0,20.0,10.0,391.4832820512821,0.07137187750547941,0.0,0.01455604075691412,0.01303780964797914,0.011845483860595342,0.008480141046127487
IND401602AAA,Dahanu_KetyDPP_D (Maharashtra),0.0,0.0011275920197874245,0.0,1,1,10,10,10.0,45.83200000000001,2.0,10.0,345.6512820512821,8.0,20.0,10.0,391.4832820512821,0.07137187750547941,0.0,0.01455604075691412,0.01303780964797914,0.011845483860595342,0.008480141046127487
IND695101AAB,Attingal_Central_D_2 (Kerala),1.0949592456168782e-06,0.0003149399203865224,0.0,1,1,12,13,14.0,32.42555385790681,4.0,14.0,175.69166666666666,1.0,28.0,5.0,208.11722052457347,0.03794214836513746,7.77686615624502e-06,0.017467248908296942,0.01694915254237288,0.006297201668276764,0.008460302610357842
IND689645AAA,Pthnmthitt_Klskhrpt_D (Kerala),0.0007828958606160679,0.0009167211212901882,0.0,1,1,11,11,11.0,0.3656250000000085,1.0,11.0,57.882812500000014,2.0,22.0,3.0,58.24843750000002,0.010619356015286985,0.005560459301715189,0.01601164483260553,0.014341590612777053,0.0017624786496521789,0.008457427507089877
IND211011AAA,Allahabad_Central_D_5 (Uttar Pradesh),0.0008108173213792983,0.0005021318412693658,0.0,1,1,7,8,7.0,186.80416666666667,6.0,8.0,118.425641025641,5.0,15.0,11.0,305.22980769230765,0.05564688313505741,0.005758769388699436,0.010189228529839884,0.010430247718383311,0.009235630042353195,0.008448372046277741
IND503185AAA,Bodhan_SuryaDPP_D (Telangana),5.474796228084391e-06,0.0005743752462457925,0.0,1,1,15,14,15.0,41.411250000000024,3.0,14.0,10.13815789473685,2.0,29.0,5.0,51.54940789473687,0.009398046339207917,3.888433078122509e-05,0.021834061135371178,0.018252933507170794,0.0015597797076820333,0.008420953371202331
IND680104AAA,Guruvayoor_ManhrBld_D (Kerala),0.00040677735974667026,0.0005263396939999076,0.0,1,1,11,12,11.0,130.25,2.0,12.0,12.3044982698962,2.0,23.0,4.0,142.55449826989621,0.025989314626828228,0.0028891057770450246,0.01601164483260553,0.01564537157757497,0.004313407713512838,0.008420942232380069
IND742121AAB,Nowda_ArhamDPP_D (West Bengal),0.0011814610260206116,0.0011384314915824983,0.0,1,1,9,9,9.0,0.0,0.0,10.0,67.50402930402936,6.0,19.0,6.0,67.50402930402936,0.012306756205191817,0.008391238582588376,0.013100436681222707,0.011734028683181226,0.002042533937736042,0.008414460061220728
IND416404AAA,Jath_Shivprsad_D (Maharashtra),0.0011677740354504005,0.0005425375147555801,0.0,1,1,4,5,6.0,73.13333333333334,1.0,5.0,328.17500000000024,3.0,11.0,4.0,401.30833333333356,0.07316309666792571,0.008294027755635312,0.005822416302765648,0.00651890482398957,0.012142769828418144,0.008406866396927939
IND413401AAA,Barshi_Kurduwdi_D (Maharashtra),0.0004429110148520272,0.0006877997261566527,0.0,1,1,14,12,14.0,0.0,0.0,12.0,10.150117647058835,1.0,26.0,1.0,10.150117647058835,0.0018504824767387928,0.00314574236020111,0.020378457059679767,0.01564537157757497,0.0003071218115404211,0.00838255600640644
IND530043AAA,Visakhapatnam_VislkNgr_DC (Andhra Pradesh),0.0008108173213792983,0.0006555369935547664,0.0,1,1,10,9,10.0,85.43148148148146,5.0,10.0,60.79166666666667,1.0,20.0,6.0,146.22314814814814,0.02665815143730227,0.005758769388699436,0.01455604075691412,0.011734028683181226,0.004424413559523181,0.008379686563944668
IND585222AAA,Sedam_DBRCmplx_D (Karnataka),1.0949592456168782e-06,0.0010372450304597185,0.0,2,2,15,15,15.0,11.287500000000001,1.0,15.0,0.0,0.0,30.0,1.0,11.287500000000001,0.002057840281510587,7.77686615624502e-06,0.021834061135371178,0.01955671447196871,0.0003415366765494605,0.008366261193760029
IND210431AAA,Rath_Mughlpra_D (Uttar Pradesh),0.0015493673325478825,0.0008666493873693804,0.0,1,1,4,4,4.0,35.32736111111117,2.0,4.0,268.80444444444436,2.0,8.0,4.0,304.1318055555555,0.05544670479386642,0.0110042656110867,0.005822416302765648,0.005215123859191656,0.009202406742186591,0.008359602681818453
IND600110AAA,Chennai_Madhavaram_L (Tamil Nadu),0.0,0.0006529738265810444,0.0,1,1,20,6,20.0,128.32359845559853,5.0,7.0,0.0,0.0,27.0,5.0,128.32359845559853,0.023394858912099255,0.0,0.02911208151382824,0.007822685788787484,0.00388280977536147,0.008357655904363511
IND680587AAA,Pazhayannur_AlathurRD_D (Kerala),0.0011628467188451246,0.0006619891332357531,0.061146555111670366,1,2,9,9,9.0,0.0,0.0,9.0,64.1564974533923,4.0,18.0,4.0,64.1564974533923,0.01169646288196873,0.00825903185793221,0.013100436681222707,0.011734028683181226,0.001941244466824853,0.008342865339863273
IND802119AAA,Dumraon_Nishangr_D (Bihar),0.0007932979734494283,0.0006816487186149802,0.0,1,1,10,12,10.0,30.50769230769231,4.0,12.0,8.768521462639114,1.0,22.0,5.0,39.276213770331424,0.007160502750990812,0.005634339530199516,0.01455604075691412,0.01564537157757497,0.0011884179418440884,0.008309405787928669
IND535558AAA,Bobbili_ColegRd_D (Andhra Pradesh),0.0015844060284076228,0.0009626730353341432,0.0,1,1,3,13,3.0,4.280000000000008,1.0,13.0,9.338888888888896,3.0,16.0,4.0,13.618888888888904,0.0024828791269078665,0.011253125328086542,0.004366812227074236,0.01694915254237288,0.00041207973859645535,0.008304806753368827
IND245101AAA,Hapur_Swargash_D (Uttar Pradesh),0.0,0.001519534258604507,0.0,1,1,14,15,14.0,5.361513157894741,2.0,15.0,36.35000000000002,5.0,29.0,7.0,41.711513157894764,0.007604485668135077,0.0,0.020378457059679767,0.01955671447196871,0.001262105123171337,0.008302560587122528
IND244715AAA,Ramnagar_BhwniGnj_D (Uttarakhand),0.0008108173213792983,0.0008296217140644101,0.0,1,1,11,11,11.0,27.306250000000006,1.0,11.0,0.0,0.0,22.0,1.0,27.306250000000006,0.004978241522657671,0.005758769388699436,0.01601164483260553,0.014341590612777053,0.0008262313066692099,0.008292774201788622
IND262701AAA,Lakhimpur_Maheva_D (Uttar Pradesh),2.1899184912337564e-06,0.0004379594628337477,0.0,1,1,14,14,14.0,42.12222844344902,6.0,14.0,31.0919956140351,2.0,28.0,8.0,73.21422405748412,0.013347789984056014,1.555373231249004e-05,0.020378457059679767,0.018252933507170794,0.002215312758426638,0.008285550109286144
IND480334AAA,Pandhurna_Mataward_D (Madhya Pradesh),1.0949592456168782e-06,0.0004379594628337477,0.0,1,1,14,14,14.0,46.81303827751188,4.0,14.0,26.123976608187164,2.0,28.0,6.0,72.93701488569904,0.013297251583160908,7.77686615624502e-06,0.020378457059679767,0.018252933507170794,0.002206924975548188,0.008280731260411844
IND141115AAA,Machhiwara_MnBzrDPP_D (Punjab),0.0007768735847651751,0.000807208263126357,0.04591391990098884,2,1,9,14,9.0,0.0,0.0,14.0,10.023684210526326,2.0,23.0,2.0,10.023684210526326,0.0018274322159524,0.0055176865378558405,0.013100436681222707,0.018252933507170794,0.0003032961942010599,0.008277688374478509
IND802158AAB,Jagdishpur_Wardno13_D (Bihar),0.0007757786255195582,0.0007498598730625578,0.0,1,1,12,7,13.0,24.485188129305797,2.0,7.0,105.67183098591553,1.0,20.0,3.0,130.15701911522132,0.023729112456845697,0.005509909671699596,0.017467248908296942,0.009126466753585397,0.003938285336717367,0.008231782851650668
IND385535AAA,Deesa_HawaiPlr_DC (Gujarat),0.0007757786255195582,0.0008094236007841238,0.0,1,1,10,12,10.0,0.4074074074074119,1.0,12.0,31.145549143708138,3.0,22.0,4.0,31.55295655111555,0.005752464672570447,0.005509909671699596,0.01455604075691412,0.01564537157757497,0.000954727965960357,0.008207432843482765
IND441912AAA,Bhandara_KaremDPP_D (Maharashtra),5.474796228084391e-07,0.0003149399203865224,0.0,1,1,12,11,12.0,50.03361344537818,3.0,11.0,190.2930743243245,5.0,23.0,8.0,240.3266877697027,0.0438143024420387,3.88843307812251e-06,0.017467248908296942,0.014341590612777053,0.007271794305825392,0.00818107743224849
IND573134AAB,Sakleshpur_RgvdrDPP_D (Karnataka),0.0011661315965819752,0.0006905134210645436,0.0,2,1,10,8,10.0,8.851612903225814,1.0,9.0,28.553846153846195,2.0,19.0,3.0,37.40545905707201,0.006819442781487289,0.008282362456400945,0.01455604075691412,0.010430247718383311,0.001131812728341908,0.008179037736885294
IND742225AAA,Ragunthgnj_GopalDPP_D (West Bengal),0.0007807059421248341,0.0004379594628337477,0.0,1,1,9,9,10.0,132.08482142857144,7.0,9.0,34.357142857142854,7.0,19.0,14.0,166.4419642857143,0.030344272747808577,0.005544905569402698,0.013100436681222707,0.011734028683181226,0.005036193605360518,0.008166658423511861
IND457226AAA,Jaora_RtlamNka_D (Madhya Pradesh),0.0007785160236336004,0.0004379594628337477,0.0,1,1,11,11,11.0,19.253125000000004,1.0,11.0,0.0,0.0,22.0,1.0,19.253125000000004,0.003510064776961995,0.005529351837090209,0.01601164483260553,0.014341590612777053,0.000582560206041314,0.008151560283568417
IND244713AAA,Kashipur_Vaishali_D (Uttarakhand),0.0007932979734494283,0.000875525689845948,0.0,1,1,11,11,12.0,0.6750000000000043,1.0,11.0,12.600000000000009,3.0,23.0,4.0,13.275000000000013,0.0024201842513446787,0.005634339530199516,0.01601164483260553,0.014341590612777053,0.0004016743637824223,0.008143084515591953
IND263401AAA,Kashipur_BajprDPP_D (Uttarakhand),0.0007757786255195582,0.0009145823621373336,0.0,1,1,11,9,12.0,17.875000000000014,4.0,10.0,68.10000000000002,4.0,22.0,8.0,85.97500000000004,0.015674225311439447,0.005509909671699596,0.01601164483260553,0.011734028683181226,0.002601427753385592,0.008127960026598609
IND560064AAA,Bengaluru_NwYlhnka_DC (Karnataka),0.0,0.0007637558116536769,0.0,1,0,27,0,27.0,34.72890625000002,5.0,0.0,0.0,0.0,27.0,5.0,34.72890625000002,0.006331476608111168,0.0,0.039301310043668124,0.0,0.0010508257117008012,0.008122968436658825
IND385320AAA,Bhabhar_TirupDPP_D (Gujarat),0.0011803660667749946,0.0006236915318089359,0.0,1,1,7,12,7.0,0.0,0.0,12.0,0.0,0.0,19.0,0.0,0.0,0.0,0.008383461716432129,0.010189228529839884,0.01564537157757497,0.0,0.008101131622234215
IND691506AAA,Kottarakkara_Amankovl_D (Kerala),6.5697554737012695e-06,0.0008310886487213099,0.0,1,1,15,14,15.0,0.0,0.0,14.0,3.7799322868574947,1.0,29.0,1.0,3.7799322868574947,0.0006891248656724502,4.6661196937470115e-05,0.021834061135371178,0.018252933507170794,0.00011437302421575287,0.008062323603490448
IND110020AAB,OK_RPC (Delhi),0.0,0.00028958952393820313,0.0,1,1,6,4,6.0,205.0667878787879,4.0,4.0,489.35101010101016,2.0,10.0,6.0,694.417797979798,0.12660030271368408,0.0,0.008733624454148471,0.005215123859191656,0.0210116630661187,0.008042665429197701
IND140001AAA,RoopNagar_ChotiHvl_DC (Punjab),0.00040568240050105337,0.00042620155400733086,0.0,1,1,13,12,13.0,15.199074074074097,5.0,12.0,0.0,0.0,25.0,5.0,15.199074074074097,0.002770964949837687,0.002881328910888779,0.018922852983988356,0.01564537157757497,0.0004598929121495756,0.00803708325916113
IND261001AAA,Sitapur_Chowk_D (Uttar Pradesh),1.6424388684253174e-06,0.0003149399203865224,0.0,1,1,13,14,13.0,35.63207070707071,3.0,14.0,42.12222844344902,6.0,27.0,9.0,77.75429915051973,0.014175497572763133,1.1665299234367529e-05,0.018922852983988356,0.018252933507170794,0.0023526861501041896,0.008027411690489906
IND518124AAA,Bngnpalle_Enkndla_D (Andhra Pradesh),0.0011978854147048647,0.0009404162060653496,0.0,1,1,11,6,11.0,36.46116071428577,3.0,7.0,0.0,0.0,18.0,3.0,36.46116071428577,0.006647286398980161,0.00850789157493205,0.01601164483260553,0.007822685788787484,0.00110324019078564,0.008020438223201231
IND472001AAA,Tikamgarh_MndiRoad_D (Madhya Pradesh),0.0007763261051423666,0.0009863500724984844,0.16565831122816183,1,1,6,14,7.0,0.0,0.0,16.0,90.77780011061952,3.0,23.0,3.0,90.77780011061952,0.016549830674157166,0.005513798104777718,0.008733624454148471,0.018252933507170794,0.002746750667043387,0.0080138285956969
IND415605AAA,Chiplun_LxmiNiws_D (Maharashtra),0.0007796109828792173,0.0004379594628337477,0.0,1,1,11,11,11.0,0.0,0.0,11.0,0.59375,1.0,22.0,1.0,0.59375,0.00010824741237181933,0.005537128703246453,0.01601164483260553,0.014341590612777053,1.796566128028723e-05,0.008013133550532847
IND209206AAB,Ghatampur_StatinRD_D (Uttar Pradesh),0.00040677735974667026,0.000660522270127347,0.0,1,1,12,11,12.0,15.478493291388716,1.0,11.0,66.84750000000001,4.0,23.0,5.0,82.32599329138873,0.015008969675339096,0.0028891057770450246,0.017467248908296942,0.014341590612777053,0.0024910162695348024,0.00799570899356426
IND175018AAA,SundarNgr_Bhogpur_D (Himachal Pradesh),0.000817934556475808,0.0009045139445889802,0.0,1,1,10,9,10.0,59.6564102564103,4.0,9.0,33.045588235294126,4.0,19.0,8.0,92.70199849170442,0.016900634035239243,0.005809319018715029,0.01455604075691412,0.011734028683181226,0.0028049729766865842,0.007992518788740976
IND732103AAB,Malda_Central_I_3 (West Bengal),0.001221974518108436,0.0004146417940981118,0.0,2,1,6,3,6.0,240.85954861111134,5.0,5.0,76.05833333333335,3.0,11.0,8.0,316.9178819444447,0.057777752681842286,0.00867898263036944,0.008733624454148471,0.003911342894393742,0.009589287276934652,0.00796395920957141
IND691305AAA,Punalur_PostofJN_D (Kerala),0.0003947328080448846,0.0008779782559843904,0.0,1,1,14,11,14.0,3.7799322868574947,1.0,11.0,0.3656250000000085,1.0,25.0,2.0,4.145557286857503,0.000755782482764572,0.002803560249326329,0.020378457059679767,0.014341590612777053,0.00012543608931993,0.007956614644085562
IND679531AAA,Shoranur_KdrShrRd_D (Kerala),0.0011803660667749946,0.0005784992047525369,0.0,1,1,9,9,9.0,6.668526785714313,3.0,9.0,0.0,0.0,18.0,3.0,6.668526785714313,0.0012157486633865096,0.008383461716432129,0.013100436681222707,0.011734028683181226,0.0002017759890032268,0.007951548670882838
IND574211AAA,Bantwal_Trmltmpl_D (Karnataka),0.0012154047626347349,0.0007277778287011543,0.0,1,1,8,5,8.0,148.00854700854703,2.0,6.0,21.63070175438598,3.0,14.0,5.0,169.639248762933,0.03092717425732522,0.008632321433431971,0.011644832605531296,0.00651890482398957,0.005132936897881666,0.00793729421207578
IND581119AAB,Ukkadagatri_Tuminkte_D (Karnataka),0.0007757786255195582,0.0008722547883138711,0.0,1,1,11,10,11.0,0.0,0.0,10.0,23.542635658914733,1.0,21.0,1.0,23.542635658914733,0.00429209160503586,0.005509909671699596,0.01601164483260553,0.01303780964797914,0.0007123520301360402,0.007916447288745803
IND144514AAA,Nawanshahr_DC (Punjab),0.00040513492087824494,0.0005789049570288671,0.1377417597029665,1,1,12,5,12.0,277.1764705882353,5.0,6.0,0.0,0.0,18.0,5.0,277.1764705882353,0.050532439093103426,0.002877440477810657,0.017467248908296942,0.00651890482398957,0.008386793407079969,0.007901033265461025
IND140118AAA,AnandprShb_PnjPiara_D (Punjab),0.0003881630525711833,0.0005326105050688252,0.0,1,1,12,13,12.0,0.0,0.0,13.0,6.077777777777811,1.0,25.0,1.0,6.077777777777811,0.0011080483661732958,0.002756899052388859,0.017467248908296942,0.01694915254237288,0.00018390113160827453,0.007894170241372135
IND233001AAA,Ghazipur_Kaithwal_D (Uttar Pradesh),5.474796228084391e-07,0.0003149399203865224,0.0,1,1,3,3,3.0,743.8459821428573,3.0,4.0,79.34626436781612,4.0,7.0,7.0,823.1922465106735,0.15007735674833722,3.88843307812251e-06,0.004366812227074236,0.003911342894393742,0.024908114643148578,0.007884020636658082
IND508206AAA,Kodad_VidyaNgr_D (Telangana),0.00040568240050105337,0.0007492832585912076,0.20352348131843517,1,1,11,10,12.0,140.6225806451613,3.0,12.0,0.0,0.0,24.0,3.0,140.6225806451613,0.025637103959387272,0.002881328910888779,0.01601164483260553,0.01303780964797914,0.004254951835336157,0.007882093973762046
IND174307AAA,Bangana_Bhaleti_D (Himachal Pradesh),0.00040677735974667026,0.0005496757885255002,0.0,1,1,13,11,13.0,0.0,0.0,11.0,23.809375000000017,2.0,24.0,2.0,23.809375000000017,0.0043407212361099585,0.0028891057770450246,0.018922852983988356,0.014341590612777053,0.0007204230173395185,0.00784418149565372
IND389151AAA,Dahod_DC (Gujarat),0.0004073248393694787,0.0005826173794477389,0.0,1,1,15,8,15.0,0.48749999999999716,1.0,8.0,47.720595533498795,4.0,23.0,5.0,48.20809553349879,0.008788886899999503,0.002892994210123147,0.021834061135371178,0.010430247718383311,0.0014586784258064289,0.007830079350745606
IND509103AAB,Wanaparthy_VallaDPP_D (Telangana),0.0007757786255195582,0.0009514476848351002,0.16119819318280543,1,1,8,3,10.0,367.65862073823627,4.0,4.0,0.0,0.0,14.0,4.0,367.65862073823627,0.06702836939975779,0.005509909671699596,0.011644832605531296,0.003911342894393742,0.01112459831067072,0.007820853062747546
IND305624AAA,Bijainagar_Central_DPP_1 (Rajasthan),0.0007807059421248341,0.0004596486640411367,0.0,2,1,6,4,6.0,394.37150974025974,6.0,4.0,13.283255086072018,1.0,10.0,7.0,407.65476482633176,0.07432012367746182,0.005544905569402698,0.008733624454148471,0.005215123859191656,0.012334799872277938,0.007814166580028453
IND251001AAA,Muzaffrngr_MhmodNgr_D (Uttar Pradesh),0.0008097223621336815,0.0004514019682702804,0.0,1,1,10,10,10.0,0.0,0.0,10.0,36.70972222222222,3.0,20.0,3.0,36.70972222222222,0.006692602003273816,0.005750992522543192,0.01455604075691412,0.01303780964797914,0.0011107611539164252,0.0078093077523478755
IND416602AAC,Kankavali_NrdawDPP_D (Maharashtra),0.0007752311458967498,0.00046143280100339887,0.0,1,1,6,7,6.0,51.84738636363639,3.0,7.0,252.38627283105006,3.0,13.0,6.0,304.2336591946864,0.055465273876605915,0.005506021238621473,0.008733624454148471,0.009126466753585397,0.009205488625101607,0.0078004978313396915
IND460001AAA,Betul_PatelWrd_D (Madhya Pradesh),1.0949592456168782e-06,0.0003149399203865224,0.0,1,1,13,14,13.0,0.0,0.0,14.0,46.81303827751188,4.0,27.0,4.0,46.81303827751188,0.0085345520148271,7.77686615624502e-06,0.018922852983988356,0.018252933507170794,0.0014164668449598303,0.007791995912626474
IND341503AAB,Degana_BhukrdPP_D (Rajasthan),0.0015668866804777527,0.0007926903036535,0.0,1,1,6,7,6.0,8.28181818181821,1.0,7.0,33.90265151515153,3.0,13.0,4.0,42.18446969696974,0.007690711051746358,0.01112869546958662,0.008733624454148471,0.009126466753585397,0.0012764158212451358,0.0077861656112133745
IND630561AAA,Sivaganga_Wardno3_D (Tamil Nadu),1.806682755267849e-05,0.0008474213236173287,0.0,1,2,12,16,12.0,0.0,0.0,16.0,9.667836626838252,2.0,28.0,2.0,9.667836626838252,0.0017625571336231396,0.0001283182915780428,0.017467248908296942,0.020860495436766623,0.0002925289737278833,0.0077835925144969995
IND621112AAA,Tiruchi_Samyaprm_D (Tamil Nadu),0.0,0.0003149399203865224,0.0,1,0,24,0,24.0,23.302387267904532,6.0,1.0,79.29166666666667,1.0,25.0,7.0,102.5940539345712,0.018704068822151077,0.0,0.034934497816593885,0.0,0.0031042863534484644,0.007762971151680894
IND614809AAA,Pushpavanam_Thmpulam_D (Tamil Nadu),0.0003881630525711833,0.001054522448810448,0.1477667962866604,1,1,12,12,12.0,0.0,0.0,12.0,23.07614413630148,2.0,24.0,2.0,23.07614413630148,0.004207044867829503,0.002756899052388859,0.017467248908296942,0.01564537157757497,0.0006982369502448484,0.007761998003071696
IND571111AAB,Gundlupet_Swamylyt_D (Karnataka),0.0016424388684253173,0.0008160208704091783,0.0,1,1,6,7,6.0,12.163636363636364,2.0,7.0,0.7374999999999972,1.0,13.0,3.0,12.901136363636361,0.002352024636664621,0.011665299234367528,0.008733624454148471,0.009126466753585397,0.00039036201438296823,0.00775246347717115
IND713148AAA,Panagarh_Central_D_1 (West Bengal),0.0012154047626347349,0.00038135317555948987,0.0,1,1,3,10,3.0,61.25,2.0,10.0,101.3981481481481,4.0,13.0,6.0,162.6481481481481,0.02965261669744059,0.008632321433431971,0.004366812227074236,0.01303780964797914,0.004921400484203126,0.0077325869977626464
IND561203AAB,Doddablpur_ChikaDPP_D (Karnataka),0.001221974518108436,0.0003767470465316959,0.0,1,1,8,9,8.0,2.1000000000000085,1.0,9.0,0.0,0.0,17.0,1.0,2.1000000000000085,0.00038285400586243626,0.00867898263036944,0.011644832605531296,0.011734028683181226,6.354170726501615e-05,0.007729301605188064
IND524003AAA,Nellore_DC (Andhra Pradesh),0.0,0.0005081510316263036,0.1407265605143137,1,1,14,14,14.0,0.0,0.0,14.0,0.0,0.0,28.0,0.0,0.0,0.0,0.0,0.020378457059679767,0.018252933507170794,0.0,0.007726278113370112
IND208019AAA,Kanpur_Rawatpur_D (Uttar Pradesh),0.0,0.0007013798612436336,0.0,1,1,13,3,13.0,172.04687500000003,7.0,3.0,243.853515625,3.0,16.0,10.0,415.900390625,0.07582339551930126,0.0,0.018922852983988356,0.003911342894393742,0.012584295653571196,0.007712913089069219
IND364004AAB,Bhavnagar_ChtrGIDC_IP (Gujarat),0.0012203320792400108,0.0004010547571057076,0.0,1,1,11,5,11.0,0.0,0.0,5.0,21.96052631578948,1.0,16.0,1.0,21.96052631578948,0.004003654986117817,0.008667317331135073,0.01601164483260553,0.00651890482398957,0.0006644806354969395,0.007705791156090531
IND333042AAA,Nawalgarh_NavldiDPP_D (Rajasthan),0.0004084197986150956,0.0005153054271941616,0.0,1,1,11,8,11.0,173.7413109756098,3.0,8.0,9.341655420602791,1.0,19.0,4.0,183.08296639621258,0.033378117661889285,0.002900771076279392,0.01601164483260553,0.010430247718383311,0.005539716312361372,0.007688577464985899
IND312605AAB,Pratapgarh_Nimachrd_D (Rajasthan),0.0007790635032564089,0.0006829732553016482,0.04519872522045689,1,2,5,12,6.0,79.86964285714288,2.0,12.0,74.16666666666674,4.0,18.0,6.0,154.03630952380962,0.02808258007116972,0.0055332402701683304,0.00727802037845706,0.01564537157757497,0.004660823851402519,0.0076865184486159515
IND614715AAA,Thirthurpondi_Madaprum_D (Tamil Nadu),0.00040568240050105337,0.0010407366755392933,0.1477667962866604,1,1,12,12,12.0,5.401882352941186,1.0,12.0,0.0,0.0,24.0,1.0,5.401882352941186,0.0009848249038195845,0.002881328910888779,0.017467248908296942,0.01564537157757497,0.0001634499176907829,0.007671851695408151
IND173025AAA,PaontSahib_Gurudwar_D (Himachal Pradesh),0.0007785160236336004,0.0004379594628337477,0.0,1,1,9,8,9.0,32.15000000000002,1.0,8.0,102.25635948210217,3.0,17.0,4.0,134.40635948210218,0.024503815781480597,0.005529351837090209,0.013100436681222707,0.010430247718383311,0.004066861689889633,0.007658125445375185
IND516115AAA,Rajampet_RSRoad_D (Andhra Pradesh),4.927316605275952e-06,0.001045035753657155,0.0,1,1,12,11,12.0,32.507142857142895,2.0,11.0,136.77238805970154,3.0,23.0,5.0,169.27953091684444,0.03086159358191798,3.499589770310258e-05,0.017467248908296942,0.014341590612777053,0.0051220525711796845,0.007654529611205807
IND141109AAA,Raikot_DC (Punjab),0.0003892580118168002,0.0003988168811459942,0.0,1,1,12,11,12.0,0.0,0.0,11.0,42.743750000000006,2.0,23.0,2.0,42.743750000000006,0.007792674244324975,0.0027646759185451044,0.017467248908296942,0.014341590612777053,0.0012933384999566778,0.007652739100694755
IND515301AAA,Madakasira_RTCStand_D (Andhra Pradesh),0.00040568240050105337,0.0008759099862901238,0.0,1,1,11,12,11.0,28.323437500000026,4.0,12.0,11.745588235294143,3.0,23.0,7.0,40.06902573529417,0.007305041435124933,0.002881328910888779,0.01601164483260553,0.01564537157757497,0.0012124068112697383,0.007642970103664607
IND507123AAA,Yellandu_Sudimala_D (Telangana),0.0011803660667749946,0.0011386162742163192,0.0,1,1,9,8,9.0,0.0,0.0,8.0,0.0,0.0,17.0,0.0,0.0,0.0,0.008383461716432129,0.013100436681222707,0.010430247718383311,0.0,0.007640348480672449
IND385340AAB,Radhanpur_Santalpr_D (Gujarat),0.0011628467188451246,0.0007003507538381915,0.0,1,1,12,4,13.0,24.999999999999986,1.0,4.0,0.0,0.0,17.0,1.0,24.999999999999986,0.0045577857840766005,0.00825903185793221,0.017467248908296942,0.005215123859191656,0.0007564488960120936,0.007616247927777017
IND571313AAB,Chamarjngr_BrDbleRd_D (Karnataka),0.0012345665494330302,0.0008639109278274521,0.0,1,1,7,7,7.0,0.7374999999999972,1.0,7.0,89.57925925925926,2.0,14.0,3.0,90.31675925925926,0.01646577765662883,0.00876841659116626,0.010189228529839884,0.009126466753585397,0.0027328005133222693,0.007615284991923815
IND827013AAA,Bokaro_KSClny_DC (Jharkhand),0.0,0.00043322068978889766,0.0,1,0,14,0,14.0,466.748607004402,8.0,2.0,0.4928571428571473,1.0,16.0,9.0,467.24146414725914,0.08518346012086062,0.0,0.020378457059679767,0.0,0.014137771589010742,0.007610134309188639
IND142026AAA,Jagraon_DC (Punjab),5.474796228084391e-07,0.0002688962292236906,0.0,1,1,15,12,15.0,0.0,0.0,13.0,12.250000000000014,1.0,28.0,1.0,12.250000000000014,0.002233315034197538,3.88843307812251e-06,0.021834061135371178,0.01564537157757497,0.00037065995904592646,0.007589912483928054
IND247667AAA,Roorkee_Dc (Uttarakhand),0.0012137623237663095,0.0002545824141934198,0.1829710554574832,1,1,3,10,3.0,0.0,0.0,10.0,144.1527631578947,5.0,13.0,5.0,144.1527631578947,0.02628069658625656,0.008620656134197604,0.004366812227074236,0.01303780964797914,0.004361767941915292,0.00758859600745866
IND691574AAA,Kalluvathukal_Pariplly_D (Kerala),1.0949592456168782e-06,0.0004379594628337477,0.0,1,1,13,14,14.0,0.0,0.0,14.0,14.252500000000012,3.0,28.0,3.0,14.252500000000012,0.0025983936755020736,7.77686615624502e-06,0.018922852983988356,0.018252933507170794,0.00043125151561649515,0.00754569208029064
IND224141AAB,Gosainganj_Pakrela_D (Uttar Pradesh),5.474796228084391e-07,0.0003149399203865224,0.0,1,1,10,13,10.0,84.31586419753081,5.0,13.0,79.68611111111113,4.0,23.0,9.0,164.00197530864193,0.02989943486488841,3.88843307812251e-06,0.01455604075691412,0.01694915254237288,0.004962364526640995,0.007542990743094992
IND410401AAA,Lonavala_NngrgnRd_D (Maharashtra),0.0,0.00031884240410735474,0.0,1,1,11,9,11.0,66.84025186567177,3.0,9.0,195.28358208955223,1.0,20.0,4.0,262.123833955224,0.047788171362751035,0.0,0.01601164483260553,0.011734028683181226,0.007931331392555464,0.007531967551296218
IND173212AAA,Solan_MohanPrk_D (Himachal Pradesh),0.00040677735974667026,0.0005496757885255002,0.0,1,1,13,5,14.0,98.43333333333341,4.0,8.0,89.85659340659348,5.0,22.0,9.0,188.2899267399269,0.034327406055202556,0.0028891057770450246,0.018922852983988356,0.00651890482398957,0.00569726828850463,0.007523855655687502
IND247554AAA,Deoband_Ramvlg_D (Uttar Pradesh),0.0007922030142038114,0.0005540317827142671,0.0,1,1,10,9,10.0,36.70972222222222,3.0,11.0,0.0,0.0,21.0,3.0,36.70972222222222,0.006692602003273816,0.005626562664043271,0.01455604075691412,0.011734028683181226,0.0011107611539164252,0.007505001108913321
IND561202AAB,Pavagada_PnukndRD_D (Karnataka),0.0003881630525711833,0.0009135145847870552,0.0,1,1,12,11,12.0,11.745588235294143,3.0,11.0,10.726757812500011,2.0,23.0,5.0,22.472346047794154,0.0040969655740594494,0.002756899052388859,0.017467248908296942,0.014341590612777053,0.0006799672543462253,0.007496674386137456
IND396321AAA,Bilimora_DC (Gujarat),1.3686990570210978e-05,0.0015335305337769382,0.0,2,2,10,17,10.0,0.0,0.0,17.0,15.291611708603902,2.0,27.0,2.0,15.291611708603902,0.002787835618443768,9.721082695306273e-05,0.01455604075691412,0.02216427640156454,0.00046269291180876126,0.0074937604490814946
IND344001AAA,Barmer_Nehru3PL_D (Rajasthan),0.0016019253763374928,0.0005129265980134884,0.0,1,2,4,9,4.0,0.0,0.0,10.0,0.0,0.0,14.0,0.0,0.0,0.0,0.011377555186586463,0.005822416302765648,0.011734028683181226,0.0,0.007493433312494637
IND854334AAA,Raniganj_Central_DPP_1 (Bihar),0.0008146496787389574,0.0006542269121723911,0.0,1,2,7,10,8.0,106.47129629629632,4.0,12.0,0.0,0.0,20.0,4.0,106.47129629629632,0.01941093442685869,0.005785988420246294,0.010189228529839884,0.01303780964797914,0.003221603781612396,0.007475904528053107
IND642126AAA,Udumalpet_Artclgrd_D (Tamil Nadu),4.379836982467513e-06,0.000565274862432375,0.12313765905927088,1,1,12,12,12.0,111.25979049153909,2.0,12.0,0.0,0.0,24.0,2.0,111.25979049153909,0.020283931657667127,3.110746462498008e-05,0.017467248908296942,0.01564537157757497,0.003366493827514465,0.007475035166671742
IND603301AAA,Malemruvathur_Achipkam_D (Tamil Nadu),0.0003881630525711833,0.0005294031130019142,0.17715032284084514,1,1,11,11,11.0,6.937499999999993,3.0,11.0,50.4063038793104,3.0,22.0,6.0,57.34380387931039,0.010454430965039906,0.002756899052388859,0.01601164483260553,0.014341590612777053,0.0017351062855055352,0.007469338328789002
IND431122AAA,Beed_JalnaRd_D (Maharashtra),0.0012154047626347349,0.0004533815478951455,0.0,1,1,9,7,9.0,0.0,0.0,7.0,0.0,0.0,16.0,0.0,0.0,0.0,0.008632321433431971,0.013100436681222707,0.009126466753585397,0.0,0.007466693188662811
IND322230AAA,Hindaun_MndwrRod_D (Rajasthan),2.9016420008847273e-05,0.0005552128269001917,0.0,1,1,13,13,13.0,15.427777777777806,1.0,13.0,13.52480158730161,2.0,26.0,3.0,28.952579365079416,0.005278386185700343,0.00020608695314049298,0.018922852983988356,0.01694915254237288,0.0008760458678966742,0.007465543005845589
IND518102AAA,Srisailam_Sishumdr_D (Andhra Pradesh),0.0007757786255195582,0.0007035797753828704,0.0,1,1,10,10,10.0,0.0,0.0,10.0,0.0,0.0,20.0,0.0,0.0,0.0,0.005509909671699596,0.01455604075691412,0.01303780964797914,0.0,0.0074472384660735115
IND606801AAB,Chetpet_Blmrgnst_D (Tamil Nadu),0.0007757786255195582,0.0006232972773924298,0.0,1,1,10,9,10.0,0.0,0.0,9.0,34.26332417582421,2.0,19.0,2.0,34.26332417582421,0.006246595673751192,0.005509909671699596,0.01455604075691412,0.011734028683181226,0.0010367381498602684,0.0074456668105789955
IND560064AAD,Bengaluru_Bagaluru_D (Karnataka),0.0,0.00017023117673190812,0.0,0,1,0,28,0.0,0.0,0.0,28.0,17.972727272727283,4.0,28.0,4.0,17.972727272727283,0.003276633634588891,0.0,0.0,0.03650586701434159,0.0005438179881512402,0.007437127899906128
IND754103AAA,Jagatsghpr_Markndpr_D (Orissa),0.0,0.0003470257915326804,0.0,1,0,6,0,6.0,751.9872030408615,5.0,1.0,0.0,0.0,7.0,5.0,751.9872030408615,0.1370958633530866,0.0,0.008733624454148471,0.0,0.02275359558221928,0.007435123786384515
IND673104AAA,Vadakara_Mandodi_D (Kerala),1.0949592456168782e-06,0.0003149399203865224,0.0,1,1,10,12,11.0,165.60833333333332,1.0,12.0,16.803676470588254,4.0,23.0,5.0,182.41200980392156,0.03325579460516623,7.77686615624502e-06,0.01455604075691412,0.01564537157757497,0.005519414537420949,0.007422858004407741
IND679303AAA,Sankaramangalam_Central_D_1 (Kerala),0.0011978854147048647,0.0004800490007337507,0.0,1,1,7,9,7.0,0.0,0.0,9.0,6.668526785714313,3.0,16.0,3.0,6.668526785714313,0.0012157486633865096,0.00850789157493205,0.010189228529839884,0.011734028683181226,0.0002017759890032268,0.007412857491081247
IND305802AAA,Kishangarh_Central_D_2 (Rajasthan),0.001619444724267363,0.000576634877923112,0.0,1,1,6,4,6.0,61.97301010101012,2.0,4.0,15.505644682115289,1.0,10.0,3.0,77.4786547831254,0.014125244453596308,0.011501985045086384,0.008733624454148471,0.005215123859191656,0.0023443457150078943,0.0074015308572002335
IND631102AAA,Sholinghur_ArkonmRD_D (Tamil Nadu),0.0003881630525711833,0.0004894327472317853,0.0,1,1,11,12,11.0,3.9750000000000085,2.0,12.0,9.19813165961179,1.0,23.0,3.0,13.173131659611798,0.0024016124883979233,0.002756899052388859,0.01601164483260553,0.01564537157757497,0.00039859203603741233,0.007395965959381554
IND711303AAA,Bagnan_Harop_D (West Bengal),4.379836982467513e-06,0.0004663139078917596,0.0,1,1,12,11,12.0,134.59534583063993,3.0,11.0,0.0,0.0,23.0,3.0,134.59534583063993,0.02453827015319059,3.110746462498008e-05,0.017467248908296942,0.014341590612777053,0.004072580030478143,0.0073908005244530785
IND560067AAC,Bengaluru_Kadugodi_D (Karnataka),0.0,0.0003587708212704519,0.0,1,1,7,17,7.0,52.04768518518518,4.0,17.0,68.42424242424246,5.0,24.0,9.0,120.47192760942764,0.021963409561542198,0.0,0.010189228529839884,0.02216427640156454,0.003645234265624018,0.007382009552686889
IND321606AAA,Kherli_GodamDPP_D (Rajasthan),2.1899184912337564e-06,0.0003149399203865224,0.0,1,1,3,4,5.0,69.14066558441561,2.0,6.0,649.9444444444447,4.0,11.0,6.0,719.0851100288603,0.131097435681228,1.555373231249004e-05,0.004366812227074236,0.005215123859191656,0.021758045504802658,0.007361342399763215
IND535001AAA,Vizianagaram_NcsRd_DC (Andhra Pradesh),0.0007757786255195582,0.0007882160956662877,0.0,1,1,9,6,10.0,40.52261904761907,2.0,6.0,122.29738058551621,3.0,16.0,5.0,162.81999963313527,0.029683947187650467,0.005509909671699596,0.013100436681222707,0.007822685788787484,0.004926600358846989,0.007344742968808644
IND415709AAA,Khed_Mahad_D (Maharashtra),0.0011677740354504005,0.0005425375147555801,0.0,1,1,11,4,11.0,0.59375,1.0,4.0,24.242581916728284,2.0,15.0,3.0,24.836331916728284,0.004527947221546888,0.008294027755635312,0.01601164483260553,0.005215123859191656,0.0007514966343759617,0.007336137611425787
IND140501AAA,Lalru_OnkarDPP_D (Punjab),0.0003892580118168002,0.0003149399203865224,0.0,1,1,10,11,10.0,6.666249999999991,1.0,11.0,70.60459558823533,4.0,21.0,5.0,77.27084558823532,0.01408735846182549,0.0027646759185451044,0.01455604075691412,0.014341590612777053,0.0023380578335656637,0.0073316773038204375
IND302026AAA,Jaipur_Bhankrot_DC (Rajasthan),0.0,0.00043354258615390555,0.0,1,0,13,0,13.0,139.987037037037,7.0,2.0,328.4256756756757,2.0,15.0,9.0,468.4127127127127,0.0853969921233104,0.0,0.018922852983988356,0.0,0.014173211176382466,0.007327873390893288
IND632301AAA,Arani_KrthiKyn_D (Tamil Nadu),0.0008108173213792983,0.00042684040310159784,0.0,1,1,10,9,10.0,5.933333333333337,1.0,9.0,0.19303571428572752,1.0,19.0,2.0,6.126369047619065,0.0011169071101298036,0.005758769388699436,0.01455604075691412,0.011734028683181226,0.0001853714041053642,0.007319926025090213
IND341303AAA,Didwana_KatlaDPP_D (Rajasthan),0.001169416474318826,0.0005425375147555801,0.0,1,1,4,8,6.0,136.34130718954248,1.0,8.0,17.21066666666667,1.0,14.0,2.0,153.55197385620914,0.027994280142349292,0.00830569305486968,0.005822416302765648,0.010430247718383311,0.004646168844160293,0.007319067584474253
IND121004AAA,Faridabad_Blbgarh_DC (Haryana),0.0,0.0005599833520142945,0.0,1,1,14,9,14.0,23.311336032388667,3.0,9.0,94.66285714285715,4.0,23.0,7.0,117.97419317524582,0.0215080440216817,0.0,0.020378457059679767,0.011734028683181226,0.0035696579274132885,0.007314911630425521
IND212501AAA,Soraon_BypassRD_D (Uttar Pradesh),0.0007932979734494283,0.0005973244595231099,0.0,1,1,8,8,8.0,118.425641025641,5.0,8.0,2.657538461538472,1.0,16.0,6.0,121.08317948717948,0.022074847766298495,0.005634339530199516,0.011644832605531296,0.010430247718383311,0.0036637294979484456,0.007302967274839863
IND184121AAA,Samba_Wardno13_D (Jammu & Kashmir),0.0011677740354504005,0.0005245750214179871,0.0,2,1,7,4,9.0,0.0,0.0,7.0,174.134213836478,1.0,16.0,1.0,174.134213836478,0.031746657773810194,0.008294027755635312,0.010189228529839884,0.005215123859191656,0.005268945352581508,0.007301016530424044
IND321001AAA,Bharatpur_DC (Rajasthan),0.000408967278237904,0.0011955417465999614,0.0,1,1,3,6,5.0,0.0,0.0,8.0,507.2072962690231,2.0,13.0,2.0,507.2072962690231,0.09246968818059535,0.0029046595093575145,0.004366812227074236,0.007822685788787484,0.015347055972479264,0.0072912944245672896
IND572101AAA,Tumkur_Veersagr_I (Karnataka),0.001627109438986681,0.00024294250121080675,0.0,1,1,3,8,4.0,35.14166666666671,1.0,8.0,2.1000000000000085,1.0,12.0,2.0,37.24166666666672,0.006789581556346122,0.011556423108180098,0.004366812227074236,0.010430247718383311,0.0011268567054260176,0.007285874253311049
IND784001AAA,Tezpur_Mhbhirab_D (Assam),0.00040677735974667026,0.00029928417260060875,0.0,1,1,4,3,7.0,476.28571428571433,2.0,6.0,95.78125000000003,3.0,13.0,5.0,572.0669642857143,0.10429434709445147,0.0028891057770450246,0.005822416302765648,0.003911342894393742,0.017309576943156744,0.0072853330971868226
IND508223AAA,Thirumalagiri_Xroad_D (Telangana),0.0007757786255195582,0.0007112719028704834,0.0,1,1,7,11,8.0,0.0,0.0,11.0,57.876364942528795,3.0,19.0,3.0,57.876364942528795,0.01055152293476349,0.005509909671699596,0.010189228529839884,0.014341590612777053,0.0017512204946387587,0.007272437337277934
IND638701AAA,Kangayam_Thvlrsrt_D (Tamil Nadu),1.806682755267849e-05,0.0007661663549195427,0.0,1,1,12,12,12.0,5.665882352941175,1.0,12.0,74.1094919786097,4.0,24.0,5.0,79.77537433155086,0.014543962681909285,0.0001283182915780428,0.017467248908296942,0.01564537157757497,0.0024138397536821276,0.0072708954376472295
IND411017AAA,PNQ Rahatani DPC (Maharashtra),0.0,0.0003149399203865224,0.0,1,0,23,0,23.0,72.42440476190475,5.0,1.0,2.9833333333333343,1.0,24.0,6.0,75.40773809523809,0.013747692667993916,0.0,0.033478893740902474,0.0,0.002281684009316479,0.0072661997505096155
IND764001AAC,Jeypore_Kelasahi_D (Orissa),0.0008135547194933405,0.0003158229217787656,0.0,1,1,3,7,4.0,237.16249999999997,3.0,7.0,96.1688888888889,3.0,11.0,6.0,333.33138888888885,0.06077012262657149,0.005778211554090049,0.004366812227074236,0.009126466753585397,0.010085926445247117,0.007242511451375224
IND402109AAA,Roha_DataSagr_D (Maharashtra),5.474796228084391e-07,0.0011275920197874245,0.1806001514718959,1,1,11,13,11.0,20.717708333333306,3.0,13.0,63.31412037037043,3.0,24.0,6.0,84.03182870370374,0.015319962971028047,3.88843307812251e-06,0.01601164483260553,0.01694915254237288,0.0025426313621117634,0.0072291782671009665
IND201307AAA,Noida_Chukhndi_D (Uttar Pradesh),0.0,0.0003298597279590772,0.0,1,1,5,20,5.0,0.0,0.0,20.0,73.42318181818186,9.0,25.0,9.0,73.42318181818186,0.01338588537250324,0.0,0.00727802037845706,0.02607561929595828,0.0022216353931223567,0.007226136783163657
IND517583AAA,Puttur_Artmclny_D (Andhra Pradesh),4.927316605275952e-06,0.001001440434254521,0.0,1,1,13,13,13.0,4.733333333333334,1.0,13.0,0.0,0.0,26.0,1.0,4.733333333333334,0.0008629407751185038,3.499589770310258e-05,0.018922852983988356,0.01694915254237288,0.00014322099097828983,0.007222454917212906
IND401208AAA,Nalasopara (Maharashtra),0.0,0.0007523587527126099,0.0,1,0,23,0,23.0,68.52777777777786,8.0,0.0,0.0,0.0,23.0,8.0,68.52777777777786,0.01249339725479666,0.0,0.033478893740902474,0.0,0.0020735104738464866,0.007214156366642117
IND802213AAB,Dinara_Wardno7_D (Bihar),0.0007932979734494283,0.0005594124525388276,0.0,1,1,8,5,8.0,176.62424242424254,8.0,5.0,36.037500000000016,3.0,13.0,11.0,212.66174242424256,0.03877066665752692,0.005634339530199516,0.011644832605531296,0.00651890482398957,0.006434709611233063,0.0072134437242822695
IND606803AAA,Polur_StationRD_D (Tamil Nadu),0.0007932979734494283,0.000533055953943101,0.0,1,1,9,10,9.0,0.19303571428572752,1.0,10.0,0.0,0.0,19.0,1.0,0.19303571428572752,3.519261737562247e-05,0.005634339530199516,0.013100436681222707,0.01303780964797914,5.840866118493783e-06,0.007201128317939824
IND603001AAA,Chennai_Chnglptu_DC (Tamil Nadu),0.00040568240050105337,0.00042256047437359736,0.17715032284084514,1,1,10,11,10.0,46.5457088122606,4.0,11.0,6.937499999999993,3.0,21.0,7.0,53.48320881226059,0.009750600352452874,0.002881328910888779,0.01455604075691412,0.014341590612777053,0.0016182925704487528,0.007192564535361495
IND341306AAA,Sujangarh_LdnunDPP_D (Rajasthan),0.0015570320472672009,0.0006314452445443021,0.0,1,1,8,3,8.0,17.21066666666667,1.0,3.0,9.672794117647072,1.0,11.0,2.0,26.88346078431374,0.004901162215581041,0.011058703674180418,0.011644832605531296,0.003911342894393742,0.0008134385692511421,0.0071851410282609395
IND516101AAA,Koduru_MGRoad_D (Andhra Pradesh),4.927316605275952e-06,0.0010308148452602042,0.0,1,1,13,12,13.0,0.0,0.0,12.0,32.507142857142895,2.0,25.0,2.0,32.507142857142895,0.005926423743809328,3.499589770310258e-05,0.018922852983988356,0.01564537157757497,0.0009835996930717267,0.007171793399776683
IND533308AAB,Mandapeta_Mainrd_D (Andhra Pradesh),0.0008108173213792983,0.0004888748477772953,0.0,1,1,7,8,8.0,136.39583333333331,5.0,9.0,0.0,0.0,17.0,5.0,136.39583333333331,0.024866519606957932,0.005758769388699436,0.010189228529839884,0.010430247718383311,0.004127059101825982,0.007171229311145937
IND384265AAB,Patan_Central_D_2 (Gujarat),0.0011978854147048647,0.0005334779083370143,0.0,1,1,7,7,7.0,13.918359375000001,1.0,8.0,24.999999999999986,1.0,15.0,2.0,38.91835937499999,0.007095261803958373,0.00850789157493205,0.010189228529839884,0.009126466753585397,0.0011775899993528268,0.00713529860774948
IND322241AAA,Karauli_HnsChowk_D (Rajasthan),3.1206338500081025e-05,0.0006423117217967545,0.0,1,1,13,12,13.0,13.52480158730161,2.0,12.0,5.459679144385007,3.0,25.0,5.0,18.984480731686617,0.003461087855878298,0.000221640685452983,0.018922852983988356,0.01564537157757497,0.0005744315796338884,0.007134827047129682
IND144001AAC,Jalandhar_Sodal Road (Punjab),0.0,0.00017023117673190812,0.1767143188793113,0,2,0,21,0.0,0.0,0.0,21.0,217.8158036582474,5.0,21.0,5.0,217.8158036582474,0.03971031093843122,0.0,0.0,0.027379400260756193,0.006590660968450731,0.007123545294263922
IND803101AAA,BiharSarif_Soghra_D (Bihar),3.2848777368506348e-06,0.0004379594628337477,0.0,1,1,11,9,11.0,192.67105263157902,5.0,9.0,13.47142857142859,3.0,20.0,8.0,206.1424812030076,0.03758213081285386,2.3330598468735058e-05,0.01601164483260553,0.011734028683181226,0.006237450093088358,0.007116662935893499
IND360530AAB,Jamjodhpur_Court_D (Gujarat),9.307153587743464e-06,0.000743219393428378,0.0,1,1,8,11,8.0,31.005917159763314,1.0,11.0,217.8625892857143,2.0,19.0,3.0,248.86850644547764,0.045371573631262985,6.610336232808266e-05,0.011644832605531296,0.014341590612777053,0.00753025227811441,0.007102983890005102
IND151505AAA,Mansa_GreenVly_D (Punjab),0.0007932979734494283,0.0007681128359420439,0.0,1,1,13,5,13.0,0.0,0.0,5.0,2.482692307692311,1.0,18.0,1.0,2.482692307692311,0.00045262318824945404,0.005634339530199516,0.018922852983988356,0.00651890482398957,7.512119421166266e-05,0.007079150695718331
IND742147AAA,Khargram_BoiDPP_D (West Bengal),0.0015844060284076228,0.0010868346566641168,0.0,1,1,8,3,8.0,3.276887628500546,2.0,3.0,0.0,0.0,11.0,2.0,3.276887628500546,0.0005974140739678514,0.011253125328086542,0.011644832605531296,0.003911342894393742,9.915192115739708e-05,0.007074616945104646
IND395001AAA,Surat_Central_D_9 (Gujarat),0.0,0.0006460627810970125,0.0,1,1,7,9,7.0,83.21250000000002,3.0,9.0,272.14571428571435,9.0,16.0,12.0,355.3582142857144,0.06478586469305105,0.0,0.010189228529839884,0.011734028683181226,0.01075241315541031,0.0070727547314568
IND624001AAA,Dindigul_Central_D_1 (Tamil Nadu),5.474796228084391e-06,0.0003149399203865224,0.0,1,2,9,17,9.0,0.0,0.0,17.0,0.0,0.0,26.0,0.0,0.0,0.0,3.888433078122509e-05,0.013100436681222707,0.02216427640156454,0.0,0.007066552132330877
IND385001AAA,Palanpur_DC (Gujarat),0.0007932979734494283,0.0007520158962875062,0.0,1,1,8,10,9.0,18.583333333333343,1.0,10.0,0.4074074074074119,1.0,19.0,2.0,18.990740740740755,0.0034622291270893038,0.005634339530199516,0.011644832605531296,0.01303780964797914,0.0005746209947114096,0.007052202534949771
IND695012AAA,Trivandrum_Mnanthla_H (Kerala),0.0003919954099308424,0.0003149399203865224,0.0,1,1,3,12,8.0,219.20520833333333,5.0,14.0,50.98767507002802,2.0,22.0,7.0,270.19288340336135,0.0492592513173803,0.0027841180839357164,0.004366812227074236,0.01564537157757497,0.008175484334431885,0.007020749173915313
IND415408AAC,Shirala_Central_DPP_3 (Maharashtra),0.0003881630525711833,0.0006184474050216584,0.29144527288757394,1,1,5,7,5.0,30.128977272727326,2.0,7.0,335.21666666666675,4.0,12.0,6.0,365.3456439393941,0.06660668728885133,0.002756899052388859,0.00727802037845706,0.009126466753585397,0.01105461236083129,0.007009465184952415
IND508116AAA,Bhuvanagiri_HBColny_D (Telangana),0.0008108173213792983,0.0005483687626967009,0.0,1,1,8,9,8.0,40.37362637362638,3.0,10.0,0.0,0.0,18.0,3.0,40.37362637362638,0.0073605736134933816,0.005758769388699436,0.011644832605531296,0.011734028683181226,0.0012216234039333774,0.006996747394770651
IND462001AAA,Bhopal_Old City (Madhya Pradesh),0.0,0.00017023117673190812,0.0,0,1,0,16,3.0,38.73333333333334,1.0,16.0,334.22857142857146,8.0,19.0,9.0,372.9619047619048,0.06799521870103767,0.0,0.0,0.020860495436766623,0.011285064844468425,0.00699336529847043
IND628801AAA,Eral_Busstand_D (Tamil Nadu),8.212194342126586e-06,0.0007039140055104536,0.0,1,1,12,12,12.0,44.69813145131202,2.0,12.0,0.0,0.0,24.0,2.0,44.69813145131202,0.00814898032414309,5.832649617183764e-05,0.017467248908296942,0.01564537157757497,0.0013524740876059375,0.0069810568927360095
IND571124AAA,Tirumakudalu_Narasipr_D (Karnataka),1.0949592456168781e-05,0.0009689164238830845,0.0,1,1,7,8,7.0,0.0,0.0,8.0,373.98748717948723,4.0,15.0,4.0,373.98748717948723,0.06818219409956791,7.776866156245019e-05,0.010189228529839884,0.010430247718383311,0.01131609687197041,0.006980138499184099
IND531163AAA,Bheemunipatnam_SaiTempl_D (Andhra Pradesh),0.0007932979734494283,0.0007272426793563322,0.0,1,1,9,9,9.0,0.0,0.0,9.0,2.564285714285724,1.0,18.0,1.0,2.564285714285724,0.00046749859899528756,0.005634339530199516,0.013100436681222707,0.011734028683181226,7.759004390524078e-05,0.006958309419426927
IND562117AAA,Kanakapura_VaniThtr_D (Karnataka),0.0003892580118168002,0.0003149399203865224,0.0,1,1,11,10,11.0,13.72106481481483,2.0,10.0,9.829191641691665,1.0,21.0,3.0,23.550256456506496,0.004293480963552942,0.0027646759185451044,0.01601164483260553,0.01303780964797914,0.0007125826198930411,0.006955673122580982
IND402301AAA,Mahad_Govndsgr_D (Maharashtra),5.474796228084391e-07,0.0011275920197874245,0.1806001514718959,1,1,13,8,13.0,63.31412037037043,3.0,8.0,79.41355439994598,2.0,21.0,5.0,142.7276747703164,0.02602088668249828,3.88843307812251e-06,0.018922852983988356,0.010430247718383311,0.004318647680415162,0.006951643012155466
IND144401AAB,Phagwara_Lovely_D (Punjab),0.0,0.0008120548870833722,0.0,1,1,11,13,11.0,22.242187500000007,4.0,13.0,25.000000000000007,4.0,24.0,8.0,47.242187500000014,0.00861279082384726,0.0,0.01601164483260553,0.01694915254237288,0.0014294520231828542,0.006949522480791397
IND563130AAA,Malur_NharuExt_D (Karnataka),0.001195695496213631,0.0003871596367665485,0.0,1,1,6,8,8.0,0.0,0.0,8.0,17.782692307692322,2.0,16.0,2.0,17.782692307692322,0.0032419880881043375,0.00849233784261956,0.008733624454148471,0.010430247718383311,0.0005380679185710645,0.006939609659065969
IND625106AAA,Melur_MduraiRD_D (Tamil Nadu),2.7373981140421953e-06,0.0003149399203865224,0.0,1,1,12,13,12.0,5.367634158926734,1.0,13.0,0.19305555555554577,1.0,25.0,2.0,5.5606897144822796,0.001013777301213133,1.9442165390612546e-05,0.017467248908296942,0.01694915254237288,0.00016825510382343707,0.00693214882397654
IND761200AAA,Paralakhemundi_Ward14_D (Orissa),0.0011628467188451246,0.0009559391986213549,0.0,1,1,7,7,7.0,23.226344086021527,2.0,7.0,0.12980769230772182,1.0,14.0,3.0,23.35615177832925,0.004258093461840182,0.00825903185793221,0.010189228529839884,0.009126466753585397,0.0007067094091123226,0.00693047755923941
IND124103AAA,Jhajjar_DC (Haryana),0.0008135547194933405,0.0003702487593370787,0.0,1,1,10,6,10.0,53.7,2.0,6.0,0.9090909090909065,1.0,16.0,3.0,54.60909090909091,0.009955861529072057,0.005778211554090049,0.01455604075691412,0.007822685788787484,0.0016523594612162357,0.006911209218375897
IND626123AAA,Sivakasi_Msstreet_DC (Tamil Nadu),3.1206338500081025e-05,0.0033679139575060915,0.0,1,1,12,12,12.0,25.10984393757505,1.0,12.0,0.0,0.0,24.0,1.0,25.10984393757505,0.004577811589562466,0.000221640685452983,0.017467248908296942,0.01564537157757497,0.0007597725490245847,0.006890041474339073
IND670645AAB,Mananthavady_Central_D_1 (Kerala),0.00038980549143960864,0.0006004045088134086,0.18668249826185657,1,1,8,6,9.0,62.383684863523584,2.0,6.0,204.98374598374602,3.0,15.0,5.0,267.3674308472696,0.048744139017630785,0.0027685643516232265,0.011644832605531296,0.007822685788787484,0.008089991915760278,0.006884999180871955
IND563116AAA,Bethamangala_FshryOFC_D (Karnataka),0.0,0.0012083341945393676,0.0,1,1,12,10,13.0,50.68431372549022,4.0,10.0,52.48611111111115,3.0,23.0,7.0,103.17042483660137,0.01880914782629622,0.0,0.017467248908296942,0.01303780964797914,0.003121726158749833,0.006881443250942676
IND305404AAA,Kekri_LxmntDPP_D (Rajasthan),0.001169416474318826,0.0005609790052809731,0.0,1,1,4,9,4.0,13.283255086072018,1.0,9.0,45.88506493506493,1.0,13.0,2.0,59.16832002113695,0.010787061114401322,0.00830569305486968,0.005822416302765648,0.011734028683181226,0.0017903124143551729,0.006865859669982557
IND344022AAB,Balotra_BsnoiHPL_D (Rajasthan),0.001619444724267363,0.0004030793999126232,0.0,1,1,3,4,3.0,0.0,0.0,5.0,119.99166666666667,1.0,8.0,1.0,119.99166666666667,0.021875852501639672,0.011501985045086384,0.004366812227074236,0.005215123859191656,0.0036307025512260474,0.006849757620839924
IND524101AAB,Gudur_Bngisheb_D (Andhra Pradesh),4.927316605275952e-06,0.00099833757743997,0.0,1,1,11,13,11.0,0.0,0.0,13.0,32.42602339181283,2.0,24.0,2.0,32.42602339181283,0.005911634737973597,3.499589770310258e-05,0.01601164483260553,0.01694915254237288,0.0009811451838719662,0.00684969433515976
IND147001AAD,Patiala_GainMrkt_L (Punjab),0.0,0.0003745475061592269,0.0,1,1,7,5,9.0,3.270175438596482,1.0,7.0,460.0322580645162,4.0,16.0,5.0,463.3024335031127,0.08446532980594332,0.0,0.010189228529839884,0.00651890482398957,0.014018584573725847,0.006846272814197352
IND431127AAA,Georai_Bazarrd_D (Maharashtra),0.0011978854147048647,0.0005557202503762534,0.0,1,1,7,7,7.0,0.0,0.0,7.0,0.0,0.0,14.0,0.0,0.0,0.0,0.00850789157493205,0.010189228529839884,0.009126466753585397,0.0,0.006840901107911274
IND583227AAA,Gangavathi_PhrmPlza_D (Karnataka),0.00040568240050105337,0.0008830833773989359,0.16550122485472957,1,1,11,10,11.0,2.0,1.0,10.0,0.0,0.0,21.0,1.0,2.0,0.00036462286272612827,0.002881328910888779,0.01601164483260553,0.01303780964797914,6.051591168096752e-05,0.00683348499284825
IND477001AAB,Bhind_EtwahDPP_D (Madhya Pradesh),0.0,0.00017023117673190812,0.0,0,1,0,7,1.0,0.0,0.0,7.0,661.7448113207546,4.0,8.0,4.0,661.7448113207546,0.12064364374896756,0.0,0.0,0.009126466753585397,0.02002304527861265,0.0068310546703702416
IND583231AAA,Koppal_Banikatt_D (Karnataka),0.0003881630525711833,0.0009202079030072429,0.16550122485472957,1,1,10,10,10.0,0.0,0.0,10.0,45.57651515151517,3.0,20.0,3.0,45.57651515151517,0.00830911971381311,0.002756899052388859,0.01455604075691412,0.01303780964797914,0.0013790521828176848,0.006828447795019173
IND175001AAA,Mandi_PlaceCol_D (Himachal Pradesh),0.00040951475786071243,0.0009392710044143225,0.0,1,1,9,10,9.0,33.045588235294126,4.0,10.0,42.3568479532164,2.0,19.0,6.0,75.40243618851053,0.013746726069789461,0.002908547942435637,0.013100436681222707,0.01303780964797914,0.0022815235844568463,0.0068160219418070545
IND521201AAA,Nuzvid_Ward17_D (Andhra Pradesh),0.0,0.000777340126602402,0.0,1,0,15,0,15.0,322.70000000000005,2.0,2.0,0.0,0.0,17.0,2.0,322.70000000000005,0.0588318989008608,0.0,0.021834061135371178,0.0,0.00976424234972411,0.006807872814505263
IND125047AAB,Hisar_AgrohDPP_D (Haryana),0.0008135547194933405,0.0004049252016902925,0.0,2,1,9,8,9.0,0.0,0.0,9.0,9.708333333333329,1.0,18.0,1.0,9.708333333333329,0.0017699401461497466,0.005778211554090049,0.013100436681222707,0.010430247718383311,0.00029375432128469635,0.006801949504173895
IND414502AAA,Shevgaon_VidyaNgr_D (Maharashtra),0.0011803660667749946,0.0006427035020577503,0.0,1,1,7,7,7.0,0.0,0.0,7.0,0.0,0.0,14.0,0.0,0.0,0.0,0.008383461716432129,0.010189228529839884,0.009126466753585397,0.0,0.0067973506574363005
IND642001AAA,Pollachi_Venkatsa_DC (Tamil Nadu),6.5697554737012695e-06,0.0006509565374253192,0.12313765905927088,1,1,12,12,12.0,0.0,0.0,12.0,20.531733746130058,1.0,24.0,1.0,20.531733746130058,0.0037431697676222975,4.6661196937470115e-05,0.017467248908296942,0.01564537157757497,0.0006212482930189735,0.00679416758935724
IND302006AAA,Jaipur (Rajasthan),0.0,0.00041328786235221343,0.0,1,1,12,9,12.0,39.97577854671281,2.0,9.0,84.4732142857143,6.0,21.0,8.0,124.44899283242711,0.022688474014971493,0.0,0.017467248908296942,0.011734028683181226,0.0037655721295162593,0.0067816485506747
IND410206AAB,Mumbai_Panvel_D (Maharashtra),0.0,0.00017023117673190812,0.0,0,1,0,20,1.0,10.25833333333334,1.0,20.0,195.5025,5.0,21.0,6.0,205.76083333333332,0.037512552043456875,0.0,0.0,0.02607561929595828,0.006225902208701138,0.006771599411366941
IND362720AAA,Kodinar_NCplxDPP_D (Gujarat),1.9161786798295368e-05,0.0009151545984040124,0.0,1,1,11,12,11.0,40.55833333333332,3.0,12.0,10.693697478991623,3.0,23.0,6.0,51.252030812324946,0.009343831097658828,0.00013609515773428782,0.01601164483260553,0.01564537157757497,0.0015507816850544411,0.006766732008506711
IND274001AAA,Deoria_CCRoad_D (Uttar Pradesh),5.474796228084391e-06,0.000632425505234687,0.0,1,1,10,8,11.0,64.42776422764231,5.0,9.0,166.45961538461538,4.0,20.0,9.0,230.8873796122577,0.04209340866077785,3.888433078122509e-05,0.01455604075691412,0.010430247718383311,0.0069861801364327035,0.006757412244941091
IND415612AAA,Ratnagiri_MjgaonRd_D (Maharashtra),0.00040568240050105337,0.0005272314573638392,0.29144527288757394,1,1,7,5,7.0,287.94080756013744,3.0,5.0,30.128977272727326,2.0,12.0,5.0,318.0697848328648,0.057987757746221405,0.002881328910888779,0.010189228529839884,0.00651890482398957,0.009624141503664994,0.006756127165493212
IND673506AAA,Kallachi_ZamQuatr_D (Kerala),1.0949592456168782e-06,0.0004379594628337477,0.0,1,1,12,12,12.0,16.803676470588254,4.0,12.0,0.0,0.0,24.0,4.0,16.803676470588254,0.0030635023095147863,7.77686615624502e-06,0.017467248908296942,0.01564537157757497,0.0005084449006048353,0.0067523572254802764
IND410209AAA,Mumbai_Khandeshwar_Dc (Maharashtra),0.0,0.0008487591170747946,0.0,1,0,22,0,22.0,45.606944444444444,3.0,0.0,0.0,0.0,22.0,3.0,45.606944444444444,0.008314667321762413,0.0,0.03202328966521106,0.0,0.0013799729110193961,0.006749651160797062
IND815351AAA,Jamtara_D (Jharkhand),0.0008108173213792983,0.0014049917603333633,0.0,1,1,6,8,6.0,118.92424242424242,4.0,8.0,0.0,0.0,14.0,4.0,118.92424242424242,0.02168124886013167,0.005758769388699436,0.008733624454148471,0.010430247718383311,0.0035984044756357126,0.006747944839460087
IND562101AAA,Chikblapur_ShntiSgr_D (Karnataka),0.0008157446379845742,0.00049048574545875,0.0,1,1,9,8,9.0,0.0,0.0,8.0,0.0,0.0,17.0,0.0,0.0,0.0,0.005793765286402538,0.013100436681222707,0.010430247718383311,0.0,0.006733954730162093
IND802101AAA,Buxar_Sarswati_D (Bihar),0.0008108173213792983,0.0006010982046830521,0.0,1,1,6,10,6.0,0.918152334152353,1.0,11.0,46.22435897435899,5.0,17.0,6.0,47.142511308511345,0.008594618714704141,0.005758769388699436,0.008733624454148471,0.01303780964797914,0.0014264360253824426,0.006726465112815936
IND124507AAA,Bahadurgarh_DC (Haryana),0.0,0.0004514019682702804,0.0,1,1,10,9,10.0,57.95000000000003,3.0,10.0,133.3238095238096,5.0,20.0,8.0,191.27380952380963,0.03487140199655182,0.0,0.01455604075691412,0.011734028683181226,0.0057875544820125335,0.006704902508522203
IND480886AAA,Lakhnadon_Central_DPP_1 (Madhya Pradesh),0.0012236169569768613,0.0005123608506527384,0.0,1,1,7,5,7.0,41.808333333333366,1.0,7.0,0.0,0.0,14.0,1.0,41.808333333333366,0.0076221370929041125,0.008690647929603808,0.010189228529839884,0.00651890482398957,0.001265034703764226,0.00669961212206828
IND208017AAA,Kanpur_Central_D_5 (Uttar Pradesh),0.0,0.00017023117673190812,0.0,0,1,0,5,0.0,0.0,0.0,5.0,711.9128378378379,5.0,5.0,5.0,711.9128378378379,0.12978984847195718,0.0,0.0,0.00651890482398957,0.021541027209570775,0.006689037767190608
IND627756AAA,Sankaran_Kovil_D (Tamil Nadu),2.1899184912337563e-05,0.003052778958278669,0.0,1,1,12,12,12.0,0.0,0.0,12.0,0.0,0.0,24.0,0.0,0.0,0.0,0.00015553732312490037,0.017467248908296942,0.01564537157757497,0.0,0.006676962160268097
IND609001AAA,Mylduthuri_Thiruviz_D (Tamil Nadu),1.0949592456168782e-06,0.0003149399203865224,0.0,1,1,11,12,11.0,17.10925925925926,1.0,12.0,27.293610547667356,1.0,23.0,2.0,44.40286980692662,0.008095150751128575,7.77686615624502e-06,0.01601164483260553,0.01564537157757497,0.0013435400738087352,0.006670010203642969
IND825409AAA,JhumriTlya_RadhaCpx_D (Jharkhand),0.0007757786255195582,0.0005330028550350281,0.0,1,1,8,8,8.0,41.97099437148219,3.0,8.0,0.0,0.0,16.0,3.0,41.97099437148219,0.007651792059596027,0.005509909671699596,0.011644832605531296,0.010430247718383311,0.0012699564942735006,0.006660973573446155
IND695121AAA,Neyatinkra_Arlumodu_D (Kerala),1.0949592456168782e-06,0.0003149399203865224,0.0,1,1,13,11,13.0,0.0,0.0,11.0,0.0,0.0,24.0,0.0,0.0,0.0,7.77686615624502e-06,0.018922852983988356,0.014341590612777053,0.0,0.006655610622507768
IND384355AAB,Vadnagar_BsstdDPP_D (Gujarat),0.0008108173213792983,0.0006838708730690123,0.0,1,1,8,8,8.0,29.71628959276019,1.0,9.0,0.0,0.0,17.0,1.0,29.71628959276019,0.005417619290455437,0.005758769388699436,0.011644832605531296,0.010430247718383311,0.0008991541782407649,0.006655373895387915
IND614620AAA,Manamelkudi_TmpleSrt_D (Tamil Nadu),1.2592031324594098e-05,0.000796615757534015,0.0,1,1,12,12,12.0,0.0,0.0,12.0,0.0,0.0,24.0,0.0,0.0,0.0,8.943396079681771e-05,0.017467248908296942,0.01564537157757497,0.0,0.006653825983453269
IND623315AAB,Oriyur_Vllyaprm_D (Tamil Nadu),7.1172350965097085e-06,0.0007368965523723423,0.0,1,1,12,12,12.0,1.426470588235297,1.0,12.0,0.0,0.0,24.0,1.0,1.426470588235297,0.0002600618947384891,5.054963001559262e-05,0.017467248908296942,0.01564537157757497,4.316208406657251e-05,0.006651006988696483
IND627657AAA,Thisayanvilai_UdnkdiRD_D (Tamil Nadu),9.307153587743464e-06,0.0008236324011908336,0.0,1,1,12,12,12.0,0.0,0.0,12.0,0.0,0.0,24.0,0.0,0.0,0.0,6.610336232808266e-05,0.017467248908296942,0.01564537157757497,0.0,0.006645660273989211
IND628204AAA,Tirchchndr_Shnmgprm_D (Tamil Nadu),8.759673964935025e-06,0.0007692056829391358,0.0,1,1,12,12,12.0,0.0,0.0,12.0,0.0,0.0,24.0,0.0,0.0,0.0,6.221492924996015e-05,0.017467248908296942,0.01564537157757497,0.0,0.006644299322411869
IND742148AAA,Lalgola_KrsprDPP_D (West Bengal),0.00039090045068522554,0.0003149399203865224,0.0,1,1,9,9,9.0,16.364285714285735,3.0,9.0,76.18482142857144,6.0,18.0,9.0,92.54910714285717,0.016872760194587874,0.002776341217779472,0.013100436681222707,0.011734028683181226,0.002800346797004772,0.006638699198354795
IND825301AAA,Hazaribag_BodomBzr_DC (Jharkhand),0.0007932979734494283,0.00042671624635211,0.0,1,1,7,8,7.0,28.55833333333335,1.0,8.0,41.97099437148219,3.0,15.0,4.0,70.52932770481554,0.012858302686939537,0.005634339530199516,0.010189228529839884,0.010430247718383311,0.0021340732831513164,0.006629432406002298
IND600119AAA,Chennai_Sholinganallur_Dc (Tamil Nadu),5.474796228084391e-07,0.002288538631528662,0.0,2,1,10,5,10.0,79.63540088383839,4.0,5.0,238.68095238095242,3.0,15.0,7.0,318.3163532647908,0.05803270998997478,3.88843307812251e-06,0.01455604075691412,0.00651890482398957,0.009631602160389868,0.006624250607855548
IND586211AAA,Indi_SindgiRD_D (Karnataka),0.0,0.0008287402273734875,0.0,2,2,12,12,12.0,0.0,0.0,12.0,0.0,0.0,24.0,0.0,0.0,0.0,0.0,0.017467248908296942,0.01564537157757497,0.0,0.0066225240971743825
IND821109AAA,Mohania_Bhabua_D (Bihar),0.0008108173213792983,0.00045747586203267077,0.0,1,1,4,8,4.0,0.0,0.0,8.0,176.62424242424254,8.0,12.0,8.0,176.62424242424254,0.0322006184497805,0.005758769388699436,0.005822416302765648,0.010430247718383311,0.0053442885276316285,0.006602174222182501
IND388220AAA,Umreth_Dakor_DC (Gujarat),0.0003881630525711833,0.0009801782511133141,0.14462072574010376,1,1,9,9,9.0,25.56200000000002,3.0,9.0,62.29532967032967,3.0,18.0,6.0,87.85732967032969,0.016017395527934408,0.002756899052388859,0.013100436681222707,0.011734028683181226,0.002658383201427659,0.006596403541573802
IND571440AAA,Kollegala_NarsipuraRd_D (Karnataka),0.000826694230440743,0.0009060573937770977,0.0,1,1,7,7,7.0,89.57925925925926,2.0,7.0,0.0,0.0,14.0,2.0,89.57925925925926,0.01633132297599857,0.005871533947964989,0.010189228529839884,0.009126466753585397,0.0027104852708899124,0.006595797256195281
IND680012AAA,Arimbur_Veluthur_D (Kerala),0.0012154047626347349,0.00036447218615081684,0.0,1,1,6,7,6.0,0.0,0.0,7.0,0.0,0.0,13.0,0.0,0.0,0.0,0.008632321433431971,0.008733624454148471,0.009126466753585397,0.0,0.006593330743247963
IND756032AAA,Jaleswar_NaturDPP_D (Orissa),0.0,0.00017023117673190812,0.0,0,1,0,7,1.0,0.0,0.0,7.0,629.7179320987655,3.0,8.0,3.0,629.7179320987655,0.11480477755591476,0.0,0.0,0.009126466753585397,0.019053977381405195,0.006588787696068379
IND142401AAA,Khanna_DC (Punjab),0.0007774210643879835,0.0006422963529822271,0.0,2,1,9,5,9.0,89.02272727272728,2.0,5.0,5.875,1.0,14.0,3.0,94.89772727272728,0.0173009404921926,0.005521574970933963,0.013100436681222707,0.00651890482398957,0.002871411241180453,0.006574272351164456
IND785690AAB,Sonari_Central_DPP_1 (Assam),0.0,0.00017023117673190812,0.0,0,1,0,10,1.0,54.46666666666668,1.0,10.0,469.1515151515151,6.0,11.0,7.0,523.6181818181818,0.0954615802149979,0.0,0.0,0.01303780964797914,0.015843615822728942,0.006568465885278063
IND412105AAC,Pune_North_D_3 (Maharashtra),0.0,0.00017023117673190812,0.0,0,1,0,23,1.0,2.9833333333333343,1.0,23.0,72.42440476190475,5.0,24.0,6.0,75.40773809523809,0.013747692667993916,0.0,0.0,0.02998696219035202,0.002281684009316479,0.006567813440399525
IND600016AAB,Chennai_Alandur_C (Tamil Nadu),0.0,0.00017023117673190812,0.0,0,1,0,18,0.0,0.0,0.0,18.0,247.1851604278076,7.0,18.0,7.0,247.1851604278076,0.04506468040930224,0.0,0.0,0.02346805736636245,0.007479317668647496,0.006563440890434365
IND802301AAA,Arrah_Katira_D (Bihar),5.474796228084391e-07,0.0003149399203865224,0.0,1,1,11,10,11.0,59.48750000000005,5.0,10.0,37.12075471698111,1.0,21.0,6.0,96.60825471698115,0.017612789198940326,3.88843307812251e-06,0.01601164483260553,0.01303780964797914,0.0029231683050526223,0.006542043923957433
IND638657AAA,Dharapuram_Techrcly_D (Tamil Nadu),1.5876909061444734e-05,0.000700775866189929,0.0,1,1,11,12,11.0,16.543174342105274,2.0,12.0,5.665882352941175,1.0,23.0,3.0,22.20905669504645,0.00404896491529736,0.00011276455926555277,0.01601164483260553,0.01564537157757497,0.0006720006567375157,0.006538871041963422
IND415124AAA,Karad_Mundhe_D (Maharashtra),0.00039035297106241706,0.0003149399203865224,0.0,1,1,9,11,9.0,9.071428571428584,2.0,11.0,0.0,0.0,20.0,2.0,9.071428571428584,0.0016538251273649411,0.002772452784701349,0.013100436681222707,0.014341590612777053,0.00027448288512438876,0.006527384654726522
IND262501AAA,Pithorgarh_Kumud_D (Uttarakhand),0.0011628467188451246,0.0009109651707132077,0.0,1,1,8,5,8.0,0.0,0.0,5.0,0.0,0.0,13.0,0.0,0.0,0.0,0.00825903185793221,0.011644832605531296,0.00651890482398957,0.0,0.0065234086361804465
IND303303AAA,Dausa_IndraCln_D (Rajasthan),2.6826501517613517e-05,0.0004527703269590176,0.0,1,1,10,13,11.0,4.709682539682547,2.0,13.0,15.427777777777806,1.0,24.0,3.0,20.137460317460352,0.0036712892144931007,0.00019053322082800296,0.01455604075691412,0.01694915254237288,0.0006093183850252094,0.006520054883403504
IND000000ACK,Hyderabad_Chikdply_C (Telangana),0.0,0.00017023117673190812,0.0,0,1,0,22,0.0,0.0,0.0,22.0,102.34880952380948,7.0,22.0,7.0,102.34880952380948,0.018659357962591317,0.0,0.0,0.028683181225554105,0.0030968657588975107,0.006510852684835199
IND602024AAA,Chennai_Vepmpttu_DC (Tamil Nadu),0.0004073248393694787,0.000738914627197663,0.0,1,2,7,9,7.0,108.83333333333337,4.0,9.0,38.189294258373224,3.0,16.0,7.0,147.0226275917066,0.026803905679002756,0.002892994210123147,0.010189228529839884,0.011734028683181226,0.004448604173221747,0.00650935045945276
IND574239AAA,Sullia_Srirampt_D (Karnataka),0.0011803660667749946,0.0008410393068071231,0.0,1,1,6,7,6.0,0.0,0.0,7.0,0.0,0.0,13.0,0.0,0.0,0.0,0.008383461716432129,0.008733624454148471,0.009126466753585397,0.0,0.006506229842298018
IND431107AAB,Paithan_SantaNGR_D (Maharashtra),0.0011628467188451246,0.0007167719236881439,0.0,1,1,7,6,7.0,0.0,0.0,6.0,0.0,0.0,13.0,0.0,0.0,0.0,0.00825903185793221,0.010189228529839884,0.007822685788787484,0.0,0.006493044014001747
IND574221AAA,Kadaba_AnugrDPP_D (Karnataka),0.0011628467188451246,0.000885133315502257,0.0,1,1,7,6,7.0,0.0,0.0,6.0,0.0,0.0,13.0,0.0,0.0,0.0,0.00825903185793221,0.010189228529839884,0.007822685788787484,0.0,0.006493044014001747
IND383255AAB,Khedbrahma_Patelfli_D (Gujarat),0.0007757786255195582,0.0008094236007841238,0.0,1,1,8,7,8.0,0.0,0.0,7.0,53.866666666666674,2.0,15.0,2.0,53.866666666666674,0.009820509102757056,0.005509909671699596,0.011644832605531296,0.009126466753585397,0.0016298952212740587,0.006490202062236712
IND813203AAA,Kahalgaon_NdiaTola_D (Bihar),0.0,0.0004379594628337477,0.0,1,0,12,0,13.0,393.2352941176472,7.0,0.0,0.0,0.0,13.0,7.0,393.2352941176472,0.07169128933306378,0.0,0.017467248908296942,0.0,0.011898496164331411,0.006468073822742242
IND341505AAA,Makrana_Mwalibad_D (Rajasthan),0.0015844060284076228,0.0007320333185996393,0.0,1,1,3,6,3.0,1.375000000000007,1.0,7.0,8.28181818181821,1.0,10.0,2.0,9.656818181818217,0.0017605483451401415,0.011253125328086542,0.004366812227074236,0.007822685788787484,0.00029219557810503626,0.006449542362528892
IND471001AAA,Chhatarpur_Busstand_D (Madhya Pradesh),0.0007938454530722367,0.0009599906455752422,0.055219437076053944,2,1,10,6,10.0,0.0,0.0,6.0,0.0,0.0,16.0,0.0,0.0,0.0,0.005638227963277638,0.01455604075691412,0.007822685788787484,0.0,0.0064491250962874945
IND517644AAA,Sriklahsti_SDKNgr_D (Andhra Pradesh),4.927316605275952e-06,0.0009375012605989352,0.0,1,1,12,11,12.0,5.871596638655461,2.0,11.0,3.455714285714336,2.0,23.0,4.0,9.327310924369797,0.0017004754053902024,3.499589770310258e-05,0.017467248908296942,0.014341590612777053,0.00028222536206004307,0.006444572808925896
IND522647AAA,Vinukonda_Kothapet_D (Andhra Pradesh),0.0004078723189922871,0.0005681239864823665,0.0,1,1,7,13,7.0,0.0,0.0,13.0,0.0,0.0,20.0,0.0,0.0,0.0,0.002896882643201269,0.010189228529839884,0.01694915254237288,0.0,0.006441585139562998
IND620020AAA,Tiruchi (Tamil Nadu),0.0,0.00017023117673190812,0.0,0,1,0,24,0.0,0.0,0.0,24.0,23.302387267904532,6.0,24.0,6.0,23.302387267904532,0.0042482915769881165,0.0,0.0,0.03129074315514994,0.0007050826049301063,0.006434419282262514
IND621704AAA,Ariyalur_Kmrajngr_D (Tamil Nadu),4.927316605275952e-06,0.0005425375147555801,0.0,1,1,11,12,11.0,8.790625000000006,2.0,12.0,3.2013282732447976,1.0,23.0,3.0,11.991953273244803,0.0021862701660842424,3.499589770310258e-05,0.01601164483260553,0.01564537157757497,0.00036285199258298594,0.006434364844377933
IND383001AAA,Himmatnagar_DC (Gujarat),0.0008108173213792983,0.0006838708730690123,0.0,1,1,8,8,8.0,0.0,0.0,8.0,0.0,0.0,16.0,0.0,0.0,0.0,0.005758769388699436,0.011644832605531296,0.010430247718383311,0.0,0.006430585350827724
IND803116AAA,Rajgir_PnditNGR_D (Bihar),2.1899184912337564e-06,0.0006314452445443021,0.0,1,1,9,13,9.0,39.05,2.0,13.0,15.340952380952388,4.0,22.0,6.0,54.390952380952385,0.00991609238177169,1.555373231249004e-05,0.013100436681222707,0.01694915254237288,0.0016457590352647123,0.006426801409844668
IND508277AAB,Mothkur_Mainroad_D (Telangana),0.0007932979734494283,0.0006364550363172565,0.0,1,1,9,7,9.0,0.0,0.0,7.0,0.0,0.0,16.0,0.0,0.0,0.0,0.005634339530199516,0.013100436681222707,0.009126466753585397,0.0,0.006417399522531451
IND623407AAA,Thiruvadanai_RamnadRD_D (Tamil Nadu),1.6424388684253174e-06,0.0006655296341010038,0.0,1,1,11,12,11.0,8.176660156250009,1.0,12.0,1.426470588235297,1.0,23.0,2.0,9.603130744485306,0.0017507605115937637,1.1665299234367529e-05,0.01601164483260553,0.01564537157757497,0.0002905711059970283,0.006408128913267386
IND144040AAA,Nakodar_ChowkDPP_D (Punjab),0.0003892580118168002,0.0003149399203865224,0.0,1,1,11,7,12.0,54.562343750000004,2.0,7.0,0.0,0.0,19.0,2.0,54.562343750000004,0.009947338987586036,0.0027646759185451044,0.01601164483260553,0.009126466753585397,0.001650944987740795,0.0064079951356641705
IND147101AAA,Samana_PODPP_D (Punjab),0.00040568240050105337,0.0003745475061592269,0.2502438849139574,1,1,7,6,8.0,19.702205882352956,2.0,7.0,217.82500000000002,1.0,15.0,3.0,237.52720588235297,0.043303924892081,0.002881328910888779,0.010189228529839884,0.007822685788787484,0.00718708770650173,0.006407619909161979
IND244412AAA,Chandausi_Ganesh_D (Uttar Pradesh),0.0007932979734494283,0.0005739438075720195,0.0,1,1,8,8,8.0,0.0,0.0,10.0,0.0,0.0,18.0,0.0,0.0,0.0,0.005634339530199516,0.011644832605531296,0.010430247718383311,0.0,0.006387034900352752
IND383315AAC,Modasa_Central_D_1 (Gujarat),0.0007932979734494283,0.0007520158962875062,0.0,1,1,8,8,8.0,0.0,0.0,8.0,0.0,0.0,16.0,0.0,0.0,0.0,0.005634339530199516,0.011644832605531296,0.010430247718383311,0.0,0.006387034900352752
IND574104AAA,Karkala_MarketRd_D (Karnataka),0.00038980549143960864,0.0003149399203865224,0.0,1,1,9,10,9.0,24.894132653061227,2.0,10.0,0.0,0.0,19.0,2.0,24.894132653061227,0.004538484956521586,0.0027685643516232265,0.013100436681222707,0.01303780964797914,0.0007532455665034715,0.0063849581805343674
IND363310AAB,Dhrangadhra_NvygRDPP_D (Gujarat),0.0007757786255195582,0.0006201137657310124,0.0,1,1,7,9,8.0,6.862962962962968,2.0,9.0,0.0,0.0,17.0,2.0,6.862962962962968,0.0012511966011694744,0.005509909671699596,0.010189228529839884,0.011734028683181226,0.00020765923026820905,0.0063650346352661325
IND627117AAA,Vallior_Radhaprm_D (Tamil Nadu),4.379836982467513e-06,0.0006594404364455747,0.0,1,1,11,11,11.0,14.129496951219522,2.0,11.0,22.440234375000017,3.0,22.0,5.0,36.56973132621954,0.00666708006264577,3.110746462498008e-05,0.01601164483260553,0.014341590612777053,0.0011065253155671064,0.006358166030587037
IND518422AAB,Atmakur_IndraNgr_D (Andhra Pradesh),0.0007932979734494283,0.000627678063225936,0.0,1,1,6,10,6.0,0.49458041958043,1.0,10.0,0.0,0.0,16.0,1.0,0.49458041958043,9.016766421785302e-05,0.005634339530199516,0.008733624454148471,0.01303780964797914,1.496499249523258e-05,0.00633004690411916
IND614018AAA,Mannargudi_Vadasari_D (Tamil Nadu),1.0949592456168782e-06,0.0004379594628337477,0.0,1,1,12,10,12.0,27.293610547667356,1.0,10.0,1.6166666666666742,1.0,22.0,2.0,28.91027721433403,0.005270674020048215,7.77686615624502e-06,0.017467248908296942,0.01303780964797914,0.0008747658912874629,0.006322425087231769
IND302022AAD,Jaipur_RIICO_L (Rajasthan),0.0,0.00045025579237914693,0.0,1,1,14,7,14.0,50.694775679191025,1.0,7.0,0.0,0.0,21.0,1.0,50.694775679191025,0.009242237116702768,0.0,0.020378457059679767,0.009126466753585397,0.001533920283844192,0.0062844648336140806
IND176048AAA,Jahu_Sulgwan_D (Himachal Pradesh),2.7373981140421953e-06,0.0003149399203865224,0.0,1,1,11,11,11.0,22.296666666666667,2.0,11.0,4.518750000000011,1.0,22.0,3.0,26.81541666666668,0.0048887569950969685,1.9442165390612546e-05,0.01601164483260553,0.014341590612777053,0.0008113796933441725,0.006280296770299274
IND783348AAA,Bilasipara_Wardno5_D (Assam),2.7373981140421953e-06,0.00070703135486663,0.0,1,1,11,10,11.0,46.643750000000026,3.0,10.0,11.93857677902622,1.0,21.0,4.0,58.582326779026246,0.010680227847663037,1.9442165390612546e-05,0.01601164483260553,0.01303780964797914,0.0017725814567125654,0.006259841018181791
IND783301AAA,Dhubri_Tetultol_D (Assam),4.379836982467513e-06,0.0006314452445443021,0.0,1,1,8,11,10.0,91.92307692307696,3.0,11.0,46.643750000000026,3.0,21.0,6.0,138.56682692307697,0.025262316555784134,3.110746462498008e-05,0.011644832605531296,0.014341590612777053,0.004192748929994419,0.006256359488779017
IND804420AAA,Jehanabad_Madarpur_D (Bihar),2.1899184912337564e-06,0.0003149399203865224,0.0,1,1,6,11,6.0,21.473553719008272,3.0,11.0,192.67105263157902,5.0,17.0,8.0,214.14460635058728,0.03904100970245548,1.555373231249004e-05,0.008733624454148471,0.014341590612777053,0.006479578042433848,0.006240381330302938
IND244301AAA,Sambhal_Khwssrai_D (Uttar Pradesh),0.0008108173213792983,0.0004748028574636248,0.0,1,1,7,8,7.0,13.181818181818215,1.0,8.0,0.0,0.0,15.0,1.0,13.181818181818215,0.0024031961406949425,0.005758769388699436,0.010189228529839884,0.010430247718383311,0.00039885487244274145,0.0062391782538001265
IND328001AAA,Dholpur_GtRoad_D (Rajasthan),0.001200622812818907,0.0002702399680344934,0.1378794739919334,1,1,5,6,7.0,0.0,0.0,8.0,30.154258098223636,2.0,15.0,2.0,30.154258098223636,0.005497465955578419,0.008527333740322662,0.00727802037845706,0.007822685788787484,0.0009124062099386005,0.00623280959504649
IND829122AAA,Ramgarh_HotelPrk_D (Jharkhand),0.0008108173213792983,0.0003017259332604029,0.0,1,1,7,7,7.0,16.287096774193557,2.0,7.0,28.55833333333335,1.0,14.0,3.0,44.84543010752691,0.008175834552995483,0.005758769388699436,0.010189228529839884,0.009126466753585397,0.00135693104384105,0.006217941103690121
IND246444AAB,Karnaprayag_Umalodge_D (Uttarakhand),5.474796228084391e-07,0.0011275920197874245,0.10627740504237346,1,1,11,11,11.0,17.60156250000003,1.0,11.0,0.0,0.0,22.0,1.0,17.60156250000003,0.0032089660536014386,3.88843307812251e-06,0.01601164483260553,0.014341590612777053,0.0005325873008485158,0.006205154865865989
IND000000ACN,Hyderabad_Mhdiptnm_C (Telangana),5.474796228084391e-07,0.0003149399203865224,0.0,1,1,6,11,6.0,125.23319377990428,3.0,11.0,83.31139705882353,3.0,17.0,6.0,208.5445908387278,0.03802006285883302,3.88843307812251e-06,0.008733624454148471,0.014341590612777053,0.00631013302036998,0.006193937220054943
IND248122AAB,Mussoorie_BrlwgDPP_D (Uttarakhand),0.0003892580118168002,0.0003149399203865224,0.0,1,1,9,8,9.0,66.28951612903234,3.0,8.0,2.3659481343691837,2.0,17.0,5.0,68.65546426340151,0.012516675960756427,0.0027646759185451044,0.013100436681222707,0.010430247718383311,0.002077374005889914,0.006193116952884469
IND384170AAA,Unjha_DC (Gujarat),0.0012154047626347349,0.00042705102490046024,0.0,1,1,4,7,4.0,9.63650793650794,1.0,7.0,13.918359375000001,1.0,11.0,2.0,23.55486731150794,0.0042943215751280635,0.008632321433431971,0.005822416302765648,0.009126466753585397,0.0007127221349400617,0.006189269646706414
IND396232AAA,Silvassa_Samrvrni_D (Dadra and Nagar Haveli),0.0,0.0006365396145272366,0.0,1,1,11,10,11.0,6.1484375,4.0,10.0,43.3717948717949,5.0,21.0,9.0,49.5202323717949,0.009028104445133472,0.0,0.01601164483260553,0.01303780964797914,0.0014983810043162644,0.006184486147196001
IND621212AAA,Perambalur_goplpurm_D (Tamil Nadu),4.379836982467513e-06,0.0004379594628337477,0.0,1,1,11,11,12.0,4.450000000000017,1.0,11.0,8.790625000000006,2.0,23.0,3.0,13.240625000000023,0.0024139172958915754,3.110746462498008e-05,0.01601164483260553,0.014341590612777053,0.00040063424655040593,0.006181693263332862
IND628613AAA,Peikulam_SriVnktpm_D (Tamil Nadu),9.854633210551903e-06,0.0008716572137671985,0.0,1,1,12,10,12.0,0.0,0.0,10.0,6.934042553191503,1.0,22.0,1.0,6.934042553191503,0.0012641552230047387,6.999179540620516e-05,0.017467248908296942,0.01303780964797914,0.00020980995337050375,0.0061779613279900145
IND322201AAA,Gangapur_Ward6DPP_D (Rajasthan),3.339625699131478e-05,0.0007164121218046648,0.0,1,1,12,9,12.0,5.459679144385007,3.0,10.0,25.792500000000004,1.0,22.0,4.0,31.25217914438501,0.005697629513027732,0.00023719441776547305,0.017467248908296942,0.011734028683181226,0.0009456270564696892,0.006159680328630972
IND814101AAB,Dumka_Dudhani_D (Jharkhand),0.0007932979734494283,0.0013738062730194367,0.0,1,1,8,7,8.0,0.0,0.0,7.0,0.0,0.0,15.0,0.0,0.0,0.0,0.005634339530199516,0.011644832605531296,0.009126466753585397,0.0,0.006126278707393169
IND251309AAB,Budhana_Busstand_D (Uttar Pradesh),0.0007785160236336004,0.0004379594628337477,0.0,1,1,9,6,9.0,0.0,0.0,6.0,0.0,0.0,15.0,0.0,0.0,0.0,0.005529351837090209,0.013100436681222707,0.007822685788787484,0.0,0.006119897636983611
IND524132AAA,Venktagiri_TirupthiRd_D (Andhra Pradesh),4.927316605275952e-06,0.0009757475433468439,0.0,1,1,11,11,11.0,3.455714285714336,2.0,11.0,0.0,0.0,22.0,2.0,3.455714285714336,0.0006300162178103694,3.499589770310258e-05,0.01601164483260553,0.014341590612777053,0.00010456285025447325,0.0061090363658362215
IND466001AAA,Sehore_Mangalam_D (Madhya Pradesh),0.00040568240050105337,0.0005296145298801853,0.19166375898650773,1,1,8,9,8.0,53.27549194991062,4.0,9.0,0.25584415584415865,1.0,17.0,5.0,53.531336105754775,0.009759374508217428,0.002881328910888779,0.011644832605531296,0.011734028683181226,0.001619748803970022,0.006089174577546083
IND584101AAA,Raichur_LSRoad_DC (Karnataka),0.0,0.0006961214230193702,0.1348566818263326,1,1,10,9,12.0,0.0,0.0,12.0,109.61939393939393,2.0,24.0,2.0,109.61939393939393,0.019984868614242503,0.0,0.01455604075691412,0.011734028683181226,0.0033168587810787744,0.006087228583288763
IND207001AAA,Etah_CivlLine_D (Uttar Pradesh),0.0007796109828792173,0.0004379594628337477,0.0,1,1,6,6,6.0,110.14173553719004,3.0,6.0,0.0,0.0,12.0,3.0,110.14173553719004,0.020080097458597186,0.005537128703246453,0.008733624454148471,0.007822685788787484,0.003332663770078537,0.006082423037243084
IND614616AAA,Aranthangi_HsptlRod_D (Tamil Nadu),3.2848777368506348e-06,0.0004379594628337477,0.0,1,1,11,11,11.0,0.0,0.0,11.0,0.3062500000000057,1.0,22.0,1.0,0.3062500000000057,5.583287585493943e-05,2.3330598468735058e-05,0.01601164483260553,0.014341590612777053,9.266498976148324e-06,0.0060811294232846124
IND614804AAA,Peravurani_SH71_D (Tamil Nadu),2.1899184912337564e-06,0.0003149399203865224,0.0,1,1,11,11,11.0,0.0,0.0,11.0,0.0,0.0,22.0,0.0,0.0,0.0,1.555373231249004e-05,0.01601164483260553,0.014341590612777053,0.0,0.006076090895385889
IND574202AAA,Puttur_Darbe_DC (Karnataka),0.0011978854147048647,0.0007891550313025861,0.0,1,1,5,6,5.0,9.822368421052644,2.0,6.0,0.0,0.0,11.0,2.0,9.822368421052644,0.001790730046217468,0.00850789157493205,0.00727802037845706,0.007822685788787484,0.0002972047899331731,0.006072204482158419
IND341512AAA,Parbatsar_AjmhwDPP_D (Rajasthan),0.0016019253763374928,0.0006605327144813464,0.0,1,1,4,3,4.0,15.505644682115289,1.0,3.0,1.375000000000007,1.0,7.0,2.0,16.880644682115296,0.0030775344943277366,0.011377555186586463,0.005822416302765648,0.003911342894393742,0.0005107738013503416,0.006056589605074726
IND721134AAB,Kolaghat_Central_DPP_2 (West Bengal),2.7373981140421953e-06,0.0005671159383033131,0.0,1,1,11,10,11.0,0.0,0.0,11.0,27.865277777777777,3.0,22.0,3.0,27.865277777777777,0.00508015867699605,1.9442165390612546e-05,0.01601164483260553,0.01303780964797914,0.0008431463444828134,0.0060274822401243525
IND574216AAA,Dhrmsthala_Beltngdi_D (Karnataka),0.0007785160236336004,0.0004379594628337477,0.0,1,1,10,4,11.0,11.808333333333337,1.0,5.0,5.859101654846356,1.0,16.0,2.0,17.667434988179693,0.00322097536120892,0.005529351837090209,0.01455604075691412,0.005215123859191656,0.0005345804676869588,0.006023151183124468
IND689101AAA,Tiruvalla_TKRoad_D (Kerala),0.0008151971583617658,0.0015189105476171656,0.0,1,1,10,4,10.0,4.32517948717949,2.0,5.0,0.0,0.0,15.0,2.0,4.32517948717949,0.0007885296632098566,0.005789876853324416,0.01455604075691412,0.005215123859191656,0.0001308710899252432,0.0060134075943660105
IND521001AAA,Machilipatnam_DC (Andhra Pradesh),0.0003881630525711833,0.0007622614280704517,0.16530619065945568,1,1,13,4,14.0,26.748666666666693,4.0,5.0,0.0,0.0,19.0,4.0,26.748666666666693,0.004876587707053487,0.002756899052388859,0.018922852983988356,0.005215123859191656,0.0008093599747918207,0.005994850030670058
IND363330AAB,Halvad_CrossRD_D (Gujarat),0.0007932979734494283,0.0005290818876354955,0.0,1,1,7,7,7.0,10.166666666666686,1.0,7.0,6.862962962962968,2.0,14.0,3.0,17.029629629629653,0.00310469615336063,0.005634339530199516,0.010189228529839884,0.009126466753585397,0.0005152817813131278,0.005963978337583169
IND402107AAA,Pen_BljiMrkt_D (Maharashtra),5.474796228084391e-07,0.0011275920197874245,0.1806001514718959,1,1,8,11,8.0,79.41355439994598,2.0,11.0,20.717708333333306,3.0,19.0,5.0,100.13126273327929,0.01825507383309519,3.88843307812251e-06,0.011644832605531296,0.014341590612777053,0.0030297673260354418,0.005956087426747873
IND110037AAB,Del_B_RPC (Delhi),0.0,0.00024258554855921527,0.0,1,0,11,0,11.0,363.8901315789473,6.0,0.0,0.0,0.0,11.0,6.0,363.8901315789473,0.06634133074705163,0.0,0.01601164483260553,0.0,0.011010571532103613,0.00595497184954701
IND641664AAA,Tirpur_Palladam_DC (Tamil Nadu),1.3686990570210978e-05,0.0006238399093410362,0.05035865697518801,2,1,10,11,10.0,0.0,0.0,11.0,16.543174342105274,2.0,21.0,2.0,16.543174342105274,0.003016009793597929,9.721082695306273e-05,0.01455604075691412,0.014341590612777053,0.0005005626387048454,0.005938690723048018
IND421301AAA,Mumbai_Kalyan West _Dc (Maharashtra),0.0,0.0005480536041895982,0.0,1,1,10,7,10.0,90.73636363636365,6.0,7.0,68.13250000000005,5.0,17.0,11.0,158.8688636363637,0.028963609928568914,0.0,0.01455604075691412,0.009126466753585397,0.004807047060336929,0.005938263267184136
IND636705AAB,Dharmapuri_Central_D_2 (Tamil Nadu),0.00038871053219399174,0.0004951959463212599,0.045989829276896654,2,2,9,9,9.0,0.0,0.0,9.0,0.0,0.0,18.0,0.0,0.0,0.0,0.0027607874854669815,0.013100436681222707,0.011734028683181226,0.0,0.005933168692794231
IND400072AAA,Mumbai_Tejpal_M (Maharashtra),0.0,0.00037288285042569894,0.0,1,0,15,0,15.0,176.9,6.0,1.0,27.650000000000006,1.0,16.0,7.0,204.55,0.03729180328531477,0.0,0.021834061135371178,0.0,0.006189264867170953,0.005914128443866974
IND626138AAA,Maharajapuram_Krsnakcl_D (Tamil Nadu),3.2848777368506348e-06,0.0025431187378800874,0.0,1,1,9,11,9.0,0.0,0.0,11.0,54.96418650793652,1.0,20.0,1.0,54.96418650793652,0.010020599515968325,2.3330598468735058e-05,0.013100436681222707,0.014341590612777053,0.0016631039281652564,0.005912347150305323
IND853204AAA,Naugchia_Vijayght_D (Bihar),0.00020366241968473934,0.0003987263878751285,0.20305445240024184,1,1,5,11,7.0,71.38069387755107,5.0,11.0,70.23750000000001,2.0,18.0,7.0,141.61819387755108,0.02581861563286826,0.0014464971050615735,0.00727802037845706,0.014341590612777053,0.004285077056556008,0.005901465449157375
IND621802AAA,Jayamkondan_Chithbrm_D (Tamil Nadu),4.379836982467513e-06,0.0006314452445443021,0.0,1,1,12,9,12.0,3.2013282732447976,1.0,10.0,0.9178571428571516,1.0,22.0,2.0,4.119185416101949,0.0007509745892594052,3.110746462498008e-05,0.017467248908296942,0.011734028683181226,0.0001246381304191775,0.005882302663519172
IND126112AAA,Safidon_HatRDDPP_D (Haryana),0.0,0.00017023117673190812,0.0,0,1,0,14,0.0,0.0,0.0,14.0,294.7852171979244,4.0,14.0,4.0,294.7852171979244,0.053742714892025346,0.0,0.0,0.018252933507170794,0.00891959808440221,0.005880486222534712
IND626117AAA,Rajpalayam_AshkTalk_D (Tamil Nadu),1.2592031324594098e-05,0.00276345424338464,0.0,1,1,12,9,12.0,0.0,0.0,9.0,0.0,0.0,21.0,0.0,0.0,0.0,8.943396079681771e-05,0.017467248908296942,0.011734028683181226,0.0,0.005871557404574521
IND586101AAA,Bijapur_KirtiNgr_D (Karnataka),0.0007796109828792173,0.0004379594628337477,0.0,1,1,8,4,8.0,0.0,0.0,4.0,73.13333333333334,1.0,12.0,1.0,73.13333333333334,0.013333042680352092,0.005537128703246453,0.011644832605531296,0.005215123859191656,0.002212865170467379,0.005863202631697693
IND277303AAC,Sikandarpur_Central_D_3 (Uttar Pradesh),1.149707207897722e-05,0.0008173032366357985,0.0,1,1,14,6,14.0,25.128631578947363,1.0,6.0,0.0,0.0,20.0,1.0,25.128631578947363,0.004581236791352988,8.165709464057269e-05,0.020378457059679767,0.007822685788787484,0.000760341024647575,0.0058588938089795435
IND673121AAA,Kalpetta_Ward19_D (Kerala),1.0949592456168782e-06,0.0005058606484674518,0.18668249826185657,1,1,11,8,11.0,45.500000000000014,4.0,8.0,27.708684863523573,1.0,19.0,5.0,73.20868486352359,0.013346780125676472,7.77686615624502e-06,0.01601164483260553,0.010430247718383311,0.0022151451537403884,0.005844886701787552
IND523226AAA,Chimkurthy_MSRClgRd_D (Andhra Pradesh),0.0012203320792400108,0.0003504073110937175,0.0,1,1,4,6,4.0,10.747368421052634,1.0,6.0,0.0,0.0,10.0,1.0,10.747368421052634,0.0019593681202283004,0.008667317331135073,0.005822416302765648,0.007822685788787484,0.0003251933990856203,0.005843879833979307
IND203396AAB,Pahasu_Kanongyn_D (Uttar Pradesh),6.5697554737012695e-06,0.0005425375147555801,0.0,1,1,9,11,9.0,32.64285714285717,2.0,11.0,12.065625000000011,1.0,20.0,3.0,44.70848214285718,0.008150867373534284,4.6661196937470115e-05,0.013100436681222707,0.014341590612777053,0.0013527872783736293,0.005842933697321475
IND603102AAA,Kalpakkam_Sadras_D (Tamil Nadu),0.0003881630525711833,0.0005092748949689315,0.0,1,1,4,12,4.0,0.0,0.0,12.0,75.79666374012291,1.0,16.0,1.0,75.79666374012291,0.01381859825900667,0.002756899052388859,0.005822416302765648,0.01564537157757497,0.0022934521043046353,0.005831835270480383
IND141003AAB,Ludhiana_GillChwk_DC (Punjab),0.0,0.00017023117673190812,0.0,0,2,0,22,0.0,0.0,0.0,22.0,11.795454545454554,2.0,22.0,2.0,11.795454545454554,0.0021504462017597806,0.0,0.0,0.028683181225554105,0.0003569063427547973,0.0058258628307995206
IND410206AAA,Jasai_JNPT_D (Maharashtra),0.0003892580118168002,0.0003149399203865224,0.0,1,1,9,6,10.0,30.46190476190477,4.0,6.0,58.462857142857146,2.0,16.0,6.0,88.92476190476191,0.016212000626476823,0.0027646759185451044,0.013100436681222707,0.007822685788787484,0.0026906815188398182,0.005824931445202779
IND621010AAA,Thuraiyur_Mthrapuri_D (Tamil Nadu),2.7373981140421953e-06,0.0003149399203865224,0.0,1,1,10,11,10.0,0.0,0.0,11.0,4.450000000000017,1.0,21.0,1.0,4.450000000000017,0.0008112858695656385,1.9442165390612546e-05,0.01455604075691412,0.014341590612777053,0.00013464790349015324,0.0058199930076974875
IND783370AAC,Kokrajhar_PigonDPP_D (Assam),4.927316605275952e-06,0.0005425375147555801,0.0,1,1,9,8,9.0,53.082500000000046,4.0,8.0,91.92307692307696,3.0,17.0,7.0,145.005576923077,0.02643617428447307,3.499589770310258e-05,0.013100436681222707,0.010430247718383311,0.004387572343162335,0.005815278529907874
IND700136AAG,Kolkata_Narynpur_C (West Bengal),0.0,0.00017023117673190812,0.0,0,1,0,16,0.0,0.0,0.0,16.0,216.86260094681148,8.0,16.0,8.0,216.86260094681148,0.039536531187730185,0.0,0.0,0.020860495436766623,0.0065618190029010735,0.0058125538380785925
IND203135AAA,Jewar_SJRoad_D (Uttar Pradesh),5.474796228084391e-06,0.0004379594628337477,0.0,1,1,11,9,11.0,0.0,0.0,11.0,32.64285714285717,2.0,22.0,2.0,32.64285714285717,0.0059511660094943115,3.888433078122509e-05,0.01601164483260553,0.011734028683181226,0.000987706129935792,0.005809670751414729
IND303002AAA,Achrol_BgwriDPP_D (Rajasthan),0.0007785160236336004,0.0004379594628337477,0.0,1,1,6,7,6.0,0.0,0.0,7.0,39.64166666666668,1.0,13.0,1.0,39.64166666666668,0.00722712899161747,0.005529351837090209,0.008733624454148471,0.009126466753585397,0.0011994757994431774,0.005807160334389141
IND816107AAA,Pakur_Hatpada_D (Jharkhand),0.0007757786255195582,0.0013324412588614234,0.0,1,1,7,7,7.0,0.0,0.0,7.0,0.0,0.0,14.0,0.0,0.0,0.0,0.005509909671699596,0.010189228529839884,0.009126466753585397,0.0,0.005791607441779914
IND637211AAA,Tirchngode_Mhdhvpur_D (Tamil Nadu),1.0949592456168782e-06,0.0004379594628337477,0.0,1,1,10,11,10.0,0.0,0.0,11.0,0.0,0.0,21.0,0.0,0.0,0.0,7.77686615624502e-06,0.01455604075691412,0.014341590612777053,0.0,0.0057822481770929204
IND781022AAA,Guwahati_Sixmile (Assam),0.0,0.00039607391950213425,0.0,1,1,7,10,7.0,10.0864864864865,1.0,10.0,139.23843137254903,4.0,17.0,5.0,149.32491785903554,0.027223639513052747,0.0,0.010189228529839884,0.01303780964797914,0.004518266770462562,0.005774974328179446
IND829121AAA,Peterbar_GagiDPP_D (Jharkhand),0.0,0.00017023117673190812,0.0,0,1,0,6,2.0,0.4928571428571473,1.0,6.0,553.5238095238096,5.0,8.0,6.0,554.0166666666668,0.1010035714989936,0.0,0.0,0.007822685788787484,0.016763411834892012,0.0057553901164805
IND362560AAA,Una_Mamlatdr_DC (Gujarat),1.9161786798295368e-05,0.0009485969361818839,0.0,1,1,12,8,12.0,10.693697478991623,3.0,8.0,0.0,0.0,20.0,3.0,10.693697478991623,0.0019495832939585534,0.00013609515773428782,0.017467248908296942,0.010430247718383311,0.00032356942609082105,0.005708024987065757
IND787057AAA,Dhemaji_WardNo3_D (Assam),5.474796228084391e-07,0.0003149399203865224,0.0,1,1,8,10,8.0,48.56215384615385,3.0,10.0,53.17600000000002,5.0,18.0,8.0,101.73815384615386,0.01854802845192794,3.88843307812251e-06,0.011644832605531296,0.01303780964797914,0.0030783885663692666,0.005707486543871747
IND643231AAA,Coonoor_Fairybnk_D (Tamil Nadu),1.6424388684253173e-05,0.0005323545552906695,0.0,1,1,11,9,11.0,0.24795081967212695,1.0,9.0,15.042857142857159,2.0,20.0,3.0,15.290807962529286,0.0027876890863464524,0.00011665299234367528,0.01601164483260553,0.011734028683181226,0.00046266859209552854,0.005705630398501521
IND561207AAB,Bagepalli_TBCross_D (Karnataka),0.0004084197986150956,0.0005871728127323346,0.0,1,1,8,9,8.0,0.0,0.0,9.0,0.0,0.0,17.0,0.0,0.0,0.0,0.002900771076279392,0.011644832605531296,0.011734028683181226,0.0,0.005691042134440292
IND181152AAB,Jammu_Central_I_1 (Jammu & Kashmir),0.00038980549143960864,0.0004931763891085688,0.0,1,2,6,6,7.0,165.11188811188828,5.0,7.0,20.400000000000034,2.0,14.0,7.0,185.5118881118883,0.033820937856542964,0.0027685643516232265,0.008733624454148471,0.007822685788787484,0.0056132105183742806,0.0056835622012488905
IND387001AAA,Nadiad_DC (Gujarat),0.00040568240050105337,0.0009523354840138514,0.14462072574010376,1,1,6,9,6.0,46.202097902097904,1.0,9.0,25.56200000000002,3.0,15.0,4.0,71.76409790209792,0.01308341540901054,0.002881328910888779,0.008733624454148471,0.011734028683181226,0.002171434905253832,0.00564485447259047
IND247776AAA,Shamli_KarnalRd_D (Uttar Pradesh),0.00038980549143960864,0.0003149399203865224,0.0,1,1,8,9,8.0,0.0,0.0,9.0,0.0,0.0,17.0,0.0,0.0,0.0,0.0027685643516232265,0.011644832605531296,0.011734028683181226,0.0,0.005644769780810634
IND518401AAA,Nandikotkr_UmarDPP_D (Andhra Pradesh),0.0008108173213792983,0.0005383543491331317,0.0,1,1,7,6,7.0,0.041666666666671404,1.0,6.0,0.49458041958043,1.0,13.0,2.0,0.5362470862471014,9.776397385798155e-05,0.005758769388699436,0.010189228529839884,0.007822685788787484,1.622574065525288e-05,0.005622008584934089
IND123401AAB,Rewari_YuktiDPP_D (Haryana),5.474796228084391e-07,0.0003149399203865224,0.0,1,1,10,10,10.0,11.216176470588223,1.0,10.0,0.0,0.0,20.0,1.0,11.216176470588223,0.0020448371867736598,3.88843307812251e-06,0.01455604075691412,0.01303780964797914,0.00033937857234613147,0.005604975675642528
IND523316AAB,Markapur_VidyaNgr_D (Andhra Pradesh),0.0008146496787389574,0.0004681052765876772,0.0,1,1,6,7,7.0,0.0,0.0,7.0,0.0,0.0,14.0,0.0,0.0,0.0,0.005785988420246294,0.008733624454148471,0.009126466753585397,0.0,0.005597114188632976
IND624101AAA,Kodaikanal_Athithnr_DC (Tamil Nadu),4.379836982467513e-06,0.0005290115954034205,0.0,1,1,12,8,12.0,0.0,0.0,8.0,0.0,0.0,20.0,0.0,0.0,0.0,3.110746462498008e-05,0.017467248908296942,0.010430247718383311,0.0,0.005590386937954794
IND743347AAA,Kakdwip_KlngrDPP_D (West Bengal),0.0003881630525711833,0.0006736950962170557,0.23452760934502695,1,1,8,4,8.0,22.81752136752138,2.0,4.0,142.62433862433872,4.0,12.0,6.0,165.4418599918601,0.03016194230248367,0.002756899052388859,0.011644832605531296,0.005215123859191656,0.0050059324938012,0.0055883890847309905
IND721253AAC,ChandroknaRD_Central_DPP_3 (West Bengal),0.0003892580118168002,0.0003149399203865224,0.0,1,1,5,9,5.0,0.0,0.0,9.0,105.31275510204087,4.0,14.0,4.0,105.31275510204087,0.019199719123440904,0.0027646759185451044,0.00727802037845706,0.011734028683181226,0.003186548693317233,0.005566683557147753
IND630002AAA,Karaikudi_Sbrmnprm_D (Tamil Nadu),3.2848777368506348e-06,0.0005425375147555801,0.0,1,1,11,9,11.0,0.3062500000000057,1.0,9.0,0.0,0.0,20.0,1.0,0.3062500000000057,5.583287585493943e-05,2.3330598468735058e-05,0.01601164483260553,0.011734028683181226,9.266498976148324e-06,0.005559617037365447
IND695572AAB,Kallikkad_Mutyvila_D (Kerala),1.0949592456168782e-06,0.0004379594628337477,0.0,1,1,11,9,13.0,0.0,0.0,10.0,0.0,0.0,23.0,0.0,0.0,0.0,7.77686615624502e-06,0.01601164483260553,0.011734028683181226,0.0,0.005551856606312038
IND742137AAA,Kandi_DohalDPP_D (West Bengal),0.0015668866804777527,0.0010927784898707815,0.0,1,1,3,3,3.0,0.0,0.0,3.0,0.0,0.0,6.0,0.0,0.0,0.0,0.01112869546958662,0.004366812227074236,0.003911342894393742,0.0,0.0055506744386489126
IND533262AAA,Draksharamam_Anaipeta_D (Andhra Pradesh),0.00038871053219399174,0.0004515014936916884,0.0,2,1,9,5,9.0,86.03783455442586,2.0,7.0,0.0,0.0,16.0,2.0,86.03783455442586,0.015685680768995878,0.0027607874854669815,0.013100436681222707,0.00651890482398957,0.0026033289985586652,0.005540976170595565
IND608301AAA,Lalpet_PriyrNGR_D (Tamil Nadu),2.7373981140421953e-06,0.00070703135486663,0.0,1,1,9,11,9.0,0.9178571428571516,1.0,11.0,0.0,0.0,20.0,1.0,0.9178571428571516,0.00016733584950109974,1.9442165390612546e-05,0.013100436681222707,0.014341590612777053,2.7772480896444286e-05,0.005502153336910777
IND425406AAA,Shindkheda_KakaCplx_D (Maharashtra),0.0011787236279065694,0.0007798503315226108,0.0,1,1,6,3,8.0,2.538986770804968,2.0,5.0,0.0,0.0,13.0,2.0,2.538986770804968,0.00046288631239733773,0.008371796417197763,0.008733624454148471,0.003911342894393742,7.682454959058918e-05,0.005478328353125307
IND395009AAA,Surat_Central_D_12 (Gujarat),0.0,0.00044213495065482483,0.0,1,1,4,9,4.0,11.803101851851864,2.0,9.0,246.42500000000013,8.0,13.0,10.0,258.228101851852,0.04707793486677825,0.0,0.005822416302765648,0.011734028683181226,0.00781345450260528,0.005464652622840694
IND518206AAA,Betamcherla_CmtNgRod_D (Andhra Pradesh),0.0011803660667749946,0.0009692000879319931,0.0,1,1,6,3,6.0,0.0,0.0,3.0,0.0,0.0,9.0,0.0,0.0,0.0,0.008383461716432129,0.008733624454148471,0.003911342894393742,0.0,0.005463205070459688
IND638401AAA,Sathyamangalam_Mlydpthr_D (Tamil Nadu),5.474796228084391e-06,0.0004665139410072583,0.0,1,1,9,10,9.0,23.176744186046506,1.0,10.0,5.832000000000001,1.0,19.0,2.0,29.008744186046506,0.005288625674603103,3.888433078122509e-05,0.013100436681222707,0.01303780964797914,0.0008777453005692852,0.005460695106756119
IND370615AAB,Nakhatrana_ClgRDDPP_D (Gujarat),0.0,0.0010022323564790577,0.0,1,1,6,3,7.0,0.0,0.0,3.0,387.48007812500003,2.0,10.0,2.0,387.48007812500003,0.07064204766764066,0.0,0.008733624454148471,0.003911342894393742,0.011724355092973447,0.005460082242951804
IND635601AAB,Tiruppattur_KoilStrt_D (Tamil Nadu),0.0,0.0005180753207119142,0.0,1,1,7,7,7.0,0.0,0.0,7.0,210.47916666666677,5.0,14.0,5.0,210.47916666666677,0.03837275814710496,0.0,0.010189228529839884,0.009126466753585397,0.006368669330341825,0.005455306389270513
IND132001AAA,Karnal (Haryana),0.0,0.0002529218873916877,0.0,1,0,4,0,4.0,0.0,0.0,5.0,565.5992760617761,3.0,9.0,3.0,565.5992760617761,0.10311521359673526,0.0,0.005822416302765648,0.0,0.017113877918486804,0.00544295274017483
IND635001AAA,Krishnagiri_BnglorRd_D (Tamil Nadu),0.00040513492087824494,0.0004241196633227687,0.0955451878671179,2,2,8,8,8.0,2.4979198376458953,1.0,8.0,0.0,0.0,16.0,1.0,2.4979198376458953,0.00045539934103141594,0.002877440477810657,0.011644832605531296,0.010430247718383311,7.558194814055787e-05,0.005441015719051791
IND321022AAA,Kaman_BsstdDPP_D (Rajasthan),0.0003892580118168002,0.0003149399203865224,0.0,1,1,6,7,6.0,12.354700413223156,1.0,7.0,100.1571285140563,4.0,13.0,5.0,112.51182892727945,0.020512192577008523,0.0027646759185451044,0.008733624454148471,0.009126466753585397,0.0034043779512136847,0.005390749300840981
IND110014AAA,Delhi_Bhogal (Delhi),0.0,0.0021256647307180674,0.0,1,1,9,9,9.0,19.300000000000008,4.0,9.0,36.55000000000003,5.0,18.0,9.0,55.85000000000004,0.010182093441627139,0.0,0.013100436681222707,0.011734028683181226,0.0016899068336910191,0.005389369781303542
IND591304AAA,Athani_VikrmMah_D (Karnataka),0.00039035297106241706,0.0003149399203865224,0.0,1,1,8,8,8.0,0.0,0.0,10.0,0.0,0.0,18.0,0.0,0.0,0.0,0.002772452784701349,0.011644832605531296,0.010430247718383311,0.0,0.0053853745394283935
IND805110AAD,Nawada_Central_DPP_2 (Bihar),3.2848777368506348e-06,0.0005425375147555801,0.0,1,1,9,9,9.0,13.47142857142859,3.0,9.0,39.05,2.0,18.0,5.0,52.52142857142859,0.009575256820090078,2.3330598468735058e-05,0.013100436681222707,0.011734028683181226,0.0015891910663934081,0.0053723565489431965
IND713303AAA,Asansol_DC (West Bengal),0.00040568240050105337,0.0005221011747778777,0.0,1,1,5,6,5.0,118.14615384615388,2.0,6.0,57.54545454545462,4.0,11.0,6.0,175.6916083916085,0.03203058860435307,0.002881328910888779,0.00727802037845706,0.007822685788787484,0.005316068928256856,0.0053576235843241955
IND431203AAA,Jalna_BhgyaNgr_D (Maharashtra),0.00040568240050105337,0.0004533815478951455,0.19932744943246214,1,1,9,5,9.0,55.90766233766237,2.0,6.0,0.0,0.0,15.0,2.0,55.90766233766237,0.010192605944942099,0.002881328910888779,0.013100436681222707,0.00651890482398957,0.0016916515781576652,0.005355246314392945
IND176110AAB,Sujanpur_SainkSCL_D (Himachal Pradesh),0.00038980549143960864,0.0003149399203865224,0.0,1,1,7,9,7.0,0.0,0.0,9.0,0.15607142857142264,1.0,16.0,1.0,0.15607142857142264,2.8453605537734288e-05,0.0027685643516232265,0.010189228529839884,0.011734028683181226,4.722402393675322e-06,0.005354829566270771
IND814112AAA,Deoghar_Barmasia_D (Jharkhand),0.0008086274028880645,0.0007876114685326356,0.0,1,1,3,6,6.0,20.600000000000023,1.0,8.0,99.10736407133541,3.0,14.0,4.0,119.70736407133543,0.0218240208885446,0.005743215656386946,0.004366812227074236,0.007822685788787484,0.0036221001358511798,0.00535355011687057
IND736135AAA,Dinhata_WrdN4DPP_D (West Bengal),2.1899184912337564e-06,0.0004379594628337477,0.0,1,2,8,11,8.0,9.837246963562762,2.0,11.0,7.521052631578968,2.0,19.0,4.0,17.35829959514173,0.0031646164452191856,1.555373231249004e-05,0.011644832605531296,0.014341590612777053,0.0005252266626156856,0.005334035115624963
IND458990AAA,Sitamau_Central_DPP_1 (Madhya Pradesh),0.00038980549143960864,0.0006030808324703262,0.13559617566137067,1,1,6,5,6.0,93.52637085137086,1.0,5.0,79.86964285714288,2.0,11.0,3.0,173.39601370851375,0.03161207545184863,0.0027685643516232265,0.008733624454148471,0.00651890482398957,0.005246608925708125,0.005331155610122769
IND332404AAA,Reengus_Shop2DPP_D (Rajasthan),0.0008146496787389574,0.00041098339446962067,0.12726396548143915,1,1,5,7,5.0,0.0,0.0,7.0,1.8560810810810864,1.0,12.0,1.0,1.8560810810810864,0.00033838479861779636,0.005785988420246294,0.00727802037845706,0.009126466753585397,5.6161219387708866e-05,0.005320033678341621
IND140603AAA,Zirakpur_DC (Punjab),0.0,0.0006664279767696823,0.0,1,0,17,0,17.0,48.39999999999998,4.0,0.0,0.0,0.0,17.0,4.0,48.39999999999998,0.0088238732779723,0.0,0.024745269286754003,0.0,0.0014644850626794133,0.005315175123020654
IND132103AAB,Panipat_PC (Haryana),0.0,0.00017023117673190812,0.0,0,1,0,5,2.0,336.6385617760618,1.0,5.0,193.56428571428577,3.0,7.0,4.0,530.2028474903476,0.09666204003873767,0.0,0.0,0.00651890482398957,0.016042854345861682,0.005314494551263335
IND209721AAB,Chhibramau_Bhainpura_D (Uttar Pradesh),0.0012203320792400108,0.000534741678724699,0.0,1,1,4,4,4.0,4.114285714285728,1.0,4.0,0.0,0.0,8.0,1.0,4.114285714285728,0.0007500813176080378,0.008667317331135073,0.005822416302765648,0.005215123859191656,0.00012448987545799075,0.005272191567153234
IND132039AAA,Assandh_MhrjaDPP_D (Haryana),0.0,0.0008019424148813973,0.0,1,0,14,0,14.0,157.77213622291032,4.0,0.0,0.0,0.0,14.0,4.0,157.77213622291032,0.02876366398400712,0.0,0.020378457059679767,0.0,0.004773862330691609,0.005269156994608856
IND571430AAA,Malavalli_SulthnRd_D (Karnataka),0.00041882191144845593,0.0009401831890995185,0.0,1,1,7,7,8.0,44.008333333333326,1.0,7.0,0.0,0.0,15.0,1.0,44.008333333333326,0.008023222241902845,0.0029746513047637195,0.010189228529839884,0.009126466753585397,0.0013316022066132893,0.00523716756500568
IND571401AAA,Mandya_Dc (Karnataka),5.474796228084391e-07,0.0003149399203865224,0.0,1,1,9,10,9.0,0.0,0.0,10.0,0.0,0.0,19.0,0.0,0.0,0.0,3.88843307812251e-06,0.013100436681222707,0.01303780964797914,0.0,0.005229010217417712
IND000000ABA,Cochin_Chtrpuza_D (Kerala),0.00040568240050105337,0.0004939661924300894,0.10783235738980082,1,1,10,5,10.0,0.0,0.0,5.0,0.0,0.0,15.0,0.0,0.0,0.0,0.002881328910888779,0.01455604075691412,0.00651890482398957,0.0,0.005223454234991811
IND401209AAA,Mumbai_Virar_DC (Maharashtra),0.0,0.00017023117673190812,0.0,0,1,0,15,1.0,6.63333333333334,1.0,15.0,165.87500000000009,9.0,16.0,10.0,172.50833333333344,0.03145024117205661,0.0,0.0,0.01955671447196871,0.005219749532115456,0.005216280277422606
IND577132AAD,Mudigere_HesglDPP_D (Karnataka),0.0007785160236336004,0.0004379594628337477,0.0,1,1,5,7,5.0,0.0,0.0,7.0,0.0,0.0,12.0,0.0,0.0,0.0,0.005529351837090209,0.00727802037845706,0.009126466753585397,0.0,0.005216170569390064
IND786171AAA,Digboi_JyotiNgr_D (Assam),1.3139510947402539e-05,0.0004891229220934549,0.23423525620329216,1,1,8,6,8.0,157.06730769230765,4.0,6.0,11.15909090909092,3.0,14.0,7.0,168.22639860139856,0.03066959552207434,9.332239387494023e-05,0.011644832605531296,0.007822685788787484,0.005090186940084737,0.005198713251741169
IND415003AAA,Satara_DC (Maharashtra),0.00040677735974667026,0.000578231497454115,0.0,1,1,8,7,8.0,2.6900641025640937,1.0,9.0,0.0,0.0,17.0,1.0,2.6900641025640937,0.0004904294369968565,0.0028891057770450246,0.011644832605531296,0.009126466753585397,8.139584082345492e-05,0.005185795853994961
IND302006AAC,Jaipur_Central_D_10 (Rajasthan),0.0,0.0004740520337572898,0.0,1,0,15,0,15.0,107.02109375000003,6.0,0.0,0.0,0.0,15.0,6.0,107.02109375000003,0.019511168787603183,0.0,0.021834061135371178,0.0,0.0032382395286877736,0.005176372109246179
IND207247AAB,Aliganj_KaimgnjRD_D (Uttar Pradesh),0.0007785160236336004,0.0004379594628337477,0.0,1,1,5,5,6.0,62.75137362637378,3.0,5.0,0.0,0.0,11.0,3.0,62.75137362637378,0.011440292745822636,0.005529351837090209,0.00727802037845706,0.00651890482398957,0.001898728292116515,0.0051693402565000275
IND571114AAA,HDKote_BegurRD_D (Karnataka),8.759673964935025e-06,0.0004379594628337477,0.0,1,1,6,6,6.0,0.0,0.0,6.0,242.04171122994669,4.0,12.0,4.0,242.04171122994669,0.044126970823897015,6.221492924996015e-05,0.008733624454148471,0.007822685788787484,0.007323687409950849,0.0051639591263123895
IND382721AAA,Gandhinagar_Kalol_DC (Gujarat),0.0,0.00046242677146319085,0.21155535374121065,1,1,9,9,11.0,19.61714285714288,2.0,9.0,6.136278195488799,2.0,20.0,4.0,25.75342105263168,0.004695143054600951,0.0,0.013100436681222707,0.011734028683181226,0.0007792458769519141,0.005161704542118765
IND321001AAB,Bharatpur_NraynDPP_D (Rajasthan),0.0008168395972301912,0.0012057629900356418,0.0,1,1,8,3,8.0,0.0,0.0,4.0,0.0,0.0,12.0,0.0,0.0,0.0,0.005801542152558784,0.011644832605531296,0.003911342894393742,0.0,0.005141774853380582
IND732202AAA,Manikchak_Enayetpr_D (West Bengal),0.0008157446379845742,0.0005227136408272433,0.0,1,1,3,6,3.0,76.05833333333335,3.0,6.0,12.363636363636374,4.0,9.0,7.0,88.42196969696973,0.016120335859396033,0.005793765286402538,0.004366812227074236,0.007822685788787484,0.002675468054419503,0.005134584467018108
IND505467AAA,Husnabad_Greenmkt_D (Telangana),0.00038980549143960864,0.0003149399203865224,0.0,1,1,8,7,8.0,0.0,0.0,7.0,0.0,0.0,15.0,0.0,0.0,0.0,0.0027685643516232265,0.011644832605531296,0.009126466753585397,0.0,0.005123257394891468
IND458664AAA,Neemuch_KarjuDPP_D (Madhya Pradesh),0.0007932979734494283,0.0005371122206647051,0.0,1,1,4,3,4.0,0.0,0.0,3.0,159.13096590909092,2.0,7.0,2.0,159.13096590909092,0.029011394169073328,0.005634339530199516,0.005822416302765648,0.003911342894393742,0.0048149777393307995,0.005122515109834408
IND485771AAA,Maihar_MngalDPP_D (Madhya Pradesh),0.0,0.0004466814875270737,0.0,1,0,3,0,3.0,347.01250000000005,2.0,2.0,214.3916666666667,1.0,5.0,3.0,561.4041666666667,0.10235039719818823,0.0,0.004366812227074236,0.0,0.016986942483663586,0.005120098066330744
IND480001AAA,Chhindwara_NagpurRd_D (Madhya Pradesh),0.000817934556475808,0.0006060824806646039,0.0,1,1,5,6,7.0,0.0,0.0,8.0,6.964749536178104,1.0,15.0,1.0,6.964749536178104,0.001269753457025867,0.005809319018715029,0.00727802037845706,0.007822685788787484,0.0002107390839057068,0.005106087660975596
IND501141AAA,Tandur_SnthiNGR_D (Telangana),0.0008108173213792983,0.0005246329704564584,0.0,1,1,7,4,7.0,0.0,0.0,4.0,0.0,0.0,11.0,0.0,0.0,0.0,0.005758769388699436,0.010189228529839884,0.005215123859191656,0.0,0.00509643976385111
IND000000AAS,Bongaigaon_Chpaguri_D (Assam),4.379836982467513e-06,0.0004379594628337477,0.0,1,1,8,9,8.0,0.0,0.0,9.0,53.082500000000046,4.0,17.0,4.0,53.082500000000046,0.00967754655532986,3.110746462498008e-05,0.011644832605531296,0.011734028683181226,0.0016061679409024804,0.0050882018555868675
IND843109AAB,Kanti_Central_DPP_2 (Bihar),0.0,0.0006473295366780435,0.17606378277087148,1,1,11,6,13.0,34.53500000000001,6.0,8.0,7.86428571428571,1.0,21.0,7.0,42.399285714285725,0.007729874467342948,0.0,0.01601164483260553,0.007822685788787484,0.0012829157148109113,0.0050875950529813314
IND363421AAB,Limbdi_Busstand_D (Gujarat),1.0949592456168782e-06,0.0004379594628337477,0.0,1,1,9,9,9.0,5.799999999999997,1.0,9.0,7.514285714285734,2.0,18.0,3.0,13.314285714285731,0.0024273464861482284,7.77686615624502e-06,0.013100436681222707,0.011734028683181226,0.0004028630691904414,0.005070330743333083
IND262723AAB,Dhaurahara_TahsilRD_D (Uttar Pradesh),0.0,0.0006314452445443021,0.0,1,0,15,0,15.0,90.39999999999998,3.0,0.0,0.0,0.0,15.0,3.0,90.39999999999998,0.016480953395220994,0.0,0.021834061135371178,0.0,0.002735319207979731,0.005050642029069168
IND303301AAB,Bassi_DmodrNGR_D (Rajasthan),2.4636583026379758e-05,0.000332268967145445,0.0,1,1,8,10,8.0,0.0,0.0,10.0,4.709682539682547,2.0,18.0,2.0,4.709682539682547,0.0008586289650751561,0.0001749794885155129,0.011644832605531296,0.01303780964797914,0.0001425053663084119,0.0050333976132596195
IND135001AAA,YamunaNagar_DC (Haryana),0.00038980549143960864,0.0003149399203865224,0.0,1,1,5,9,6.0,0.0,0.0,9.0,32.15000000000002,1.0,15.0,1.0,32.15000000000002,0.005861312518322516,0.0027685643516232265,0.00727802037845706,0.011734028683181226,0.0009727932802715535,0.005014605655463675
IND581334AAA,Honnavar_Prbhtngr_D (Karnataka),0.001169416474318826,0.0005425375147555801,0.0,1,1,4,3,5.0,17.17530864197532,1.0,6.0,3.6414965986394705,1.0,11.0,2.0,20.81680524061479,0.0037951415598226172,0.00830569305486968,0.005822416302765648,0.003911342894393742,0.0006298739737104732,0.005011212902063885
IND400612AAA,Mumbai_Mumbra_DC (Maharashtra),0.0,0.0005480536041895982,0.0,1,1,10,6,10.0,7.82386363636363,2.0,6.0,62.172727272727286,2.0,16.0,4.0,69.99659090909091,0.012761178679171207,0.0,0.01455604075691412,0.007822685788787484,0.0021179537567116795,0.00500523374831824
IND673305AAA,Koyilandy_Pshrikvu_D (Kerala),0.0,0.00017023117673190812,0.0,0,1,0,10,2.0,316.8614861032332,2.0,10.0,0.0,0.0,12.0,2.0,316.8614861032332,0.057767471075308094,0.0,0.0,0.01303780964797914,0.009587580854061688,0.005004457143111251
IND201007AAB,Ghaziabad_MohanNgr_C (Uttar Pradesh),0.0,0.00017023117673190812,0.16752976493350008,0,2,0,15,1.0,46.03333333333334,1.0,17.0,98.29772577996721,6.0,18.0,7.0,144.33105911330054,0.026313201977092845,0.0,0.0,0.01955671447196871,0.004367162813060499,0.005003133597658867
IND303503AAA,Lalsot_NWclyDPP_D (Rajasthan),3.5586175482548544e-05,0.0007793528268347922,0.0,1,1,9,8,9.0,25.792500000000004,1.0,8.0,0.0,0.0,17.0,1.0,25.792500000000004,0.004702267593431833,0.00025274815007796315,0.013100436681222707,0.010430247718383311,0.0007804283260156775,0.00498970581395241
IND721139AAC,Panskura_Central_D_3 (West Bengal),0.0,0.0009196385399232751,0.0,2,0,14,0,14.0,60.757661290322574,3.0,3.0,59.99928571428572,2.0,17.0,5.0,120.75694700460829,0.02201537185544382,0.0,0.020378457059679767,0.0,0.003653858369897075,0.004989156004410222
IND450331AAA,Burhanpur_StRoad_D (Madhya Pradesh),1.6424388684253174e-06,0.0011275920197874245,0.0,1,1,10,7,10.0,13.398039215686275,4.0,7.0,17.621393034825843,1.0,17.0,5.0,31.019432250512118,0.005655197093660458,1.1665299234367529e-05,0.01455604075691412,0.009126466753585397,0.0009385846112328734,0.00497523050964015
IND622407AAA,Ponnamaravathi_Puduvalvu_D (Tamil Nadu),2.1899184912337564e-06,0.0006314452445443021,0.0,1,1,9,9,9.0,0.0,0.0,9.0,0.0,0.0,18.0,0.0,0.0,0.0,1.555373231249004e-05,0.013100436681222707,0.011734028683181226,0.0,0.004972336879190159
IND365560AAA,Amreli_MrktYrd_DC (Gujarat),0.0008146496787389574,0.0005112367236980812,0.0,1,1,5,5,5.0,21.96052631578948,1.0,5.0,1.9928571428571757,1.0,10.0,2.0,23.953383458646655,0.004366975624334215,0.005785988420246294,0.00727802037845706,0.00651890482398957,0.0007247804189219046,0.004965676092306005
IND421004AAA,Mumbai_Ulhasngr_DC (Maharashtra),0.0,0.0007369648179184432,0.0,1,0,15,0,15.0,78.50000000000003,7.0,0.0,0.0,0.0,15.0,7.0,78.50000000000003,0.01431144736200054,0.0,0.021834061135371178,0.0,0.002375249533477976,0.00496062461044373
IND851204AAA,Khagaria_GodamDPP_D (Bihar),0.0,0.0006919783410608618,0.20305445240024184,2,0,15,0,15.0,76.71492316784872,3.0,0.0,0.0,0.0,15.0,3.0,76.71492316784872,0.01398600744963799,0.0,0.021834061135371178,0.0,0.002321236757518871,0.004947121416453953
IND395004AAB,Surat_Central_D_3 (Gujarat),0.0,0.0008499906115391999,0.0,1,1,10,3,10.0,24.44117647058824,1.0,3.0,139.91764705882355,2.0,13.0,3.0,164.35882352941178,0.029964492374796328,0.0,0.01455604075691412,0.003911342894393742,0.004973162024346805,0.004936767236348273
IND361305AAC,Khambhalia_JdswarRD_D (Gujarat),1.0949592456168782e-06,0.0003149399203865224,0.0,1,1,9,8,9.0,29.85714285714286,1.0,8.0,0.0,0.0,17.0,1.0,29.85714285714286,0.005443298450697202,7.77686615624502e-06,0.013100436681222707,0.010430247718383311,0.0009034161100944437,0.004934712810599501
IND209625AAA,Farrukhbad_Pnchlght_D (Uttar Pradesh),0.0008146496787389574,0.0006248625790376268,0.0,1,1,4,6,5.0,14.633333333333354,1.0,6.0,4.748111888111879,1.0,11.0,2.0,19.381445221445233,0.0035334590202065,0.005785988420246294,0.005822416302765648,0.007822685788787484,0.0005864429136352448,0.00490072709380564
IND232101AAB,MughalSarai_Central_D_2 (Uttar Pradesh),0.0,0.00017023117673190812,0.0,0,1,0,4,1.0,478.12364864864867,1.0,4.0,31.069059829059835,2.0,5.0,3.0,509.1927084777085,0.09283165152220647,0.0,0.0,0.005215123859191656,0.015407130487414824,0.004894807393692037
IND341001AAC,Nagaur_KisanCo_D (Rajasthan),0.0007807059421248341,0.0004379594628337477,0.0,1,1,3,4,4.0,0.2989062500000017,1.0,5.0,136.34130718954248,1.0,9.0,2.0,136.6402134395425,0.024911072893917585,0.005544905569402698,0.004366812227074236,0.005215123859191656,0.004134453544287952,0.00489071755261611
IND403507AAA,Panaji Goa (Goa),0.0,0.0003516267517069867,0.0,1,1,5,3,5.0,12.416666666666679,1.0,3.0,338.008064516129,1.0,8.0,2.0,350.4247311827957,0.06388643432695247,0.0,0.00727802037845706,0.003911342894393742,0.010603136041542425,0.004888656664955767
IND624601AAA,Palani_RjndraRd_D (Tamil Nadu),4.927316605275952e-06,0.00042204467067784367,0.0,1,1,6,12,6.0,0.0,0.0,12.0,0.0,0.0,18.0,0.0,0.0,0.0,3.499589770310258e-05,0.008733624454148471,0.01564537157757497,0.0,0.004888047770540774
IND274304AAB,Padrauna_BawliDPPP_D (Uttar Pradesh),0.0003941853284220761,0.0003149399203865224,0.0,1,1,4,8,6.0,76.02600732600735,5.0,9.0,8.887405731523387,2.0,15.0,7.0,84.91341305753073,0.015480685876441526,0.0027996718162482063,0.005822416302765648,0.010430247718383311,0.002569306302559522,0.0048727445155565445
IND425412AAA,Nandurbar_DhuleRd_D (Maharashtra),0.00039801768578173524,0.0006427173394830328,0.054747650682988175,2,1,7,7,9.0,0.0,0.0,10.0,2.04094735909257,3.0,19.0,3.0,2.04094735909257,0.0003720880343728321,0.0028268908477950645,0.010189228529839884,0.009126466753585397,6.175489506417494e-05,0.0048679895771793725
IND431112AAB,Sillod_ZebaTWR_D (Maharashtra),0.0003881630525711833,0.0005557202503762534,0.19932744943246214,1,1,5,5,6.0,73.43333333333337,1.0,5.0,77.33080357142865,3.0,11.0,4.0,150.764136904762,0.027486025597324125,0.002756899052388859,0.00727802037845706,0.00651890482398957,0.004561814596792937,0.0048647533580236605
IND388620AAB,Khambhat_MotvdDPP_D (Gujarat),0.0003892580118168002,0.0003149399203865224,0.0,1,1,6,8,6.0,0.0,0.0,8.0,8.192307692307693,1.0,14.0,1.0,8.192307692307693,0.0014935513415512563,0.0027646759185451044,0.008733624454148471,0.010430247718383311,0.0002478824843855016,0.004862381627093518
IND263139AAA,Haldwani_PiliKoti_D (Uttarakhand),0.0,0.0005898433368525912,0.0,1,1,7,6,7.0,66.46875000000001,2.0,6.0,98.21396895787139,1.0,13.0,3.0,164.6827189578714,0.030023542213970755,0.0,0.010189228529839884,0.007822685788787484,0.00498296243791807,0.004848123473204991
IND277201AAA,Bariya_BgnprDPP_D (Uttar Pradesh),0.0007878231772213438,0.0009071757122623656,0.0,1,1,4,5,4.0,4.8444444444444485,1.0,5.0,49.881818181818176,2.0,9.0,3.0,54.726262626262624,0.0099772232725449,0.005595455199418291,0.005822416302765648,0.00651890482398957,0.0016559048378601711,0.004840649754612488
IND509216AAC,Shadnagar_Central_D_1 (Telangana),0.0007757786255195582,0.0006939822350181565,0.0,1,1,4,6,4.0,0.0,0.0,6.0,23.961188811188805,2.0,10.0,2.0,23.961188811188805,0.004368398629328468,0.005509909671699596,0.005822416302765648,0.007822685788787484,0.0007250165929344444,0.004838742951639096
IND722122AAA,Bishnupur_StnRdDPP_D (West Bengal),0.0003892580118168002,0.0003149399203865224,0.0,1,1,7,6,7.0,0.0,0.0,6.0,32.98883116883118,1.0,13.0,1.0,32.98883116883118,0.006014241029384077,0.0027646759185451044,0.010189228529839884,0.007822685788787484,0.0009981745967356682,0.004819563084400178
IND518222AAA,Dhone_RmNyrDPP_D (Andhra Pradesh),0.0011628467188451246,0.0009940424015520406,0.0,1,1,3,4,3.0,0.0,0.0,4.0,0.0,0.0,7.0,0.0,0.0,0.0,0.00825903185793221,0.004366812227074236,0.005215123859191656,0.0,0.004807048367529452
IND360510AAB,Bhanvad_Mainroad_D (Gujarat),9.307153587743464e-06,0.0006752714197067842,0.0,1,1,8,8,8.0,17.31653846153847,1.0,8.0,31.005917159763314,1.0,16.0,2.0,48.322455621301785,0.008809736051297673,6.610336232808266e-05,0.011644832605531296,0.010430247718383311,0.0014621387282930855,0.004803686923671021
IND683565AAA,Kunnathund_Pringla_D (Kerala),0.0003881630525711833,0.0005901217209652364,0.10783235738980082,1,1,5,9,5.0,0.0,0.0,9.0,3.5563909774436127,1.0,14.0,1.0,3.5563909774436127,0.0006483707295844317,0.002756899052388859,0.00727802037845706,0.011734028683181226,0.0001076091211469837,0.004794226760950504
IND312403AAA,BariSadri_BhmprDPP_D (Rajasthan),0.0007757786255195582,0.0006267563572410873,0.0,1,1,3,3,3.0,159.13096590909092,2.0,3.0,0.0,0.0,6.0,2.0,159.13096590909092,0.029011394169073328,0.005509909671699596,0.004366812227074236,0.003911342894393742,0.0048149777393307995,0.004787843844221154
IND000000ABG,Hyderabad_Bownplly_C (Telangana),0.0,0.00017023117673190812,0.0,0,1,0,9,0.0,0.0,0.0,9.0,322.60727040816334,7.0,9.0,7.0,322.60727040816334,0.05881499323624334,0.0,0.0,0.011734028683181226,0.00976143654182921,0.004787164872093548
IND643217AAA,Kotagiri_CroslySRT_D (Tamil Nadu),1.204455170178566e-05,0.000622955152672086,0.0,1,1,9,7,10.0,38.40952380952386,3.0,7.0,0.0,0.0,17.0,3.0,38.40952380952386,0.007002495263687987,8.55455277186952e-05,0.013100436681222707,0.009126466753585397,0.0011621936752825826,0.00476587004048381
IND250002AAA,Meerut (Uttar Pradesh),0.0003881630525711833,0.0004823042240159436,0.1586992987846459,1,1,5,5,7.0,10.73809523809524,1.0,5.0,126.90000000000003,2.0,12.0,3.0,137.63809523809527,0.02509299815294289,0.002756899052388859,0.00727802037845706,0.00651890482398957,0.004164647407682584,0.004765461560746073
IND722140AAA,Khatra_KoralDPP_D (West Bengal),0.0007932979734494283,0.0005362744491156259,0.0,1,1,6,4,6.0,0.0,0.0,4.0,0.0,0.0,10.0,0.0,0.0,0.0,0.005634339530199516,0.008733624454148471,0.005215123859191656,0.0,0.004761768498237856
IND125051AAA,Ratia_SchdvDPP_D (Haryana),0.0004073248393694787,0.000514473612601495,0.0,1,1,8,4,11.0,49.80833333333334,1.0,4.0,0.0,0.0,15.0,1.0,49.80833333333334,0.00908062854380862,0.002892994210123147,0.011644832605531296,0.005215123859191656,0.0015070983504880953,0.004761313854109716
IND534001AAA,Eluru_Agraharm_DC (Andhra Pradesh),0.00038980549143960864,0.00023224920972674283,0.16528618581163362,1,1,3,10,3.0,0.0,0.0,10.0,41.03333333333334,1.0,13.0,1.0,41.03333333333334,0.007480845733597733,0.0027685643516232265,0.004366812227074236,0.01303780964797914,0.0012415847879878503,0.004760318095075767
IND509324AAA,Kalwakurthy_VidyaNGR_D (Telangana),0.0,0.000555803763523035,0.16711351779775563,1,1,7,7,7.0,106.22962962962964,2.0,7.0,12.064950980392197,3.0,14.0,5.0,118.29458061002184,0.021566454313506456,0.0,0.010189228529839884,0.009126466753585397,0.0035793521962665872,0.004757977105751703
IND523201AAA,Addanki_Oilmilrd_D (Andhra Pradesh),0.0,0.0006530335335193469,0.0,1,0,13,0,13.0,0.0,0.0,1.0,127.81666666666668,1.0,14.0,1.0,127.81666666666668,0.02330243945205565,0.0,0.018922852983988356,0.0,0.003867471055677833,0.00475143836071713
IND743513AAA,Fatepur_NH117_D (West Bengal),0.00040568240050105337,0.0005923395238259752,0.23452760934502695,1,1,4,8,4.0,40.2,2.0,8.0,22.81752136752138,2.0,12.0,4.0,63.01752136752138,0.011488814521465303,0.002881328910888779,0.005822416302765648,0.010430247718383311,0.0019067813787152037,0.004735693267719666
IND680712AAA,Irinjlkuda_Greens_D (Kerala),0.0007785160236336004,0.0004379594628337477,0.0,1,1,4,6,4.0,0.0,0.0,6.0,8.82153110047848,1.0,10.0,1.0,8.82153110047848,0.001608265961742018,0.005529351837090209,0.005822416302765648,0.007822685788787484,0.000266921498483732,0.004731023935913133
IND852131AAA,Supaul_SadrHsptl_D (Bihar),0.0,0.00036975735389083614,0.26872018003490333,1,1,7,7,8.0,67.04166666666667,3.0,8.0,47.091666666666654,4.0,16.0,7.0,114.13333333333333,0.020807811366237716,0.0,0.010189228529839884,0.009126466753585397,0.003453441359927213,0.004726499396666859
IND421401AAC,Murbad_SnkunDPP_D (Maharashtra),0.00040568240050105337,0.0002512918462094245,0.2491406071815256,1,1,6,6,6.0,48.16527217741934,2.0,6.0,5.497727272727275,1.0,12.0,3.0,53.662999450146614,0.009783378240991554,0.002881328910888779,0.008733624454148471,0.007822685788787484,0.0016237326676304404,0.004725660334305873
IND363001AAA,Surendranagar_DC (Gujarat),1.0949592456168782e-06,0.0003149399203865224,0.0,1,1,8,9,8.0,0.0,0.0,9.0,5.799999999999997,1.0,17.0,1.0,5.799999999999997,0.0010574063019057715,7.77686615624502e-06,0.011644832605531296,0.011734028683181226,0.0001754961438748057,0.004722368196865892
IND400705AAA,Mumbai_Sanpada_CP (Maharashtra),0.0,0.00017023117673190812,0.0,0,1,0,10,0.0,0.0,0.0,10.0,277.22701149425296,5.0,10.0,5.0,277.22701149425296,0.05054165327802189,0.0,0.0,0.01303780964797914,0.008388322671582389,0.0047046425974914255
IND824101AAA,AurngbadBR_Mahindra_D (Bihar),0.0003892580118168002,0.00045626971261958273,0.0,1,2,5,7,6.0,0.0,0.0,7.0,58.57793650793651,1.0,13.0,1.0,58.57793650793651,0.010679427451056597,0.0027646759185451044,0.00727802037845706,0.009126466753585397,0.0017724486160838045,0.004691646151920229
IND473001AAA,Guna_HnumnDPP_D (Madhya Pradesh),5.474796228084391e-07,0.0004658275586513222,0.1502772966892993,1,1,8,8,8.0,27.451349401068015,3.0,8.0,7.650953320184101,2.0,16.0,5.0,35.102302721252116,0.0063995510532510545,3.88843307812251e-06,0.011644832605531296,0.010430247718383311,0.0010621239256389393,0.004681907997769999
IND361315AAA,Bhatiya_Kalyanpr_D (Gujarat),1.0949592456168782e-06,0.0004379594628337477,0.0,1,1,8,9,8.0,0.0,0.0,9.0,0.0,0.0,17.0,0.0,0.0,0.0,7.77686615624502e-06,0.011644832605531296,0.011734028683181226,0.0,0.004678494160897191
IND362265AAA,Veraval_DC (Gujarat),1.9161786798295368e-05,0.0008740450779689338,0.0,1,1,5,11,6.0,0.0,0.0,11.0,40.55833333333332,3.0,17.0,3.0,40.55833333333332,0.007394247803700274,0.00013609515773428782,0.00727802037845706,0.014341590612777053,0.0012272122589636202,0.004678358568194728
IND204215AAA,SikandraRao_JydevNGR_D (Uttar Pradesh),0.00039035297106241706,0.0003149399203865224,0.0,1,1,4,6,4.0,15.244871794871827,3.0,6.0,110.14173553719004,3.0,10.0,6.0,125.38660733206187,0.02285941185646667,0.002772452784701349,0.005822416302765648,0.007822685788787484,0.003793942427641605,0.0046478644998665
IND201204AAA,Modinagar_SikriKla_DC (Uttar Pradesh),0.00040568240050105337,0.0003670507308087687,0.1586992987846459,1,1,7,5,7.0,28.600000000000023,2.0,5.0,10.73809523809524,1.0,12.0,3.0,39.33809523809526,0.007171784449953685,0.002881328910888779,0.010189228529839884,0.00651890482398957,0.001190290348563031,0.0046476643767177205
IND441107AAB,Savner_Wagodha_D (Maharashtra),0.0,0.0004379594628337477,0.0,1,0,11,0,11.0,190.2930743243245,5.0,0.0,0.0,0.0,11.0,5.0,190.2930743243245,0.03469260275854554,0.0,0.01601164483260553,0.0,0.005757879439655304,0.004641798826434933
IND365560AAB,Amreli_Rajula_DC (Gujarat),0.0004078723189922871,0.0006049342404895738,0.0,1,1,5,7,5.0,1.9928571428571757,1.0,7.0,42.19281609195403,2.0,12.0,3.0,44.185673234811205,0.008055553333179062,0.002896882643201269,0.00727802037845706,0.009126466753585397,0.0013369681495209627,0.004629048388909177
IND400064AAB,Mumbai_MaladWest_CP (Maharashtra),0.0,0.00017023117673190812,0.0,0,2,0,15,0.0,0.0,0.0,15.0,93.4477957336781,8.0,15.0,8.0,93.4477957336781,0.017036601397930094,0.0,0.0,0.01955671447196871,0.002827539276700179,0.0046182277135687864
IND147201AAA,Nabha_Sahni_D (Punjab),0.00040677735974667026,0.000328170361931388,0.0,1,1,6,7,7.0,0.0,0.0,7.0,4.225000000000001,1.0,14.0,1.0,4.225000000000001,0.0007702657975089462,0.0028891057770450246,0.008733624454148471,0.009126466753585397,0.0001278398634260439,0.004615165229369044
IND362220AAA,Junagadh_keshod_DC (Gujarat),1.9161786798295368e-05,0.0007753817043226184,0.0,1,1,10,5,10.0,44.738888888888894,2.0,5.0,0.0,0.0,15.0,2.0,44.738888888888894,0.00815641087092642,0.00013609515773428782,0.01455604075691412,0.00651890482398957,0.0013537073243523098,0.004601049252475816
IND500039AAD,Hyderabad_Uppal_L (Telangana),0.0,0.0004740041427815226,0.0,1,1,6,8,6.0,19.737068965517295,3.0,8.0,81.13915598290602,3.0,14.0,6.0,100.87622494842331,0.018390888960849495,0.0,0.008733624454148471,0.010430247718383311,0.0030523083598440986,0.004595851524467382
IND454001AAA,Dhar_Trimurti_D (Madhya Pradesh),0.0,0.00017023117673190812,0.0,0,1,0,13,0.0,0.0,0.0,13.0,157.7208641975309,1.0,13.0,1.0,157.7208641975309,0.02875431650767131,0.0,0.0,0.01694915254237288,0.004772310944011825,0.004582908244477533
IND380006AAB,Ahmedabad_Mithakal_D (Gujarat),0.0,0.00017023117673190812,0.0,0,1,0,15,0.0,0.0,0.0,15.0,86.75312500000001,7.0,15.0,7.0,86.75312500000001,0.015816086393968826,0.0,0.0,0.01955671447196871,0.002624972225273968,0.0045675859507122345
IND690548AAA,Haripad_Kumrpurm_D (Kerala),0.0004084197986150956,0.0014607513393947826,0.0,1,1,4,9,5.0,0.0,0.0,9.0,4.714843750000007,1.0,14.0,1.0,4.714843750000007,0.0008595699127156982,0.002900771076279392,0.005822416302765648,0.011734028683181226,0.00014266153398228106,0.0045622242573827325
IND764059AAA,Nabarangpr_PhdofDPP_D (Orissa),0.0004073248393694787,0.00043863074807746534,0.0,1,1,7,3,7.0,96.1688888888889,3.0,3.0,0.0,0.0,10.0,3.0,96.1688888888889,0.01753268778592881,0.002892994210123147,0.010189228529839884,0.003911342894393742,0.0029098739932283896,0.004560130756696924
IND465333AAA,Shujalpur_AstrdDPP_D (Madhya Pradesh),0.0011628467188451246,0.0004480747288272632,0.13272597333770497,1,1,3,3,4.0,0.0,0.0,3.0,0.0,0.0,7.0,0.0,0.0,0.0,0.00825903185793221,0.004366812227074236,0.003911342894393742,0.0,0.004546292174569869
IND122001AAD,Gurgaon_Kadipur (Haryana),0.00040677735974667026,0.00032176301322594055,0.0,1,1,3,8,3.0,17.387500000000003,3.0,8.0,58.357142857142854,4.0,11.0,7.0,75.74464285714285,0.013809114257369805,0.0028891057770450246,0.004366812227074236,0.010430247718383311,0.002291878058724642,0.004543568525738428
IND631003AAA,Arakkonam_HousngBd_D (Tamil Nadu),0.0003881630525711833,0.00043797801025646744,0.21463414400111064,1,1,5,5,5.0,28.174038461538487,2.0,5.0,79.45128205128206,3.0,10.0,5.0,107.62532051282055,0.019621326233600862,0.002756899052388859,0.00727802037845706,0.00651890482398957,0.0032565221953948353,0.004538430257674135
IND362150AAA,Talala_SsnRdDPP_D (Gujarat),1.9161786798295368e-05,0.0009762987833834694,0.0,1,1,8,8,8.0,0.0,0.0,8.0,7.634328358208961,1.0,16.0,1.0,7.634328358208961,0.0013918253304807072,0.00013609515773428782,0.011644832605531296,0.010430247718383311,0.00023099917033443963,0.004520399162573532
IND736146AAA,Mathabhang_Pshimpra_D (West Bengal),1.6424388684253174e-06,0.0003149399203865224,0.0,1,1,8,8,8.0,0.27486555997194273,1.0,8.0,9.837246963562762,2.0,16.0,3.0,10.112112523534705,0.0018435537082699786,1.1665299234367529e-05,0.011644832605531296,0.010430247718383311,0.0003059718541911159,0.004495591883062729
IND121004AAC,Faridabad_MohnVRTL_D (Haryana),0.0,0.0004207861465562993,0.0,1,1,9,3,9.0,47.57857142857143,1.0,3.0,93.64437500000003,2.0,12.0,3.0,141.22294642857145,0.025746557504702186,0.0,0.013100436681222707,0.003911342894393742,0.004273117676698719,0.004470635334297969
IND458001AAB,Mandsaur_YashDPP_D (Madhya Pradesh),5.474796228084391e-07,0.0005091312764258141,0.13559617566137067,1,1,7,6,7.0,18.466666666666697,2.0,6.0,93.52637085137086,1.0,13.0,3.0,111.99303751803755,0.02041761097261077,3.88843307812251e-06,0.010189228529839884,0.007822685788787484,0.003388680383662421,0.004450913911218421
IND760003AAB,Berhampur_Khajuria_I (Orissa),0.0,0.00040595732979960443,0.0,1,0,8,0,8.0,251.6758794610962,3.0,2.0,25.033333333333353,2.0,10.0,5.0,276.70921279442956,0.05044725265589915,0.0,0.011644832605531296,0.0,0.008372655141388873,0.004422130306453477
IND624202AAA,Batlagundu_RTOofice_D (Tamil Nadu),2.7373981140421953e-06,0.0006199463806901918,0.0,1,1,8,8,8.0,0.0,0.0,8.0,0.0,0.0,16.0,0.0,0.0,0.0,1.9442165390612546e-05,0.011644832605531296,0.010430247718383311,0.0,0.0044218208226696355
IND495334AAB,Mungeli_Panderia_D (Chhattisgarh),5.474796228084391e-07,0.0003149399203865224,0.0,1,1,8,8,8.0,0.0,0.0,8.0,0.0,0.0,16.0,0.0,0.0,0.0,3.88843307812251e-06,0.011644832605531296,0.010430247718383311,0.0,0.004416377016360265
IND224122AAA,Akbarpur_Auliyapr_D (Uttar Pradesh),0.0,0.0004379594628337477,0.0,1,0,13,0,13.0,79.68611111111113,4.0,0.0,0.0,0.0,13.0,4.0,79.68611111111113,0.014527688976422839,0.0,0.018922852983988356,0.0,0.0024111388310998827,0.004387355304572642
IND627401AAA,Ambasamdrm_Solaiprm_D (Tamil Nadu),3.832357359659074e-06,0.0005420728016628292,0.14473775361638663,1,1,6,10,6.0,0.0,0.0,10.0,1.7671671671671731,2.0,16.0,2.0,1.7671671671671731,0.00032217477570405855,2.7219031546857565e-05,0.008733624454148471,0.01303780964797914,5.3470866106897107e-05,0.0043771811979936475
IND581320AAA,Bhatkal_KmkshBul_D (Karnataka),0.0007807059421248341,0.0004379594628337477,0.0,1,1,4,4,5.0,12.798031364698048,1.0,5.0,17.17530864197532,1.0,10.0,2.0,29.973340006673368,0.005464482519348416,0.005544905569402698,0.005822416302765648,0.005215123859191656,0.0009069319983137279,0.004374957981260836
IND335001AAA,Ganga Nagar_DC (Rajasthan),0.0004078723189922871,0.00043556801088527413,0.0,1,1,6,6,6.0,6.401576994434151,1.0,6.0,0.0,0.0,12.0,1.0,6.401576994434151,0.001167080664836152,0.002896882643201269,0.008733624454148471,0.007822685788787484,0.0001936986340070453,0.004373595632209396
IND442101AAB,Deoli_Central_DPP_2 (Maharashtra),5.474796228084391e-07,0.0003149399203865224,0.0,1,1,4,11,4.0,33.61538461538463,3.0,11.0,9.224342105263162,3.0,15.0,6.0,42.83972672064779,0.007810171897643803,3.88843307812251e-06,0.005822416302765648,0.014341590612777053,0.001296242559331753,0.004358222974518822
IND125005AAA,Hisar_IndstlAr_I (Haryana),0.0,0.00025023820977397636,0.0,1,3,4,11,9.0,19.86904761904765,2.0,14.0,22.5,1.0,23.0,3.0,42.36904761904765,0.007724361716918402,0.0,0.005822416302765648,0.014341590612777053,0.0012820007718604973,0.004353301576073665
IND396580AAB,Vansda_CikhliRD_D (Gujarat),0.0,0.0009947439108209935,0.0,1,1,11,4,11.0,6.295507812500006,1.0,4.0,0.0,0.0,15.0,1.0,6.295507812500006,0.0011477430404542288,0.0,0.01601164483260553,0.005215123859191656,0.00019048919738404567,0.0042929760377054494
IND303106AAA,Paota_SmClyDPP_D (Rajasthan),0.00038980549143960864,0.0003149399203865224,0.0,1,1,6,6,6.0,0.0,0.0,7.0,0.0,0.0,13.0,0.0,0.0,0.0,0.0027685643516232265,0.008733624454148471,0.007822685788787484,0.0,0.00428025957165532
IND176201AAA,Jassur_AadiDPP_D (Himachal Pradesh),1.6424388684253174e-06,0.0011275920197874245,0.0,1,1,6,9,6.0,23.331737012987006,2.0,9.0,0.6087084148727939,1.0,15.0,3.0,23.9404454278598,0.004364616873422445,1.1665299234367529e-05,0.008733624454148471,0.011734028683181226,0.0007243889405576931,0.004278710717337392
IND360575AAA,Porbandar_DC (Gujarat),9.307153587743464e-06,0.0005938365460454053,0.0,1,1,7,8,7.0,0.0,0.0,8.0,17.31653846153847,1.0,15.0,1.0,17.31653846153847,0.003157002913176631,6.610336232808266e-05,0.010189228529839884,0.010430247718383311,0.0005239630560792696,0.0042780221904792845
IND480106AAA,Sausar_Central_DPP_1 (Madhya Pradesh),0.0,0.0005425375147555801,0.0,1,0,14,0,14.0,26.123976608187164,2.0,0.0,0.0,0.0,14.0,2.0,26.123976608187164,0.004762699568333807,0.0,0.020378457059679767,0.0,0.0007904581305883579,0.004273305944583043
IND486889AAA,Singrauli_Ward8DPP_D (Madhya Pradesh),4.379836982467513e-06,0.0006314452445443021,0.07236082892150654,1,2,7,7,7.0,23.633333333333333,1.0,7.0,28.825000000000045,2.0,14.0,3.0,52.45833333333338,0.009563753836920747,3.110746462498008e-05,0.010189228529839884,0.009126466753585397,0.0015872819334653786,0.004270847152670143
IND476111AAA,Ambah_MrenTirh_D (Madhya Pradesh),0.00040677735974667026,0.00047682070800961614,0.0,1,1,6,4,6.0,61.718276515151615,3.0,5.0,0.0,0.0,11.0,3.0,61.718276515151615,0.011251947332738675,0.0028891057770450246,0.008733624454148471,0.005215123859191656,0.0018674688853462234,0.00426780390597034
IND784176AAA,Bishwanath_ChrliDPP_D (Assam),0.0003892580118168002,0.0003149399203865224,0.0,1,1,6,4,6.0,33.67839721254357,3.0,4.0,32.92105586249238,1.0,10.0,4.0,66.59945307503595,0.012141841618107028,0.0027646759185451044,0.008733624454148471,0.005215123859191656,0.002015163310144808,0.004261177061695014
IND845418AAB,Dhaka_PchpkrRD_D (Bihar),0.0,0.0004304666457934365,0.18514614132245885,1,1,6,6,8.0,67.33511363636367,1.0,7.0,56.152591706539084,2.0,15.0,3.0,123.48770534290276,0.022513220316804902,0.0,0.008733624454148471,0.007822685788787484,0.003736485535108222,0.004245383432364247
IND758034AAA,Joda_Central_D_1 (Orissa),0.0,0.0005470885869358192,0.0,1,0,8,0,8.0,252.28503496503492,2.0,2.0,0.0,0.0,10.0,2.0,252.28503496503492,0.0459944458359562,0.0,0.011644832605531296,0.0,0.0076336294471869275,0.004237373882902991
IND793001AAA,Shillong (Meghalaya),0.0,0.0004928636664036598,0.0,1,0,10,0,10.0,0.0,0.0,3.0,174.37317460317462,2.0,13.0,2.0,174.37317460317462,0.03179022305322627,0.0,0.01455604075691412,0.0,0.005276175816907822,0.00423025210560978
IND203131AAA,Khurja_Pnjbiyon_D (Uttar Pradesh),3.2848777368506348e-06,0.0003149399203865224,0.0,1,1,4,11,4.0,24.078418803418813,3.0,11.0,0.0,0.0,15.0,3.0,24.078418803418813,0.004389770997010602,2.3330598468735058e-05,0.005822416302765648,0.014341590612777053,0.0007285637328625202,0.004223108025788227
IND312601AAA,Nimbahera_MsjidDPP_D (Rajasthan),0.0008108173213792983,0.00043102963923113513,0.0,1,1,4,4,4.0,0.0,0.0,4.0,0.0,0.0,8.0,0.0,0.0,0.0,0.005758769388699436,0.005822416302765648,0.005215123859191656,0.0,0.004223077318436263
IND781124AAA,Chhaygaon_GwhRDDPP_D (Assam),0.0003892580118168002,0.00026067414151604207,0.0,1,1,5,3,5.0,0.5250000000000057,1.0,3.0,132.8935483870968,3.0,8.0,4.0,133.41854838709682,0.02432372652683385,0.0027646759185451044,0.00727802037845706,0.003911342894393742,0.004036972545398221,0.004214752362410502
IND843329AAB,Sheohar_Ward9DPP_D (Bihar),0.0,0.00047383922397035787,0.2081762743658999,1,1,7,7,7.0,0.0,0.0,7.0,46.116666666666674,4.0,14.0,4.0,46.116666666666674,0.00840759550969331,0.0,0.010189228529839884,0.009126466753585397,0.0013953960635103096,0.004211988072562634
IND623704AAA,Muthukulathur_VaiklSRT_D (Tamil Nadu),2.299414415795444e-05,0.0006811210642381931,0.0,1,1,8,7,8.0,0.0,0.0,7.0,0.0,0.0,15.0,0.0,0.0,0.0,0.00016331418928114538,0.011644832605531296,0.009126466753585397,0.0,0.00421141983807174
IND242221AAA,Jalalabad_farukngr_D (Uttar Pradesh),0.00038980549143960864,0.0003149399203865224,0.0,1,1,5,5,5.0,0.0,0.0,5.0,62.75137362637378,3.0,10.0,3.0,62.75137362637378,0.011440292745822636,0.0027685643516232265,0.00727802037845706,0.00651890482398957,0.001898728292116515,0.004203064636586584
IND700065AAB,CCU_Beleghta_CP (West Bengal),0.0,0.00017023117673190812,0.0,0,1,0,11,0.0,0.0,0.0,11.0,176.29687500000009,6.0,11.0,6.0,176.29687500000009,0.032140935626085214,0.0,0.0,0.014341590612777053,0.005334383058565288,0.004201913887196733
IND786184AAA,Chabua_CollgeRD_D (Assam),2.408910340357132e-05,0.0004492614539232616,0.0,1,1,7,4,7.0,117.44326923076923,3.0,5.0,21.19703703703705,2.0,12.0,5.0,138.6403062678063,0.02527571268029736,0.0001710910554373904,0.010189228529839884,0.005215123859191656,0.004194972264762426,0.004189495413400001
IND695614AAA,Kilimanoor_Krvnkuzy_D (Kerala),0.0,0.0005425375147555801,0.0,1,0,14,0,14.0,14.252500000000012,3.0,2.0,0.0,0.0,16.0,3.0,14.252500000000012,0.0025983936755020736,0.0,0.020378457059679767,0.0,0.00043125151561649515,0.004183504290840077
IND623526AAA,Rameswram_Kdthdstrt_D (Tamil Nadu),2.299414415795444e-05,0.0006009850513338692,0.0,1,1,7,8,7.0,0.0,0.0,8.0,0.0,0.0,15.0,0.0,0.0,0.0,0.00016331418928114538,0.010189228529839884,0.010430247718383311,0.0,0.00418105521589304
IND501101AAB,Vikarabad_Central_DPP_2 (Telangana),0.0007932979734494283,0.0006160990733791242,0.0,1,1,4,4,4.0,0.0,0.0,5.0,0.0,0.0,9.0,0.0,0.0,0.0,0.005634339530199516,0.005822416302765648,0.005215123859191656,0.0,0.004179526867961291
IND425508AAB,Raver_Truptingr_D (Maharashtra),1.6424388684253174e-06,0.0011275920197874245,0.0,1,1,5,10,5.0,0.0,0.0,10.0,13.398039215686275,4.0,15.0,4.0,13.398039215686275,0.00244261570687023,1.1665299234367529e-05,0.00727802037845706,0.01303780964797914,0.00040539727893730494,0.004168598179753596
IND721507AAA,Jhargram_UBamdDPP_D (West Bengal),0.0,0.0005976008048316653,0.0,1,0,10,0,10.0,165.73181818181823,4.0,0.0,0.0,0.0,10.0,4.0,165.73181818181823,0.03021480499513038,0.0,0.01455604075691412,0.0,0.005014706035908539,0.004164884660359958
IND680307AAA,Chalakudy_SurbhiTh_D (Kerala),0.00038980549143960864,0.0003149399203865224,0.0,1,1,7,4,7.0,9.638461538461542,1.0,6.0,0.0,0.0,13.0,1.0,9.638461538461542,0.001757201719214765,0.0027685643516232265,0.010189228529839884,0.005215123859191656,0.0002916401436009705,0.00412277803677468
IND248001AAD,Dehradun_Nirjanpur_L (Uttarakhand),0.0,0.00017023117673190812,0.0,0,1,0,9,3.0,0.0,0.0,9.0,233.2691964285715,3.0,12.0,3.0,233.2691964285715,0.042527641093804636,0.0,0.0,0.011734028683181226,0.007058249044480848,0.004111367997756458
IND132103AAA,Panipat (Haryana),0.0,0.00017023117673190812,0.0,0,2,0,7,3.0,221.15686813186818,3.0,7.0,80.66530172413798,3.0,10.0,6.0,301.82216985600616,0.055025631803554347,0.0,0.0,0.009126466753585397,0.009132521887182023,0.004108423822512586
IND591302AAB,Khanapur_StatinRD_D (Karnataka),0.0007757786255195582,0.0008128533730179364,0.1490808984176562,1,1,3,5,3.0,0.0,0.0,5.0,0.0,0.0,8.0,0.0,0.0,0.0,0.005509909671699596,0.004366812227074236,0.00651890482398957,0.0,0.00410561179530762
IND174103AAA,Baddi_ByePass_D (Himachal Pradesh),0.0,0.0003149399203865224,0.0,1,0,11,0,14.0,58.87848214285717,6.0,2.0,57.223917748917785,1.0,16.0,7.0,116.10239989177495,0.021166794708956355,0.0,0.01601164483260553,0.0,0.0035130212888995127,0.0040805842887459845
IND792120AAB,Changlang_Central_D_1 (Arunachal Pradesh),0.0,0.0004269783976356938,0.0,1,0,7,0,7.0,245.24114583333335,6.0,2.0,22.966835699797187,2.0,9.0,8.0,268.2079815331305,0.048897381016303296,0.0,0.010189228529839884,0.0,0.008115425261294747,0.004066702021291663
IND481661AAA,Mandla_Mharajpr_D (Madhya Pradesh),6.5697554737012695e-06,0.0007529974150382447,0.0,1,1,3,5,5.0,0.0,0.0,5.0,247.60000000000002,4.0,10.0,4.0,247.60000000000002,0.04514031040549469,4.6661196937470115e-05,0.004366812227074236,0.00651890482398957,0.00749186986610378,0.004066442295666821
IND486886AAA,Singrauli_Waidhan_D (Madhya Pradesh),4.927316605275952e-06,0.0005425375147555801,0.0,1,1,7,7,7.0,0.0,0.0,7.0,23.633333333333333,1.0,14.0,1.0,23.633333333333333,0.0043086268278804156,3.499589770310258e-05,0.010189228529839884,0.009126466753585397,0.0007150963563634328,0.004054161709972
IND500008AAF,Hyderabad_South_D_4 (Telangana),0.0,0.00017023117673190812,0.0,0,1,0,13,0.0,0.0,0.0,13.0,86.85456349206352,6.0,13.0,6.0,86.85456349206352,0.015834579790652233,0.0,0.0,0.01694915254237288,0.002628041546687351,0.004046840895146415
IND686513AAA,Mundakayam_Central_D_1 (Kerala),5.474796228084391e-07,0.0003149399203865224,0.0,1,1,10,4,10.0,3.5599537037037123,2.0,5.0,7.089973544973546,3.0,15.0,5.0,10.649927248677258,0.0019416034806188506,3.88843307812251e-06,0.01455604075691412,0.005215123859191656,0.0003222450283948412,0.004036155131897208
IND521185AAA,Nandigama_Chndrlpd_D (Andhra Pradesh),0.0003892580118168002,0.0003149399203865224,0.0,1,1,5,4,6.0,36.72500000000001,3.0,5.0,38.092334455667796,2.0,11.0,5.0,74.8173344556678,0.013640055335381894,0.0027646759185451044,0.00727802037845706,0.005215123859191656,0.0022638196020623004,0.004032220319536105
IND140401AAA,Rajpura_DC (Punjab),0.0003892580118168002,0.0003149399203865224,0.0,1,1,7,3,8.0,3.50833333333334,1.0,6.0,20.397478991596643,1.0,14.0,2.0,23.905812324929983,0.004358302862854766,0.0027646759185451044,0.010189228529839884,0.003911342894393742,0.0007233410136586238,0.003968586109752168
IND641654AAA,Avinashi_Valluvar_D (Tamil Nadu),0.0,0.0004116947899837661,0.15107597092556402,1,1,7,7,7.0,13.200000000000003,1.0,7.0,0.0,0.0,14.0,1.0,13.200000000000003,0.002406510893992447,0.0,0.010189228529839884,0.009126466753585397,0.0003994050170943857,0.0039629903109586525
IND124112AAA,Meham_GModDPP_D (Haryana),0.00040568240050105337,0.0002702399680344934,0.0,1,1,5,3,5.0,91.16208791208797,2.0,5.0,0.835714285714289,1.0,10.0,3.0,91.99780219780226,0.016772251000937377,0.002881328910888779,0.00727802037845706,0.003911342894393742,0.0027836654363226606,0.003942254132461898
IND403601AAA,Goa_Margao_Dc (Goa),0.0,0.0003516267517069867,0.0,1,1,5,3,5.0,0.0,0.0,3.0,224.40375,1.0,8.0,1.0,224.40375,0.040911368865739206,0.0,0.00727802037845706,0.003911342894393742,0.0067899987579389575,0.0039353723440548995
IND623503AAA,Ramnthpurm_TnhbBlkC_D (Tamil Nadu),2.1899184912337563e-05,0.000506738389470986,0.0,1,1,7,7,7.0,0.0,0.0,7.0,0.0,0.0,14.0,0.0,0.0,0.0,0.00015553732312490037,0.010189228529839884,0.009126466753585397,0.0,0.003917577119778771
IND626607AAB,Narikkudi_MukkuRD_D (Tamil Nadu),2.1899184912337563e-05,0.0007492725409066657,0.0,1,1,7,7,7.0,0.0,0.0,7.0,0.0,0.0,14.0,0.0,0.0,0.0,0.00015553732312490037,0.010189228529839884,0.009126466753585397,0.0,0.003917577119778771
IND571213AAA,Gonikoppal_Thomas_D (Karnataka),4.927316605275952e-06,0.0003149399203865224,0.0,1,1,8,6,8.0,0.0,0.0,6.0,0.0,0.0,14.0,0.0,0.0,0.0,3.499589770310258e-05,0.011644832605531296,0.007822685788787484,0.0,0.0039057522430598424
IND624619AAA,Oddnchtram_Palani_D (Tamil Nadu),4.379836982467513e-06,0.0002962209584268915,0.0,1,1,8,6,8.0,0.0,0.0,6.0,0.0,0.0,14.0,0.0,0.0,0.0,3.110746462498008e-05,0.011644832605531296,0.007822685788787484,0.0,0.003904391291482499
IND803108AAB,Chandi_SH78_D (Bihar),0.0,0.00070703135486663,0.0,1,0,13,0,13.0,15.340952380952388,4.0,0.0,0.0,0.0,13.0,4.0,15.340952380952388,0.0027968309870440365,0.0,0.018922852983988356,0.0,0.00046418585969382154,0.003900617061721127
IND732204AAB,Paranpur_Nijgan_D (West Bengal),0.0004084197986150956,0.0006145669203901547,0.0,1,1,6,4,6.0,12.363636363636374,4.0,4.0,0.0,0.0,10.0,4.0,12.363636363636374,0.0022540322423069766,0.002900771076279392,0.008733624454148471,0.005215123859191656,0.0003740983631187086,0.0038985441301454898
IND636016AAA,Salem (Tamil Nadu),1.0949592456168782e-06,0.0003149399203865224,0.0,1,1,3,10,3.0,3.3000000000000007,1.0,11.0,50.150000000000006,1.0,14.0,2.0,53.45,0.009744546006355779,7.77686615624502e-06,0.004366812227074236,0.01303780964797914,0.001617287739673857,0.0038879682130838257
IND302023AAA,Ambabadi_DC (Rajasthan),0.0,0.00041328786235221343,0.0,1,0,12,0,12.0,51.93808049535602,5.0,0.0,0.0,0.0,12.0,5.0,51.93808049535602,0.009468905797358398,0.0,0.017467248908296942,0.0,0.0015715401460679732,0.003886334818176382
IND231225AAB,Anpara_Parasi_D (Uttar Pradesh),4.379836982467513e-06,0.0004379594628337477,0.0,1,1,7,7,7.0,0.7916666666666714,1.0,7.0,0.0,0.0,14.0,1.0,0.7916666666666714,0.00014432988316242663,3.110746462498008e-05,0.010189228529839884,0.009126466753585397,2.395421504038312e-05,0.0038800152230638947
IND813102AAA,Banka_Wardno6_D (Bihar),0.0,0.00017023117673190812,0.0,0,1,0,12,0.0,0.0,0.0,13.0,97.95882352941183,3.0,13.0,3.0,97.95882352941183,0.017859013332288877,0.0,0.0,0.01564537157757497,0.0029640337565386846,0.003870082754649665
IND591307AAC,Gokak_Bsavangr_D (Karnataka),0.0,0.0003149399203865224,0.0,1,0,12,0,12.0,3.7997058823529386,1.0,4.0,44.437418086500685,2.0,16.0,3.0,48.23712396885362,0.008794179115599272,0.0,0.017467248908296942,0.0,0.0014595567669215136,0.003858338973389767
IND181201AAB,Akhnoor_ThthiCwk_D (Jammu & Kashmir),0.0,0.0003798662777633727,0.0,1,1,3,6,3.0,20.400000000000034,2.0,6.0,165.11188811188828,5.0,9.0,7.0,185.5118881118883,0.033820937856542964,0.0,0.004366812227074236,0.007822685788787484,0.0056132105183742806,0.0038412022327659143
IND203205AAA,Sikandrabd_GTRoad_D (Uttar Pradesh),0.0,0.0012332903262877656,0.0,1,0,13,0,13.0,5.711111111111109,2.0,0.0,0.0,0.0,13.0,2.0,5.711111111111109,0.0010412008413401659,0.0,0.018922852983988356,0.0,0.00017280654780009607,0.0038277722337476954
IND403401AAA,Goa_Ponda_Dc (Goa),0.0,0.0003516267517069867,0.0,1,0,5,0,5.0,0.0,0.0,2.0,313.52301957129544,2.0,7.0,2.0,313.52301957129544,0.05715883046331284,0.0,0.00727802037845706,0.0,0.009486565681163383,0.003827245495982258
IND277211AAA,Sahatwar_PnchmDPP_D (Uttar Pradesh),0.00039966012465016056,0.0008656801633601949,0.0,1,1,6,4,6.0,0.0,0.0,4.0,4.8444444444444485,1.0,10.0,1.0,4.8444444444444485,0.0008831976008255115,0.002838556147029432,0.008733624454148471,0.005215123859191656,0.000146582986071677,0.0038198900606462457
IND758001AAA,Kendujhar_Sirjudin_D (Orissa),0.0,0.00031155270555837473,0.0,1,0,3,0,5.0,389.1170200892858,2.0,2.0,0.0,0.0,7.0,2.0,389.1170200892858,0.07094048090020788,0.0,0.004366812227074236,0.0,0.011773885610642241,0.0038168338480754076
IND413531AAA,Latur_Srnwsngr_D (Maharashtra),0.00040677735974667026,0.0002569768946088913,0.0,1,1,4,4,4.0,68.26666666666677,2.0,4.0,10.386363636363669,2.0,8.0,4.0,78.65303030303043,0.014339346535587936,0.0028891057770450246,0.005822416302765648,0.005215123859191656,0.002379879917629326,0.003813665033764551
IND345001AAA,Jaisalmer_Gopa3PL_D (Rajasthan),0.00040568240050105337,0.0004610703357468174,0.0,1,1,6,4,6.0,0.0,0.0,5.0,0.0,0.0,11.0,0.0,0.0,0.0,0.002881328910888779,0.008733624454148471,0.005215123859191656,0.0,0.003798214781479098
IND444602AAA,Amravati_DC (Maharashtra),0.0,0.00017023117673190812,0.0,0,1,0,14,0.0,0.0,0.0,14.0,18.300337950138555,2.0,14.0,2.0,18.300337950138555,0.003336360806117563,0.0,0.0,0.018252933507170794,0.0005537308175612215,0.0037890194058244646
IND781005AAA,Guwahati_North (Assam),0.0,0.0003315474215677839,0.0,1,1,5,6,5.0,0.4878048780487916,1.0,6.0,95.17878787878789,2.0,11.0,3.0,95.66659275683668,0.017441113459126238,0.0,0.00727802037845706,0.007822685788787484,0.0028946755390459075,0.003743810118210386
IND504208AAB,Mancherial_Hitech_D (Telangana),0.0,0.0016156314884310935,0.0,1,1,5,5,7.0,0.0,0.0,6.0,126.61428571428573,2.0,13.0,2.0,126.61428571428573,0.023083231659583394,0.0,0.00727802037845706,0.00651890482398957,0.003831089465917251,0.003717157406968639
IND638001AAA,Erode (Tamil Nadu),5.474796228084391e-07,0.0003149399203865224,0.0,1,1,10,3,10.0,2.6294117647058854,1.0,3.0,0.0,0.0,13.0,1.0,2.6294117647058854,0.00047937182246641033,3.88843307812251e-06,0.01455604075691412,0.003911342894393742,7.956062506291915e-05,0.003714727838104645
IND134102AAA,Kalka_Pinjore_DC (Haryana),0.0,0.00017023117673190812,0.0,0,1,0,11,3.0,67.13095238095242,3.0,11.0,44.51562500000003,5.0,14.0,8.0,111.64657738095245,0.020354447329108544,0.0,0.0,0.014341590612777053,0.003378197208134012,0.0037128674245889134
IND210301AAA,Hamirpur_KanpurRd_D (Uttar Pradesh),0.0,0.0007312057896209299,0.0,1,0,11,0,11.0,66.84750000000001,4.0,0.0,0.0,0.0,11.0,4.0,66.84750000000001,0.012187063408042431,0.0,0.01601164483260553,0.0,0.0020226687030467385,0.0037079961422827913
IND423105AAA,Malegaon_Rawlgaon_D (Maharashtra),4.379836982467513e-06,0.0004455775675909318,0.0,1,1,6,5,7.0,84.30635735232511,2.0,6.0,0.0,0.0,13.0,2.0,84.30635735232511,0.015370012681908376,3.110746462498008e-05,0.008733624454148471,0.00651890482398957,0.0025509380378386966,0.0036991279777060255
IND303603AAB,Renwal_ChomuRD_D (Rajasthan),1.5876909061444734e-05,0.0005112428153752752,0.0,1,1,5,5,6.0,0.0,0.0,6.0,118.67500000000001,1.0,12.0,1.0,118.67500000000001,0.02163580911701164,0.00011276455926555277,0.00727802037845706,0.00651890482398957,0.0035908629093694103,0.003696568363574622
IND345021AAA,Pokhran_SttinDPP_D (Rajasthan),0.0003881630525711833,0.0005621997851673755,0.0,1,1,4,6,5.0,0.0,0.0,6.0,0.0,0.0,11.0,0.0,0.0,0.0,0.002756899052388859,0.005822416302765648,0.007822685788787484,0.0,0.003693935086646727
IND600008AAA,Chennai_Egmore_C (Tamil Nadu),0.0,0.00017023117673190812,0.0,0,1,0,11,0.0,0.0,0.0,11.0,106.41621621621623,4.0,11.0,4.0,106.41621621621623,0.0194008926986197,0.0,0.0,0.014341590612777053,0.0032199371709816424,0.0036733024153008213
IND261201AAB,Biswan_PatelNGR_D (Uttar Pradesh),0.0,0.00017023117673190812,0.0,0,1,0,13,0.0,0.0,0.0,13.0,35.63207070707071,3.0,13.0,3.0,35.63207070707071,0.0064961338130359704,0.0,0.0,0.01694915254237288,0.0010781536219595404,0.003659368913964462
IND231217AAA,Renukoot_Govind_D (Uttar Pradesh),2.7373981140421953e-06,0.0003149399203865224,0.0,1,1,6,7,6.0,9.704545454545467,1.0,7.0,0.7916666666666714,1.0,13.0,2.0,10.496212121212139,0.0019135794557085285,1.9442165390612546e-05,0.008733624454148471,0.009126466753585397,0.0003175939228559873,0.003658221480147485
IND629179AAA,Marthandam_Nallur_D (Tamil Nadu),0.0,0.00017023117673190812,0.0,0,1,0,11,0.0,0.0,0.0,11.0,101.0714843750001,2.0,11.0,2.0,101.0714843750001,0.01842648698639584,0.0,0.0,0.014341590612777053,0.0030582165109508974,0.003632872250293135
IND480661AAA,Seoni_Kidwai_D (Madhya Pradesh),0.00041225215597475465,0.0006854421643498553,0.0,1,1,6,3,9.0,6.964749536178104,1.0,5.0,0.0,0.0,14.0,1.0,6.964749536178104,0.001269753457025867,0.0029279901078262493,0.008733624454148471,0.003911342894393742,0.0002107390839057068,0.0036064747784240567
IND679576AAA,Edappal_PonaniRD_D (Kerala),0.0,0.0006176399010231077,0.0,1,0,12,0,12.0,12.3044982698962,2.0,0.0,0.0,0.0,12.0,2.0,12.3044982698962,0.0022432506917891225,0.0,0.017467248908296942,0.0,0.00037230896528982806,0.0035865270229818455
IND636402AAA,Mettur_RTOroad_D (Tamil Nadu),0.0,0.0005425375147555801,0.0,1,0,11,0,12.0,50.150000000000006,1.0,0.0,0.0,0.0,12.0,1.0,50.150000000000006,0.009142918282857668,0.0,0.01601164483260553,0.0,0.0015174364854002606,0.0035816880878711717
IND241124AAB,Shahabad_KDRoad_D (Uttar Pradesh),0.0004078723189922871,0.0007015136274637443,0.0,1,1,6,3,6.0,4.748111888111879,1.0,3.0,0.0,0.0,9.0,1.0,4.748111888111879,0.0008656350745936577,0.002896882643201269,0.008733624454148471,0.003911342894393742,0.0001436681598361652,0.003578819434787928
IND410505AAB,Rajgurunagar_Chakan_D (Maharashtra),0.00040677735974667026,0.0002472635119699163,0.0,1,1,4,3,4.0,39.00766283524904,1.0,3.0,41.47102272727274,2.0,7.0,3.0,80.47868556252178,0.01467218435912131,0.0028891057770450246,0.005822416302765648,0.003911342894393742,0.0024351205138509616,0.003566718989860377
IND431001AAB,Aurangabad_Pratpngr_D (Maharashtra),0.0,0.00017023117673190812,0.0,0,1,0,11,0.0,0.0,0.0,11.0,91.38750000000002,5.0,11.0,5.0,91.38750000000002,0.016660985933692026,0.0,0.0,0.014341590612777053,0.00276519893937221,0.003559617857398463
IND127021AAA,Bhiwani_DC (Haryana),0.0004073248393694787,0.00048505813858658016,0.0,1,1,6,3,7.0,0.9090909090909065,1.0,3.0,0.0,0.0,10.0,1.0,0.9090909090909065,0.00016573766487551237,0.002892994210123147,0.008733624454148471,0.003911342894393742,2.7507232582257886e-05,0.0035484182513971087
IND722202AAA,Barjora_Central_DPP_1 (West Bengal),0.00040677735974667026,0.00038135317555948987,0.21473915796426868,1,1,3,3,3.0,108.10104166666669,2.0,4.0,4.600000000000001,1.0,7.0,3.0,112.7010416666667,0.020546688222358337,0.0028891057770450246,0.004366812227074236,0.003911342894393742,0.003410103141926521,0.0035193438317409845
IND854335AAA,Narpatganj_Central_DPP_1 (Bihar),0.0,0.00017023117673190812,0.0,0,1,0,12,3.0,0.0,0.0,14.0,50.759313725490244,4.0,17.0,4.0,50.759313725490244,0.009254003140300955,0.0,0.0,0.01564537157757497,0.001535873073199145,0.00351304258381478
IND792130AAB,Khonsa_Central_D_1 (Arunachal Pradesh),0.0,0.00017023117673190812,0.0,0,1,0,9,0.0,0.0,0.0,9.0,153.5112115732369,4.0,9.0,4.0,153.5112115732369,0.027986848712194992,0.0,0.0,0.011734028683181226,0.004644935460802161,0.003508039601836786
IND441904AAB,Bhandara_RjnaiDPP_D (Maharashtra),0.0,0.00017023117673190812,0.0,0,1,0,12,0.0,0.0,0.0,12.0,50.03361344537818,3.0,12.0,3.0,50.03361344537818,0.009121699683493146,0.0,0.0,0.01564537157757497,0.0015139148661700874,0.0035075530320575156
IND531036AAA,Chodavaram_BaljiDPP_D (Andhra Pradesh),0.0003892580118168002,0.0003149399203865224,0.0,1,1,4,4,4.0,37.08729838709678,2.0,4.0,5.080701754385956,1.0,8.0,3.0,42.168000141482736,0.007687708463511608,0.0027646759185451044,0.005822416302765648,0.005215123859191656,0.0012759174861624975,0.0034941239754228714
IND786190AAA,DoomDooma_Pthrgoan_D (Assam),1.4234470193019417e-05,0.0006396704118348919,0.0,1,1,5,6,6.0,54.18593750000001,3.0,7.0,3.737121212121238,2.0,13.0,5.0,57.92305871212125,0.010560035742733627,0.00010109926003118524,0.00727802037845706,0.007822685788787484,0.0017526333526571127,0.0034936843126241015
IND670643AAA,Kuthuparamba_IdstrlAr_D (Kerala),0.0,0.0005425375147555801,0.0,1,0,12,0,12.0,0.0,0.0,0.0,0.0,0.0,12.0,0.0,0.0,0.0,0.0,0.017467248908296942,0.0,0.0,0.0034934497816593887
IND505209AAA,Ramagundam_Pdmavati_D (Telangana),4.927316605275952e-06,0.0010374713637514195,0.0,1,1,3,4,5.0,74.58750000000003,2.0,6.0,129.91016967706625,2.0,11.0,4.0,204.49766967706628,0.03728226286923703,3.499589770310258e-05,0.004366812227074236,0.005215123859191656,0.006187681458570507,0.0034755561460918906
IND787059AAB,Silapathar_Hejunagr_D (Assam),0.0,0.0004379594628337477,0.0,1,0,10,0,10.0,53.17600000000002,5.0,1.0,19.92500000000001,1.0,11.0,6.0,73.10100000000003,0.013327147944071357,0.0,0.01455604075691412,0.0,0.002211886829895204,0.003464179858856625
IND400072AAC,BOM_Sakinaka_RP (Maharashtra),0.0,0.00017023117673190812,0.0,0,1,0,12,0.0,0.0,0.0,12.0,44.07162629757789,5.0,12.0,5.0,44.07162629757789,0.008034761272809485,0.0,0.0,0.01564537157757497,0.0013335173223304147,0.0034624536460975976
IND110092AAC,Delhi_Patparganj_DPC (Delhi),0.0,0.0002702399680344934,0.0,1,1,5,6,7.0,12.38333333333334,1.0,7.0,45.17307939569272,2.0,14.0,3.0,57.55641272902606,0.010493191988752025,0.0,0.00727802037845706,0.007822685788787484,0.0017415393946915278,0.003455526082121791
IND396445AAA,Navsari_DC (Gujarat),9.307153587743464e-06,0.0005780868376162833,0.0,1,1,6,6,6.0,13.821022727272734,1.0,6.0,0.0,0.0,12.0,1.0,13.821022727272734,0.0025197304363105324,6.610336232808266e-05,0.008733624454148471,0.007822685788787484,0.0004181958953521408,0.0034389471992400554
IND483501AAA,Katni_Bargawan_DC (Madhya Pradesh),0.0,0.0005612365183557142,0.0,1,0,8,0,10.0,146.49681697612735,4.0,1.0,0.0,0.0,11.0,4.0,146.49681697612735,0.02670804439305061,0.0,0.011644832605531296,0.0,0.0044326942188350925,0.003437140075815032
IND500008AAD,Hyderabad_Tolichwk_L (Telangana),0.0,0.00017023117673190812,0.0,0,1,0,5,0.0,0.0,0.0,5.0,278.6,4.0,5.0,4.0,278.6,0.05079196477774967,0.0,0.0,0.00651890482398957,0.008429866497158775,0.0034112475890876078
IND504215AAA,Luxettipet_ShivaDPP_D (Telangana),0.0,0.00017023117673190812,0.0,0,1,0,10,0.0,0.0,0.0,11.0,104.24901129943504,5.0,11.0,5.0,104.24901129943504,0.01900578646818425,0.0,0.0,0.01303780964797914,0.0031543619803123977,0.0033961524246739275
IND282001AAF,Agra_Central_D_3 (Uttar Pradesh),0.0,0.00017023117673190812,0.0,0,1,0,12,0.0,0.0,0.0,12.0,34.61052631578948,4.0,12.0,4.0,34.61052631578948,0.006309894592860579,0.0,0.0,0.01564537157757497,0.0010472437768790591,0.0033908852597347586
IND000000AFJ,Trivandrum_Pettah_D (Kerala),0.0,0.00017023117673190812,0.0,0,1,0,13,1.0,0.0,0.0,14.0,0.0,0.0,15.0,0.0,0.0,0.0,0.0,0.0,0.01694915254237288,0.0,0.0033898305084745766
IND461111AAA,Itarsi_DivrsnRd_D (Madhya Pradesh),0.0,0.00017023117673190812,0.0,0,1,0,13,0.0,0.0,0.0,13.0,0.0,0.0,13.0,0.0,0.0,0.0,0.0,0.0,0.01694915254237288,0.0,0.0033898305084745766
IND507111AAA,Bhadrachalam_ITDARd_D (Telangana),0.0,0.00017023117673190812,0.0,0,1,0,13,0.0,0.0,0.0,13.0,0.0,0.0,13.0,0.0,0.0,0.0,0.0,0.0,0.01694915254237288,0.0,0.0033898305084745766
IND176041AAA,Bhota_BpassDPP_D (Himachal Pradesh),0.0,0.0006376574749847784,0.0,1,0,11,0,12.0,23.809375000000017,2.0,0.0,0.0,0.0,12.0,2.0,23.809375000000017,0.0043407212361099585,0.0,0.01601164483260553,0.0,0.0007204230173395185,0.003382434720855986
IND627811AAA,Tenkasi_RailwyRd_D (Tamil Nadu),3.2848777368506348e-06,0.0004370725911211808,0.14473775361638663,1,1,6,6,6.0,7.25454545454545,1.0,6.0,0.0,0.0,12.0,1.0,7.25454545454545,0.0013225865657065918,2.3330598468735058e-05,0.008733624454148471,0.007822685788787484,0.0002195077160064184,0.003374304687052853
IND629001AAA,Nagarcoil_AsrplmRd_DC (Tamil Nadu),0.0,0.000731350202726418,0.0,1,0,11,0,12.0,22.440234375000017,3.0,0.0,0.0,0.0,12.0,3.0,22.440234375000017,0.004091111249028888,0.0,0.01601164483260553,0.0,0.0006789956207688562,0.0033720778717133207
IND828111AAA,Dhanbad_Jharia_DC (Jharkhand),0.0,0.00017023117673190812,0.0,0,1,0,4,2.0,1.657142857142862,1.0,4.0,305.945995995996,2.0,6.0,3.0,307.60313885313883,0.05607956853608711,0.0,0.0,0.005215123859191656,0.00930744219181247,0.0033698853197914485
IND623701AAA,Paramakudi_VagaiNgr_D (Tamil Nadu),1.9709266421103807e-05,0.0003953668391724061,0.0,1,1,5,7,5.0,1.4911764705882433,1.0,7.0,0.0,0.0,12.0,1.0,1.4911764705882433,0.00027185851676786476,0.00013998359081241032,0.00727802037845706,0.009126466753585397,4.5119951797427494e-05,0.003341171671142192
IND400016AAB,Mumbai_MhimWest_C (Maharashtra),0.0,0.00017023117673190812,0.0,0,1,0,10,0.0,0.0,0.0,11.0,96.84093406593408,6.0,11.0,6.0,96.84093406593408,0.01765520930409656,0.0,0.0,0.01303780964797914,0.0029302087065182325,0.0033401141062253865
IND695582AAA,Kazhakkoottam_Rdiosttn_D (Kerala),0.0,0.00017023117673190812,0.0,0,1,0,12,0.0,0.0,0.0,13.0,27.839839572192524,3.0,13.0,3.0,27.839839572192524,0.005075521001324494,0.0,0.0,0.01564537157757497,0.0008423766363815536,0.0033396684746103823
IND604303AAA,Marakkanam_MJRDPP_D (Tamil Nadu),0.00040568240050105337,0.0003985889645969673,0.0,1,1,4,4,4.0,16.334362139917715,1.0,4.0,0.0,0.0,8.0,1.0,16.334362139917715,0.002977940942131042,0.002881328910888779,0.005822416302765648,0.005215123859191656,0.0004942444083121,0.0033395342532805588
IND801103AAA,Bihta_ShivNgar_D (Bihar),0.0,0.00017023117673190812,0.0,0,1,0,11,0.0,0.0,0.0,11.0,59.48750000000005,5.0,11.0,5.0,59.48750000000005,0.010845251273210286,0.0,0.0,0.014341590612777053,0.001799970148060779,0.0033183106595706053
IND798601AAA,Mokokchung_Central_D_1 (Nagaland),0.0,0.00017023117673190812,0.0,0,1,0,4,1.0,105.51666666666668,1.0,4.0,194.85420369104588,4.0,5.0,5.0,300.37087035771253,0.05476104331468394,0.0,0.0,0.005215123859191656,0.009088608531051338,0.0033151769046011656
IND175101AAA,Kullu_AkhraBzr_D (Himachal Pradesh),0.0,0.0009688956804571525,0.0,1,0,10,0,10.0,42.3568479532164,2.0,1.0,10.525000000000205,1.0,11.0,3.0,52.88184795321661,0.009640965393474843,0.0,0.01455604075691412,0.0,0.0016000966201316046,0.003311232306415725
IND144001AAA,Jalandhar_DC (Punjab),0.0,0.00017023117673190812,0.0,0,1,0,11,2.0,0.0,0.0,11.0,54.562343750000004,2.0,13.0,2.0,54.562343750000004,0.009947338987586036,0.0,0.0,0.014341590612777053,0.001650944987740795,0.0032810543694906094
IND445001AAB,Yavatmal_JajuDPP_D (Maharashtra),0.0,0.0004379594628337477,0.0,1,0,11,0,11.0,9.224342105263162,3.0,0.0,0.0,0.0,11.0,3.0,9.224342105263162,0.0016817030125931074,0.0,0.01601164483260553,0.0,0.0002791097360785677,0.0032721064005407485
IND000000AET,Barpeta_ShivBari_D (Assam),2.7373981140421953e-06,0.0003149399203865224,0.0,1,1,4,8,4.0,0.0,0.0,8.0,0.0,0.0,12.0,0.0,0.0,0.0,1.9442165390612546e-05,0.005822416302765648,0.010430247718383311,0.0,0.003257337562116506
IND786602AAA,Duliajan_StatonRd_D (Assam),0.0,0.0005688458584338417,0.0,1,0,10,0,10.0,45.46196078431372,2.0,0.0,0.0,0.0,10.0,2.0,45.46196078431372,0.008288235143159723,0.0,0.01455604075691412,0.0,0.001375586001833569,0.0032551046518412164
IND110064AAB,KN_RPC (Delhi),0.0,0.00024258554855921527,0.0,1,0,11,0,11.0,6.473668981481495,1.0,0.0,0.0,0.0,11.0,1.0,6.473668981481495,0.001180223858184561,0.0,0.01601164483260553,0.0,0.00019587999016757655,0.0032512989640630006
IND224001AAA,Faizabad_TrnspNgr_D (Uttar Pradesh),0.0,0.00017023117673190812,0.0,0,1,0,10,0.0,0.0,0.0,10.0,84.31586419753081,5.0,10.0,5.0,84.31586419753081,0.015371745888465575,0.0,0.0,0.01303780964797914,0.002551225695541113,0.0032453683534811066
IND110052AAA,Delhi_Wazirpur_L (Delhi),0.0,0.00017023117673190812,0.0,0,1,0,10,2.0,0.0,0.0,10.0,84.14430934656747,3.0,12.0,3.0,84.14430934656747,0.015340469478029169,0.0,0.0,0.01303780964797914,0.0025460347964364432,0.003244070628704939
IND210501AAB,Bewar_BndhuTRH_D (Uttar Pradesh),0.0,0.00017023117673190812,0.0,0,1,0,10,0.0,0.0,0.0,10.0,83.63333333333344,4.0,10.0,4.0,83.63333333333344,0.015247312709664281,0.0,0.0,0.01303780964797914,0.0025305737067924617,0.0032402053562939435
IND841424AAA,Chhapra_Prbhunth_D (Bihar),0.0,0.00017023117673190812,0.0,0,2,0,9,0.0,0.0,0.0,9.0,116.60170947587639,6.0,9.0,6.0,116.60170947587639,0.021257824553927183,0.0,0.0,0.011734028683181226,0.0035281293762459845,0.0032288380806977414
IND282002AAD,IND282002AAD,8.212194342126586e-06,0.0004689095428360713,0.04853200378609449,2,1,6,3,8.0,63.45303109880322,3.0,7.0,24.791666666666657,1.0,15.0,4.0,88.24469776546988,0.016088017159823803,5.832649617183764e-05,0.008733624454148471,0.003911342894393742,0.0026701041681444233,0.0032169337854046917
IND591115AAB,Kittur_ColageRD_D (Karnataka),0.00040540866068964915,0.0003397390002594535,0.15935201129913806,1,1,4,4,4.0,0.0,0.0,4.0,0.0,0.0,8.0,0.0,0.0,0.0,0.002879384694349718,0.005822416302765648,0.005215123859191656,0.0,0.003215292675413862
IND421302AAN,GreaterThane_Anjur_C (Maharashtra),0.0,0.00017023117673190812,0.0,0,1,0,12,0.0,0.0,0.0,12.0,11.250000000000028,4.0,12.0,4.0,11.250000000000028,0.0020510036028344764,0.0,0.0,0.01564537157757497,0.00034040200320544314,0.0032141748163163546
IND639104AAB,Kulithalai_AnnaNGR_D (Tamil Nadu),0.0,0.0007713059479579219,0.0,1,0,11,0,11.0,0.0,0.0,1.0,0.0,0.0,12.0,0.0,0.0,0.0,0.0,0.01601164483260553,0.0,0.0,0.0032023289665211066
IND804401AAA,Arwal_Rozapar_D (Bihar),0.0,0.0004379594628337477,0.0,1,0,10,0,10.0,37.12075471698111,1.0,0.0,0.0,0.0,10.0,1.0,37.12075471698111,0.006767537925730041,0.0,0.01455604075691412,0.0,0.0011231981569918437,0.003192007690630785
IND638501AAB,Anthiyour_TherSRT_D (Tamil Nadu),0.0,0.00017023117673190812,0.0,0,1,0,11,2.0,0.0,0.0,11.0,40.53865131578948,2.0,13.0,2.0,40.53865131578948,0.007390659546909743,0.0,0.0,0.014341590612777053,0.0012266167213459268,0.0031749723028918924
IND282001AAA,Agra_Idgah_P (Uttar Pradesh),0.0,0.00017023117673190812,0.0,0,1,0,5,4.0,172.48619691119694,1.0,5.0,74.60000000000002,1.0,9.0,2.0,247.08619691119696,0.04504663822893624,0.0,0.0,0.00651890482398957,0.007476323234932072,0.003172861773530932
IND621306AAA,Manapparai_BypassRd_D (Tamil Nadu),0.0,0.00017023117673190812,0.0,0,1,0,12,0.0,0.0,0.0,12.0,5.367634158926734,1.0,12.0,1.0,5.367634158926734,0.0009785810665472097,0.0,0.0,0.01564537157757497,0.00016241363734867728,0.003169677724852163
IND591102AAA,Bailhongal_NamoNagr_D (Karnataka),0.0,0.00017023117673190812,0.0,0,1,0,12,1.0,0.0,0.0,12.0,3.7997058823529386,1.0,13.0,1.0,3.7997058823529386,0.0006927298181704188,0.0,0.0,0.01564537157757497,0.00011497133279506159,0.003157817148713759
IND643001AAA,Ooty_Davisdle_D (Tamil Nadu),6.5697554737012695e-06,0.0006999979720168481,0.0,1,1,7,4,7.0,0.0,0.0,4.0,7.9778265107213,2.0,11.0,2.0,7.9778265107213,0.0014544489703357997,4.6661196937470115e-05,0.010189228529839884,0.005215123859191656,0.00024139272226444573,0.003157550077300534
IND411043AAA,Pune Balaji Nagar (Maharashtra),0.0,0.0003207802189682978,0.0,1,0,3,0,3.0,258.89375,2.0,2.0,42.98107142857143,2.0,5.0,4.0,301.87482142857147,0.05503523078711225,0.0,0.004366812227074236,0.0,0.009134115016139636,0.0031568911994497564
IND576201AAA,Kundapura_DC (Karnataka),0.00039090045068522554,0.0003149399203865224,0.0,1,1,3,4,4.0,22.158333333333346,1.0,4.0,12.798031364698048,1.0,8.0,2.0,34.95636469803139,0.0063729448833473885,0.002776341217779472,0.004366812227074236,0.005215123859191656,0.0010577081393768793,0.0031525336783202133
IND577101AAA,Chikmagalur_DC (Karnataka),0.00038980549143960864,0.0003149399203865224,0.0,1,1,3,5,4.0,0.0,0.0,6.0,0.0,0.0,10.0,0.0,0.0,0.0,0.0027685643516232265,0.004366812227074236,0.00651890482398957,0.0,0.0031461409332808905
IND174101AAB,Nalagarh_Central_DPP_2 (Himachal Pradesh),0.0,0.00017023117673190812,0.0,0,1,0,9,0.0,0.0,0.0,10.0,104.55938283208049,5.0,10.0,5.0,104.55938283208049,0.019062370746555188,0.0,0.0,0.011734028683181226,0.0031637531884413273,0.003137744033746577
IND673573AAA,Thamarassery_Chungam_D (Kerala),0.0,0.00017023117673190812,0.0,0,1,0,12,0.0,0.0,0.0,12.0,0.0,0.0,12.0,0.0,0.0,0.0,0.0,0.0,0.01564537157757497,0.0,0.003129074315514994
IND784125AAA,Mangaldoi_LNBRoad_D (Assam),0.00040677735974667026,0.00029928417260060875,0.0,1,1,4,3,4.0,0.0,0.0,3.0,21.395312500000017,2.0,7.0,2.0,21.395312500000017,0.0039006100463350613,0.0028891057770450246,0.005822416302765648,0.003911342894393742,0.0006473784208183506,0.0031197834666022244
IND637001AAA,Namakkal_Rkcomplx_DC (Tamil Nadu),0.0,0.0003149399203865224,0.0,1,0,10,0,10.0,25.735632183908045,4.0,0.0,0.0,0.0,10.0,4.0,25.735632183908045,0.0046918999404816164,0.0,0.01455604075691412,0.0,0.0007787076221476223,0.0031058850569197294
IND421502AAA,Mumbai_Ambernath_Dc (Maharashtra),0.0,0.00017023117673190812,0.0,0,1,0,9,0.0,0.0,0.0,9.0,99.96651785714289,4.0,9.0,4.0,99.96651785714289,0.01822503895891703,0.0,0.0,0.011734028683181226,0.003024782482848361,0.0031030013573483356
IND505184AAC,Manthani_Chaitnya_D (Telangana),2.7373981140421953e-06,0.001060235733693441,0.0,1,1,4,6,5.0,0.0,0.0,8.0,46.62139344262303,2.0,13.0,2.0,46.62139344262303,0.008499612970665177,1.9442165390612546e-05,0.005822416302765648,0.007822685788787484,0.0014106680640087067,0.0030884921921995176
IND786125AAA,Tinusukia_Chrwpaty_D (Assam),1.9709266421103807e-05,0.0005521687680863998,0.0,1,1,4,5,5.0,21.19703703703705,2.0,5.0,54.18593750000001,3.0,10.0,5.0,75.38297453703706,0.013743177988252643,0.00013998359081241032,0.005822416302765648,0.00651890482398957,0.002280934714665979,0.0030874921608018825
IND792103AAB,Namsai_HelipadRD_D (Arunachal Pradesh),7.664714719318147e-06,0.000714068418848741,0.0,1,1,6,5,6.0,0.9787878787878981,1.0,5.0,0.0,0.0,11.0,1.0,0.9787878787878981,0.000178444219182639,5.443806309371513e-05,0.008733624454148471,0.00651890482398957,2.961612041356499e-05,0.0030769632078138
IND110043AAC,Delhi_Nangli_L (Delhi),0.0,0.0003502470010765617,0.0,1,0,9,0,9.0,59.71785714285714,1.0,1.0,0.0,0.0,10.0,1.0,59.71785714285714,0.010887248013649268,0.0,0.013100436681222707,0.0,0.001806940284316889,0.003071822407323764
IND625516AAA,Cumbum_LFRoad_D (Tamil Nadu),6.5697554737012695e-06,0.0004379594628337477,0.0,1,1,6,5,6.0,0.0,0.0,5.0,0.0,0.0,11.0,0.0,0.0,0.0,4.6661196937470115e-05,0.008733624454148471,0.00651890482398957,0.0,0.003066837274555723
IND123001AAA,Narnaul_DC (Haryana),0.0,0.00017023117673190812,0.0,0,1,0,10,3.0,48.76344322344322,2.0,10.0,11.216176470588223,1.0,13.0,3.0,59.97961969403144,0.010934970319031104,0.0,0.0,0.01303780964797914,0.0018148606840310134,0.0030612771006035817
IND636102AAA,Attur_KaaduRd_D (Tamil Nadu),0.0,0.0005052860513529803,0.0,1,1,6,5,6.0,0.0,0.0,5.0,0.0,0.0,11.0,0.0,0.0,0.0,0.0,0.008733624454148471,0.00651890482398957,0.0,0.0030505058556276085
IND685514AAA,Kattappana_Palikval_D (Kerala),8.212194342126586e-06,0.0005425375147555801,0.0,1,1,5,6,6.0,0.0,0.0,6.0,0.0,0.0,12.0,0.0,0.0,0.0,5.832649617183764e-05,0.00727802037845706,0.007822685788787484,0.0,0.003040555507109052
IND174021AAA,Ghumarwin_Gndhichk_D (Himachal Pradesh),0.0,0.00017023117673190812,0.0,0,1,0,11,0.0,0.0,0.0,11.0,22.296666666666667,2.0,11.0,2.0,22.296666666666667,0.00406493721462512,0.0,0.0,0.014341590612777053,0.0006746515553899862,0.003036981011402907
IND625531AAA,Theni_Rathnam_D (Tamil Nadu),3.832357359659074e-06,0.0003149399203865224,0.0,1,1,5,6,5.0,0.0,0.0,6.0,0.0,0.0,11.0,0.0,0.0,0.0,2.7219031546857565e-05,0.00727802037845706,0.007822685788787484,0.0,0.003029667894490309
IND243002AAA,Bareilly (Uttar Pradesh),0.0,0.0006053335777772178,0.0,1,0,10,0,10.0,14.533333333333374,1.0,0.0,0.0,0.0,10.0,1.0,14.533333333333374,0.0026495928024765393,0.0,0.01455604075691412,0.0,0.00043974895821503185,0.003021145390936582
IND600048AAA,Chennai_Vandalur_Dc (Tamil Nadu),0.0,0.0003720946148452595,0.0,1,0,8,0,9.0,90.06307692307695,7.0,1.0,1.0416666666666643,1.0,10.0,8.0,91.1047435897436,0.0166094362078111,0.0,0.011644832605531296,0.0,0.002756643308397058,0.0030181273482055237
IND783129AAA,Lakhipur_WrdN4DPP_D (Assam),0.0,0.0007713059479579219,0.0,1,0,10,0,10.0,11.93857677902622,1.0,1.0,0.0,0.0,11.0,1.0,11.93857677902622,0.00217653902102211,0.0,0.01455604075691412,0.0,0.00036123692897800023,0.003001517383627324
IND602001AAB,Kumbakonam_Mettu_DC (Tamil Nadu),0.0,0.00017023117673190812,0.0,0,1,0,11,0.0,0.0,0.0,11.0,17.10925925925926,1.0,11.0,1.0,17.10925925925926,0.003119213545117314,0.0,0.0,0.014341590612777053,0.0005176912111300545,0.0029977409253379244
IND571602AAA,Krishnarajngr_JublieRD_D (Karnataka),0.0,0.0009282169831189499,0.0,1,0,9,0,9.0,48.21670168067223,4.0,0.0,0.0,0.0,9.0,4.0,48.21670168067223,0.008790455899009215,0.0,0.013100436681222707,0.0,0.0014589388302275593,0.002984822043801431
IND400037AAA,Mumbai Antop Hill (Maharashtra),0.0,0.00017023117673190812,0.0,0,1,0,7,2.0,105.60000000000001,2.0,7.0,47.08333333333333,4.0,9.0,6.0,152.68333333333334,0.027835917045283844,0.0,0.0,0.009126466753585397,0.004619885557577862,0.002980264740111545
IND562159AAA,Ramanagara_BMRd_DC (Karnataka),0.0,0.00017023117673190812,0.0,0,1,0,11,0.0,0.0,0.0,11.0,13.72106481481483,2.0,11.0,2.0,13.72106481481483,0.0025015069662142684,0.0,0.0,0.014341590612777053,0.00041517137325108264,0.0029721109658681815
IND638452AAA,Gobicheti_Ward25_D (Tamil Nadu),0.0,0.00056695238316562,0.0,1,0,10,0,10.0,5.832000000000001,1.0,2.0,0.0,0.0,12.0,1.0,5.832000000000001,0.00106324026770939,0.0,0.01455604075691412,0.0,0.0001764643984617013,0.002955324250998249
IND787001AAA,LakhimpurN_SashPhkn_D (Assam),0.0,0.00017023117673190812,0.0,0,1,0,8,2.0,63.96666666666668,2.0,8.0,48.56215384615385,3.0,10.0,5.0,112.52882051282053,0.020515290337289643,0.0,0.0,0.010430247718383311,0.0034048920818586467,0.002937272564141324
IND410210AAA,Mumbai_Kharghar_D (Maharashtra),0.0,0.0004478107886903616,0.0,1,0,9,0,9.0,41.26857142857145,5.0,0.0,0.0,0.0,9.0,5.0,41.26857142857145,0.007523732327451713,0.0,0.013100436681222707,0.0,0.0012487026118855645,0.0029322629892159324
IND613104AAA,Thirukkatupli_Poondi_D (Tamil Nadu),0.0,0.0005425375147555801,0.0,1,0,10,0,10.0,1.6166666666666742,1.0,0.0,0.0,0.0,10.0,1.0,1.6166666666666742,0.00029473681403695506,0.0,0.01455604075691412,0.0,4.891702860878231e-05,0.0029234374085350197
IND123106AAB,Dharuhera_Central_DPP_2 (Haryana),0.0,0.0004379594628337477,0.0,1,0,10,0,10.0,0.0,0.0,0.0,0.0,0.0,10.0,0.0,0.0,0.0,0.0,0.01455604075691412,0.0,0.0,0.002911208151382824
IND247667AAB,Roorkee_IOTCEncl_L (Uttarakhand),0.0,0.0004514019682702804,0.0,1,0,10,0,10.0,0.0,0.0,0.0,0.0,0.0,10.0,0.0,0.0,0.0,0.0,0.01455604075691412,0.0,0.0,0.002911208151382824
IND562160AAB,Chanapatna_Central_D_2 (Karnataka),0.0,0.0004379594628337477,0.0,1,0,10,0,10.0,0.0,0.0,0.0,0.0,0.0,10.0,0.0,0.0,0.0,0.0,0.01455604075691412,0.0,0.0,0.002911208151382824
IND742149AAA,Murshidabad_Sirjudol_D (West Bengal),0.0,0.00017023117673190812,0.0,0,1,0,9,0.0,0.0,0.0,10.0,72.26428571428573,4.0,10.0,4.0,72.26428571428573,0.01317460536500086,0.0,0.0,0.011734028683181226,0.002186569565986959,0.002893448128132985
IND562108AAA,Gauribidanur_Gurukrpa_D (Karnataka),0.0,0.0006693692358744934,0.0,1,0,9,0,9.0,0.0,0.0,1.0,35.14166666666671,1.0,10.0,1.0,35.14166666666671,0.006406727550483686,0.0,0.013100436681222707,0.0,0.0010633149981610014,0.0028859160857847917
IND301705AAA,Neemrana_Rcocmplx_D (Rajasthan),0.0,0.0003149399203865224,0.0,1,0,6,0,7.0,139.43252740167648,6.0,1.0,9.083333333333329,1.0,8.0,7.0,148.51586073500982,0.027076139150717136,0.0,0.008733624454148471,0.0,0.004493786355731363,0.002870171479762535
IND000000ADV,Chennai_Mdhavram_C (Tamil Nadu),0.0,0.00017023117673190812,0.0,0,1,0,11,0.0,0.0,0.0,11.0,0.0,0.0,11.0,0.0,0.0,0.0,0.0,0.0,0.014341590612777053,0.0,0.0028683181225554106
IND614602AAA,Pattukotai_anthniyr_D (Tamil Nadu),0.0,0.00017023117673190812,0.0,0,1,0,11,0.0,0.0,0.0,11.0,0.0,0.0,11.0,0.0,0.0,0.0,0.0,0.0,0.014341590612777053,0.0,0.0028683181225554106
IND713103AAA,Bardhaman_Bankura_D (West Bengal),0.0,0.0003696349241550869,0.27115491227535793,1,1,6,4,6.0,8.25438871473358,1.0,4.0,0.0,0.0,10.0,1.0,8.25438871473358,0.001504869421610202,0.0,0.008733624454148471,0.005215123859191656,0.00024976092922059616,0.0028521898949731748
IND201306AAA,Noida_Surajpur_DC (Uttar Pradesh),0.0,0.00017023117673190812,0.0,0,1,0,7,0.0,0.0,0.0,8.0,135.66666666666669,5.0,8.0,5.0,135.66666666666669,0.024733584188255702,0.0,0.0,0.009126466753585397,0.004104996009025631,0.002851542352973487
IND248197AAA,Dehradun_Selakui_D (Uttarakhand),0.0,0.00017023117673190812,0.0,0,1,0,9,0.0,0.0,0.0,9.0,66.28951612903234,3.0,9.0,3.0,66.28951612903234,0.01208533656984881,0.0,0.0,0.011734028683181226,0.0020057852517192964,0.0028482520495660695
IND243001AAA,Bareilly_Central_D_2 (Uttar Pradesh),0.0,0.00017023117673190812,0.0,0,1,0,9,0.0,0.0,0.0,10.0,60.91538461538464,3.0,10.0,3.0,60.91538461538464,0.01110557096126235,0.0,0.0,0.011734028683181226,0.001843175017698392,0.0028075994910608435
IND362225AAA,Mangrol_JilRDDPP_D (Gujarat),1.9161786798295368e-05,0.0008296992051297535,0.0,1,1,5,5,5.0,0.0,0.0,5.0,0.0,0.0,10.0,0.0,0.0,0.0,0.00013609515773428782,0.00727802037845706,0.00651890482398957,0.0,0.002807018345696327
IND637408AAA,Rasipurm_Knrpati_D (Tamil Nadu),0.0,0.00017023117673190812,0.0,0,1,0,10,0.0,0.0,0.0,10.0,25.735632183908045,4.0,10.0,4.0,25.735632183908045,0.0046918999404816164,0.0,0.0,0.01303780964797914,0.0007787076221476223,0.0028022388351327337
IND303338AAB,Phulera_NarenaRD_D (Rajasthan),1.3686990570210978e-05,0.0004010839244943319,0.0,1,1,5,5,6.0,0.0,0.0,5.0,0.0,0.0,11.0,0.0,0.0,0.0,9.721082695306273e-05,0.00727802037845706,0.00651890482398957,0.0,0.002793408829922898
IND211013AAA,Allahabad_Phaphamu_DC (Uttar Pradesh),0.0,0.0005021318412693658,0.0,1,0,7,0,7.0,99.87708333333339,7.0,0.0,0.0,0.0,7.0,7.0,99.87708333333339,0.01820873402286805,0.0,0.010189228529839884,0.0,0.003022076376976318,0.0027933648002120563
IND303008AAB,Dudu_NrainaRD_D (Rajasthan),1.149707207897722e-05,0.00027150479574036867,0.0,1,1,5,5,5.0,0.0,0.0,5.0,0.0,0.0,10.0,0.0,0.0,0.0,8.165709464057269e-05,0.00727802037845706,0.00651890482398957,0.0,0.002787965023613527
IND327001AAB,Banswara_KhandDPP_D (Rajasthan),0.0,0.00035502272358578746,0.0,1,0,4,0,4.0,214.16261957321564,3.0,1.0,0.0,0.0,5.0,3.0,214.16261957321564,0.039044293718856316,0.0,0.005822416302765648,0.0,0.006480123085728681,0.0027845140319853
IND444203AAA,Shegaon_SChwkDPP_D (Maharashtra),0.0,0.00017023117673190812,0.0,0,1,0,5,3.0,153.81785714285718,2.0,5.0,41.91250000000001,1.0,8.0,3.0,195.7303571428572,0.03568388157191804,0.0,0.0,0.00651890482398957,0.005922400503070688,0.002784381090565586
IND303901AAA,Chaksu_TonkRoad_D (Rajasthan),0.0,0.0002917595195420608,0.0,1,0,6,0,6.0,136.8792207792208,3.0,2.0,0.0,0.0,8.0,3.0,136.8792207792208,0.024954646664120613,0.0,0.008733624454148471,0.0,0.00414168541781749,0.0027821462452840666
IND722101AAC,Bankura_BhowmDPP_D (West Bengal),0.0,0.0007759366883578654,0.21473915796426868,2,0,7,0,7.0,96.93464052287584,2.0,0.0,0.0,0.0,7.0,2.0,96.93464052287584,0.01767229306238957,0.0,0.010189228529839884,0.0,0.002933044072354345,0.0027711067240565627
IND122050AAA,Gurgaon_Manesar (Haryana),0.0,0.0004437772381010505,0.0,1,0,8,0,8.0,58.357142857142854,4.0,0.0,0.0,0.0,8.0,4.0,58.357142857142854,0.010639174244544528,0.0,0.011644832605531296,0.0,0.0017657678515482307,0.002770408483993317
IND505302AAB,Vemulawada_Central_DPP_2 (Telangana),5.474796228084391e-07,0.0003149399203865224,0.0,1,1,5,5,7.0,0.0,0.0,6.0,0.0,0.0,13.0,0.0,0.0,0.0,3.88843307812251e-06,0.00727802037845706,0.00651890482398957,0.0,0.002760745992066669
IND333031AAA,Pilani (Rajasthan),0.0,0.0006083654221045037,0.0,1,0,8,0,10.0,36.87945303965046,2.0,2.0,20.128571428571433,2.0,12.0,4.0,57.00802446822189,0.010393214539982116,0.0,0.011644832605531296,0.0,0.0017249462869126757,0.002760203092834428
IND134203AAA,Naraingarh_Ward2DPP_D (Haryana),0.0,0.00017023117673190812,0.0,0,1,0,10,1.0,13.150000000000006,1.0,10.0,6.666249999999991,1.0,11.0,2.0,19.816249999999997,0.0036127289017483188,0.0,0.0,0.01303780964797914,0.0005995992174239862,0.0027574617339518248
IND274509AAB,Salempur_Banjaria_D (Uttar Pradesh),0.0,0.0007083258082248599,0.0,1,0,8,0,8.0,55.38461538461538,3.0,2.0,0.0,0.0,10.0,3.0,55.38461538461538,0.010097248506262013,0.0,0.011644832605531296,0.0,0.0016758252465498696,0.0027479228327437267
IND423106AAA,Manmad_Malegaon_D (Maharashtra),7.664714719318147e-06,0.00032382506622253925,0.0,1,1,3,6,4.0,0.0,0.0,6.0,33.8813573523251,1.0,10.0,1.0,33.8813573523251,0.006176958755425865,5.443806309371513e-05,0.004366812227074236,0.007822685788787484,0.0010251806145823025,0.00271324807890072
IND493445AAB,Mahasamund_RajpurRD_D (Chhattisgarh),0.0,0.0003149399203865224,0.0,1,0,9,0,9.0,10.75681570338071,2.0,0.0,0.0,0.0,9.0,2.0,10.75681570338071,0.0019610904677920225,0.0,0.013100436681222707,0.0,0.00032547925453711577,0.0027014571498788203
IND281121AAB,Vrindavan_MathuraRD_D (Uttar Pradesh),0.0,0.00017023117673190812,0.0,0,1,0,9,0.0,0.0,0.0,9.0,46.2928571428572,2.0,9.0,2.0,46.2928571428572,0.008439717047600144,0.0,0.0,0.011734028683181226,0.0014007272271583963,0.0026969875434258448
IND721602AAB,Haldia_Central_D_2 (West Bengal),5.474796228084391e-07,0.0003149399203865224,0.0,1,1,3,4,5.0,46.24928571428572,1.0,4.0,56.30071684587813,1.0,9.0,2.0,102.55000256016385,0.018696037753029363,3.88843307812251e-06,0.004366812227074236,0.005215123859191656,0.003102953448906934,0.0026934865310572547
IND695541AAA,Nedumangad_Arsprmbu_D (Kerala),0.0,0.0005425375147555801,0.0,1,0,9,0,9.0,0.0,0.0,2.0,9.241666666666674,1.0,11.0,1.0,9.241666666666674,0.001684861478180319,0.0,0.013100436681222707,0.0,0.00027963394189247097,0.0026899958217176593
IND457661AAA,Jhabua_Ward11_D (Madhya Pradesh),0.0,0.0006656523414553286,0.0,1,0,8,0,8.0,47.720595533498795,4.0,0.0,0.0,0.0,8.0,4.0,47.720595533498795,0.008700010077210012,0.0,0.011644832605531296,0.0,0.001443927672334193,0.0026899484391898075
IND364710AAA,Botad_DC (Gujarat),0.0,0.0005425375147555801,0.0,1,0,9,0,9.0,7.514285714285734,2.0,0.0,0.0,0.0,9.0,2.0,7.514285714285734,0.0013699401842424568,0.0,0.013100436681222707,0.0,0.0002273669253156357,0.0026769290675734505
IND841428AAA,Gopalganj_GopalDPP_D (Bihar),0.0,0.00026670367250165096,0.0,1,0,6,0,8.0,122.82327647476896,6.0,0.0,0.0,0.0,8.0,6.0,122.82327647476896,0.02239208733881649,0.0,0.008733624454148471,0.0,0.003716381275757087,0.002675820209768966
IND481001AAA,Balaghat_Kosmi_D (Madhya Pradesh),0.0,0.0003149399203865224,0.0,1,0,9,0,9.0,6.98571428571428,1.0,0.0,0.0,0.0,9.0,1.0,6.98571428571428,0.0012735755705219755,0.0,0.013100436681222707,0.0,0.00021137343437137925,0.0026729306948373864
IND686507AAA,Parakkdavu_KeRoad_D (Kerala),0.0,0.00017023117673190812,0.0,0,1,0,10,1.0,3.4666666666666686,1.0,11.0,3.5599537037037123,2.0,12.0,3.0,7.026620370370381,0.001281033217367088,0.0,0.0,0.01303780964797914,0.00021261116887451062,0.002660714721814456
IND591237AAB,Nipani_AkkolRD_D (Karnataka),0.0,0.000578231497454115,0.0,1,0,8,0,8.0,43.745248868778276,3.0,1.0,0.0,0.0,9.0,3.0,43.745248868778276,0.007975258936600428,0.0,0.011644832605531296,0.0,0.0013236418085024652,0.0026598769732318756
IND311302AAA,Badnaur_BhmrdDPP_D (Rajasthan),0.0,0.00017023117673190812,0.0,0,1,0,3,3.0,0.0,0.0,3.0,247.45454545454547,3.0,6.0,3.0,247.45454545454547,0.0451137923791146,0.0,0.0,0.003911342894393742,0.007487468708890618,0.002654135756101403
IND380006AAA,Ahmedabad_Paldi_D (Gujarat),0.0,0.00017023117673190812,0.0,0,1,0,9,0.0,0.0,0.0,9.0,38.25714285714285,4.0,9.0,4.0,38.25714285714285,0.006974714474146939,0.0,0.0,0.011734028683181226,0.001157582939154507,0.002636201471424872
IND334803AAA,Nokha_DeVDPP_D (Rajasthan),0.00039090045068522554,0.0003149399203865224,0.0,1,1,3,3,5.0,0.0,0.0,3.0,0.2989062500000017,1.0,8.0,1.0,0.2989062500000017,5.44940262808662e-05,0.002776341217779472,0.004366812227074236,0.003911342894393742,9.04429211294465e-06,0.002629611523544647
IND201301AAD,NOI_RPC (Delhi),0.0,0.00022991035033505562,0.0,1,0,3,0,3.0,97.67702702702704,2.0,2.0,134.46404853833428,2.0,5.0,4.0,232.14107556536132,0.042321971764482255,0.0,0.004366812227074236,0.0,0.007024114413219106,0.002629391048719624
IND784168AAB,Gohpur_Central_D_1 (Assam),0.0,0.00017023117673190812,0.0,0,1,0,6,3.0,73.58333333333343,1.0,8.0,67.0212543554007,5.0,11.0,6.0,140.6045876887341,0.02563382363774658,0.0,0.0,0.007822685788787484,0.004254407405255143,0.0026281390090712826
IND637301AAA,Sankari_Trchngrd_D (Tamil Nadu),0.0,0.00017023117673190812,0.0,0,1,0,10,0.0,0.0,0.0,10.0,2.6294117647058854,1.0,10.0,1.0,2.6294117647058854,0.00047937182246641033,0.0,0.0,0.01303780964797914,7.956062506291915e-05,0.002627452085861558
IND125033AAA,Hansi_DelRdDPP_D (Haryana),0.0003881630525711833,0.0003999990294865513,0.0,1,1,3,3,5.0,0.0,0.0,5.0,0.9000000000000057,1.0,10.0,1.0,0.9000000000000057,0.00016408028822675875,0.002756899052388859,0.004366812227074236,0.003911342894393742,2.7232160256435556e-05,0.002627353732693805
IND361335AAA,Dwarka_StnRoad_DC (Gujarat),0.0,0.0005425375147555801,0.0,1,0,9,0,9.0,0.0,0.0,1.0,0.0,0.0,10.0,0.0,0.0,0.0,0.0,0.013100436681222707,0.0,0.0,0.0026200873362445414
IND622001AAA,Pudukkotti_Mrthndpr_D (Tamil Nadu),0.0,0.00070703135486663,0.0,1,0,9,0,9.0,0.0,0.0,0.0,0.0,0.0,9.0,0.0,0.0,0.0,0.0,0.013100436681222707,0.0,0.0,0.0026200873362445414
IND208006AAA,Kanpur_GovndNgr_DC (Uttar Pradesh),0.0,0.0004562343145459142,0.0,1,0,7,0,7.0,76.44800000000002,3.0,0.0,0.0,0.0,7.0,3.0,76.44800000000002,0.013937344304843531,0.0,0.010189228529839884,0.0,0.002313160208093303,0.0026161357579913024
IND342902A1B,IND342902A1B,0.0,0.0004405722261861812,0.0,1,1,3,6,4.0,11.962500000000006,1.0,6.0,10.979967546545254,2.0,10.0,3.0,22.94246754654526,0.0041826740974113125,0.0,0.004366812227074236,0.007822685788787484,0.0006941921698950983,0.0026114476456461184
IND621211AAA,Musiri_ThryrRD_D (Tamil Nadu),0.0,0.00017023117673190812,0.0,0,1,0,10,0.0,0.0,0.0,10.0,0.0,0.0,10.0,0.0,0.0,0.0,0.0,0.0,0.01303780964797914,0.0,0.0026075619295958283
IND400701AAA,Mumbai_Ghansoli_DC (Maharashtra),0.0,0.00017023117673190812,0.0,0,1,0,9,1.0,10.766666666666673,1.0,9.0,22.028571428571432,3.0,10.0,4.0,32.795238095238105,0.005978946799035348,0.0,0.0,0.011734028683181226,0.0009923168660638652,0.0025948849531522117
IND794101AAA,Tura_Sracmplx_D (Meghalaya),0.0,0.00017023117673190812,0.0,0,1,0,9,1.0,0.0,0.0,9.0,32.041981132075534,1.0,10.0,1.0,32.041981132075534,0.005841619443896984,0.0,0.0,0.011734028683181226,0.0009695248501359553,0.0025891869491702344
IND275303AAA,Dohrighat_AzmrdDPP_D (Uttar Pradesh),5.474796228084391e-07,0.0003149399203865224,0.0,1,1,4,4,4.0,40.088888888888874,4.0,4.0,9.952287581699352,1.0,8.0,5.0,50.041176470588226,0.009123078509444625,3.88843307812251e-06,0.005822416302765648,0.005215123859191656,0.0015141437078529136,0.0025874049109320322
IND361001AAA,Jamnagar_Dc (Gujarat),0.0,0.00017023117673190812,0.0,0,1,0,9,0.0,0.0,0.0,9.0,29.85714285714286,1.0,9.0,1.0,29.85714285714286,0.005443298450697202,0.0,0.0,0.011734028683181226,0.0009034161100944437,0.0025726597641598566
IND504201AAA,Chinnur_AsnsdhRD_D (Telangana),3.832357359659074e-06,0.0010665712984118327,0.0,1,1,4,4,4.0,46.72413793103449,1.0,4.0,0.0,0.0,8.0,1.0,46.72413793103449,0.008518344465412137,2.7219031546857565e-05,0.005822416302765648,0.005215123859191656,0.0014137769022019137,0.0025704789189833397
IND000000ACS,BLR_HSR_Layout_PC (Karnataka),0.0,0.00031565382568970535,0.0,1,0,6,0,9.0,108.57569037145652,3.0,0.0,0.0,0.0,9.0,3.0,108.57569037145652,0.0197945895228531,0.0,0.008733624454148471,0.0,0.0032852784446095688,0.0025680445019820863
IND148028AAA,Sunam_DC (Punjab),0.0,0.00017023117673190812,0.0,0,1,0,9,0.0,0.0,0.0,11.0,28.825876010781684,1.0,11.0,1.0,28.825876010781684,0.005255286715819822,0.0,0.0,0.011734028683181226,0.0008722120833974923,0.0025648587574856187
IND462042AAA,Bhopal_Kolar Mandakni (Madhya Pradesh),0.0,0.00017023117673190812,0.0,0,1,0,5,1.0,33.30833333333334,1.0,5.0,130.2642857142857,3.0,6.0,4.0,163.57261904761904,0.029821158310376638,0.0,0.0,0.00651890482398957,0.004949373083855129,0.0025411242357616963
IND574227AAA,Moodbidri_MrdiVlge_D (Karnataka),0.0,0.00017023117673190812,0.0,0,1,0,9,2.0,0.0,0.0,9.0,24.894132653061227,2.0,11.0,2.0,24.894132653061227,0.004538484956521586,0.0,0.0,0.011734028683181226,0.0007532455665034715,0.0025351171282621135
IND160102AAD,Chandigarh_Raiprkln_C (Chandigarh),0.0,0.00017023117673190812,0.0,0,2,0,9,0.0,0.0,0.0,9.0,22.075000000000003,1.0,9.0,1.0,22.075000000000003,0.004024524847339642,0.0,0.0,0.011734028683181226,0.0006679443751786791,0.0025137918304309155
IND501359AAG,Hyderabad_South_R_11 (Telangana),0.0,0.00017023117673190812,0.0,0,1,0,6,0.0,0.0,0.0,6.0,125.23319377990428,3.0,6.0,3.0,125.23319377990428,0.022831442812182332,0.0,0.0,0.007822685788787484,0.0037893004471550892,0.002511862269546269
IND451666AAA,Sendhwa_VishnuVhr_D (Madhya Pradesh),0.0,0.00017023117673190812,0.0,0,1,0,7,0.0,0.0,0.0,8.0,90.02306910569115,4.0,8.0,4.0,90.02306910569115,0.016412234584354594,0.0,0.0,0.009126466753585397,0.0027239140496248208,0.0025062718631232847
IND000000ADM,Cochin_Kdvantra_D (Kerala),0.0,0.0004292191892904531,0.0,1,0,8,0,8.0,23.337301775147935,1.0,0.0,0.0,0.0,8.0,1.0,23.337301775147935,0.004254656890778997,0.0,0.011644832605531296,0.0,0.0007061390465484694,0.0025055012827433767
IND781354AAA,Rangia_HosptlRd_D (Assam),0.0,0.0004283371684693094,0.0,1,0,8,0,8.0,4.032763532763553,1.0,2.0,15.914285714285718,1.0,10.0,2.0,19.94704924704927,0.0036365750996990836,0.0,0.011644832605531296,0.0,0.0006035569352651716,0.002479855754922552
IND250611AAA,Baraut_SrnprHwy_D (Uttar Pradesh),0.0,0.00017023117673190812,0.0,0,1,0,8,2.0,50.60531179138323,2.0,8.0,0.0,0.0,10.0,2.0,50.60531179138323,0.009225926827261224,0.0,0.0,0.010430247718383311,0.0015312132894775858,0.0024688528660460588
IND110039AAA,Delhi_Barwala (Delhi),0.0,0.00040012204308040105,0.0,1,1,4,3,4.0,7.351322751322755,2.0,3.0,58.862500000000004,3.0,7.0,5.0,66.21382275132277,0.012071536801813875,0.0,0.005822416302765648,0.003911342894393742,0.002003494924839143,0.002447625570641664
IND301019AAA,Bhiwadi DC (Rajasthan),0.0,0.00017023117673190812,0.0,0,1,0,6,0.0,0.0,0.0,8.0,116.69597062511966,6.0,8.0,6.0,116.69597062511966,0.02127500943896765,0.0,0.0,0.007822685788787484,0.0035309815259372606,0.002447282539241812
IND500055AAC,Hyderabad_North_D_2 (Telangana),0.0,0.00017023117673190812,0.0,0,1,0,9,0.0,0.0,0.0,9.0,12.63961038961039,4.0,9.0,4.0,12.63961038961039,0.0023043454620013267,0.0,0.0,0.011734028683181226,0.0003824487730097509,0.002442417929888683
IND494334AAB,Kanker_KrisnKunj_D (Chhattisgarh),0.0,0.00017023117673190812,0.0,0,1,0,9,0.0,0.0,0.0,9.0,10.75681570338071,2.0,9.0,2.0,10.75681570338071,0.0019610904677920225,0.0,0.0,0.011734028683181226,0.00032547925453711577,0.0024281755502705243
IND415409AAB,Islampur_Shantanu_D (Maharashtra),0.0,0.00017023117673190812,0.0,0,1,0,9,2.0,0.0,0.0,9.0,9.071428571428584,2.0,11.0,2.0,9.071428571428584,0.0016538251273649411,0.0,0.0,0.011734028683181226,0.00027448288512438876,0.0024154264579173425
IND442605AAA,Gadchiroli_Central_DPP_1 (Maharashtra),5.474796228084391e-07,0.0003149399203865224,0.0,1,1,5,3,5.0,22.29666666666668,3.0,3.0,0.0,0.0,8.0,3.0,22.29666666666668,0.004064937214625123,3.88843307812251e-06,0.00727802037845706,0.003911342894393742,0.0006746515553899867,0.0024078964949950004
IND441614AAA,Gondia_RamNgr_D (Maharashtra),0.0,0.00017023117673190812,0.0,0,1,0,9,0.0,0.0,0.0,9.0,6.98571428571428,1.0,9.0,1.0,6.98571428571428,0.0012735755705219755,0.0,0.0,0.011734028683181226,0.00021137343437137925,0.0023996490952290905
IND000000AFF,Darjeeling_Hillcard_DC (West Bengal),5.474796228084391e-07,0.0003149399203865224,0.0,1,1,3,3,3.0,34.239423076923046,3.0,3.0,61.03750000000001,3.0,6.0,6.0,95.27692307692305,0.017370072222022397,3.88843307812251e-06,0.004366812227074236,0.003911342894393742,0.002882884931078706,0.0023777132086406153
IND364290AAA,Bhavnagar_Mahuva_DC (Gujarat),0.0,0.0006846259115517925,0.0,1,0,7,0,7.0,42.19281609195403,2.0,0.0,0.0,0.0,7.0,2.0,42.19281609195403,0.007692232694962665,0.0,0.010189228529839884,0.0,0.0012766683660959976,0.002357012797491976
IND571438AAB,Srirangapatna_Bburynkpl_D (Karnataka),0.0,0.00017023117673190812,0.0,0,1,0,9,0.0,0.0,0.0,9.0,0.0,0.0,9.0,0.0,0.0,0.0,0.0,0.0,0.011734028683181226,0.0,0.0023468057366362455
IND639001AAA,Karur (Tamil Nadu),0.0,0.00017023117673190812,0.0,0,1,0,9,0.0,0.0,0.0,9.0,0.0,0.0,9.0,0.0,0.0,0.0,0.0,0.0,0.011734028683181226,0.0,0.0023468057366362455
IND712410AAC,Tarkeshwar_Naraynpr_D (West Bengal),0.0,0.0003031670083473607,0.0,1,0,4,0,4.0,156.04051332033794,3.0,2.0,0.0,0.0,6.0,3.0,156.04051332033794,0.028447969334058087,0.0,0.005822416302765648,0.0,0.004721466961373203,0.0023448500008964304
IND643212AAA,Gudalur_kalmpuza_D (Tamil Nadu),0.0,0.0007655134041707096,0.0,1,0,4,0,4.0,7.9778265107213,2.0,2.0,147.83450450450465,2.0,6.0,4.0,155.81233101522594,0.02840636909140139,0.0,0.005822416302765648,0.0,0.004714562631261544,0.0023431239183685157
IND360370AAA,Jetpur_DC (Gujarat),0.0,0.0006543515988044763,0.0,1,0,8,0,8.0,0.0,0.0,1.0,0.9499999999999993,1.0,9.0,1.0,0.9499999999999993,0.0001731958597949108,0.0,0.011644832605531296,0.0,2.874505804845955e-05,0.0023361527856183744
IND603203AAA,Chennai_Potheri (Tamil Nadu),0.0,0.00017023117673190812,0.0,0,1,0,7,2.0,26.982064075630248,2.0,8.0,39.777499999999996,4.0,10.0,6.0,66.75956407563024,0.012171031683802345,0.0,0.0,0.009126466753585397,0.002020007941730366,0.002330295336149671
IND491995AAB,Kawardha_TrnsptNGR_D (Chhattisgarh),0.0,0.0004379594628337477,0.0,1,0,8,0,8.0,0.0,0.0,0.0,0.0,0.0,8.0,0.0,0.0,0.0,0.0,0.011644832605531296,0.0,0.0,0.0023289665211062593
IND625218AAA,Vadipatti_lalaNGR_D (Tamil Nadu),0.0,0.0006972620461507115,0.0,1,0,8,0,8.0,0.0,0.0,0.0,0.0,0.0,8.0,0.0,0.0,0.0,0.0,0.011644832605531296,0.0,0.0,0.0023289665211062593
IND852118AAA,Forbesganj_JhumanCk_D (Bihar),0.0,0.0005595356865540516,0.0,1,0,7,0,8.0,0.0,0.0,2.0,36.325,2.0,10.0,2.0,36.325,0.0066224627442633055,0.0,0.010189228529839884,0.0,0.0010991202459055727,0.0023126257674443698
IND751015AAA,Bhubaneshwar_Nayapalli (Orissa),0.0,0.00017023117673190812,0.0,0,2,0,8,0.0,0.0,0.0,10.0,28.32625081221573,3.0,10.0,3.0,28.32625081221573,0.005164199330724208,0.0,0.0,0.010430247718383311,0.0008570944462024907,0.002300323155227285
IND400052AAA,Mumbai_Khar West _Dc (Maharashtra),0.0,0.0003124867397482765,0.0,1,0,6,0,6.0,72.28480519480519,4.0,0.0,0.0,0.0,6.0,4.0,72.28480519480519,0.013178346300865187,0.0,0.008733624454148471,0.0,0.0021871904435223862,0.002293522501710291
IND273155AAA,Anandnagar_LohiaDPP_D (Uttar Pradesh),0.0,0.0003088894752827418,0.0,1,0,3,0,3.0,180.989453125,1.0,1.0,0.0,0.0,4.0,1.0,180.989453125,0.03299644626083695,0.0,0.004366812227074236,0.0,0.005476370880249556,0.002242455165477236
IND676509AAA,Malappuram_Munduprm_D (Kerala),5.474796228084391e-07,0.0003149399203865224,0.0,1,1,5,3,5.0,0.0,0.0,3.0,0.0,0.0,8.0,0.0,0.0,0.0,3.88843307812251e-06,0.00727802037845706,0.003911342894393742,0.0,0.0022392336061475035
IND487551AAA,Gadarwara_MPward_D (Madhya Pradesh),5.474796228084391e-07,0.0003149399203865224,0.0,1,1,3,4,5.0,0.0,0.0,4.0,42.429012345678984,2.0,9.0,2.0,42.429012345678984,0.007735293972061855,3.88843307812251e-06,0.004366812227074236,0.005215123859191656,0.001283815181910895,0.002238701964308245
IND184104AAA,Kathua_BOB_D (Jammu & Kashmir),0.0,0.0003161714120371358,0.0,1,1,5,3,7.0,0.0,0.0,8.0,0.0,0.0,15.0,0.0,0.0,0.0,0.0,0.00727802037845706,0.003911342894393742,0.0,0.0022378726545701604
IND533201AAA,Amalapuram_Vijdurg_D (Andhra Pradesh),0.0,0.00017023117673190812,0.0,0,1,0,6,5.0,23.86928571428576,2.0,8.0,63.906815740650345,2.0,13.0,4.0,87.77610145493611,0.016002586695718937,0.0,0.0,0.007822685788787484,0.0026559254016732792,0.0022285185081758166
IND335703AAA,Srivijaynagar_BhwanDPP_D (Rajasthan),5.474796228084391e-07,0.0003149399203865224,0.0,1,1,4,4,4.0,0.0,0.0,4.0,0.0,0.0,8.0,0.0,0.0,0.0,3.88843307812251e-06,0.005822416302765648,0.005215123859191656,0.0,0.0022088689839688037
IND505425AAA,DhrmpuriTS_HanumDPP_D (Telangana),0.0,0.0003149399203865224,0.0,1,0,7,0,8.0,20.415350877192992,2.0,0.0,0.0,0.0,8.0,2.0,20.415350877192992,0.0037219518402002412,0.0,0.010189228529839884,0.0,0.0006177267853100869,0.0021922774022954984
IND821307AAA,DehriSone_Dilliyan_D (Bihar),0.0,0.00033646833084609556,0.0,1,1,3,5,3.0,0.0,0.0,5.0,0.0,0.0,8.0,0.0,0.0,0.0,0.0,0.004366812227074236,0.00651890482398957,0.0,0.002177143410212761
IND641011AAA,Cjb_West_Dc (Tamil Nadu),0.0,0.00017023117673190812,0.0,0,1,0,5,0.0,0.0,0.0,5.0,115.13214285714292,4.0,5.0,4.0,115.13214285714292,0.020989905760182507,0.0,0.0,0.00651890482398957,0.003483663294391698,0.0021746967883958385
IND781014AAA,Guwahati_Jalukbari (Assam),0.0,0.00017023117673190812,0.0,0,2,0,8,0.0,0.0,0.0,8.0,8.38529411764707,2.0,8.0,2.0,8.38529411764707,0.0015287349729885195,0.0,0.0,0.010430247718383311,0.0002537218591212333,0.0021494800084569704
IND231216AAA,Robertsganj_ArtoDPP_D (Uttar Pradesh),0.0,0.0008057777267707743,0.21708248676451963,2,0,6,0,6.0,51.09687500000006,4.0,0.0,0.0,0.0,6.0,4.0,51.09687500000006,0.00931554441942958,0.0,0.008733624454148471,0.0,0.0015460869873367203,0.0021332466376638745
IND231205AAA,Chopan_PreetDPP_D (Uttar Pradesh),1.3686990570210977e-06,0.0004769741356660349,0.21708248676451963,1,1,4,3,4.0,0.0,0.0,3.0,22.271875000000016,2.0,7.0,2.0,22.271875000000016,0.004060417410389246,9.721082695306273e-06,0.005822416302765648,0.003911342894393742,0.0006739014102347747,0.002118629570933929
IND722101AAA,Bankura_KeranDPP_D (West Bengal),0.0,0.00017023117673190812,0.0,0,1,0,7,1.0,37.03333333333336,1.0,7.0,0.0,0.0,8.0,1.0,37.03333333333336,0.00675160000814548,0.0,0.0,0.009126466753585397,0.001120552964625916,0.0021054315918735585
IND735224AAA,Mainaguri_MilpaDPP_D (West Bengal),0.0,0.00017023117673190812,0.0,0,1,0,8,0.0,0.0,0.0,8.0,0.27486555997194273,1.0,8.0,1.0,0.27486555997194273,5.0111133670895027e-05,0.0,0.0,0.010430247718383311,8.316869975700884e-06,0.0020881287611705874
IND363520AAC,Chotila_Central_D_2 (Gujarat),0.0,0.00017023117673190812,0.0,0,1,0,8,0.0,0.0,0.0,8.0,0.0,0.0,8.0,0.0,0.0,0.0,0.0,0.0,0.010430247718383311,0.0,0.0020860495436766623
IND493118AAC,Bhatpara_TrengaRD_D (Chhattisgarh),0.0,0.00017023117673190812,0.0,0,1,0,8,0.0,0.0,0.0,8.0,0.0,0.0,8.0,0.0,0.0,0.0,0.0,0.0,0.010430247718383311,0.0,0.0020860495436766623
IND506001AAC,Warangal_Central_D_2 (Telangana),0.0,0.00017023117673190812,0.0,0,1,0,8,0.0,0.0,0.0,9.0,0.0,0.0,9.0,0.0,0.0,0.0,0.0,0.0,0.010430247718383311,0.0,0.0020860495436766623
IND571105AAA,Hunsur_RatnaDPP_D (Karnataka),0.0,0.00017023117673190812,0.0,0,1,0,8,0.0,0.0,0.0,8.0,0.0,0.0,8.0,0.0,0.0,0.0,0.0,0.0,0.010430247718383311,0.0,0.0020860495436766623
IND591201AAA,Chikodi_IndraNgr_D (Karnataka),0.0,0.00017023117673190812,0.0,0,1,0,8,1.0,0.0,0.0,8.0,0.0,0.0,9.0,0.0,0.0,0.0,0.0,0.0,0.010430247718383311,0.0,0.0020860495436766623
IND148023AAA,Malerkotla_DC (Punjab),0.0,0.0004492179268216012,0.0,1,0,7,0,8.0,4.225000000000001,1.0,3.0,0.0,0.0,11.0,1.0,4.225000000000001,0.0007702657975089462,0.0,0.010189228529839884,0.0,0.0001278398634260439,0.0020698056718244876
IND334001AAB,Bikaner_DC (Rajasthan),0.0,0.000389823881571524,0.0,1,0,7,0,7.0,2.38368736383444,1.0,2.0,0.0,0.0,9.0,1.0,2.38368736383444,0.0004345734552227058,0.0,0.010189228529839884,0.0,7.212550699242163e-05,0.002055877082716082
IND413517AAA,Udgir_NlgaonRd_D (Maharashtra),0.0,0.0003886944195445923,0.0,1,0,4,0,5.0,39.34469696969704,3.0,3.0,78.08240418118473,2.0,8.0,5.0,117.42710115088177,0.02140830289163257,0.0,0.005822416302765648,0.0,0.0035531040410994,0.0020527592708279798
IND412803AAB,Wai_Central_DPP_3 (Maharashtra),0.0,0.0006618056171123922,0.0,1,0,7,0,7.0,0.0,0.0,2.0,0.0,0.0,9.0,0.0,0.0,0.0,0.0,0.010189228529839884,0.0,0.0,0.0020378457059679767
IND000000AFR,Cochin_PanditRd_D (Kerala),0.0,0.00017023117673190812,0.0,0,1,0,6,0.0,0.0,0.0,6.0,60.08437500000001,2.0,6.0,2.0,60.08437500000001,0.010954068408805109,0.0,0.0,0.007822685788787484,0.0018180303654530667,0.0020190447491207635
IND501218AAC,Shamshabad_Lngrguda_D (Telangana),0.0,0.00027694932668045354,0.0,1,0,3,0,4.0,151.25541666666666,3.0,0.0,0.0,0.0,4.0,3.0,151.25541666666666,0.027575591513916666,0.0,0.004366812227074236,0.0,0.004576679718133971,0.00201753237494834
IND173220AAA,Parwanoo_Central_D_1 (Himachal Pradesh),0.0,0.0006376574749847784,0.0,1,0,5,0,5.0,27.74230769230772,3.0,3.0,44.371190476190485,2.0,8.0,5.0,72.11349816849821,0.013147115071696613,0.0,0.00727802037845706,0.0,0.002182007043085225,0.002001105836462718
IND688524AAA,Cherthala_Mulapali_D (Kerala),0.0,0.00017023117673190812,0.0,0,1,0,7,0.0,0.0,0.0,7.0,18.54439102564109,3.0,7.0,3.0,18.54439102564109,0.003380854471640988,0.0,0.0,0.009126466753585397,0.0005611153647425114,0.0019655721919027073
IND413304AAA,Pandharpur_RajCmplx_D (Maharashtra),0.0,0.0002955323524846126,0.0,1,1,4,3,5.0,0.0,0.0,5.0,0.0,0.0,10.0,0.0,0.0,0.0,0.0,0.005822416302765648,0.003911342894393742,0.0,0.0019467518394318782
IND781102AAA,Hajo_Sardala_D (Assam),0.0,0.00022449695560238848,0.0,1,0,3,0,3.0,7.860294117647065,1.0,2.0,132.45504201680674,1.0,5.0,2.0,140.31533613445382,0.025581089772861748,0.0,0.004366812227074236,0.0,0.0042456552444989385,0.0019347762565395817
IND360490AAA,Upleta_AdrshSt_DC (Gujarat),0.0,0.00017023117673190812,0.0,0,1,0,7,1.0,7.416666666666671,1.0,7.0,6.692567567567565,1.0,8.0,2.0,14.109234234234236,0.0025722746886799896,0.0,0.0,0.009126466753585397,0.0004269165864025012,0.0019320224973177048
IND828401AAB,Gomoh_KhsmiDPP_D (Jharkhand),0.0,0.00017023117673190812,0.0,0,1,0,6,0.0,0.0,0.0,6.0,47.558441558441565,3.0,6.0,3.0,47.558441558441565,0.008670447553916116,0.0,0.0,0.007822685788787484,0.0014390212245175525,0.001924292463886885
IND124141AAA,ChrkhiDdri_PuranDPP_D (Haryana),0.0,0.00017023117673190812,0.0,0,1,0,7,2.0,11.522268907563031,1.0,7.0,0.0,0.0,9.0,1.0,11.522268907563031,0.0021006413370879455,0.0,0.0,0.009126466753585397,0.00034864030378722123,0.0019124534266638847
IND733102AAA,Balurghat_AkhirDPP_D (West Bengal),0.0,0.0003149399203865224,0.0,1,0,6,0,8.0,20.78414442815246,3.0,0.0,0.0,0.0,8.0,3.0,20.78414442815246,0.003789187120353129,0.0,0.008733624454148471,0.0,0.0006288857242892737,0.0019039463219020128
IND683572AAA,Angamaly_CivilStn_D (Kerala),0.0,0.00017023117673190812,0.0,0,1,0,7,0.0,0.0,0.0,7.0,9.638461538461542,1.0,7.0,1.0,9.638461538461542,0.001757201719214765,0.0,0.0,0.009126466753585397,0.0002916401436009705,0.0018982033866173221
IND311301AAA,Asind_BsStdDPP_D (Rajasthan),0.0,0.00017023117673190812,0.0,0,1,0,3,0.0,0.0,0.0,3.0,146.91696428571424,3.0,3.0,3.0,146.91696428571424,0.026784642050444736,0.0,0.0,0.003911342894393742,0.004445407017575071,0.0018936203332725163
IND125104AAA,Sirsa_AnprnDPP_D (Haryana),0.0,0.000540527961212853,0.0,1,0,6,0,6.0,0.0,0.0,1.0,19.03333333333336,1.0,7.0,1.0,19.03333333333336,0.0034699942436103256,0.0,0.008733624454148471,0.0,0.0005759097594972084,0.0018907023307039965
IND531162AAA,Vishakhapatnam (Andhra Pradesh),0.0,0.0004614146668256231,0.0,1,0,6,0,7.0,18.95378787878788,2.0,0.0,0.0,0.0,7.0,2.0,18.95378787878788,0.003455492197933714,0.0,0.008733624454148471,0.0,0.0005735028766462601,0.0018901006099912594
IND791102AAA,Pasighat_MissonRd_D (Arunachal Pradesh),0.0,0.0003149399203865224,0.0,1,0,4,0,5.0,21.50295267489716,2.0,1.0,73.58333333333343,1.0,6.0,3.0,95.08628600823059,0.017335316905158216,0.0,0.005822416302765648,0.0,0.0028771166430726497,0.001883762421321292
IND505327AAA,Jagtial_Aravind_D (Telangana),0.0,0.00017023117673190812,0.0,0,1,0,7,3.0,0.0,0.0,7.0,7.473684210526315,1.0,10.0,1.0,7.473684210526315,0.0013625380659765844,0.0,0.0,0.009126466753585397,0.00022613840680782597,0.001881827952419036
IND284403AAA,Lalitpur_RjghatRd_D (Uttar Pradesh),0.0,0.0003149399203865224,0.0,1,0,5,0,5.0,32.238961038961065,1.0,2.0,22.475000000000023,1.0,7.0,2.0,54.71396103896109,0.009974980552555919,0.0,0.00727802037845706,0.0,0.0016555326169748336,0.0018694872299351204
IND421802AAA,Khandala_Satara_D (Maharashtra),0.0,0.00017023117673190812,0.0,0,1,0,7,2.0,0.0,0.0,7.0,5.834888888888912,1.0,9.0,1.0,5.834888888888912,0.0010637669451777764,0.0,0.0,0.009126466753585397,0.00017655181033413004,0.001869431303300612
IND784110AAA,Dhekiajuli_Wardno5_D (Assam),0.0,0.00042469183699948317,0.0,1,0,3,0,3.0,21.395312500000017,2.0,3.0,108.97738095238097,2.0,6.0,4.0,130.372693452381,0.023768432353961557,0.0,0.004366812227074236,0.0,0.00394481120128707,0.0018595652457366147
IND492007AAA,Raipur_Central_D_5 (Chhattisgarh),0.0,0.0003149399203865224,0.0,1,0,6,0,6.0,14.693181818181824,3.0,0.0,0.0,0.0,6.0,3.0,14.693181818181824,0.0026787350085504774,0.0,0.008733624454148471,0.0,0.0004445856466107445,0.0018578713024823804
IND140406AAA,SirhindFatehgarh_DC (Punjab),0.0,0.00017023117673190812,0.0,0,1,0,7,2.0,0.0,0.0,7.0,3.50833333333334,1.0,9.0,1.0,3.50833333333334,0.0006396092716987512,0.0,0.0,0.009126466753585397,0.00010615499507369739,0.001851832099485504
IND521105AAA,HanumanJNC_VijywdRD_D (Andhra Pradesh),0.0,0.00017023117673190812,0.16528618581163362,0,2,0,7,2.0,0.0,0.0,7.0,3.4580246913580197,1.0,9.0,1.0,3.4580246913580197,0.0006304374311702987,0.0,0.0,0.009126466753585397,0.00010463275840641345,0.0018514515403186829
IND733140AAA,Gangarampr_FulbaDPP_D (West Bengal),0.0,0.00017023117673190812,0.0,0,1,0,6,1.0,10.241666666666674,1.0,7.0,27.418553030303016,3.0,8.0,4.0,37.66021969696969,0.006865888558402006,0.0,0.0,0.007822685788787484,0.0011395212645338255,0.0018494174738909533
IND177001AAA,Hamirpur_GutmgrCl_D (Himachal Pradesh),0.0,0.00017023117673190812,0.0,0,1,0,7,0.0,0.0,0.0,7.0,0.0,0.0,7.0,0.0,0.0,0.0,0.0,0.0,0.009126466753585397,0.0,0.0018252933507170795
IND275503AAA,Ghosi_Jamalpur_D (Uttar Pradesh),0.0,0.00017023117673190812,0.0,0,1,0,4,3.0,61.6654761904762,3.0,4.0,40.088888888888874,4.0,7.0,7.0,101.75436507936507,0.018550983945058833,0.0,0.0,0.005215123859191656,0.003078879085147891,0.0018127445431253039
IND721212AAA,Ghatal_KrshDPP_D (West Bengal),0.0,0.00017023117673190812,0.0,0,1,0,6,0.0,0.0,0.0,6.0,32.131818181818176,1.0,6.0,1.0,32.131818181818176,0.005857997765025,0.0,0.0,0.007822685788787484,0.0009722431356199075,0.0018075979416624739
IND602001AAA,Chennai_Thiruvlr_DC (Tamil Nadu),0.0,0.000588964031930608,0.0,1,0,6,0,6.0,3.563636363636366,1.0,1.0,4.23333333333332,1.0,7.0,2.0,7.796969696969686,0.00142147670574898,0.0,0.008733624454148471,0.0,0.0002359203647804988,0.001805704982024819
IND500035AAD,Hyderabad_South_D_12 (Telangana),0.0,0.0004065671679599035,0.0,1,0,5,0,5.0,45.67142857142857,3.0,0.0,0.0,0.0,5.0,3.0,45.67142857142857,0.008326423515253086,0.0,0.00727802037845706,0.0,0.001381924068886094,0.0018010850929129356
IND226016AAA,Lucknow_Indira Nagar (Uttar Pradesh),0.0,0.0003149399203865224,0.0,1,0,4,0,4.0,83.57777777777781,2.0,0.0,0.0,0.0,4.0,2.0,83.57777777777781,0.015237184296810766,0.0,0.005822416302765648,0.0,0.002528892709245766,0.0017967064378645711
IND574117AAA,Uchila_Busstand_D (Karnataka),0.0,0.000518697834212687,0.0,1,0,5,0,5.0,22.055172413793102,1.0,3.0,22.158333333333346,1.0,8.0,2.0,44.21350574712645,0.008060627518337684,0.0,0.00727802037845706,0.0,0.0013378103044495268,0.0017900566518037936
IND321401AAB,Bayana_LalBagh_D (Rajasthan),0.0,0.0011868000863375105,0.0,1,0,6,0,7.0,0.0,0.0,0.0,0.0,0.0,7.0,0.0,0.0,0.0,0.0,0.008733624454148471,0.0,0.0,0.0017467248908296944
IND736101AAA,CoochBehar_Psthrjhr_D (West Bengal),0.0,0.0003733073611084565,0.0,1,0,6,0,6.0,0.0,0.0,0.0,0.0,0.0,6.0,0.0,0.0,0.0,0.0,0.008733624454148471,0.0,0.0,0.0017467248908296944
IND443301AAA,Mehkar_SagarDPP_D (Maharashtra),0.0,0.0003123597955530294,0.0,1,0,5,0,5.0,26.71875000000003,1.0,2.0,10.004385080645179,2.0,7.0,3.0,36.72313508064521,0.006695047320691581,0.0,0.00727802037845706,0.0,0.0011111669995942826,0.0017333958255899827
IND788121AAA,Kabuganj_Jantaclg_D (Assam),0.0,0.00017023117673190812,0.0,0,1,0,3,2.0,44.47142857142859,2.0,3.0,81.07500000000002,3.0,5.0,5.0,125.5464285714286,0.02288854909537784,0.0,0.0,0.003911342894393742,0.0037987782916447353,0.0017319631517899322
IND804452AAA,Masaurhi_Blockrd_D (Bihar),0.0,0.00017023117673190812,0.0,0,1,0,6,0.0,0.0,0.0,6.0,21.473553719008272,3.0,6.0,3.0,21.473553719008272,0.0039148743149640475,0.0,0.0,0.007822685788787484,0.000649745840168008,0.001726973617799499
IND781003AAA,Guwahati_Chandmari (Assam),0.0,0.00017023117673190812,0.0,0,1,0,3,1.0,98.15833333333333,1.0,3.0,26.43750000000003,2.0,4.0,3.0,124.59583333333336,0.02271524471687378,0.0,0.0,0.003911342894393742,0.003770015222908275,0.001724772384605817
IND388121AAA,Anand_VUNagar_DC (Gujarat),0.0,0.00017023117673190812,0.0,0,1,0,6,1.0,18.225,1.0,6.0,0.0,0.0,7.0,1.0,18.225,0.0033226258365918445,0.0,0.0,0.007822685788787484,0.0005514512451928166,0.001702399969055701
IND226004AAA,Lucknow_Hub (Uttar Pradesh),0.0,0.00017023117673190812,0.0,0,1,0,4,0.0,0.0,0.0,5.0,86.95277777777781,3.0,5.0,3.0,86.95277777777781,0.015852485377661107,0.0,0.0,0.005215123859191656,0.0026310133102073986,0.0017007780993901808
IND276305AAA,Saraimeer_MsmcyDPP_D (Uttar Pradesh),1.0949592456168782e-06,0.0003149399203865224,0.0,1,1,3,3,3.0,5.337499999999999,1.0,3.0,0.0,0.0,6.0,1.0,5.337499999999999,0.0009730872649003546,7.77686615624502e-06,0.004366812227074236,0.003911342894393742,0.000161501839298582,0.0016987283872729269
IND464668AAA,Bareli_SourvDPP_D (Madhya Pradesh),0.0,0.0004379594628337477,0.0,1,0,4,0,4.0,42.429012345678984,2.0,2.0,25.5214285714286,1.0,6.0,3.0,67.95044091710758,0.012388142145349204,0.0,0.005822416302765648,0.0,0.002056041440611242,0.0016784936207059403
IND492001AAB,Raipur_Katora_IP (Chhattisgarh),0.0,0.00017023117673190812,0.0,0,1,0,6,0.0,0.0,0.0,6.0,14.693181818181824,3.0,6.0,3.0,14.693181818181824,0.0026787350085504774,0.0,0.0,0.007822685788787484,0.0004445856466107445,0.001675683569410183
IND533242AAA,Razole_Shanthi_D (Andhra Pradesh),0.0,0.00030679275003707413,0.0,1,0,3,0,5.0,104.85237708719853,4.0,2.0,0.6609523809523878,1.0,7.0,5.0,105.51332946815091,0.019236286123221168,0.0,0.004366812227074236,0.0,0.003192617663629724,0.0016715168613222783
IND223101AAB,Shahganj_KcharaRD_D (Uttar Pradesh),1.0949592456168782e-06,0.0004379594628337477,0.0,1,1,3,3,3.0,0.0,0.0,3.0,0.0,0.0,6.0,0.0,0.0,0.0,7.77686615624502e-06,0.004366812227074236,0.003911342894393742,0.0,0.0016583529274482815
IND281401AAA,Chhata_GvrdnDPP_D (Uttar Pradesh),0.0,0.00017023117673190812,0.0,0,1,0,6,0.0,0.0,0.0,8.0,12.354700413223156,1.0,8.0,1.0,12.354700413223156,0.0022524031163965535,0.0,0.0,0.007822685788787484,0.00037382797952571274,0.001657994152638925
IND509103AAC,IND509103AAC,0.0,0.00017023117673190812,0.0,0,1,0,5,1.0,0.0,0.0,5.0,46.07627118644069,1.0,6.0,1.0,46.07627118644069,0.00840023095187271,0.0,0.0,0.00651890482398957,0.0013941737788534766,0.0016523244095112833
IND231208AAA,Duddhi_MChwkDPP_D (Uttar Pradesh),0.0,0.00017023117673190812,0.0,0,1,0,6,0.0,0.0,0.0,6.0,9.704545454545467,1.0,6.0,1.0,9.704545454545467,0.001769249572546102,0.0,0.0,0.007822685788787484,0.00029363970781560414,0.001637947084711398
IND733129AAA,Kaliyaganj_FatprDPP_D (West Bengal),0.0,0.00017023117673190812,0.0,0,1,0,3,2.0,0.0,0.0,3.0,112.78750000000002,2.0,5.0,2.0,112.78750000000002,0.020562450564861598,0.0,0.0,0.003911342894393742,0.0034127191943585625,0.001635448377468389
IND244921AAB,Bilaspur_GrmNgriya_D (Uttar Pradesh),0.0,0.00034427213715003196,0.0,1,0,4,0,4.0,60.499999999999986,3.0,2.0,0.0,0.0,6.0,3.0,60.499999999999986,0.011029841597465376,0.0,0.005822416302765648,0.0,0.001830606328349267,0.0016221348426404465
IND410501AAF,Talegaon_Central_DPP_4 (Maharashtra),0.0,0.0003804457835310051,0.0,1,0,3,0,3.0,41.47102272727274,2.0,2.0,55.457142857142856,2.0,5.0,4.0,96.9281655844156,0.0176711126070909,0.0,0.004366812227074236,0.0,0.002932848153952345,0.0016065744839029333
IND796081AAA,Kolasib_Diakkawn_D (Mizoram),0.0,0.0003149399203865224,0.0,1,0,3,0,3.0,81.07500000000002,3.0,1.0,15.583333333333371,1.0,4.0,4.0,96.65833333333339,0.017621919103168186,0.0,0.004366812227074236,0.0,0.002924683581614761,0.0016045333408185375
IND534260AAC,Palakollu_CroadDPP_D (Andhra Pradesh),0.0,0.00030679275003707413,0.0,1,0,3,0,3.0,90.74312500000008,2.0,2.0,5.754209183673481,1.0,5.0,3.0,96.49733418367356,0.017592567117745463,0.0,0.004366812227074236,0.0,0.0029198120764539984,0.001603315464528347
IND581343AAC,Kumta_Central_DPP_2 (Karnataka),0.0,0.00017023117673190812,0.0,0,1,0,6,2.0,3.6414965986394705,1.0,6.0,0.583302785923749,1.0,8.0,2.0,4.2247993845632195,0.000770229223021513,0.0,0.0,0.007822685788787484,0.00012783379321301686,0.0015964956060607511
IND764071AAB,Pappadahandi_Central_DPP_2 (Orissa),0.0,0.0005430364526835098,0.0,1,0,3,0,3.0,0.0,0.0,3.0,95.34166666666681,1.0,6.0,1.0,95.34166666666681,0.017381875718540166,0.0,0.004366812227074236,0.0,0.0028848439397581266,0.0015945734303543788
IND841207AAB,Dighwara_SadarHPL_D (Bihar),0.0,0.0003149399203865224,0.0,1,0,3,0,4.0,94.45833333333334,3.0,0.0,0.0,0.0,4.0,3.0,94.45833333333334,0.017220833954169436,0.0,0.004366812227074236,0.0,0.0028581160787656953,0.001587891465106271
IND520011AAA,Vijayawada (Andhra Pradesh),0.0,0.00017023117673190812,0.0,0,1,0,5,1.0,0.0,0.0,5.0,36.72500000000001,3.0,6.0,3.0,36.72500000000001,0.006695387316808532,0.0,0.0,0.00651890482398957,0.0011112234282417662,0.0015815868218583557
IND303108AAB,Kotputli_LXngrDPP_D (Rajasthan),0.0,0.00017023117673190812,0.0,0,1,0,6,0.0,0.0,0.0,6.0,0.0,0.0,6.0,0.0,0.0,0.0,0.0,0.0,0.007822685788787484,0.0,0.001564537157757497
IND500018AAA,Hyderabad_PndrgNgr_DC (Telangana),0.0,0.00017023117673190812,0.0,0,1,0,4,0.0,0.0,0.0,4.0,67.37962962962962,3.0,4.0,3.0,67.37962962962962,0.012284076722490902,0.0,0.0,0.005215123859191656,0.002038769857881484,0.001552717236308702
IND757037AAA,Karanjia_Sarubali_D (Orissa),0.0,0.00017023117673190812,0.0,0,1,0,5,2.0,0.0,0.0,6.0,32.384873949579855,3.0,8.0,3.0,32.384873949579855,0.005904132724260312,0.0,0.0,0.00651890482398957,0.0009799000858660202,0.0015487559862644193
IND284001AAA,Jhansi_LVMColge_D (Uttar Pradesh),0.0,0.00017023117673190812,0.0,0,1,0,5,0.0,0.0,0.0,5.0,32.238961038961065,1.0,5.0,1.0,32.238961038961065,0.005877531132671049,0.0,0.0,0.00651890482398957,0.0009754850594599603,0.0015476522296629042
IND421302AAF,Mumbai_Kalyan (Maharashtra),0.0,0.00017023117673190812,0.0,0,1,0,5,1.0,25.616666666666667,1.0,5.0,5.500000000000014,4.0,6.0,5.0,31.11666666666668,0.005672924039247349,0.0,0.0,0.00651890482398957,0.0009415267259030534,0.0015391626462736775
IND496001AAA,Raigarh_MithmdRd_D (Chhattisgarh),0.0,0.0003149399203865224,0.0,1,0,5,0,5.0,11.007207207207216,1.0,0.0,0.0,0.0,5.0,1.0,11.007207207207216,0.002006739701255783,0.0,0.00727802037845706,0.0,0.00033305558960273053,0.0015388679730920947
IND641001AAA,Coimbatore_Ukkadam_D (Tamil Nadu),0.0,0.0003149399203865224,0.0,1,0,3,0,3.0,6.0955882352941195,1.0,2.0,80.23787414965986,2.0,5.0,3.0,86.33346238495398,0.01573957710193022,0.0,0.004366812227074236,0.0,0.002612274092400003,0.0015264309685148478
IND262122AAB,Puranpur_MdothdRD_D (Uttar Pradesh),0.0,0.0003149399203865224,0.0,1,0,4,0,4.0,13.058064516129065,2.0,2.0,33.74926227916919,2.0,6.0,4.0,46.80732679529825,0.008533510746329529,0.0,0.005822416302765648,0.0,0.0014162940271832266,0.0015185567673489362
IND736165AAA,Pundibari_StatonRD_D (West Bengal),0.0,0.0003394613303790318,0.0,1,0,5,0,5.0,7.521052631578968,2.0,0.0,0.0,0.0,5.0,2.0,7.521052631578968,0.0013711738706201019,0.0,0.00727802037845706,0.0,0.00022757167840027056,0.0015124969952914796
IND792001AAA,Tezu_Farmnala_D (Arunachal Pradesh),0.0,0.0007773304032595079,0.0,1,0,5,0,5.0,0.0,0.0,2.0,7.025000000000034,1.0,7.0,1.0,7.025000000000034,0.0012807378053255318,0.0,0.00727802037845706,0.0,0.00021256213977939944,0.0015087446106362618
IND477001AAA,Bhind_BhrolDPP_D (Madhya Pradesh),0.0,0.0005756300821513216,0.0,1,0,4,0,4.0,0.0,0.0,1.0,44.12500000000003,1.0,5.0,1.0,44.12500000000003,0.00804449190889521,0.0,0.005822416302765648,0.0,0.0013351323014613467,0.0014982663359184663
IND232104AAB,Chandauli_ShubsNGR_D (Uttar Pradesh),0.0,0.0003149399203865224,0.0,1,0,4,0,4.0,31.069059829059835,2.0,2.0,10.90000000000002,2.0,6.0,4.0,41.96905982905986,0.007651439370397979,0.0,0.005822416302765648,0.0,0.001269897958974314,0.0014819577502967081
IND274304AAA,Kushinagar_KasyaDPP_D (Uttar Pradesh),0.0,0.00017023117673190812,0.0,0,1,0,4,2.0,4.783333333333331,1.0,4.0,52.497435897435906,4.0,6.0,5.0,57.28076923076924,0.010442939028038901,0.0,0.0,0.005215123859191656,0.0017331989858935565,0.0014763245183117201
IND441206AAB,Brahmapuri_DhnliRth_D (Maharashtra),0.0,0.00017023117673190812,0.0,0,1,0,5,0.0,0.0,0.0,5.0,22.29666666666668,3.0,5.0,3.0,22.29666666666668,0.004064937214625123,0.0,0.0,0.00651890482398957,0.0006746515553899867,0.0014724438536454108
IND841101AAA,Sonepur_Sabalpur_D (Bihar),0.0,0.00017023117673190812,0.0,0,1,0,3,0.0,0.0,0.0,3.0,90.96666666666667,2.0,3.0,2.0,90.96666666666667,0.016584263206326732,0.0,0.0,0.003911342894393742,0.002752465382956006,0.00147038492461775
IND335051AAA,RaisingNgr_BisnolDPP_D (Rajasthan),0.0,0.00017023117673190812,0.0,0,1,0,5,2.0,0.0,0.0,5.0,20.599999999999994,2.0,7.0,2.0,20.599999999999994,0.0037556154860791204,0.0,0.0,0.00651890482398957,0.0006233138903139653,0.0014596094373764054
IND125121AAA,Barwala_Central_DPP_1 (Haryana),0.0,0.00017023117673190812,0.0,0,1,0,3,2.0,37.50066964285715,1.0,3.0,51.837500000000006,2.0,5.0,3.0,89.33816964285715,0.01628736958294553,0.0,0.0,0.003911342894393742,0.0027031903919232186,0.001458066176859553
IND423301AAB,Satana_ThrbadRD_D (Maharashtra),0.0,0.0005491009225789918,0.0,1,0,5,0,5.0,0.0,0.0,0.0,0.0,0.0,5.0,0.0,0.0,0.0,0.0,0.00727802037845706,0.0,0.0,0.001455604075691412
IND505325AAA,Metpally_GunjRDPP_D (Telangana),0.0,0.0004379594628337477,0.0,1,0,5,0,5.0,0.0,0.0,2.0,0.0,0.0,7.0,0.0,0.0,0.0,0.0,0.00727802037845706,0.0,0.0,0.001455604075691412
IND125111AAA,Fatehabad_BhunaDPP_D (Haryana),0.0,0.0006076295752318229,0.0,1,0,4,0,4.0,0.0,0.0,2.0,37.50066964285715,1.0,6.0,1.0,37.50066964285715,0.0068368007596626935,0.0,0.005822416302765648,0.0,0.0011346936060421414,0.001448156662063665
IND803213AAA,Barh_Malahi_D (Bihar),0.0,0.00017023117673190812,0.0,0,1,0,3,0.0,0.0,0.0,5.0,87.90995129870132,2.0,5.0,2.0,87.90995129870132,0.016026989052323495,0.0,0.0,0.003911342894393742,0.002659975424335182,0.001447262434962544
IND600056AAA,Chennai_Poonamallee (Tamil Nadu),0.0,0.00017023117673190812,0.0,0,1,0,4,2.0,37.814285714285724,1.0,4.0,14.837037037037042,3.0,6.0,4.0,52.651322751322766,0.009598938013952318,0.0,0.0,0.005215123859191656,0.001593121398752582,0.0014413051215264767
IND495677AAA,Korba_Tilknagr_DC (Chhattisgarh),0.0,0.00017023117673190812,0.0,0,1,0,5,0.0,0.0,0.0,5.0,11.007207207207216,1.0,5.0,1.0,11.007207207207216,0.002006739701255783,0.0,0.0,0.00651890482398957,0.00033305558960273053,0.0013870448621985968
IND275101AAA,Mau_BaliaMod_D (Uttar Pradesh),0.0,0.0004379594628337477,0.0,1,0,3,0,3.0,42.637931034482776,3.0,2.0,24.957142857142856,2.0,5.0,5.0,67.59507389162563,0.012323354674274355,0.0,0.004366812227074236,0.0,0.0020452887608470452,0.0013846846356266084
IND751014AAA,Bhubaneswar_BjbNgr_DC (Orissa),0.0,0.00017023117673190812,0.0,0,1,0,4,0.0,0.0,0.0,4.0,42.57142857142858,2.0,4.0,2.0,42.57142857142858,0.007761258078027589,0.0,0.0,0.005215123859191656,0.0012881244057805945,0.0013650558732834798
IND752056AAA,Khurdha_MdhsnDPP_D (Orissa),0.0,0.00024258554855921527,0.0,1,0,4,0,5.0,24.426250812215727,2.0,1.0,0.0,0.0,6.0,2.0,24.426250812215727,0.004453184748408257,0.0,0.005822416302765648,0.0,0.000739088418424604,0.0013492553651592806
IND573103AAA,Arsikere_HsnRdDPP_D (Karnataka),0.0,0.0003182070830408716,0.0,1,0,3,0,3.0,61.679062500000015,3.0,4.0,0.0,0.0,7.0,3.0,61.679062500000015,0.011244798169506897,0.0,0.004366812227074236,0.0,0.0018662823494074382,0.0013399330327667066
IND811105AAA,Sheikhpura_Bgwtichk_D (Bihar),0.0,0.0003149399203865224,0.0,1,0,3,0,3.0,42.08125000000001,1.0,2.0,19.34475218658895,1.0,5.0,2.0,61.42600218658896,0.01119866238154774,0.0,0.004366812227074236,0.0,0.0018586252616192675,0.001338018760819664
IND734203AAA,Kurseong_ABPath_D (West Bengal),0.0,0.0004379594628337477,0.0,1,0,3,0,3.0,61.03750000000001,3.0,0.0,0.0,0.0,3.0,3.0,61.03750000000001,0.011127833991823028,0.0,0.004366812227074236,0.0,0.0018468699796135278,0.0013350799403182292
IND144601AAA,Kapurthala_DC (Punjab),0.0,0.000345274006827762,0.0,1,0,3,0,3.0,60.641015625000016,3.0,3.0,0.0,0.0,6.0,3.0,60.641015625000016,0.01105555035790369,0.0,0.004366812227074236,0.0,0.001834873172903336,0.0013320807386406812
IND530026AAA,Vizag_Gajuwaka (Andhra Pradesh),0.0,0.00017023117673190812,0.0,0,1,0,4,0.0,0.0,0.0,4.0,37.08729838709678,2.0,4.0,2.0,37.08729838709678,0.006761438454340673,0.0,0.0,0.005215123859191656,0.0011221858368396188,0.0013235712310482358
IND133004AAA,Ambala (Haryana),0.0,0.00017023117673190812,0.0,0,1,0,5,0.0,0.0,0.0,5.0,0.0,0.0,5.0,0.0,0.0,0.0,0.0,0.0,0.00651890482398957,0.0,0.0013037809647979141
IND242307AAB,Tilhar_SingCLNY_D (Uttar Pradesh),0.0,0.00017023117673190812,0.0,0,1,0,5,0.0,0.0,0.0,6.0,0.0,0.0,6.0,0.0,0.0,0.0,0.0,0.0,0.00651890482398957,0.0,0.0013037809647979141
IND505001AAA,Karimnagar_DC (Telangana),0.0,0.00017023117673190812,0.0,0,1,0,5,0.0,0.0,0.0,5.0,0.0,0.0,5.0,0.0,0.0,0.0,0.0,0.0,0.00651890482398957,0.0,0.0013037809647979141
IND625532AAA,Usilampatti_MrutiNGR_D (Tamil Nadu),0.0,0.00017023117673190812,0.0,0,1,0,5,0.0,0.0,0.0,6.0,0.0,0.0,6.0,0.0,0.0,0.0,0.0,0.0,0.00651890482398957,0.0,0.0013037809647979141
IND636352AAA,Thoppur_HghsclRD_D (Tamil Nadu),0.0,0.00017023117673190812,0.0,0,1,0,5,0.0,0.0,0.0,5.0,0.0,0.0,5.0,0.0,0.0,0.0,0.0,0.0,0.00651890482398957,0.0,0.0013037809647979141
IND676306AAA,Tirurangadi_Kooriyad_D (Kerala),0.0,0.00017023117673190812,0.0,0,1,0,5,0.0,0.0,0.0,5.0,0.0,0.0,5.0,0.0,0.0,0.0,0.0,0.0,0.00651890482398957,0.0,0.0013037809647979141
IND721501AAC,AmaDubi_Bulabeda_D (West Bengal),0.0,0.00017023117673190812,0.0,0,1,0,5,0.0,0.0,0.0,5.0,0.0,0.0,5.0,0.0,0.0,0.0,0.0,0.0,0.00651890482398957,0.0,0.0013037809647979141
IND442001AAA,Wardha_RamaNgr_D (Maharashtra),0.0,0.00017023117673190812,0.0,0,1,0,4,0.0,0.0,0.0,4.0,33.61538461538463,3.0,4.0,3.0,33.61538461538463,0.0061284688850506966,0.0,0.0,0.005215123859191656,0.0010171328232531853,0.0012973079776516273
IND600016AAA,Airport (Tamil Nadu),0.0,0.00017023117673190812,0.0,0,1,0,4,0.0,0.0,0.0,4.0,33.42020202020201,1.0,4.0,1.0,33.42020202020201,0.0060928848667457965,0.0,0.0,0.005215123859191656,0.0010112269969073187,0.0012958315210651607
IND781001AAA,Guwahati_UzanBazr_DC (Assam),0.0,0.00017023117673190812,0.0,0,1,0,4,0.0,0.0,0.0,4.0,33.39772403982934,3.0,4.0,3.0,33.39772403982934,0.006088786873969904,0.0,0.0,0.005215123859191656,0.001010546859169819,0.0012956614866307858
IND507167AAA,Tallada_PtrlBunk_D (Telangana),0.0,0.00038079557013528974,0.0,1,0,4,0,4.0,15.23259259259261,3.0,0.0,0.0,0.0,4.0,3.0,15.23259259259261,0.0027770757589259667,0.0,0.005822416302765648,0.0,0.0004609071140027472,0.0012797100390538165
IND602105AAB,Chennai_Sriperumbudur_Dc (Tamil Nadu),0.0,0.0003149399203865224,0.0,1,0,4,0,4.0,14.837037037037042,3.0,0.0,0.0,0.0,4.0,3.0,14.837037037037042,0.002704961459409019,0.0,0.005822416302765648,0.0,0.0004489384114702888,0.0012767178634207018
IND502295AAA,Sangareddy_Pothredy_D (Telangana),0.0,0.0003149399203865224,0.0,1,0,4,0,4.0,11.340454545454548,1.0,2.0,0.0,0.0,6.0,1.0,11.340454545454548,0.002067494500489586,0.0,0.005822416302765648,0.0,0.00034313897284737703,0.001250268003764974
IND276140AAA,Jiyanpur_Central_DPP_1 (Uttar Pradesh),0.0,0.0004379594628337477,0.0,1,0,4,0,4.0,9.952287581699352,1.0,1.0,0.21666666666666856,1.0,5.0,2.0,10.16895424836602,0.0018539166044851212,0.0,0.005822416302765648,0.0,0.00030769176859095875,0.0012414062027008693
IND791111AAC,Itanagar_WageDPP_D (Arunachal Pradesh),0.0,0.00042469183699948317,0.0,1,0,3,0,5.0,47.37410714285713,3.0,0.0,0.0,0.0,5.0,3.0,47.37410714285713,0.008636841282761444,0.0,0.004366812227074236,0.0,0.0014334436419109172,0.0012317233558925764
IND203001AAA,Bulndshahr_Ymunpurm_D (Uttar Pradesh),0.0,0.00017023117673190812,0.0,0,1,0,4,0.0,0.0,0.0,4.0,24.078418803418813,3.0,4.0,3.0,24.078418803418813,0.004389770997010602,0.0,0.0,0.005215123859191656,0.0007285637328625202,0.0012251657050539612
IND757025AAA,Betnoti_MhliaDPP_D (Orissa),0.0,0.0003149399203865224,0.0,1,0,4,0,4.0,0.6370370370370395,1.0,2.0,4.928571428571431,1.0,6.0,2.0,5.56560846560847,0.0010146740457714673,0.0,0.005822416302765648,0.0,0.00016840393517780365,0.0012065842443475805
IND686540AAA,Karukachal_MnimlaRd_D (Kerala),0.0,0.0004379594628337477,0.0,1,0,4,0,5.0,3.6233068783068774,2.0,1.0,0.0,0.0,6.0,2.0,3.6233068783068774,0.0006605702632517625,0.0,0.005822416302765648,0.0,0.00010963385952033056,0.0011918917254332122
IND342602AAC,Bilara_Central_DPP_2 (Rajasthan),0.0,0.0010061255085761704,0.0,1,0,4,0,5.0,3.192388324463792,1.0,3.0,0.0,0.0,8.0,1.0,3.192388324463792,0.0005820088848997279,0.0,0.005822416302765648,0.0,9.659514494730136e-05,0.001188632046789955
IND851112AAB,Barauni_Wardno10_D (Bihar),0.0,0.00034556918191758375,0.0,1,0,4,0,4.0,2.184615384615384,1.0,0.0,0.0,0.0,4.0,1.0,2.184615384615384,0.00039828035774700155,0.0,0.005822416302765648,0.0,6.610199583613373e-05,0.0011810087595121631
IND470113AAA,Bina_Srvdycwk_D (Madhya Pradesh),0.0,0.0003149399203865224,0.0,1,0,4,0,5.0,0.0,0.0,2.0,1.965306122448986,1.0,7.0,1.0,1.965306122448986,0.00035829777225026806,0.0,0.005822416302765648,0.0,5.946614586609379e-05,0.001179349797019653
IND201001AAA,Ghaziabad_Patel Nagar (Uttar Pradesh),0.0,0.00017023117673190812,0.0,0,1,0,4,2.0,0.0,0.0,4.0,16.658119658119674,3.0,6.0,3.0,16.658119658119674,0.0030369656386889945,0.0,0.0,0.005215123859191656,0.0005040406490008795,0.001169034934088551
IND335524AAA,Rawatsar_ShivmDPP_D (Rajasthan),0.0,0.0002880109453221091,0.0,1,0,4,0,6.0,0.0,0.0,1.0,0.0,0.0,7.0,0.0,0.0,0.0,0.0,0.005822416302765648,0.0,0.0,0.0011644832605531296
IND148101AAA,Barnala_DC (Punjab),0.0,0.00032246358562188377,0.0,1,0,4,0,4.0,0.0,0.0,2.0,0.0,0.0,6.0,0.0,0.0,0.0,0.0,0.005822416302765648,0.0,0.0,0.0011644832605531296
IND335803AAA,Pilibanga_BsstdDPP_D (Rajasthan),0.0,0.00034712239950081877,0.0,1,0,4,0,4.0,0.0,0.0,2.0,0.0,0.0,6.0,0.0,0.0,0.0,0.0,0.005822416302765648,0.0,0.0,0.0011644832605531296
IND335701AAA,Anupgarh_PrmNrDPP_D (Rajasthan),0.0,0.0004379594628337477,0.0,1,0,4,0,6.0,0.0,0.0,2.0,0.0,0.0,8.0,0.0,0.0,0.0,0.0,0.005822416302765648,0.0,0.0,0.0011644832605531296
IND572201AAB,Tiptur_YTRd_D (Karnataka),0.0,0.00036753238514385935,0.0,1,0,4,0,6.0,0.0,0.0,3.0,0.0,0.0,9.0,0.0,0.0,0.0,0.0,0.005822416302765648,0.0,0.0,0.0011644832605531296
IND732139AAA,Samsi_RatuaDPP_D (West Bengal),0.0,0.0006926897420816561,0.0,1,0,4,0,4.0,0.0,0.0,0.0,0.0,0.0,4.0,0.0,0.0,0.0,0.0,0.005822416302765648,0.0,0.0,0.0011644832605531296
IND781335AAA,Nalbari_Bhgtpura_D (Assam),0.0,0.00017023117673190812,0.0,0,1,0,4,2.0,15.914285714285718,1.0,4.0,0.0,0.0,6.0,1.0,15.914285714285718,0.0029013562076921928,0.0,0.0,0.005215123859191656,0.0004815337543756988,0.001163408210432256
IND202001AAC,Aligarh_Central_D_2 (Uttar Pradesh),0.0,0.00017023117673190812,0.0,0,1,0,4,0.0,0.0,0.0,4.0,15.244871794871827,3.0,4.0,3.0,15.244871794871827,0.002779314397869487,0.0,0.0,0.005215123859191656,0.0004612786575630681,0.0011583444362290982
IND110083AAA,Delhi_Mangol_DC (Delhi),0.0,0.0003426493264932778,0.0,1,0,3,0,3.0,28.28750000000001,2.0,1.0,7.833333333333343,1.0,4.0,3.0,36.12083333333335,0.006585240827026682,0.0,0.004366812227074236,0.0,0.0010929425799214743,0.0011465980903952158
IND262001AAA,Pilibhit_ViksClny_D (Uttar Pradesh),0.0,0.00017023117673190812,0.0,0,1,0,4,3.0,0.0,0.0,5.0,13.058064516129065,2.0,8.0,2.0,13.058064516129065,0.0023806344327667274,0.0,0.0,0.005215123859191656,0.00039511033949122116,0.0011418023567111365
IND500032AAA,Hyd_Chandanagar_Dc (Telangana),0.0,0.00017023117673190812,0.0,0,1,0,4,0.0,0.0,0.0,4.0,11.340454545454548,1.0,4.0,1.0,11.340454545454548,0.002067494500489586,0.0,0.0,0.005215123859191656,0.00034313897284737703,0.0011288095150501754
IND732138AAA,Bamangola_Central_D_1 (West Bengal),0.0,0.00017023117673190812,0.0,0,1,0,3,2.0,20.10000000000005,2.0,6.0,25.09892473118279,2.0,8.0,4.0,45.19892473118284,0.008240280663813342,0.0,0.0,0.003911342894393742,0.0013676270685534797,0.0011241753460171184
IND756019AAA,Balasore_Ganeshwr_D (Orissa),0.0,0.00017023117673190812,0.0,0,1,0,4,3.0,0.0,0.0,7.0,9.470370370370382,2.0,10.0,2.0,9.470370370370382,0.0017265567777605762,0.0,0.0,0.005215123859191656,0.00028655404845969286,0.0011146632839532543
IND272001AAA,Basti_GndhiNgr_D (Uttar Pradesh),0.0,0.00017023117673190812,0.0,0,1,0,4,2.0,0.0,0.0,4.0,5.845310245310287,1.0,6.0,1.0,5.845310245310287,0.001065666877583702,0.0,0.0,0.005215123859191656,0.00017686713927652595,0.0010872415566574626
IND785675AAA,Moranhat_TiloiDPP_D (Assam),0.0,0.0002898155812424882,0.0,1,0,3,0,3.0,26.875,2.0,1.0,0.0,0.0,4.0,2.0,26.875,0.004899619717882348,0.0,0.004366812227074236,0.0,0.000813182563213001,0.0010766580862180974
IND470227AAB,Rehli_Ward7DPP_D (Madhya Pradesh),0.0,0.0003149399203865224,0.0,1,0,3,0,3.0,25.12500000000003,1.0,0.0,0.0,0.0,3.0,1.0,25.12500000000003,0.004580574712996992,0.0,0.004366812227074236,0.0,0.0007602311404921553,0.001063420230537886
IND504293AAA,Asifabad_PaikjNGR_D (Telangana),0.0,0.00017023117673190812,0.0,0,1,0,3,4.0,0.0,0.0,4.0,36.231250000000045,1.0,8.0,1.0,36.231250000000045,0.006605371047573026,0.0,0.0,0.003911342894393742,0.0010962835625455286,0.0010563394695151307
IND791125AAB,Likabali_ZoomCDPP_D (Arunachal Pradesh),0.0,0.00017023117673190812,0.0,0,1,0,4,0.0,0.0,0.0,4.0,1.5779526748971477,1.0,4.0,1.0,1.5779526748971477,0.0002876788107836748,0.0,0.0,0.005215123859191656,4.774562235541112e-05,0.001054961177427184
IND144527AAA,Garhshnker_Jagrata_D (Punjab),0.0,0.00017023117673190812,0.0,0,1,0,4,0.0,0.0,0.0,4.0,0.0,0.0,4.0,0.0,0.0,0.0,0.0,0.0,0.005215123859191656,0.0,0.0010430247718383311
IND181152AAA,Jammu_TrnptNgr_L (Jammu & Kashmir),0.0,0.00017023117673190812,0.0,0,1,0,4,5.0,0.0,0.0,4.0,0.0,0.0,9.0,0.0,0.0,0.0,0.0,0.0,0.005215123859191656,0.0,0.0010430247718383311
IND335804AAD,Suratgarh_Central_DPP_2 (Rajasthan),0.0,0.00017023117673190812,0.0,0,1,0,4,3.0,0.0,0.0,6.0,0.0,0.0,9.0,0.0,0.0,0.0,0.0,0.0,0.005215123859191656,0.0,0.0010430247718383311
IND473443AAA,Mungaoli_AshkngRd_D (Madhya Pradesh),0.0,0.00017023117673190812,0.0,0,1,0,4,0.0,0.0,0.0,4.0,0.0,0.0,4.0,0.0,0.0,0.0,0.0,0.0,0.005215123859191656,0.0,0.0010430247718383311
IND530012AAC,Vizag_Gajuwaka_L (Andhra Pradesh),0.0,0.00017023117673190812,0.0,0,1,0,4,0.0,0.0,0.0,5.0,0.0,0.0,5.0,0.0,0.0,0.0,0.0,0.0,0.005215123859191656,0.0,0.0010430247718383311
IND695012AAB,Trivandrum_Mnanthla_D (Kerala),0.0,0.00017023117673190812,0.0,0,1,0,3,0.0,0.0,0.0,3.0,34.271875000000016,3.0,3.0,3.0,34.271875000000016,0.006248154586746016,0.0,0.0,0.003911342894393742,0.0010369968803205798,0.0010415177989588935
IND734214AAB,Mirik_WardNo3_D (West Bengal),0.0,0.00017023117673190812,0.0,0,1,0,3,0.0,0.0,0.0,3.0,34.239423076923046,3.0,3.0,3.0,34.239423076923046,0.00624223823019937,0.0,0.0,0.003911342894393742,0.0010360149514651782,0.001041272316745043
IND160002AAD,Chandigarh_Mehmdpur_P (Punjab),0.0,0.00021846742461677953,0.0,1,0,3,0,3.0,22.075000000000003,1.0,0.0,0.0,0.0,3.0,1.0,22.075000000000003,0.004024524847339642,0.0,0.004366812227074236,0.0,0.0006679443751786791,0.0010403485392095168
IND852118A1B,IND852118A1B,0.0,0.0003370759666556839,0.0,1,0,3,0,5.0,20.28333333333333,1.0,0.0,0.0,0.0,5.0,1.0,20.28333333333333,0.0036978835328141503,0.0,0.004366812227074236,0.0,0.0006137322042978121,0.0010267954964893002
IND636005AAA,Salem_Kadtmpty_H (Tamil Nadu),0.0,0.00017023117673190812,0.0,0,1,0,3,0.0,0.0,0.0,4.0,29.608333333333338,2.0,4.0,2.0,29.608333333333338,0.005397937630274725,0.0,0.0,0.003911342894393742,0.0008958876425103234,0.0010062404895063294
IND641008AAA,Cjb_Kovaipudur_Dc (Tamil Nadu),0.0,0.00017023117673190812,0.0,0,1,0,3,1.0,23.450000000000017,1.0,3.0,6.0955882352941195,1.0,4.0,2.0,29.545588235294137,0.005386498481640182,0.0,0.0,0.003911342894393742,0.0008939891041046464,0.0010057658549049101
IND124001AAB,Rohtak (Haryana),0.0,0.0002545824141934198,0.0,1,0,3,0,3.0,0.0,0.0,2.0,17.119805194805195,1.0,5.0,1.0,17.119805194805195,0.003121136189721756,0.0,0.004366812227074236,0.0,0.0005180103095821,0.0010028650228103722
IND470117AAA,Khurai_Talaiya_D (Madhya Pradesh),0.0,0.00017023117673190812,0.0,0,1,0,3,2.0,1.965306122448986,1.0,3.0,25.12500000000003,1.0,5.0,2.0,27.090306122449014,0.0049388724852472594,0.0,0.0,0.003911342894393742,0.000819697286358249,0.0009871929004683106
IND272153AAC,Bansi_GangDPP_D (Uttar Pradesh),0.0,0.0003149399203865224,0.0,1,0,3,0,3.0,14.169117647058833,3.0,0.0,0.0,0.0,3.0,3.0,14.169117647058833,0.002583192119386947,0.0,0.004366812227074236,0.0,0.0004287285360633253,0.0009805445794306784
IND110087AAA,Delhi_Paschim_DC (Delhi),0.0,0.0003426493264932778,0.0,1,0,3,0,3.0,14.100000000000001,1.0,0.0,0.0,0.0,3.0,1.0,14.100000000000001,0.0025705911822192047,0.0,0.004366812227074236,0.0,0.00042663717735082104,0.0009800217397525524
IND127201AAA,Loharu_BstndDPP_D (Haryana),0.0,0.0005826037753201387,0.0,1,0,3,0,3.0,0.0,0.0,2.0,11.522268907563031,1.0,5.0,1.0,11.522268907563031,0.0021006413370879455,0.0,0.004366812227074236,0.0,0.00034864030378722123,0.0009605225213616525
IND414001AAA,AhmedNagar_DC (Maharashtra),0.0,0.00022800542816041425,0.0,1,0,3,0,3.0,0.0,0.0,3.0,9.216666666666697,1.0,6.0,1.0,9.216666666666697,0.0016803036923962466,0.0,0.004366812227074236,0.0,0.00027887749299645954,0.000943081818663962
IND841226AAB,Siwan_HnmntNgr_D (Bihar),0.0,0.00021846742461677953,0.0,1,0,3,0,4.0,0.18081395348838214,1.0,2.0,6.402380952380959,1.0,6.0,2.0,6.583194905869341,0.0012001916862310717,0.0,0.004366812227074236,0.0,0.00019919402075109215,0.0009231609506026202
IND484001AAA,Shahdol_Sohagpur_D (Madhya Pradesh),0.0,0.00017023117673190812,0.0,0,1,0,3,3.0,16.86534954407297,1.0,5.0,0.0,0.0,8.0,1.0,16.86534954407297,0.003074746015818344,0.0,0.0,0.003911342894393742,0.0005103110017388829,0.0009098463293134691
IND487001AAB,Narsinghpur_KndliDPP_D (Madhya Pradesh),0.0,0.00031685817984083536,0.0,1,0,3,0,3.0,2.715909090909122,1.0,2.0,0.0,0.0,5.0,1.0,2.715909090909122,0.0004951412738156003,0.0,0.004366812227074236,0.0,8.21778573394966e-05,0.0008939069097497214
IND272207AAB,Naugarh_Central_D_1 (Uttar Pradesh),0.0,0.00017023117673190812,0.0,0,1,0,3,0.0,0.0,0.0,3.0,14.169117647058833,3.0,3.0,3.0,14.169117647058833,0.002583192119386947,0.0,0.0,0.003911342894393742,0.0004287285360633253,0.0008894507128945798
IND403002AAA,Central Goa (Goa),0.0,0.0002790685217169553,0.0,1,0,3,0,3.0,2.125781250000003,1.0,0.0,0.0,0.0,3.0,1.0,2.125781250000003,0.0003875542224522642,0.0,0.004366812227074236,0.0,6.432179518902846e-05,0.0008894428942121043
IND721636AAB,Tamluk_Central_DPP_2 (West Bengal),0.0,0.00017023117673190812,0.0,0,1,0,3,1.0,13.75,1.0,3.0,0.0,0.0,4.0,1.0,13.75,0.002506782181242132,0.0,0.0,0.003911342894393742,0.0004160468928066517,0.0008862803020804114
IND222125AAB,Badlapur_Bhaluahi_D (Uttar Pradesh),0.0,0.0005425375147555801,0.0,1,0,3,0,3.0,0.0,0.0,0.0,0.0,0.0,3.0,0.0,0.0,0.0,0.0,0.004366812227074236,0.0,0.0,0.0008733624454148472
IND242001AAA,Shahjhnpur_NavdaCln_D (Uttar Pradesh),0.0,0.0007666540804226684,0.0,1,0,3,0,3.0,0.0,0.0,0.0,0.0,0.0,3.0,0.0,0.0,0.0,0.0,0.004366812227074236,0.0,0.0,0.0008733624454148472
IND343001AAA,Jalore_RoopNgr_D (Rajasthan),0.0,0.00025668583149332004,0.0,1,0,3,0,3.0,0.0,0.0,2.0,0.0,0.0,5.0,0.0,0.0,0.0,0.0,0.004366812227074236,0.0,0.0,0.0008733624454148472
IND363621AAB,Wankaner_JivanDPP_D (Gujarat),0.0,0.0003149399203865224,0.0,1,0,3,0,3.0,0.0,0.0,2.0,0.0,0.0,5.0,0.0,0.0,0.0,0.0,0.004366812227074236,0.0,0.0,0.0008733624454148472
IND441603AAA,Chamorshi_Central_DPP_1 (Maharashtra),0.0,0.0004379594628337477,0.0,1,0,3,0,3.0,0.0,0.0,0.0,0.0,0.0,3.0,0.0,0.0,0.0,0.0,0.004366812227074236,0.0,0.0,0.0008733624454148472
IND484446AAA,Dola_ChainDPP_D (Madhya Pradesh),0.0,0.0003149399203865224,0.0,1,0,3,0,3.0,0.0,0.0,2.0,0.0,0.0,5.0,0.0,0.0,0.0,0.0,0.004366812227074236,0.0,0.0,0.0008733624454148472
IND504296AAA,Kaghaznagar_Central_DPP_1 (Telangana),0.0,0.0003149399203865224,0.0,1,0,3,0,3.0,0.0,0.0,3.0,0.0,0.0,6.0,0.0,0.0,0.0,0.0,0.004366812227074236,0.0,0.0,0.0008733624454148472
IND671323AAD,Manjeshwar_Central_D_1 (Kerala),0.0,0.00037931117122037546,0.0,1,0,3,0,3.0,0.0,0.0,1.0,0.0,0.0,4.0,0.0,0.0,0.0,0.0,0.004366812227074236,0.0,0.0,0.0008733624454148472
IND638052AAA,Perundurai_Viveka_DC (Tamil Nadu),0.0,0.0004379594628337477,0.0,1,0,3,0,3.0,0.0,0.0,0.0,0.0,0.0,3.0,0.0,0.0,0.0,0.0,0.004366812227074236,0.0,0.0,0.0008733624454148472
IND679322AAA,Printhlmna_EmsPnmbi_D (Kerala),0.0,0.0004379594628337477,0.0,1,0,3,0,3.0,0.0,0.0,1.0,0.0,0.0,4.0,0.0,0.0,0.0,0.0,0.004366812227074236,0.0,0.0,0.0008733624454148472
IND673639AAA,Areacode_Puthalam_D (Kerala),0.0,0.0003149399203865224,0.0,1,0,3,0,4.0,0.0,0.0,0.0,0.0,0.0,4.0,0.0,0.0,0.0,0.0,0.004366812227074236,0.0,0.0,0.0008733624454148472
IND733124AAA,Gangarmpur_KhdimDPP_D (West Bengal),0.0,0.0003149399203865224,0.0,1,0,3,0,3.0,0.0,0.0,0.0,0.0,0.0,3.0,0.0,0.0,0.0,0.0,0.004366812227074236,0.0,0.0,0.0008733624454148472
IND770017AAB,Rajgangpur_Central_D_2 (Orissa),0.0,0.0003149399203865224,0.0,1,0,3,0,3.0,0.0,0.0,0.0,0.0,0.0,3.0,0.0,0.0,0.0,0.0,0.004366812227074236,0.0,0.0,0.0008733624454148472
IND815301AAA,Giridih_Shivalya_D (Jharkhand),0.0,0.00017023117673190812,0.0,0,1,0,3,2.0,0.0,0.0,5.0,11.550915948275872,1.0,7.0,1.0,11.550915948275872,0.0021058640200846196,0.0,0.0,0.003911342894393742,0.0003495071046800709,0.0008696453550487662
IND331507AAA,Sujangarh_JngidDPP_D (Rajasthan),0.0,0.00017023117673190812,0.0,0,1,0,3,0.0,0.0,0.0,3.0,8.952282934131745,1.0,3.0,1.0,8.952282934131745,0.0016321035156886899,0.0,0.0,0.003911342894393742,0.0002708777816924747,0.0008499880243018671
IND276128AAA,Azamgarh_ChtwrDPP_D (Uttar Pradesh),0.0,0.00017023117673190812,0.0,0,1,0,3,0.0,0.0,0.0,3.0,5.337499999999999,1.0,3.0,1.0,5.337499999999999,0.0009730872649003546,0.0,0.0,0.003911342894393742,0.000161501839298582,0.000822644038703394
IND321408AAB,Weir_BsstdDPP_D (Rajasthan),0.0,0.00017023117673190812,0.0,0,1,0,3,0.0,0.0,0.0,3.0,3.8312500000000114,1.0,3.0,1.0,3.8312500000000114,0.0006984806714097415,0.0,0.0,0.003911342894393742,0.00011592579331385375,0.0008112500272072119
IND334001AAC,Bikaner_ITICollg_L (Rajasthan),0.0,0.00017023117673190812,0.0,0,1,0,3,2.0,0.0,0.0,4.0,0.0,0.0,6.0,0.0,0.0,0.0,0.0,0.0,0.003911342894393742,0.0,0.0007822685788787485
IND363641AAA,Morbi_DC (Gujarat),0.0,0.00017023117673190812,0.0,0,1,0,3,0.0,0.0,0.0,4.0,0.0,0.0,4.0,0.0,0.0,0.0,0.0,0.0,0.003911342894393742,0.0,0.0007822685788787485
IND487001AAA,Narsingpur_JrjolDPP_D (Madhya Pradesh),0.0,0.00017023117673190812,0.0,0,1,0,3,1.0,0.0,0.0,3.0,0.0,0.0,4.0,0.0,0.0,0.0,0.0,0.0,0.003911342894393742,0.0,0.0007822685788787485
IND488001AAA,Panna_Mohnprwa_D (Madhya Pradesh),0.0,0.00017023117673190812,0.0,0,1,0,3,2.0,0.0,0.0,3.0,0.0,0.0,5.0,0.0,0.0,0.0,0.0,0.0,0.003911342894393742,0.0,0.0007822685788787485
IND504251AAA,Bellmpalli_BasthDPP_D (Telangana),0.0,0.00017023117673190812,0.0,0,1,0,3,1.0,0.0,0.0,5.0,0.0,0.0,6.0,0.0,0.0,0.0,0.0,0.0,0.003911342894393742,0.0,0.0007822685788787485
IND576101AAA,Udupi (Karnataka),0.0,0.00017023117673190812,0.0,0,1,0,3,3.0,0.0,0.0,3.0,0.0,0.0,6.0,0.0,0.0,0.0,0.0,0.0,0.003911342894393742,0.0,0.0007822685788787485
IND577116AAA,IND577116AAA,0.0,0.00017023117673190812,0.0,0,1,0,3,4.0,0.0,0.0,3.0,0.0,0.0,7.0,0.0,0.0,0.0,0.0,0.0,0.003911342894393742,0.0,0.0007822685788787485
IND679329AAA,Nilambur_StteHW28_D (Kerala),0.0,0.00017023117673190812,0.0,0,1,0,3,0.0,0.0,0.0,3.0,0.0,0.0,3.0,0.0,0.0,0.0,0.0,0.0,0.003911342894393742,0.0,0.0007822685788787485
IND770001AAA,Sundargarh_DiyoDPP_D (Orissa),0.0,0.00017023117673190812,0.0,0,1,0,3,2.0,0.0,0.0,3.0,0.0,0.0,5.0,0.0,0.0,0.0,0.0,0.0,0.003911342894393742,0.0,0.0007822685788787485
IND785621AAA,Golaghat_BaruaRd_D (Assam),0.0,0.00017023117673190812,0.0,0,1,0,3,2.0,0.0,0.0,3.0,0.0,0.0,5.0,0.0,0.0,0.0,0.0,0.0,0.003911342894393742,0.0,0.0007822685788787485
IND815353AAA,Madhupur_Sitarmrd_D (Jharkhand),0.0,0.00017023117673190812,0.0,0,1,0,3,2.0,0.0,0.0,6.0,0.0,0.0,8.0,0.0,0.0,0.0,0.0,0.0,0.003911342894393742,0.0,0.0007822685788787485
